path_relativo,bytes
cadastro/10158/264097-1_f0065acb.jpg,25469
cadastro/10158/264097-2_89be9927.jpg,25007
cadastro/10158/264097-3_2abb8293.jpg,45846
cadastro/10400/334613-1_3e216430.jpg,17275
cadastro/10400/334613-2_dbfe20b1.jpg,15375
cadastro/10400/334613-3_bd4e7942.jpg,21488
cadastro/10400/334613-4_49b9d23a.jpg,20994
cadastro/10400/334613-5_793b1d7f.jpg,15210
cadastro/10401/335000-1_d755a26e.jpg,24462
cadastro/10432/299930-1_55c3e54f.jpg,43414
cadastro/10432/299930-2_6597da52.jpg,31753
cadastro/10455/334609-1_61b0ebbe.jpg,33278
cadastro/10455/334609-2_c034ed04.jpg,22848
cadastro/10466/265705-3_d26dfc3c.jpg,33878
cadastro/10466/265705-4_82cd8c26.jpg,56748
cadastro/10466/265705-5_a28ec958.jpg,56748
cadastro/10466/265705-6_3c2ed28f.jpg,47250
cadastro/10482/257085-1_ed222d00.jpg,88437
cadastro/10482/257085-2_2250170d.jpg,19205
cadastro/10482/257085_2224dfe9.jpg,56815
cadastro/10542/258628_bf969c5e.jpg,97369
cadastro/10545/334003_96f783eb.jpg,17012
cadastro/10572/328096-1_f31088b2.jpg,55843
cadastro/10572/328096-2_5629034d.jpg,27472
cadastro/10572/328096-3_e6dc549d.jpg,53150
cadastro/10572/328096-4_a40ca0ef.jpg,53150
cadastro/10572/328096-5_29c05a71.jpg,53150
cadastro/10598/309822-1_9af12b88.jpg,42559
cadastro/10598/309822-2_a9a8bff1.jpg,60471
cadastro/10598/309822-3_4300cd67.jpg,65827
cadastro/10598/309822-4_ae11dfc2.jpg,172130
cadastro/10598/309822-5_0e4958a0.jpg,172130
cadastro/10598/maxresdefault_4ebdd2eb.webp,1142579
cadastro/10599/309824-1_673d1142.jpg,42559
cadastro/10599/309824-2_d2df607f.jpg,60471
cadastro/10599/309824-3_56e92e46.jpg,65827
cadastro/10599/309824-4_77999b14.jpg,172130
cadastro/10599/309824-5_ddb37025.jpg,172130
cadastro/10599/309824-6_9e19009d.jpg,172130
cadastro/10599/maxresdefault_4ebdd2eb.webp,1151644
cadastro/10616/309825-1_f862be83.jpg,42559
cadastro/10616/309825-2_9bd5c559.jpg,60471
cadastro/10616/309825-3_f99202f9.jpg,65827
cadastro/10616/309825-4_5304135a.jpg,232430
cadastro/10616/309825-5_43ad2cd0.jpg,232430
cadastro/10616/maxresdefault_4770447f.webp,32848
cadastro/10619/309844-1_fba002b1.jpg,204046
cadastro/10619/309844-2_44fa675e.jpg,69126
cadastro/10619/309844-3_3a2f369f.jpg,66181
cadastro/10619/309844-4_bcdf8ced.jpg,179177
cadastro/10619/309844-5_1fd5692a.jpg,179177
cadastro/10619/maxresdefault_4770447f.webp,32848
cadastro/10620/309853-1_560a8e2a.jpg,34442
cadastro/10620/309853-2_e68e0843.jpg,37088
cadastro/10620/309853-3_4b55e499.jpg,18738
cadastro/10620/309853-4_7c49b038.jpg,18738
cadastro/10620/maxresdefault_4770447f.webp,32848
cadastro/1071/277063_5e896e83.jpg,304761
cadastro/10832/298099-1_2579ed68.jpg,44643
cadastro/10832/298099-2_4f63b694.jpg,43480
cadastro/10832/298099-3_4d6a2e75.jpg,23876
cadastro/10838/330850-1_969418ed.jpg,63884
cadastro/10916/309849-1_7cc74921.jpg,28094
cadastro/10916/309849-2_88ae13a5.jpg,23428
cadastro/10916/309849-3_6f95cf18.jpg,22466
cadastro/10916/309849-4_6f1e9c7d.jpg,22466
cadastro/10916/maxresdefault_4ebdd2eb.webp,1132776
cadastro/10941/262711-2_8b80a1af.jpg,29011
cadastro/10941/262711-3_67015bc3.jpg,47893
cadastro/10941/262711_d09cab28.jpg,63083
cadastro/10945/263453-2_9079dcac.jpg,12078
cadastro/10945/263453-3_812e1591.jpg,20656
cadastro/10945/263453_72070b04.jpg,22195
cadastro/10946/262282-2_72cbe938.jpg,108990
cadastro/10946/262282_109c9506.jpg,82824
cadastro/10948/263312-2_00e638ef.jpg,12078
cadastro/10948/263312-3_9ba9c754.jpg,20656
cadastro/10948/263312_c5329289.jpg,22195
cadastro/10952/263313-2_1ae6e924.jpg,20656
cadastro/10952/263313-3_4664cceb.jpg,12078
cadastro/10952/263313_647a08f8.jpg,22195
cadastro/10953/263314-2_b133f0f8.jpg,12078
cadastro/10953/263314-3_9ad94c54.jpg,20656
cadastro/10953/263314_c64077d6.jpg,22195
cadastro/10956/263316-2_c4bcead3.jpg,12078
cadastro/10956/263316-3_352f55aa.jpg,20656
cadastro/10956/263316_35e6a83a.jpg,22195
cadastro/10961/263315-2_b4937aaa.jpg,20656
cadastro/10961/263315-3_d31d1222.jpg,12078
cadastro/10961/263315_f859894d.jpg,22195
cadastro/10966/261406-2_c311c46d.jpg,113697
cadastro/10966/261406-3_1294b066.jpg,14480
cadastro/10966/261406_ae60692b.jpg,466648
cadastro/10967/261369-2_72681437.jpg,113697
cadastro/10967/261369-3_dc1df85f.jpg,14480
cadastro/10967/261369_7f521040.jpg,466648
cadastro/10969/262205-2_e16a9877.jpg,74100
cadastro/10969/262205-3_522bcd64.jpg,121847
cadastro/10969/262205_fe6ecf2b.jpg,122828
cadastro/10971/261367-3_c518769a.jpg,51085
cadastro/10971/261367-5_79f81027.jpg,118937
cadastro/10975/261765-2_0c5150f2.jpg,194238
cadastro/10975/261765-3_aa98b884.jpg,242646
cadastro/10975/261765_6216ddac.jpg,148454
cadastro/10984/261920-2_ba3b0562.jpg,95388
cadastro/10984/261920-3_28a3bf63.jpg,96699
cadastro/10984/261920_cc5c3ec3.jpg,321089
cadastro/10986/261290-2_7bb15f28.jpg,317592
cadastro/10986/261290-3_fa145b0b.jpg,178764
cadastro/10986/261290_a897eed9.jpg,644038
cadastro/10988/261388-2_2d45e562.jpg,70586
cadastro/10988/261388-3_c600a37b.jpg,14480
cadastro/10988/261388_cf761720.jpg,100080
cadastro/11017/262715-2_4025399e.jpg,83482
cadastro/11017/262715-3_3562c320.jpg,70099
cadastro/11017/262715_2dc573a4.jpg,139181
cadastro/11019/263281-2_735f93d6.jpg,11293
cadastro/11019/263281_06cd1b21.jpg,22690
cadastro/11022/261391-2_ced12c45.jpg,11293
cadastro/11022/261391-3_1967eb2b.jpg,70081
cadastro/11022/261391_e5296494.jpg,22690
cadastro/11025/263282-2_decacae8.jpg,11293
cadastro/11025/263282_6637812e.jpg,22690
cadastro/11029/262717-1_a1a56561.jpg,26499
cadastro/11029/262717-2_bdb940a5.jpg,20838
cadastro/11033/262718-1_73a07d5b.jpg,26499
cadastro/11033/262718-2_20b27a4f.jpg,20838
cadastro/11034/262719-1_7b8279f0.jpg,26499
cadastro/11034/262719-2_0d266457.jpg,20838
cadastro/11036/263284-2_db1c31d2.jpg,20838
cadastro/11036/263284_40cd3943.jpg,26499
cadastro/11039/263285-2_262b8e2a.jpg,20838
cadastro/11039/263285_2619e679.jpg,26499
cadastro/11041/263287-2_c5936feb.jpg,20838
cadastro/11041/263287_8063f2e0.jpg,26499
cadastro/11043/263286-2_95eda863.jpg,20838
cadastro/11043/263286_a1a8a0fe.jpg,26499
cadastro/11045/263288-2_e4abad3c.jpg,20838
cadastro/11045/263288_b1a792bc.jpg,26499
cadastro/11049/261278-2_7bd65a74.jpg,204759
cadastro/11049/261278-3_1b072c8f.jpg,178764
cadastro/11049/261278_7374cc41.jpg,466686
cadastro/11052/261283-2_ec3a7821.jpg,204759
cadastro/11052/261283-3_ac5a81f6.jpg,178764
cadastro/11052/261283_1cfa20ba.jpg,466686
cadastro/11054/261346-2_7725cdb2.jpg,70586
cadastro/11054/261346-3_b2b613c0.jpg,14480
cadastro/11054/261346_2ccd03d2.jpg,100080
cadastro/11057/261350-2_b33f8e27.jpg,70586
cadastro/11057/261350-3_d8ae1c3e.jpg,14480
cadastro/11057/261350_4552bc80.jpg,100080
cadastro/11100/260492-2_ba877bff.jpg,5311
cadastro/11100/260492-3_dd0dd9fb.jpg,8211
cadastro/11100/260492_2852bab3.jpg,100494
cadastro/11137/261366-3_596b8740.jpg,70081
cadastro/11138/259878-1_8579045e.jpg,38973
cadastro/11138/259878-3_f14a25fb.jpg,49523
cadastro/11138/259878-5_74a0f8f9.jpg,130991
cadastro/11138/259878-6_03bbaab4.jpg,34260
cadastro/11138/259878-7_cadf03e0.jpg,93937
cadastro/11140/259886-1_9da81c9d.jpg,34260
cadastro/11140/259886-2_b6ec29b5.jpg,49523
cadastro/11140/259886-3_6499ceac.jpg,38973
cadastro/11140/259886-5_67d61e1e.jpg,130991
cadastro/11140/259886-6_fc6592cf.jpg,93937
cadastro/11141/259865-1_ce2c36e6.jpg,43823
cadastro/11141/259865-2_d38a7770.jpg,16006
cadastro/11141/259865-3_c4b65f97.jpg,81659
cadastro/11141/259865-4_aa1916fb.jpg,87322
cadastro/11141/259865-5_7a6d4749.jpg,47683
cadastro/11141/259865-6_2e9c3dce.jpg,195858
cadastro/11141/259865-7_143430dc.jpg,130991
cadastro/11143/263283-2_610b3e13.jpg,11293
cadastro/11143/263283_55df886e.jpg,22690
cadastro/11147/259866-1_8e4c1922.jpg,16006
cadastro/11147/259866-2_4593957b.jpg,87322
cadastro/11147/259866-3_e7d334d4.jpg,43823
cadastro/11147/259866-4_a33514d7.jpg,81659
cadastro/11147/259866-5_ee3b8703.jpg,47683
cadastro/11147/259866-6_ac6e2b68.jpg,130991
cadastro/11151/259871-1_5f54e0e6.jpg,81659
cadastro/11151/259871-2_d8ab3e39.jpg,16006
cadastro/11151/259871-3_ca577dfb.jpg,43823
cadastro/11151/259871-4_0dd1f841.jpg,87322
cadastro/11151/259871-5_3c8c9b8b.jpg,47683
cadastro/11151/259871-7_50f6a94e.jpg,130991
cadastro/11152/259867-1_d04481fb.jpg,16006
cadastro/11152/259867-2_de92fa24.jpg,81659
cadastro/11152/259867-3_ad45a23a.jpg,43823
cadastro/11152/259867-4_912168dd.jpg,47683
cadastro/11152/259867-5_7d4856cd.jpg,87322
cadastro/11152/259867-6_a3d98992.jpg,80555
cadastro/11152/259867-7_8348c613.jpg,130991
cadastro/11155/259870-1_8ecbc4ac.jpg,7668
cadastro/11155/259870-2_4c7ec669.jpg,45143
cadastro/11155/259870-3_a5f4bcd5.jpg,76232
cadastro/11155/259870-4_20f40941.jpg,55595
cadastro/11155/259870-5_40ac394b.jpg,43949
cadastro/11155/259870-6_9273a811.jpg,130991
cadastro/11158/259881-1_36c93e47.jpg,82039
cadastro/11158/259881-2_16301b24.jpg,45143
cadastro/11158/259881-3_166ad7d4.jpg,148655
cadastro/11158/259881-4_8aeb08c8.jpg,11591
cadastro/11158/259881-5_a8ea8e53.jpg,54169
cadastro/11158/259881-6_60c58ce4.jpg,21381
cadastro/11158/259881-7_137e9e9f.jpg,130991
cadastro/11159/259879-2_882d92b1.jpg,82039
cadastro/11159/259879-3_44f9881f.jpg,21381
cadastro/11159/259879-4_d991afa3.jpg,148655
cadastro/11159/259879-5_d9f2bca1.jpg,54169
cadastro/11159/259879-6_3ea988dd.jpg,11591
cadastro/11159/259879-7_70fee327.jpg,130991
cadastro/11159/259879-8_fa1843a9.jpg,45143
cadastro/11160/259527-1_3c014ae9.jpg,95749
cadastro/11167/263489-2_1e8a904e.jpg,60390
cadastro/11167/263489-3_e5c03ec0.jpg,46408
cadastro/11167/263489-4_c617f5a5.jpg,30030
cadastro/11167/263489_1bb50b74.jpg,56010
cadastro/11170/259882-1_730b5fd5.jpg,53527
cadastro/11170/259882-2_9d5288a4.jpg,39598
cadastro/11170/259882-3_a7155bd5.jpg,75866
cadastro/11170/259882-5_0b515032.jpg,13784
cadastro/11170/259882-6_8c7ec6d3.jpg,130991
cadastro/11173/259880-1_a791546c.jpg,39598
cadastro/11173/259880-2_e971df28.jpg,53527
cadastro/11173/259880-3_529d416f.jpg,75866
cadastro/11173/259880-5_f4f5f01b.jpg,13784
cadastro/11173/259880-6_106d7b26.jpg,130991
cadastro/11174/259873-2_f710e0de.jpg,53527
cadastro/11174/259873-3_1ef81bb3.jpg,75866
cadastro/11174/259873-4_e61a8f0a.jpg,12787
cadastro/11174/259873-5_33de257f.jpg,39598
cadastro/11174/259873-7_5c3f4cf7.jpg,130991
cadastro/11177/259868-1_a1af7847.jpg,12787
cadastro/11177/259868-2_48ef5742.jpg,53527
cadastro/11177/259868-3_4fafb05d.jpg,75866
cadastro/11177/259868-4_88345030.jpg,39598
cadastro/11177/259868-7_1d34f741.jpg,130991
cadastro/11184/259877-1_ea56eb2e.jpg,48818
cadastro/11184/259877-2_cc80200c.jpg,41802
cadastro/11184/259877-3_8ba0859e.jpg,70094
cadastro/11184/259877-4_9f3919f3.jpg,71160
cadastro/11184/259877-5_d9184b04.jpg,13313
cadastro/11184/259877-7_2b3d633a.jpg,130991
cadastro/11185/259883-1_9e86def8.jpg,48818
cadastro/11185/259883-2_51308558.jpg,41802
cadastro/11185/259883-3_87e9d524.jpg,71160
cadastro/11185/259883-5_bc512c61.jpg,21664
cadastro/11185/259883-6_64f46109.jpg,42759
cadastro/11185/259883-7_1f645532.jpg,13313
cadastro/11185/259883-8_ac11d833.jpg,130991
cadastro/11187/259869-1_ec9e1cea.jpg,48818
cadastro/11187/259869-2_28f7272d.jpg,41802
cadastro/11187/259869-3_eb73a5da.jpg,70094
cadastro/11187/259869-4_41e5e5b8.jpg,71160
cadastro/11187/259869-5_3881e375.jpg,13313
cadastro/11187/259869-6_ef7570e9.jpg,42759
cadastro/11187/259869-7_8f6bdcda.jpg,21664
cadastro/11187/259869-8_98d8edf3.jpg,130991
cadastro/11188/259885-1_d93db8bf.jpg,41802
cadastro/11188/259885-2_3f43c520.jpg,70094
cadastro/11188/259885-3_1ed57b24.jpg,48818
cadastro/11188/259885-4_e6ed15dd.jpg,71160
cadastro/11188/259885-5_a4049172.jpg,21664
cadastro/11188/259885-6_75ea4f3c.jpg,42759
cadastro/11188/259885-7_a420c2c3.jpg,13313
cadastro/11188/259885-9_945cbbb1.jpg,130991
cadastro/11193/259874-1_100d879a.jpg,48818
cadastro/11193/259874-2_d2fbf125.jpg,41802
cadastro/11193/259874-3_c945fc07.jpg,71160
cadastro/11193/259874-4_16d7ff3a.jpg,21664
cadastro/11193/259874-5_fed7f12d.jpg,42759
cadastro/11193/259874-6_c01d85db.jpg,13313
cadastro/11193/259874-8_cefa313b.jpg,130991
cadastro/11215/261074-2_28ba9db0.jpg,236394
cadastro/11215/261074-3_d091c424.jpg,180605
cadastro/11215/261074_593cca3a.jpg,237954
cadastro/11217/261076-2_9ace2089.jpg,236394
cadastro/11217/261076-3_dfa69a85.jpg,180605
cadastro/11217/261076-4_fe848fe7.jpg,511872
cadastro/11217/261076_9cb99754.jpg,218142
cadastro/11219/261075-2_44665a3e.jpg,236394
cadastro/11219/261075-3_f90a22d0.jpg,180605
cadastro/11219/261075_b6c7219d.jpg,253367
cadastro/11222/261077-2_ce2b734b.jpg,236394
cadastro/11222/261077-3_360ec2f4.jpg,180605
cadastro/11222/261077-4_d5d712f4.jpg,511872
cadastro/11222/261077_900bbc36.jpg,416901
cadastro/11223/260505-2_3e13572b.jpg,19868
cadastro/11223/260505-3_eec15d9d.jpg,22971
cadastro/11223/260505-4_28c7f6e6.jpg,17619
cadastro/11223/260505_8b015b7c.jpg,42556
cadastro/11225/260506-2_ccede088.jpg,22971
cadastro/11225/260506-3_c6197727.jpg,53927
cadastro/11225/260506_c5c5965c.jpg,31864
cadastro/11285/333988-1_38b15eef.jpg,19660
cadastro/11285/333988-2_9cfaa12d.jpg,19779
cadastro/11285/333988-3_dfd11cc2.jpg,28042
cadastro/11285/333988-4_d981b5f4.jpg,84535
cadastro/11285/333988-5_30875d8c.jpg,237628
cadastro/11285/333988_55e5d01f.jpg,19819
cadastro/11305/330152-1_755f249a.jpg,40571
cadastro/11305/330152-2_a89c54c2.jpg,22962
cadastro/11305/330152-3_fab77c2d.jpg,78694
cadastro/11305/330152_955ff676.jpg,25612
cadastro/11397/293577-1_48c706b7.jpg,38693
cadastro/11397/293577-2_3045f957.jpg,53006
cadastro/11397/293577-3_13d5ef8d.jpg,120406
cadastro/11397/293577-4_cfac4859.jpg,120406
cadastro/11404/333981-10_5716acdb.jpg,136875
cadastro/11404/333981-11_6d5506a8.jpg,158736
cadastro/11404/333981-1_54d1a74f.jpg,51832
cadastro/11404/333981-2_28fddb6d.jpg,55589
cadastro/11404/333981-3_8ed7d9cb.jpg,30586
cadastro/11404/333981-4_0a80f7fe.jpg,27483
cadastro/11404/333981-5_ee100e1f.jpg,47865
cadastro/11404/333981-6_2f16388a.jpg,81794
cadastro/11404/333981-7_5184ae96.jpg,71746
cadastro/11404/333981-8_80b0be77.jpg,163541
cadastro/11404/333981-9_9c950c18.jpg,95616
cadastro/11404/333981_b99c5ecf.jpg,74189
cadastro/11405/293579-10_2e32fcd0.jpg,55817
cadastro/11405/293579-5_8dab47d0.jpg,33423
cadastro/11405/293579-6_36a0f3e5.jpg,58821
cadastro/11405/293579-7_9b4a48b8.jpg,80272
cadastro/11405/293579-8_9d5154dc.jpg,86301
cadastro/11405/293579-9_def141c5.jpg,55817
cadastro/11405/maxresdefault_774951f7.webp,57544
cadastro/11484/300207-1_177913f1.jpg,51753
cadastro/11484/300207-2_51285bc0.jpg,76259
cadastro/11484/300207-3_32616278.jpg,66578
cadastro/11484/300207-4_6ba0bad8.jpg,44247
cadastro/11484/300207-5_9c35d600.jpg,44247
cadastro/11484/300207-6_05a6fc9e.jpg,44247
cadastro/11492/283123-10_85ad32c1.jpg,46690
cadastro/11492/283123-11_1d379ea6.jpg,110777
cadastro/11492/283123-12_9ff63c8b.jpg,110777
cadastro/11492/283123-8_f29303eb.jpg,32630
cadastro/11492/283123-9_67025c0b.jpg,32073
cadastro/11509/290454-1_6b2f9716.jpg,645933
cadastro/11509/290454-2_59b606d8.jpg,115404
cadastro/11509/290454_4e5365ef.jpg,115404
cadastro/11509/maxresdefault_a18bdad6.webp,96670
cadastro/11513/311444-1_6da13470.jpg,25575
cadastro/11513/311444-2_087007cb.jpg,25666
cadastro/11513/311444-3_b6365cc3.jpg,26122
cadastro/11513/maxresdefault_4770447f.webp,32848
cadastro/11521/266009-1_63546978.jpg,645933
cadastro/11521/266009-2_86756a7d.jpg,115404
cadastro/11521/266009_79bd1c23.jpg,115404
cadastro/11521/maxresdefault_a18bdad6.webp,96670
cadastro/11532/311439-1_28f863d2.jpg,27496
cadastro/11532/311439-2_910c77b9.jpg,26810
cadastro/11532/311439-3_a265563c.jpg,25308
cadastro/11532/maxresdefault_4770447f.webp,32848
cadastro/11536/265784-1_68dac8f8.jpg,645933
cadastro/11536/265784-2_983a8bcb.jpg,115404
cadastro/11536/265784_96636235.jpg,115404
cadastro/11536/maxresdefault_a18bdad6.webp,96670
cadastro/11540/311437-1_ecde88d1.jpg,26810
cadastro/11540/311437-2_ef5e1fdc.jpg,27496
cadastro/11540/311437-3_e057daa4.jpg,25308
cadastro/11541/266149-1_8f03478b.jpg,645933
cadastro/11541/266149-2_01a6f47c.jpg,115404
cadastro/11541/266149_36ecbbc0.jpg,115404
cadastro/11549/290451-1_0ced1277.jpg,598786
cadastro/11549/290451-2_2852fc54.jpg,102507
cadastro/11549/290451_c6a77cd5.jpg,102507
cadastro/11549/maxresdefault_a18bdad6.webp,96670
cadastro/11559/266003-1_14bacf29.jpg,598786
cadastro/11559/266003-2_51fc7694.jpg,102507
cadastro/11559/266003_88e977a8.jpg,102507
cadastro/11559/maxresdefault_a18bdad6.webp,96670
cadastro/11566/306558-1_76b92bbd.jpg,23815
cadastro/11566/306558-2_be5196ee.jpg,27524
cadastro/11566/306558-3_19d67284.jpg,20397
cadastro/11566/306558-4_b1a32160.jpg,20397
cadastro/11566/maxresdefault_4770447f.webp,32848
cadastro/11576/265783-1_c2478b2b.jpg,598786
cadastro/11576/265783-2_91bb5490.jpg,102507
cadastro/11576/265783_d69379de.jpg,102507
cadastro/11576/maxresdefault_a18bdad6.webp,96670
cadastro/11578/266147-1_2c54d30d.jpg,598786
cadastro/11578/266147-2_ae6fadb7.jpg,102507
cadastro/11578/266147_6daabcea.jpg,102507
cadastro/11578/maxresdefault_a18bdad6.webp,96670
cadastro/11599/290455-1_cfba6c4d.jpg,103242
cadastro/11599/290455-2_acf584f2.jpg,103242
cadastro/11599/290455_a16c061d.jpg,397319
cadastro/11599/maxresdefault_a18bdad6.webp,96670
cadastro/11602/263430-2_443d8b9b.jpg,18935
cadastro/11602/263430-3_fb0038d6.jpg,21569
cadastro/11602/263430_78b4b029.jpg,24865
cadastro/11611/259574-1_402e4692.jpg,17440
cadastro/11611/259574-2_5bd780b6.jpg,22961
cadastro/11611/259574-3_75c4a66f.jpg,17389
cadastro/11611/259574-4_e1b9468b.jpg,13578
cadastro/11611/259574-5_4817a016.jpg,30284
cadastro/11611/259574-6_348010cb.jpg,29819
cadastro/11611/259574-7_8b3416a9.jpg,10359
cadastro/11611/259574-8_8ace7680.jpg,28259
cadastro/11617/257949-1_c559854f.jpg,404095
cadastro/11617/257949-2_78c437c8.jpg,25675
cadastro/11617/257949_ed3ec49e.jpg,29707
cadastro/11621/259586-1_2463c1d0.jpg,19575
cadastro/11621/259586-2_8030e269.jpg,54803
cadastro/11641/259564-1_f5bf342f.jpg,37838
cadastro/11641/259564-2_3413a809.jpg,233499
cadastro/11641/259564-3_fe4b0574.jpg,25675
cadastro/11657/311433-1_64f934b3.jpg,26678
cadastro/11657/311433-2_32489128.jpg,35995
cadastro/11657/311433-3_123e1527.jpg,23112
cadastro/11678/307238-1_3b33036c.jpg,43364
cadastro/11678/307238-2_6addd768.jpg,26228
cadastro/11678/307238-3_f36a2e0a.jpg,17257
cadastro/11678/307238-4_bbaa6f4b.jpg,25058
cadastro/11678/maxresdefault_4770447f.webp,32848
cadastro/11690/260532-2_b68001b0.jpg,138126
cadastro/11690/260532-3_8503ed55.jpg,136777
cadastro/11690/260532_4044c006.jpg,162310
cadastro/11695/329360-1_16f630d1.jpg,110523
cadastro/11695/329360-2_7f03bbf2.jpg,135089
cadastro/11695/329360-3_1cb70fde.jpg,98917
cadastro/11695/329360-4_710a84ff.jpg,209154
cadastro/11695/329360-5_09698d6d.jpg,111427
cadastro/11703/306564-1_1ba41e11.jpg,34943
cadastro/11703/306564-2_0c318bbb.jpg,39904
cadastro/11703/306564-3_8c4e0737.jpg,20924
cadastro/11703/306564-4_6255d4c0.jpg,20924
cadastro/11703/maxresdefault_4ebdd2eb.webp,1140988
cadastro/11709/306794-1_a95ed64b.jpg,28890
cadastro/11709/306794-2_98b67a6f.jpg,27565
cadastro/11709/306794-3_fdff5474.jpg,22234
cadastro/11709/maxresdefault_4770447f.webp,32848
cadastro/11712/306834-1_5fd47b35.jpg,41358
cadastro/11712/306834-2_e16e7455.jpg,33034
cadastro/11712/306834-3_a6a45a46.jpg,30498
cadastro/11712/306834-4_e12f2c32.jpg,30498
cadastro/11712/maxresdefault_4770447f.webp,32848
cadastro/11735/307239-1_fbd8f231.jpg,26214
cadastro/11735/307239-2_78abe192.jpg,45837
cadastro/11735/307239-3_5fc26625.jpg,126604
cadastro/11735/307239-4_8fa98281.jpg,28722
cadastro/11735/307239-5_b91f8209.jpg,28722
cadastro/11735/maxresdefault_4770447f.webp,32848
cadastro/11737/306583-1_df406544.jpg,82233
cadastro/11737/306583-2_c569123e.jpg,250763
cadastro/11737/306583-3_9d063cb5.jpg,1125351
cadastro/11737/306583-4_e99b7ace.jpg,72480
cadastro/11739/306833-1_ec2ae0d4.jpg,36177
cadastro/11739/306833-2_8e7a4c15.jpg,29931
cadastro/11739/306833-3_269ac4a5.jpg,54635
cadastro/11739/306833-4_b797e57f.jpg,98326
cadastro/11739/306833-5_7bc37bb6.jpg,34754
cadastro/11739/maxresdefault_6766353c.webp,36176
cadastro/11756/307388-1_31f08e7c.jpg,39043
cadastro/11756/307388-2_7b88d976.jpg,42351
cadastro/11756/307388-3_25e5e2eb.jpg,64259
cadastro/11756/307388-4_c8301452.jpg,26550
cadastro/11756/307388-5_7f7de4ec.jpg,26550
cadastro/11756/maxresdefault_4770447f.webp,32848
cadastro/11782/265781-1_461afbe6.jpg,33073
cadastro/11782/265781_b424e633.jpg,115485
cadastro/11782/maxresdefault_bebb7f9f.webp,96566
cadastro/11822/307400-1_3bb780dc.jpg,58316
cadastro/11822/307400-2_2950639f.jpg,34189
cadastro/11822/307400-3_ebd5cfed.jpg,65018
cadastro/11822/307400-4_0cb084d3.jpg,27394
cadastro/11822/307400-5_57027349.jpg,27394
cadastro/11888/263332-1_ee65b538.jpg,268780
cadastro/11891/307403-1_298f4010.jpg,42887
cadastro/11891/307403-2_dbeaf3b4.jpg,39657
cadastro/11891/307403-3_3f1f2284.jpg,29558
cadastro/11891/307403-4_13c2f041.jpg,29558
cadastro/11891/307403-5_89252666.jpg,29558
cadastro/11891/maxresdefault_6766353c.webp,36176
cadastro/11900/335116-1_04db1afa.jpg,79597
cadastro/11900/335116-2_be50853e.jpg,121477
cadastro/11981/259063_4240e0ca.jpg,9034
cadastro/11998/306565-1_257e0a13.jpg,41672
cadastro/11998/306565-2_c5f63f4b.jpg,37866
cadastro/11998/306565-3_80dc09d6.jpg,24936
cadastro/11998/306565-4_26419607.jpg,24936
cadastro/11998/306565-5_187253f1.jpg,24936
cadastro/11998/maxresdefault_4770447f.webp,32848
cadastro/12000/258260-1_31594711.jpg,33136
cadastro/12000/258260_36ca462a.jpg,12182
cadastro/12001/280849-5_a1e21e84.jpg,19280
cadastro/12001/280849-6_1939bbba.jpg,24310
cadastro/12022/290436-1_97d08379.jpg,468125
cadastro/12022/290436-2_be8cb6da.jpg,195187
cadastro/12022/290436_939a81e4.jpg,195187
cadastro/12022/maxresdefault_bebb7f9f.webp,96566
cadastro/12055/311555-1_3ab7db9a.jpg,56572
cadastro/12055/311555-2_5874b6f5.jpg,49426
cadastro/12055/311555-3_7fbd9b91.jpg,64556
cadastro/12055/311555-4_01fbe7e5.jpg,48028
cadastro/12089/310854-1_de06c6f2.jpg,41670
cadastro/12089/310854-2_da1f9637.jpg,52046
cadastro/12089/310854-3_22777341.jpg,35573
cadastro/12092/311561-1_75d4cac2.jpg,38559
cadastro/12092/311561-2_9eb0aec0.jpg,30842
cadastro/12092/311561-3_b1835523.jpg,40647
cadastro/12092/311561-4_7ccca33d.jpg,32266
cadastro/12092/311561-5_4212a16d.jpg,32266
cadastro/12128/290526-1_c4d57796.jpg,113628
cadastro/12128/290526_a49bd07b.jpg,113628
cadastro/12128/maxresdefault_bebb7f9f.webp,96566
cadastro/12257/306967-1_f0d0dda3.jpg,27891
cadastro/12257/306967-2_c90e3bfc.jpg,85097
cadastro/12257/306967-3_6829536d.jpg,36588
cadastro/12257/306967-4_88321af2.jpg,19864
cadastro/12257/306967-5_85af1fb4.jpg,19864
cadastro/12257/maxresdefault_17008082.webp,50228
cadastro/12259/307233-1_3de6d8c9.jpg,30084
cadastro/12259/307233-2_284b291f.jpg,29661
cadastro/12259/307233-3_c33d69ea.jpg,26985
cadastro/12276/307237-1_2ce89c5d.jpg,24005
cadastro/12276/307237-2_c56b4fec.jpg,29726
cadastro/12276/307237-3_7424d901.jpg,25525
cadastro/12276/maxresdefault_4770447f.webp,32848
cadastro/12282/306581-1_614e5ae6.jpg,51723
cadastro/12282/306581-2_9c18efbe.jpg,925017
cadastro/12282/306581-3_595b8ee7.jpg,882800
cadastro/12282/306581-4_ded77633.jpg,74688
cadastro/12289/307236-1_798997bd.jpg,99532
cadastro/12289/307236-2_45f54db5.jpg,124791
cadastro/12289/307236-3_f20f548f.jpg,97224
cadastro/12289/307236-4_199fd064.jpg,35781
cadastro/12289/maxresdefault_4770447f.webp,32848
cadastro/12336/259630-1_c6932cbb.jpg,59120
cadastro/12338/261787-2_e6446270.jpg,110268
cadastro/12338/261787-3_cd539068.jpg,63050
cadastro/12338/261787_8b7927dd.jpg,74539
cadastro/12405/311272-1_81c19d17.jpg,43729
cadastro/12405/311272-2_eb2829e2.jpg,72000
cadastro/12405/311272-3_d6008381.jpg,56506
cadastro/12405/311272-4_c2d885ed.jpg,32306
cadastro/12414/322709-1_1450140d.jpg,37531
cadastro/12414/322709-2_5055aebe.jpg,33504
cadastro/12414/322709-3_61d50164.jpg,30797
cadastro/12428/307320-1_2940d127.jpg,191832
cadastro/12428/307320-2_77893ef2.jpg,283676
cadastro/12428/307320-3_a410fa63.jpg,380206
cadastro/12428/307320-4_c3ab8e35.jpg,303654
cadastro/12428/307320-5_ae9f8c01.jpg,721089
cadastro/12428/307320-6_5bb42533.jpg,147636
cadastro/12430/259615-1_6ccad726.jpg,133141
cadastro/12430/259615-2_03fac6f4.jpg,245149
cadastro/12434/258390-1_6a4d9d43.jpg,74416
cadastro/12434/258390-3_526296c4.jpg,24718
cadastro/12434/258390-4_dc10dbee.jpg,42622
cadastro/12434/258390-5_23b30d40.jpg,95093
cadastro/12455/259621-1_7b0aabdf.jpg,25487
cadastro/12455/259621-2_eaa1cfba.jpg,153377
cadastro/12459/259613-1_4bebc2de.jpg,33013
cadastro/12459/259613-2_e6f75cf0.jpg,311323
cadastro/12459/259613-3_5c162a3f.jpg,20344
cadastro/12477/329189-1_0e5cdf21.jpg,130319
cadastro/12477/329189-2_784c7692.jpg,121013
cadastro/12477/329189-3_1bfffbfe.jpg,311950
cadastro/12477/329189_702003c8.jpg,125188
cadastro/12493/259623-1_d07dfb9d.jpg,15106
cadastro/12493/259623-2_aac4d44e.jpg,22729
cadastro/12493/259623-3_103fd853.jpg,32364
cadastro/12514/290392-1_c06aa3a1.jpg,25607
cadastro/12514/290392_e6759779.jpg,162675
cadastro/12514/maxresdefault_bebb7f9f.webp,96566
cadastro/12542/307416-1_b11b9099.jpg,38614
cadastro/12542/307416-2_7d0508fa.jpg,86406
cadastro/12542/307416-3_74eb7011.jpg,51366
cadastro/12542/307416-4_b5968044.jpg,30111
cadastro/12542/307416-5_14ac14f7.jpg,30111
cadastro/12544/311549-1_be72ee88.jpg,50866
cadastro/12544/311549-2_cdcced04.jpg,67895
cadastro/12544/311549-3_a4366a06.jpg,44780
cadastro/12554/307129-1_0f929f8c.jpg,32671
cadastro/12554/307129-2_6049ccd3.jpg,30745
cadastro/12554/307129-3_db5f9ecd.jpg,52622
cadastro/12554/307129-4_7fe68495.jpg,32393
cadastro/12554/307129-5_ebbcfa2b.jpg,32393
cadastro/12556/311565-1_03da66a1.jpg,46260
cadastro/12556/311565-2_f2ea3f53.jpg,47226
cadastro/12556/311565-3_92c81da8.jpg,47460
cadastro/12556/311565-4_e5c66d12.jpg,34209
cadastro/12563/311283-1_00a89a83.jpg,45798
cadastro/12563/311283-2_2f759d8d.jpg,66786
cadastro/12563/311283-3_d32623bc.jpg,33201
cadastro/12573/324728-1_a4f6c6c8.jpg,45027
cadastro/12573/324728-2_0f30dcdc.jpg,40245
cadastro/12573/324728-3_f9606c6c.jpg,34672
cadastro/12604/321618-1_1f4b8315.jpg,34857
cadastro/12604/321618-2_edd45460.jpg,30742
cadastro/12604/321618-3_c5632d1c.jpg,36125
cadastro/12604/321618-4_1601d954.jpg,29317
cadastro/12606/280851-1_7b20be24.jpg,77266
cadastro/12606/280851-2_e2387adb.jpg,187216
cadastro/12606/280851_5bb79e90.jpg,187216
cadastro/12629/311654-1_d091e040.jpg,42407
cadastro/12629/311654-2_5b011a25.jpg,57862
cadastro/12629/311654-3_87e49293.jpg,73037
cadastro/12629/311654-4_1994176a.jpg,34787
cadastro/12629/311654-5_f9d864c2.jpg,34787
cadastro/12629/maxresdefault_4770447f.webp,32848
cadastro/12650/311689-1_aeb590ec.jpg,58985
cadastro/12650/311689-2_6301ed47.jpg,44680
cadastro/12650/311689-3_3b2c9c50.jpg,39307
cadastro/12674/307317-1_e7fb32b0.jpg,42428
cadastro/12674/307317-2_65b001ae.jpg,35889
cadastro/12674/307317-3_1a31f6fe.jpg,65206
cadastro/12674/307317-4_8263ddbe.jpg,171705
cadastro/12674/307317-5_7adb3139.jpg,171705
cadastro/12687/311415-1_76bafbd0.jpg,35424
cadastro/12687/311415-2_9080fb7a.jpg,61883
cadastro/12687/311415-3_a85b08be.jpg,78727
cadastro/12687/311415-4_b962e5b4.jpg,35424
cadastro/12687/311415-5_4a8e00c4.jpg,35424
cadastro/12687/maxresdefault_4770447f.webp,32848
cadastro/12698/311409-1_a77f26d2.jpg,42843
cadastro/12698/311409-2_b3cfd2ca.jpg,41946
cadastro/12698/311409-3_efad0165.jpg,81778
cadastro/12698/311409-4_1119221e.jpg,48488
cadastro/12698/311409-5_07b5311f.jpg,48488
cadastro/12698/311409-6_cdb20c09.jpg,48488
cadastro/12698/maxresdefault_4770447f.webp,32848
cadastro/12711/311650-1_25d0c2d4.jpg,41969
cadastro/12711/311650-2_c3dbdeb0.jpg,43216
cadastro/12711/311650-3_908e590e.jpg,50917
cadastro/12711/311650-4_0f295115.jpg,34464
cadastro/12711/311650-5_e993c61b.jpg,34464
cadastro/12711/maxresdefault_4ebdd2eb.webp,1139532
cadastro/12719/265778-2_5f3dbea0.jpg,32221
cadastro/12719/265778-3_9561062f.jpg,28328
cadastro/12719/265778-4_7b70f162.jpg,29782
cadastro/12719/maxresdefault_bebb7f9f.webp,96566
cadastro/12722/261046-2_b9fb1507.jpg,102617
cadastro/12722/261046-3_211cda08.jpg,67855
cadastro/12722/261046_70357bb3.jpg,193706
cadastro/12723/261047-2_c9c15218.jpg,262808
cadastro/12723/261047-3_83d4a5a5.jpg,407218
cadastro/12723/261047-4_8160ece3.jpg,665401
cadastro/12723/261047_036e8205.jpg,119935
cadastro/12728/290551-1_7d59381f.jpg,169293
cadastro/12728/290551_fff9c5fb.jpg,169293
cadastro/12728/maxresdefault_bebb7f9f.webp,96566
cadastro/12730/290553-1_6b226cd2.jpg,169293
cadastro/12730/290553_d1487572.jpg,169293
cadastro/12730/maxresdefault_bebb7f9f.webp,96566
cadastro/12736/307281-1_bbd10c7a.jpg,58308
cadastro/12736/307281-2_82a3441e.jpg,41049
cadastro/12736/307281-3_40fb0122.jpg,108406
cadastro/12736/307281-4_2893ad55.jpg,26610
cadastro/12736/307281-5_ff9dde72.jpg,26610
cadastro/12736/maxresdefault_4ebdd2eb.webp,1137085
cadastro/12744/267274-4_140c1b3f.jpg,39150
cadastro/12744/267274-5_5e7558c9.jpg,32119
cadastro/12744/267274-6_818dee30.jpg,27933
cadastro/12767/263733_78e44af9.jpg,111418
cadastro/12768/307280-1_118a7eda.jpg,44100
cadastro/12768/307280-2_d37e1a73.jpg,76427
cadastro/12768/307280-3_fb5a2f48.jpg,31060
cadastro/12768/307280-4_a7c4d988.jpg,31060
cadastro/12768/maxresdefault_4ebdd2eb.webp,1137247
cadastro/12771/265779-1_1f9869cf.jpg,623886
cadastro/12771/265779-2_1a933261.jpg,162624
cadastro/12771/265779_4955a0b9.jpg,162624
cadastro/12771/maxresdefault_bebb7f9f.webp,96566
cadastro/12778/265780-1_10b6df2d.jpg,173100
cadastro/12778/265780_ec1037b5.jpg,173100
cadastro/12778/maxresdefault_bebb7f9f.webp,96566
cadastro/12799/311411-1_8ce0a9ec.jpg,23183
cadastro/12799/311411-2_8237da04.jpg,60651
cadastro/12799/311411-3_ce44eed5.jpg,33841
cadastro/12799/311411-4_532f5f8a.jpg,33841
cadastro/12799/maxresdefault_4770447f.webp,32848
cadastro/12830/307315-1_e8235d0f.jpg,245703
cadastro/12830/307315-2_90adb40d.jpg,148935
cadastro/12830/307315-3_ecb2a2ca.jpg,379893
cadastro/12830/307315-4_5a3d62fa.jpg,670569
cadastro/12830/307315-5_6c9cb81d.jpg,160994
cadastro/12830/maxresdefault_6766353c.webp,36176
cadastro/12839/334015-1_65b412fa.jpg,37705
cadastro/12839/334015-2_109a16dd.jpg,43828
cadastro/12839/334015-3_33f936fe.jpg,33569
cadastro/12839/334015-4_6b3f7899.jpg,29859
cadastro/12839/334015-5_602f8992.jpg,40995
cadastro/12839/334015-6_b45c8622.jpg,35176
cadastro/12839/334015-7_f0a1cf52.jpg,33310
cadastro/12839/334015_37ea5adc.jpg,36032
cadastro/12862/323115-1_0ae5c7de.jpg,36354
cadastro/12862/323115-2_bc004b15.jpg,42490
cadastro/12862/323115-3_d49f51af.jpg,57473
cadastro/12862/323115-4_7e65bb2d.jpg,33104
cadastro/12862/323115-5_427437bd.jpg,33104
cadastro/12864/323118-1_eb5d34e5.jpg,49503
cadastro/12864/323118-2_b741f8d6.jpg,39073
cadastro/12864/323118-3_ce6afb4b.jpg,27245
cadastro/12864/323118-4_c0efc10c.jpg,40804
cadastro/12864/323118-5_d2f8209d.jpg,27653
cadastro/12867/323119-1_2f304e0c.jpg,44406
cadastro/12867/323119-2_4f17cff8.jpg,52798
cadastro/12867/323119-3_4b9b88ba.jpg,40599
cadastro/12867/323119-4_edd6fb2f.jpg,33049
cadastro/12867/323119-5_be087d18.jpg,28531
cadastro/12867/323119-6_a64c7e58.jpg,28531
cadastro/12964/265796-1_e0e01eee.jpg,42371
cadastro/12964/265796-2_8a386a5f.jpg,42520
cadastro/12964/265796_a290cfb7.jpg,30585
cadastro/12996/267275-1_c14f00d8.jpg,19434
cadastro/12996/267275-2_d2cefd61.jpg,19434
cadastro/12996/267275_9ef5fb44.jpg,20954
cadastro/12996/maxresdefault_bebb7f9f.webp,96566
cadastro/12997/265794-1_7b776fe1.jpg,19249
cadastro/12997/265794_9c43a224.jpg,99398
cadastro/12997/maxresdefault_bebb7f9f.webp,96566
cadastro/13001/260905-2_e93eb2c9.jpg,659393
cadastro/13001/260905-3_c7c19aff.jpg,512911
cadastro/13001/260905_2b0f52ac.jpg,135243
cadastro/13003/290301-1_9a47e4e1.jpg,801688
cadastro/13003/290301-2_61736c0a.jpg,25964
cadastro/13003/290301-3_83938336.jpg,25964
cadastro/13003/290301_6e17a857.jpg,118551
cadastro/13003/maxresdefault_bebb7f9f.webp,96566
cadastro/13015/261750-2_a5e114df.jpg,93795
cadastro/13015/261750-3_1f6a8e2f.jpg,91074
cadastro/13015/261750_e0a58cdb.jpg,144093
cadastro/13017/265795-1_38ec4e8f.jpg,15011
cadastro/13017/265795_da724e7b.jpg,103873
cadastro/13017/maxresdefault_bebb7f9f.webp,96566
cadastro/13033/290338-1_efe0df58.jpg,16535
cadastro/13033/290338-2_752707af.jpg,31808
cadastro/13033/290338-3_2321ff23.jpg,29345
cadastro/13033/maxresdefault_bebb7f9f.webp,96566
cadastro/13050/290354-2_161d335a.jpg,66281
cadastro/13050/290354-3_c6b9fb5f.jpg,110229
cadastro/13050/290354-4_dbf9f008.jpg,24174
cadastro/13067/265789-1_210d3420.jpg,160160
cadastro/13067/265789_9216b603.jpg,160160
cadastro/13067/maxresdefault_bebb7f9f.webp,96566
cadastro/13070/258166-1_e1633a92.jpg,23902
cadastro/13070/258166-2_9cabf94d.jpg,53763
cadastro/13070/258166-3_12b1c3a8.jpg,132878
cadastro/13086/290409-1_03741300.jpg,171887
cadastro/13086/290409-2_e06a9d36.jpg,171887
cadastro/13086/290409_748e4e5e.jpg,171887
cadastro/13088/290383-1_6de4234e.jpg,34098
cadastro/13088/290383-2_530a2543.jpg,20805
cadastro/13088/290383_101815c7.jpg,25693
cadastro/13094/290565-1_9226fe2b.jpg,399548
cadastro/13094/290565-3_d088a9e8.jpg,51105
cadastro/13094/290565-4_41098eae.jpg,43977
cadastro/13094/290565-5_2fd74062.jpg,93174
cadastro/13094/290565_d2b66607.jpg,93174
cadastro/13094/maxresdefault_bebb7f9f.webp,96566
cadastro/13098/290424-1_a8083248.jpg,297058
cadastro/13098/290424-2_e28537bd.jpg,198455
cadastro/13098/290424-4_8149d931.jpg,45181
cadastro/13098/290424-5_9487a873.jpg,53435
cadastro/13098/290424-6_8a52d19d.jpg,37344
cadastro/13098/maxresdefault_bebb7f9f.webp,96566
cadastro/13110/307427-1_8c9dc3fb.jpg,31428
cadastro/13110/307427-2_73e1f15a.jpg,25609
cadastro/13110/307427-3_5d4ec4cb.jpg,38357
cadastro/13110/307427-4_7e56c82d.jpg,28090
cadastro/13110/maxresdefault_4770447f.webp,32848
cadastro/13114/265797-1_9ee395cf.jpg,196447
cadastro/13114/265797_d0476dff.jpg,196447
cadastro/13114/maxresdefault_bebb7f9f.webp,96566
cadastro/13144/290438-1_251a5652.jpg,632206
cadastro/13144/290438-2_259488b2.jpg,131408
cadastro/13144/290438-3_4f6618ce.jpg,128485
cadastro/13144/290438_f0e1b42e.jpg,128485
cadastro/13144/maxresdefault_bebb7f9f.webp,96566
cadastro/13147/280951-12_26ee0147.jpg,60778
cadastro/13147/280951-13_8af8fc4c.jpg,93180
cadastro/13147/280951-14_b2b4244d.jpg,65822
cadastro/13147/280951-15_f9e58b57.jpg,88587
cadastro/13147/280951-16_e3dd3319.jpg,37842
cadastro/13147/280951-1_48a8f0ce.jpg,134175
cadastro/13147/maxresdefault_0c8c6813.webp,1292665
cadastro/13163/280852-1_60da07b6.jpg,122996
cadastro/13163/280852_2a81fd18.jpg,122996
cadastro/13164/266340-1_1b2e876f.jpg,891168
cadastro/13164/266340-3_ab28c205.jpg,42807
cadastro/13164/266340-4_03938853.jpg,45092
cadastro/13164/266340-5_ef221f90.jpg,26613
cadastro/13164/266340-6_76202751.jpg,117775
cadastro/13164/266340_9139376c.jpg,117775
cadastro/13168/260266_58212c26.jpg,179621
cadastro/13181/266447-1_d960072e.jpg,252721
cadastro/13181/266447-2_1a8eefb9.jpg,645369
cadastro/13181/266447-4_f69c1e17.jpg,53034
cadastro/13181/266447-5_ffd4fd91.jpg,60766
cadastro/13181/266447-6_6d70d083.jpg,28952
cadastro/13181/266447-7_6ddbda97.jpg,37160
cadastro/13181/266447_75afc077.jpg,169811
cadastro/13181/maxresdefault_bebb7f9f.webp,96566
cadastro/13187/329362-1_170b0a79.jpg,143106
cadastro/13187/329362-2_3b98024c.jpg,106598
cadastro/13187/329362-3_72699be6.jpg,173537
cadastro/13187/329362-4_edbd2764.jpg,88202
cadastro/13187/329362-5_45dafca6.jpg,194442
cadastro/13187/329362-6_fdf7ff98.jpg,90761
cadastro/13227/260832-2_325a59bc.jpg,19860
cadastro/13227/260832-3_b235ccb2.jpg,16316
cadastro/13227/260832_9183bd27.jpg,19008
cadastro/13269/306568-2_c504fd36.jpg,18678
cadastro/13269/306568-3_7130321a.jpg,24995
cadastro/13269/306568-4_11245717.jpg,22479
cadastro/13269/306568-5_e1862214.jpg,17019
cadastro/13269/306568-6_c119142b.jpg,17019
cadastro/13269/306568_8c9ecfb3.jpg,17019
cadastro/13269/maxresdefault_4770447f.webp,32848
cadastro/13270/262590-1_64ddb1b5.jpg,21069
cadastro/13270/262590-2_08307c66.jpg,14693
cadastro/13270/262590-3_57579e74.jpg,15637
cadastro/13276/307114-1_9a8cc1ff.jpg,30272
cadastro/13276/307114-2_f21a205d.jpg,27743
cadastro/13276/307114-3_e961f1f9.jpg,25578
cadastro/13276/307114-4_4433aa86.jpg,25578
cadastro/13276/maxresdefault_4770447f.webp,32848
cadastro/13277/307331-1_a7ec4e5a.jpg,35105
cadastro/13277/307331-2_87971374.jpg,68713
cadastro/13277/307331-3_c622b353.jpg,20846
cadastro/13277/307331-4_29d62e34.jpg,20846
cadastro/13277/maxresdefault_4770447f.webp,32848
cadastro/13280/307117-1_a634f245.jpg,35244
cadastro/13280/307117-2_c0909748.jpg,38192
cadastro/13280/307117-3_1a7a6275.jpg,50466
cadastro/13280/307117-4_49557565.jpg,19611
cadastro/13280/307117-5_3046e773.jpg,19611
cadastro/13280/maxresdefault_4770447f.webp,32848
cadastro/13284/307330-1_09043730.jpg,39335
cadastro/13284/307330-2_35d71b25.jpg,33339
cadastro/13284/307330-3_0f2c09dd.jpg,23052
cadastro/13284/307330-4_e4fad7f6.jpg,23052
cadastro/13284/maxresdefault_4770447f.webp,32848
cadastro/13285/306561-1_a29f5ef7.jpg,26880
cadastro/13285/306561-2_49350757.jpg,27396
cadastro/13285/306561-3_bc928056.jpg,20023
cadastro/13285/306561-4_bab841e0.jpg,20023
cadastro/13285/maxresdefault_4770447f.webp,32848
cadastro/13286/307174-1_5bf4cecd.jpg,24746
cadastro/13286/307174-2_fd6567ba.jpg,24627
cadastro/13286/307174-3_63fe7269.jpg,21701
cadastro/13286/307174-4_22edfcc1.jpg,21701
cadastro/13286/maxresdefault_4770447f.webp,32848
cadastro/13289/306562-1_e5e0fc7f.jpg,25286
cadastro/13289/306562-2_7aa4bd24.jpg,28582
cadastro/13289/306562-3_9728925b.jpg,21137
cadastro/13289/306562-4_4b0b44fa.jpg,21137
cadastro/13289/maxresdefault_4770447f.webp,32848
cadastro/13290/307327-1_e34ef2dc.jpg,28846
cadastro/13290/307327-2_216c4e8e.jpg,59003
cadastro/13290/307327-3_620b7e59.jpg,21137
cadastro/13290/307327-4_922d6b03.jpg,21137
cadastro/13290/maxresdefault_4770447f.webp,32848
cadastro/13292/307115-1_0e1f9773.jpg,23656
cadastro/13292/307115-2_be3faf81.jpg,26487
cadastro/13292/307115-3_78b134ce.jpg,22187
cadastro/13292/307115-4_6d3d133f.jpg,22187
cadastro/13292/maxresdefault_4770447f.webp,32848
cadastro/13315/307175-1_e4eb89c3.jpg,44612
cadastro/13315/307175-2_01496428.jpg,56565
cadastro/13315/307175-3_24a12fe1.jpg,25623
cadastro/13315/307175-4_7a82266c.jpg,24039
cadastro/13315/307175-5_93b7de18.jpg,24039
cadastro/13315/maxresdefault_4770447f.webp,32848
cadastro/13410/290453-1_0f886236.jpg,656927
cadastro/13410/290453-3_34982d48.jpg,53167
cadastro/13410/290453-5_330a9fe8.jpg,28457
cadastro/13410/290453-6_7c2a2223.jpg,26206
cadastro/13410/290453_2c1558b6.jpg,93014
cadastro/13410/maxresdefault_a18bdad6.webp,96670
cadastro/13488/283607-3_10abe17e.jpg,42475
cadastro/13488/283607-4_ffd1b42e.jpg,37425
cadastro/13488/283607-5_f1e8bb60.jpg,52272
cadastro/13488/283607-6_49d573b7.jpg,41471
cadastro/13655/290519-1_fa681485.jpg,600568
cadastro/13655/290519-2_22514943.jpg,745366
cadastro/13655/290519-3_858e1f28.jpg,155501
cadastro/13655/290519_954595e9.jpg,155501
cadastro/13655/maxresdefault_bebb7f9f.webp,96566
cadastro/13672/325148-1_8998190c.jpg,35593
cadastro/13672/325148-2_134b2dbe.jpg,34330
cadastro/13672/325148-3_9f29b0c1.jpg,36758
cadastro/13672/325148-4_508a71d3.jpg,48941
cadastro/13672/325148-5_fa87bfd3.jpg,25544
cadastro/13678/325143-1_b316d085.jpg,64881
cadastro/13678/325143-2_59723f60.jpg,52533
cadastro/13678/325143-3_bcf7ec38.jpg,77735
cadastro/13678/325143-4_a92b7755.jpg,40958
cadastro/13678/325143-5_6c46ffe8.jpg,40958
cadastro/13678/325143-6_d839d0d0.jpg,40958
cadastro/13759/260528-2_24782d5d.jpg,116489
cadastro/13759/260528-3_07c16e2b.jpg,400081
cadastro/13759/260528_d9c65ffa.jpg,91809
cadastro/13762/260529-2_1be9765e.jpg,279651
cadastro/13762/260529-3_ca384d27.jpg,77577
cadastro/13762/260529_9ced81f5.jpg,75897
cadastro/13798/307082-1_ceae7f68.jpg,124115
cadastro/13798/307082-2_ad5480d0.jpg,43515
cadastro/13798/307082-3_dc73e893.jpg,92893
cadastro/13798/307082-4_cc6f943e.jpg,22450
cadastro/13798/307082-5_6c9cf434.jpg,22450
cadastro/13798/307082-6_7640c886.jpg,22450
cadastro/13798/maxresdefault_4770447f.webp,32848
cadastro/13801/311317-1_d7555678.jpg,46084
cadastro/13801/311317-2_062ed72a.jpg,38110
cadastro/13801/311317_e13c0160.jpg,44487
cadastro/13809/317536-1_6542f648.jpg,40186
cadastro/13809/317536-2_c59a6023.jpg,55490
cadastro/13809/317536-3_656b34d9.jpg,34711
cadastro/13838/281858-11_f954f539.jpg,23273
cadastro/13838/281858-12_1d5574c3.jpg,59054
cadastro/13838/281858-13_228fe18d.jpg,32584
cadastro/13838/281858-14_315a9f67.jpg,34519
cadastro/13838/maxresdefault_bebb7f9f.webp,96566
cadastro/13863/307221-1_d70cca76.jpg,54408
cadastro/13863/307221-2_b7a00c48.jpg,69173
cadastro/13863/307221-3_1a9ccde1.jpg,23152
cadastro/13863/307221-4_73497fea.jpg,31940
cadastro/13863/307221-5_084a6628.jpg,23483
cadastro/13863/307221-6_41cce6dc.jpg,23483
cadastro/13863/maxresdefault_4770447f.webp,32848
cadastro/13867/307070-1_b22d0a37.jpg,54408
cadastro/13867/307070-2_f67b471c.jpg,69173
cadastro/13867/307070-3_eb49a6fb.jpg,78281
cadastro/13867/307070-4_8668d321.jpg,31940
cadastro/13867/307070-5_3db5951f.jpg,23483
cadastro/13867/maxresdefault_4770447f.webp,32848
cadastro/13871/307079-1_e87290fe.jpg,44424
cadastro/13871/307079-2_78823c93.jpg,110884
cadastro/13871/307079-3_bd7bcd2a.jpg,141488
cadastro/13871/307079-4_17d773d0.jpg,30374
cadastro/13871/maxresdefault_6766353c.webp,36176
cadastro/13872/266199-1_e46e7a8b.jpg,840498
cadastro/13872/266199-3_86976618.jpg,33297
cadastro/13872/266199-4_7bc7f2ab.jpg,40903
cadastro/13872/266199-5_53620637.jpg,88274
cadastro/13872/266199-6_c478c1f0.jpg,33526
cadastro/13872/266199_78211e68.jpg,149375
cadastro/13872/maxresdefault_bebb7f9f.webp,96566
cadastro/13875/290570-1_f57a43c5.jpg,700078
cadastro/13875/290570-3_d474126c.jpg,32565
cadastro/13875/290570-5_f46c3156.jpg,76557
cadastro/13875/290570-6_92833195.jpg,35279
cadastro/13875/290570-7_77959545.jpg,35279
cadastro/13875/290570-8_8aa7685e.jpg,36991
cadastro/13875/290570-9_353a2db5.jpg,36991
cadastro/13875/290570_d1876a35.jpg,147760
cadastro/13876/307071-1_dc9a7345.jpg,85989
cadastro/13876/307071-2_68b8d8ff.jpg,49880
cadastro/13876/307071-3_b599f5f3.jpg,68170
cadastro/13876/307071-4_39170c82.jpg,24375
cadastro/13876/307071-5_b2c76bff.jpg,24375
cadastro/13889/256824-1_5dbd4696.jpg,12431
cadastro/13889/256824-2_4883a13b.jpg,13056
cadastro/13889/256824-3_95853fcf.jpg,16192
cadastro/13889/256824-4_9ac391ee.jpg,252499
cadastro/13893/298944-1_b5ab64e6.jpg,350454
cadastro/13893/298944-2_f688897b.jpg,406506
cadastro/13893/298944-3_8579937a.jpg,363479
cadastro/13893/298944-4_a2f07bf6.jpg,299984
cadastro/13893/298944-5_322d1456.jpg,311289
cadastro/14044/262895-2_346ba613.jpg,110593
cadastro/14044/262895-3_cfbadda0.jpg,80025
cadastro/14044/262895_202e4702.jpg,160291
cadastro/14104/260288-1_a31f7f5a.jpg,191749
cadastro/14162/281187-1_d34d9bfa.jpg,33107
cadastro/14190/290839-1_20c1d8e2.jpg,45806
cadastro/14196/262662-3_acd656ca.jpg,45478
cadastro/14196/262662-4_3e823307.jpg,279469
cadastro/14275/285616-1_2e3f2487.jpg,39979
cadastro/14275/285616-2_420b8a30.jpg,38357
cadastro/14275/285616-3_ecd779b0.jpg,36857
cadastro/14275/285616-4_9bbc10ba.jpg,28694
cadastro/14275/maxresdefault_696a5d1d.webp,46248
cadastro/14393/326570-1_4beaea88.jpg,24158
cadastro/14393/326570-2_3f814f9e.jpg,27106
cadastro/14393/326570-4_6da1ed7b.jpg,30397
cadastro/14403/283680-1_cde23227.jpg,681625
cadastro/14403/283680-2_170edec2.jpg,539812
cadastro/14403/283680-4_0b05b356.jpg,63337
cadastro/14403/283680-5_a1454eff.jpg,64043
cadastro/14403/283680-6_10acc5fb.jpg,47270
cadastro/14403/283680_55e56514.jpg,257743
cadastro/14403/maxresdefault_a6de058f.webp,234138
cadastro/14413/326573-1_514a3672.jpg,19690
cadastro/14413/326573-2_9c56bbbb.jpg,28182
cadastro/14413/326573_d34b2841.jpg,22963
cadastro/14430/290587-1_98c3c10c.jpg,128812
cadastro/14430/290587_48e495f7.jpg,128812
cadastro/14430/maxresdefault_bebb7f9f.webp,96566
cadastro/14449/265433-1_70e1ce6f.jpg,285215
cadastro/14449/265433-2_d38a9fda.jpg,511630
cadastro/14449/265433-3_e4359791.jpg,283992
cadastro/14449/265433-4_c2fbe294.jpg,363294
cadastro/14449/265433-5_6acd4e7e.jpg,70359
cadastro/14449/265433_96becaf0.jpg,85248
cadastro/14507/261871-2_46bde69b.jpg,65742
cadastro/14507/261871-3_b31ab908.jpg,253266
cadastro/14507/261871_01366de3.jpg,155362
cadastro/14827/293436-1_18a24bc2.jpg,48722
cadastro/14827/293436-2_b0b24126.jpg,73628
cadastro/14827/293436-3_f3d3b606.jpg,99275
cadastro/14827/293436-4_a48370a6.jpg,100143
cadastro/14827/293436-5_9f1ac4ca.jpg,44809
cadastro/14827/293436-6_8382d11a.jpg,44809
cadastro/14926/296535-10_c47c673c.jpg,47068
cadastro/14926/296535-11_6c2a8428.jpg,20016
cadastro/14926/296535-12_08fc6220.jpg,35809
cadastro/14926/296535-3_99a0bd7c.jpg,32234
cadastro/14926/296535-4_38169bc9.jpg,37521
cadastro/14926/296535-5_07c8e07e.jpg,32401
cadastro/14926/296535-6_b1072d2d.jpg,34123
cadastro/14926/296535-8_3b82a2fa.jpg,36591
cadastro/14926/296535-9_b3d42e90.jpg,37951
cadastro/14926/maxresdefault_0c008ff5.webp,1276797
cadastro/14956/298249-1_4e0e70af.jpg,48025
cadastro/14956/298249-2_2c312b71.jpg,40562
cadastro/14956/298249-3_52190e41.jpg,48257
cadastro/15026/309168-1_630a647f.jpg,117000
cadastro/15026/309168-2_813bc41f.jpg,187686
cadastro/15026/309168-3_75622a1b.jpg,105785
cadastro/15026/309168-4_6d192cfa.jpg,172811
cadastro/15288/283637_40474f9d.jpg,36118
cadastro/15554/296318-4_4bd9ae7b.jpg,41664
cadastro/15554/296318-5_f4c95750.jpg,44170
cadastro/15664/262068-2_612cd10c.jpg,268100
cadastro/15664/262068-3_e5b5c773.jpg,267655
cadastro/15664/262068_bc7a427f.jpg,201997
cadastro/15682/283600-2_9ce3c77d.jpg,34795
cadastro/15682/283600-4_545c591f.jpg,34739
cadastro/15682/283600-5_defe99d1.jpg,438741
cadastro/15682/283600-6_ddb4c2bb.jpg,19118
cadastro/15836/263601_0047c3bb.jpg,3490
cadastro/15946/262913-2_b3a2bb2a.jpg,134618
cadastro/15946/262913-3_81286351.jpg,234091
cadastro/15946/262913_ce9a24c0.jpg,317021
cadastro/15947/262914-1_796433ab.jpg,18355
cadastro/15947/262914-2_0025aaca.jpg,19991
cadastro/15947/262914-3_76c3004e.jpg,18977
cadastro/15947/262914-4_f955c762.jpg,14485
cadastro/15951/290173-1_a935fd7c.jpg,30762
cadastro/15951/290173-3_4fe6b54a.jpg,46421
cadastro/15951/290173-4_f5cbf034.jpg,27889
cadastro/15985/297894-1_b72e0c84.jpg,88632
cadastro/15985/297894-2_412c6203.jpg,87845
cadastro/15985/297894-3_9993ae03.jpg,85475
cadastro/16099/266136-3_a145f572.jpg,39099
cadastro/16099/266136-4_7670b54b.jpg,63573
cadastro/16099/266136-5_246789de.jpg,64666
cadastro/16099/266136-6_cef0bdaa.jpg,40374
cadastro/16099/266136-7_1c87d721.jpg,30379
cadastro/16099/266136-8_4f9704e7.jpg,30379
cadastro/16339/309791-10_44a39cc5.jpg,80085
cadastro/16339/309791-7_5d709b87.jpg,79807
cadastro/16339/309791-8_74fc994f.jpg,77659
cadastro/16339/309791-9_a5f24136.jpg,71609
cadastro/16339/maxresdefault_b8e5b504.webp,1176054
cadastro/16346/333227-1_c61dd0a1.jpg,60392
cadastro/16346/333227-2_d4d07dab.jpg,61250
cadastro/16346/333227-3_d5438049.jpg,57188
cadastro/16346/333227-4_310c6be6.jpg,68028
cadastro/16381/324139-1_354bb0b7.jpg,34741
cadastro/16381/324139-2_9def3fa3.jpg,38699
cadastro/16381/324139-3_d23dfd13.jpg,28628
cadastro/16394/291177-3_0328e823.jpg,36928
cadastro/16394/291177-4_8c91a369.jpg,41380
cadastro/16394/291177-5_a013239e.jpg,42014
cadastro/16437/290965-1_de2dbf90.jpg,70247
cadastro/16437/290965-2_ce1f7bf3.jpg,36461
cadastro/16437/290965-3_bde082d2.jpg,36461
cadastro/16442/290975-1_6da0324e.jpg,63334
cadastro/16442/290975-2_490cc7af.jpg,36461
cadastro/16442/290975-3_74f60477.jpg,36461
cadastro/16447/290972-1_dc853cbb.jpg,63334
cadastro/16447/290972-2_8a69c3a5.jpg,36461
cadastro/16447/290972-3_1a3f07af.jpg,36461
cadastro/16451/290974-1_a66e1893.jpg,66448
cadastro/16451/290974-2_80b9ee20.jpg,38409
cadastro/16507/266608-1_d3e8f544.jpg,61009
cadastro/16523/259172-1_4c6027b4.jpg,46121
cadastro/16523/259172-2_849fc3f8.jpg,47097
cadastro/16523/259172-3_8a0a3d3b.jpg,20622
cadastro/16523/259172-4_8a6fe701.jpg,13942
cadastro/16523/259172-5_5e322b95.jpg,18736
cadastro/16537/259778-1_e983c41e.jpg,28137
cadastro/16537/259778-2_d2f3a18a.jpg,48959
cadastro/16901/263761_3c280ddd.jpg,89356
cadastro/16903/263758-2_22b68da0.jpg,13146
cadastro/16903/263758-3_f7518244.jpg,365642
cadastro/16903/263758_de983252.jpg,253224
cadastro/16905/263760-2_cec828d3.jpg,11327
cadastro/16905/263760-3_b073deb0.jpg,85410
cadastro/16905/263760_5e07c3ea.jpg,63432
cadastro/16906/263762-2_9a54a834.jpg,12090
cadastro/16906/263762-3_16589600.jpg,63432
cadastro/16906/263762_24e3e5cf.jpg,85410
cadastro/16908/259572-1_76ab771b.jpg,39338
cadastro/16959/259378-1_ace1b497.jpg,31017
cadastro/17007/261057-2_cc63c2be.jpg,218980
cadastro/17007/261057-3_b93d9fa3.jpg,23977
cadastro/17007/261057-4_96cda09c.jpg,122655
cadastro/17007/261057-5_125601a4.jpg,24681
cadastro/17007/261057_d7304a90.jpg,42941
cadastro/17171/266469-1_69da77ae.jpg,112351
cadastro/17171/266469_8ee9499b.jpg,112351
cadastro/17181/290729-1_43ef5d4b.jpg,112351
cadastro/17181/290729_332b299b.jpg,112351
cadastro/17222/261575-2_d34cfcec.jpg,193536
cadastro/17222/261575-3_fb933557.jpg,14480
cadastro/17222/261575_187003d3.jpg,233565
cadastro/17257/261318-2_01477e15.jpg,12862
cadastro/17257/261318-3_94546765.jpg,10719
cadastro/17257/261318_a68a78e3.jpg,18692
cadastro/17619/263156_d7fc1b64.jpg,55259
cadastro/17624/263150_4643ada8.jpg,1400526
cadastro/17629/262440-1_5b78f373.jpg,222910
cadastro/17629/262440-2_cab303fb.jpg,140942
cadastro/17765/262809_7018627d.jpg,125737
cadastro/17838/296803-1_fe069114.jpg,59210
cadastro/17838/296803-2_375d25df.jpg,28609
cadastro/17864/258153_2a333cc2.jpg,97026
cadastro/17923/259364-1_cac79971.jpg,7032
cadastro/18227/257708-1_b0a14442.jpg,71195
cadastro/18227/257708-2_377d310c.jpg,178739
cadastro/18227/257708-3_419014a1.jpg,6437
cadastro/18227/257708-4_8a4d0c26.jpg,25298
cadastro/18227/257708-5_e34aab9c.jpg,14442
cadastro/18227/257708-6_584d8b8f.jpg,46007
cadastro/18353/305804-4_d6ef4a7d.jpg,59474
cadastro/18353/305804-5_72c77959.jpg,81014
cadastro/18353/305804-6_63e88446.jpg,59474
cadastro/18353/305804-7_58f3f992.jpg,106936
cadastro/18353/305804-8_d078be95.jpg,81677
cadastro/18358/293437-1_2557a831.jpg,84220
cadastro/18358/293437-2_6b4a3154.jpg,43499
cadastro/18358/293437-3_7563e1c9.jpg,55516
cadastro/18539/262577-2_27acf5f1.jpg,815364
cadastro/18539/262577-3_60b74e40.jpg,104939
cadastro/18539/262577_b07ecf6a.jpg,67384
cadastro/18545/261541-2_c22f4751.jpg,223977
cadastro/18545/261541-3_c1389427.jpg,247297
cadastro/18545/261541_609e8405.jpg,111740
cadastro/18546/261060-2_f99f3eb8.jpg,152445
cadastro/18546/261060-3_59ccd4a1.jpg,261375
cadastro/18546/261060-4_36ce8924.jpg,67740
cadastro/18546/261060-5_95eaf0dd.jpg,24681
cadastro/18546/261060_de171287.jpg,205596
cadastro/18576/324145-1_4397da0e.jpg,34095
cadastro/18576/324145-2_47664ea3.jpg,38203
cadastro/18576/324145-3_9f983013.jpg,32475
cadastro/18596/264065_bd96685a.jpg,281440
cadastro/18602/264000-2_62011c75.jpg,19089
cadastro/18602/264000-3_84be71db.jpg,6951
cadastro/18602/264000_d094a467.jpg,22409
cadastro/18606/324297-1_3778779a.jpg,27051
cadastro/18606/324297-2_0596091c.jpg,33403
cadastro/18606/324297-3_21edcdc1.jpg,39363
cadastro/18607/263246-2_2e639790.jpg,19089
cadastro/18607/263246-3_a5f35505.jpg,6951
cadastro/18607/263246_1d5cd827.jpg,22409
cadastro/18768/310151-1_1dbf0163.jpg,51329
cadastro/18768/310151-2_2f8e0681.jpg,67585
cadastro/18768/310151-3_e0fcb887.jpg,43460
cadastro/18768/maxresdefault_bb4f67ad.webp,1145236
cadastro/18819/333410-1_41bb9d7e.jpg,24798
cadastro/18819/333410-2_9584687b.jpg,29232
cadastro/18819/333410-3_eeb2e979.jpg,63662
cadastro/18819/333410-4_7dd6ff83.jpg,53656
cadastro/18819/333410-5_28faa441.jpg,13427
cadastro/18880/333855-1_fe8ff10e.jpg,53654
cadastro/18997/261480-2_1cd9662d.jpg,362216
cadastro/18997/261480-3_62c9986a.jpg,18033
cadastro/18997/261480_fcbf2554.jpg,140319
cadastro/19171/304229-1_1da5cb3b.jpg,10694
cadastro/19171/304229-2_a078e60a.jpg,17994
cadastro/19171/304229-3_286488ca.jpg,15106
cadastro/19242/287793-1_0c16fbf5.jpg,17334
cadastro/19242/287793-2_9a7ce9eb.jpg,17792
cadastro/19242/287793-3_c3542fab.jpg,20788
cadastro/19468/286248-1_8f91a9cd.jpg,27787
cadastro/19468/286248-2_20f556e6.jpg,25472
cadastro/19468/286248-3_b041437e.jpg,36234
cadastro/19473/286246-1_aed3b6fd.jpg,27787
cadastro/19473/286246-2_d116120c.jpg,25472
cadastro/19473/286246-3_bac8e092.jpg,36234
cadastro/19493/286242-1_a97763c1.jpg,27787
cadastro/19493/286242-2_0a30b79a.jpg,25472
cadastro/19493/286242-3_a76e0ddd.jpg,36234
cadastro/19507/286191-1_dd490441.jpg,21050
cadastro/19507/286191-2_e62361af.jpg,23901
cadastro/19507/286191-3_c56b0e60.jpg,24536
cadastro/19507/286191-4_b3dc0f4b.jpg,21034
cadastro/19626/286169-1_40d7a1f6.jpg,21050
cadastro/19626/286169-2_8114dfbc.jpg,23901
cadastro/19626/286169-3_885a9bda.jpg,24536
cadastro/19626/286169-4_e180dfed.jpg,21034
cadastro/19879/299062-1_a6f87459.jpg,24946
cadastro/19879/299062-2_f2390ea8.jpg,23290
cadastro/19879/299062-3_bb3011df.jpg,22293
cadastro/19972/286463-5_660799f6.jpg,14360
cadastro/19972/286463-6_ebf7b619.jpg,18283
cadastro/19972/286463-7_977ece41.jpg,12129
cadastro/19972/286463-8_3369a829.jpg,15511
cadastro/19981/286459-1_9e15b3a3.jpg,14360
cadastro/19981/286459-2_0be38f14.jpg,18283
cadastro/19981/286459-3_b4c2440c.jpg,12129
cadastro/19981/286459-4_0aaa9e63.jpg,15511
cadastro/19989/304251-1_88bc8d2b.jpg,10039
cadastro/19989/304251-2_1c9d759c.jpg,29429
cadastro/19989/304251-3_591b2871.jpg,14320
cadastro/19989/304251-4_fe4ae7d2.jpg,14320
cadastro/19992/304268-1_a8cdb8a7.jpg,10039
cadastro/19992/304268-2_d15bafb9.jpg,29429
cadastro/19992/304268-3_c86d53d4.jpg,14320
cadastro/20020/304263-1_0e6687b0.jpg,10039
cadastro/20020/304263-2_2f73b744.jpg,29429
cadastro/20020/304263-3_2f9758d4.jpg,16648
cadastro/20052/286498-1_7bec60f8.jpg,14360
cadastro/20052/286498-2_5e40a514.jpg,18283
cadastro/20052/286498-4_0347f980.jpg,12129
cadastro/20052/286498-5_851140db.jpg,15511
cadastro/20321/286006-1_53881c1c.jpg,26881
cadastro/20321/286006_1c86fc73.jpg,26881
cadastro/20323/286008_b6b6f16a.jpg,26881
cadastro/20324/286009-1_18c9b295.jpg,26881
cadastro/20324/286009_6c257c6c.jpg,26881
cadastro/20328/311006-2_8920df52.jpg,20989
cadastro/20328/311006-3_74efc622.jpg,18239
cadastro/20328/311006_02b5c44c.jpg,18239
cadastro/20330/287489_2dd71a3e.jpg,26881
cadastro/20345/286007_be0ceba3.jpg,26881
cadastro/20346/286010_d267aa7b.jpg,26881
cadastro/20410/324042-1_379aa292.jpg,69646
cadastro/20410/324042-2_7e274fed.jpg,21804
cadastro/20410/324042-3_5315e394.jpg,31185
cadastro/20416/301449-1_697105ca.jpg,28729
cadastro/20416/301449-2_2edf13ac.jpg,17972
cadastro/20416/301449-3_abd41a8b.jpg,17821
cadastro/20434/311541-1_bba38f90.jpg,10788
cadastro/20434/311541-2_bf755a8e.jpg,14526
cadastro/20572/304245-1_4057ef23.jpg,10694
cadastro/20572/304245-2_a2043d15.jpg,29429
cadastro/20572/304245-3_a6e431b1.jpg,15106
cadastro/20572/304245-4_dc99433c.jpg,15106
cadastro/20632/328580-1_8d97322e.jpg,15306
cadastro/20632/328580-2_79ddbbfc.jpg,20074
cadastro/20636/328581-1_7242b435.jpg,14670
cadastro/20636/328581-2_d3b1e0b1.jpg,20074
cadastro/20657/311564-1_f97016ad.jpg,10788
cadastro/20657/311564-2_28abfa6f.jpg,14526
cadastro/20657/311564-3_ee20dab7.jpg,14526
cadastro/20673/334119-1_249e5b3b.jpg,13568
cadastro/20673/334119-2_a03efd4e.jpg,21390
cadastro/20673/334119_f8d4c805.jpg,17449
cadastro/20683/311344-1_dccf36d3.jpg,11600
cadastro/20683/311344-2_ff42898b.jpg,61434
cadastro/20683/311344-3_618ee24c.jpg,14208
cadastro/20683/311344-4_e375171b.jpg,14208
cadastro/20686/311350-1_de483144.jpg,10531
cadastro/20686/311350-3_9d0eb6b6.jpg,33399
cadastro/20686/311350-4_b59df0dc.jpg,14131
cadastro/20687/299369-1_35741400.jpg,21868
cadastro/20687/299369-2_0ab061bd.jpg,20076
cadastro/20687/299369-3_5cd67b40.jpg,19663
cadastro/20687/299369-4_a6dde7c5.jpg,19663
cadastro/20688/304244-1_99dfb795.jpg,11819
cadastro/20688/304244-2_461eda14.jpg,42712
cadastro/20688/304244-3_99627f59.jpg,17380
cadastro/20689/304236-1_9018e8ca.jpg,10756
cadastro/20689/304236-2_9df98b65.jpg,42712
cadastro/20689/304236-3_42fba16d.jpg,17207
cadastro/20689/304236-4_e89cb041.jpg,17207
cadastro/20690/299351-1_0cf8df5c.jpg,21868
cadastro/20690/299351-2_3e51b0fa.jpg,20076
cadastro/20690/299351-3_0a763747.jpg,19663
cadastro/20692/299340-1_b217217a.jpg,21868
cadastro/20692/299340-2_f3fb3ae0.jpg,20076
cadastro/20692/299340-3_f1004631.jpg,19663
cadastro/20694/299322-1_e97feed9.jpg,21868
cadastro/20694/299322-2_8daa6d0d.jpg,20076
cadastro/20694/299322-3_d277db21.jpg,19663
cadastro/20695/299353-1_fe46f9ba.jpg,21868
cadastro/20695/299353-2_9f9625cc.jpg,20076
cadastro/20695/299353-3_769465b5.jpg,19663
cadastro/20704/299366-1_0522a78b.jpg,21868
cadastro/20704/299366-2_7b042157.jpg,20076
cadastro/20704/299366-3_8d68d05f.jpg,19663
cadastro/20705/299341-1_4cee8de0.jpg,21868
cadastro/20705/299341-2_33a139f9.jpg,20076
cadastro/20705/299341-3_8c6b0d51.jpg,19663
cadastro/20705/299341-4_63b6c38e.jpg,19663
cadastro/20707/299331-1_6fced0cc.jpg,21868
cadastro/20707/299331-2_3bbadd4e.jpg,20076
cadastro/20707/299331-3_3626bb26.jpg,19663
cadastro/20708/299328-1_9ce3253c.jpg,21868
cadastro/20708/299328-2_c1d64c29.jpg,20076
cadastro/20708/299328-3_2ca40617.jpg,19663
cadastro/20709/299367-1_cb5a8f26.jpg,21868
cadastro/20709/299367-2_f1fa7089.jpg,20076
cadastro/20709/299367-3_ccf28138.jpg,19663
cadastro/20710/299342-1_d471d7d6.jpg,21868
cadastro/20710/299342-2_5aef94f5.jpg,20076
cadastro/20710/299342-3_fbcf39e5.jpg,19663
cadastro/20711/301447-1_fc0ee8c3.jpg,21868
cadastro/20711/301447-2_684e4ba5.jpg,20076
cadastro/20711/301447-3_1ba18c33.jpg,19663
cadastro/20713/311126-1_5c9d6ef5.jpg,33256
cadastro/20713/311126-2_8906a991.jpg,11478
cadastro/20714/299356-1_daa8191a.jpg,21868
cadastro/20714/299356-2_d6d2588b.jpg,20076
cadastro/20714/299356-3_0682a4d3.jpg,19663
cadastro/20715/299343-1_1b61af59.jpg,24946
cadastro/20715/299343-2_6221b332.jpg,23290
cadastro/20715/299343-3_e7b39ba1.jpg,22293
cadastro/20716/299332-1_f32a2453.jpg,21868
cadastro/20716/299332-2_28c98d87.jpg,20076
cadastro/20716/299332-3_f5eeec3d.jpg,19663
cadastro/20716/299332-4_ba3f58f1.jpg,19663
cadastro/20717/299350-1_d184ef4d.jpg,24946
cadastro/20717/299350-2_98dc334b.jpg,23290
cadastro/20717/299350-3_5577729b.jpg,22293
cadastro/20718/299326-1_15961b00.jpg,21868
cadastro/20718/299326-2_06a20e0e.jpg,20076
cadastro/20718/299326-3_2a4e3cce.jpg,19663
cadastro/20719/299349-1_53d3d4ae.jpg,21868
cadastro/20719/299349-2_899c1df1.jpg,20076
cadastro/20719/299349-3_f15a0a1e.jpg,19663
cadastro/20720/299344-1_ead28a37.jpg,24946
cadastro/20720/299344-2_98e6d1a8.jpg,23290
cadastro/20720/299344-3_6e6b4e1b.jpg,22293
cadastro/20729/299334-1_fc44a977.jpg,24946
cadastro/20729/299334-3_9a0b651c.jpg,24946
cadastro/20729/299334-5_a4c10d15.jpg,24946
cadastro/20729/299334-6_4b6e7645.jpg,23290
cadastro/20729/299334-7_e3b648f3.jpg,22293
cadastro/20730/335255-1_e9f53c49.jpg,25328
cadastro/20731/299337-1_6c384f21.jpg,21868
cadastro/20731/299337-2_e0b5e8a6.jpg,20076
cadastro/20731/299337-3_3245ed43.jpg,19663
cadastro/20733/299325-1_9c56c709.jpg,21868
cadastro/20733/299325-2_21d7863f.jpg,20076
cadastro/20733/299325-3_db76765d.jpg,19663
cadastro/20734/299352-1_3b7592f2.jpg,24946
cadastro/20734/299352-2_539d3f07.jpg,23290
cadastro/20734/299352-3_3aacbc08.jpg,22293
cadastro/20736/299416-1_bebc5536.jpg,24946
cadastro/20736/299416-2_87800c65.jpg,23290
cadastro/20736/299416-3_07a37eb1.jpg,22293
cadastro/20737/299370-1_d47a1c87.jpg,24946
cadastro/20737/299370-2_7164ef0b.jpg,23290
cadastro/20737/299370-3_47f63ec4.jpg,22293
cadastro/20738/326390-1_f464bcf9.jpg,59773
cadastro/20738/326390-2_4bc988d5.jpg,71086
cadastro/20738/326390-3_eec400aa.jpg,89756
cadastro/20738/326390-4_f54c29e2.jpg,32887
cadastro/20738/326390-5_832b46f5.jpg,120812
cadastro/20740/335257-1_6fbf0096.jpg,25328
cadastro/20742/299398-1_c39aabe7.jpg,24946
cadastro/20742/299398-2_9a3f81d0.jpg,23290
cadastro/20742/299398-3_2132b188.jpg,22293
cadastro/20743/299748-1_886260a8.jpg,21868
cadastro/20743/299748-2_a6ee1bc1.jpg,20076
cadastro/20743/299748-3_6ea5f383.jpg,19663
cadastro/20744/299414-1_9e542408.jpg,24946
cadastro/20744/299414-2_5abb6281.jpg,23290
cadastro/20744/299414-3_74666587.jpg,22293
cadastro/20744/299414-4_37714b4c.jpg,22293
cadastro/20747/299320-1_00cfc1d1.jpg,24946
cadastro/20747/299320-2_964ae4a8.jpg,23290
cadastro/20747/299320-3_5c25c983.jpg,22293
cadastro/20750/299377-1_57f3f3dc.jpg,24946
cadastro/20750/299377-2_90801fcd.jpg,23290
cadastro/20750/299377-3_06f270a1.jpg,22293
cadastro/20751/326397-1_13a2d1ed.jpg,59773
cadastro/20751/326397-2_2d3891c1.jpg,71086
cadastro/20751/326397-3_4918f733.jpg,89756
cadastro/20751/326397-4_3287f240.jpg,32887
cadastro/20751/326397-5_1a1ac8db.jpg,120812
cadastro/20751/326397-6_d98dbeb7.jpg,120812
cadastro/20758/299390-1_4e9e41b1.jpg,24946
cadastro/20758/299390-2_bf4990d3.jpg,23290
cadastro/20758/299390-3_ebd396a3.jpg,22293
cadastro/20759/299373-1_235be7d3.jpg,24946
cadastro/20759/299373-2_8aae318b.jpg,23290
cadastro/20759/299373-3_bb4b2805.jpg,22293
cadastro/20761/299375-1_c8f80d1c.jpg,24946
cadastro/20761/299375-2_56197349.jpg,23290
cadastro/20761/299375-3_f0383969.jpg,22293
cadastro/20762/299384-1_165c2146.jpg,24946
cadastro/20762/299384-2_5a704e3b.jpg,23290
cadastro/20762/299384-3_05922aad.jpg,22293
cadastro/20762/299384-4_98d0d9b3.jpg,22293
cadastro/20764/299814-1_6e3de755.jpg,24946
cadastro/20764/299814-2_b9a43eb6.jpg,23290
cadastro/20764/299814-3_99a01490.jpg,22293
cadastro/20764/299814-4_b213452a.jpg,22293
cadastro/20765/299357-1_b0c5c930.jpg,24946
cadastro/20765/299357-2_fada8090.jpg,23290
cadastro/20765/299357-3_28de926d.jpg,22293
cadastro/20766/299347-1_6ceb4a9c.jpg,24946
cadastro/20766/299347-2_3f7c7e87.jpg,23290
cadastro/20766/299347-3_029c9fee.jpg,22293
cadastro/20767/299385-1_6b87fba6.jpg,24946
cadastro/20767/299385-2_5b972b88.jpg,23290
cadastro/20767/299385-3_52cfe191.jpg,22293
cadastro/20768/299409-1_5a4e279e.jpg,24946
cadastro/20768/299409-2_2a0c033d.jpg,23290
cadastro/20768/299409-3_06cc6a7b.jpg,22293
cadastro/20769/299308-1_e676e35c.jpg,24946
cadastro/20769/299308-2_b1e5c246.jpg,23290
cadastro/20769/299308-3_98184c71.jpg,22293
cadastro/20770/299410-1_9fd83e48.jpg,24946
cadastro/20770/299410-2_a14f86cf.jpg,23290
cadastro/20770/299410-3_06e9c6eb.jpg,22293
cadastro/20778/299396-1_077ef44f.jpg,24946
cadastro/20778/299396-2_496b8e11.jpg,23290
cadastro/20778/299396-3_56d986bb.jpg,22293
cadastro/20781/299386-1_75753159.jpg,24946
cadastro/20781/299386-2_8b1e06b2.jpg,23290
cadastro/20781/299386-3_bce88c47.jpg,22293
cadastro/20785/299400-1_4172e32c.jpg,24946
cadastro/20785/299400-2_724d4e90.jpg,23290
cadastro/20785/299400-3_6be204da.jpg,22293
cadastro/20799/299401-1_fc4c2e67.jpg,24946
cadastro/20799/299401-2_c5c84c04.jpg,23290
cadastro/20799/299401-3_772e6a12.jpg,22293
cadastro/20799/299401-4_d4113c4a.jpg,22293
cadastro/20832/335294-1_989d8b41.jpg,24799
cadastro/20834/311145-1_cbfd6ed3.jpg,64574
cadastro/20834/311145-2_d90f3970.jpg,14262
cadastro/20837/311156-1_eac5fc71.jpg,11600
cadastro/20837/311156-2_46d1b553.jpg,61434
cadastro/20837/311156-3_fb70277a.jpg,14208
cadastro/20841/311164-1_f03fd141.jpg,64574
cadastro/20841/311164-2_9f410a28.jpg,14262
cadastro/20841/311164-3_c8690724.jpg,14262
cadastro/20845/311173-1_7ab8b826.jpg,64574
cadastro/20845/311173-2_292b4daa.jpg,14262
cadastro/20848/311187-1_0008d278.jpg,11600
cadastro/20848/311187-2_da2574c0.jpg,64574
cadastro/20848/311187-3_4e172a38.jpg,14262
cadastro/20888/311353-1_bad8c391.jpg,10531
cadastro/20888/311353-2_28b96db6.jpg,33399
cadastro/20888/311353-3_b9a5f739.jpg,14131
cadastro/20889/311356-1_1081c18e.jpg,10531
cadastro/20889/311356-2_578aac03.jpg,33399
cadastro/20889/311356-3_f6255ddd.jpg,14131
cadastro/20892/311360-1_a41b5d14.jpg,10531
cadastro/20892/311360-2_ce429c86.jpg,10531
cadastro/20892/311360-3_743ef439.jpg,33399
cadastro/20892/311360-4_f9cb6276.jpg,14131
cadastro/20893/311362-1_c587db5d.jpg,10531
cadastro/20893/311362-2_d8ec746c.jpg,33399
cadastro/20893/311362-3_8f50e443.jpg,14131
cadastro/20893/311362-4_d360af98.jpg,14131
cadastro/20938/322079-1_655189d8.jpg,39133
cadastro/20938/322079-2_ec12b81c.jpg,18540
cadastro/20938/322079-3_8ff3a03c.jpg,13426
cadastro/20938/322079-4_ce4614a8.jpg,13426
cadastro/20939/320740-1_68ec16dc.jpg,31003
cadastro/20939/320740-2_23eb0bad.jpg,18540
cadastro/20939/320740-3_de9af49d.jpg,21404
cadastro/20958/320742-1_beba95f0.jpg,31003
cadastro/20958/320742-2_81021a55.jpg,18540
cadastro/20958/320742-3_567743aa.jpg,21404
cadastro/20963/322087-1_a14dc747.jpg,43451
cadastro/20963/322087-2_48b94eca.jpg,18540
cadastro/20963/322087-3_96e30feb.jpg,24434
cadastro/20965/304294-1_df8f2b16.jpg,11819
cadastro/20965/304294-2_1536ef17.jpg,42712
cadastro/20965/304294-3_a24b5ad4.jpg,19663
cadastro/20965/304294-4_0df13ee5.jpg,19663
cadastro/20966/322770-1_2686dbb1.jpg,31003
cadastro/20966/322770-2_01fe880a.jpg,18540
cadastro/20966/322770-3_11c7b9ad.jpg,21404
cadastro/20979/322192-1_c3a4c10f.jpg,52913
cadastro/20979/322192-2_1fa17394.jpg,18545
cadastro/20979/322192-3_b82f92a0.jpg,19516
cadastro/21002/320807-1_a9499923.jpg,31003
cadastro/21002/320807-2_d6aa2778.jpg,18540
cadastro/21002/320807-3_e34e263b.jpg,21404
cadastro/21009/322193-1_ed3aa9a9.jpg,52913
cadastro/21009/322193-2_ff9a3caa.jpg,18545
cadastro/21009/322193-3_a9cfafbc.jpg,19516
cadastro/21016/322101-1_a8199712.jpg,43451
cadastro/21016/322101-2_5c67d489.jpg,18505
cadastro/21016/322101-3_67feaaf8.jpg,24434
cadastro/21035/320830-1_c93b2a68.jpg,31003
cadastro/21035/320830-2_f80d7ebd.jpg,18540
cadastro/21035/320830-3_c395f3aa.jpg,21404
cadastro/21043/322785-1_accde36e.jpg,31003
cadastro/21043/322785-2_6ab3c6f1.jpg,18540
cadastro/21043/322785-3_de37c0d4.jpg,21404
cadastro/21051/320592-1_e1673a9f.jpg,52913
cadastro/21051/320592-2_c096e84e.jpg,18545
cadastro/21051/320592-3_0436d15a.jpg,19516
cadastro/21055/320595-1_fd70f481.jpg,52913
cadastro/21055/320595-2_943328c9.jpg,18545
cadastro/21055/320595-3_33a7c318.jpg,19516
cadastro/21061/320754-1_d29722cb.jpg,27808
cadastro/21061/320754-2_b7c658a8.jpg,18540
cadastro/21061/320754-3_44edc624.jpg,17170
cadastro/21066/335320-1_cf604afd.jpg,24799
cadastro/21068/335317-1_e9fe8fa9.jpg,24799
cadastro/21083/335404-1_d43770a8.jpg,24799
cadastro/21089/335410-1_018ae9dc.jpg,24799
cadastro/21094/335413-1_2e5959b2.jpg,24799
cadastro/21095/335437-1_41bc40e1.jpg,24799
cadastro/21100/335444-1_be81a4ef.jpg,24799
cadastro/21103/335447-1_e668d941.jpg,24799
cadastro/21105/335450-1_e8ef5483.jpg,24799
cadastro/21109/335455-1_cd89f31f.jpg,24799
cadastro/21111/335458-1_ba607586.jpg,24799
cadastro/21115/335460-1_7f350b94.jpg,24799
cadastro/21116/335464-1_e9d9701a.jpg,24799
cadastro/21117/335462-1_87bae638.jpg,24799
cadastro/21119/335466-1_5799de64.jpg,24799
cadastro/21146/335256-1_bbbe0283.jpg,25328
cadastro/21147/335342-1_c9d44b00.jpg,24799
cadastro/21148/335184-1_0e0ac7a2.jpg,25328
cadastro/21149/335259-1_35d62f39.jpg,25328
cadastro/21155/335283-1_e95ebaca.jpg,24799
cadastro/21331/285996-1_abf9a370.jpg,22087
cadastro/21331/285996-2_024b43e5.jpg,21560
cadastro/21331/285996-3_ecb32c3f.jpg,20992
cadastro/21336/285997-1_741ac4b5.jpg,22087
cadastro/21336/285997-2_7b6d9fd8.jpg,21560
cadastro/21336/285997-3_c921785e.jpg,20992
cadastro/21341/286000-1_a0231f07.jpg,22087
cadastro/21341/286000-2_e046ee8f.jpg,21560
cadastro/21341/286000-3_1abae080.jpg,20992
cadastro/21389/265205-1_31caf66d.jpg,15414
cadastro/21389/265205-2_a16cbf41.jpg,15792
cadastro/21389/265205-3_f0098365.jpg,14772
cadastro/21391/287390-1_f92d2f01.jpg,15414
cadastro/21391/287390-2_6c999fe4.jpg,15792
cadastro/21391/287390-3_42d8d7f1.jpg,14772
cadastro/21393/287389-1_848984b0.jpg,15414
cadastro/21393/287389-2_9093a084.jpg,15792
cadastro/21393/287389-3_dd6ed4e9.jpg,14772
cadastro/21395/265203-1_07c1272c.jpg,15414
cadastro/21395/265203-2_ba01bcd0.jpg,15792
cadastro/21395/265203-3_e3bc5ed0.jpg,14772
cadastro/21475/285989-1_23573bff.jpg,13681
cadastro/21475/285989-2_99948b87.jpg,13016
cadastro/21475/285989-3_bddef3f0.jpg,15451
cadastro/21478/285986-1_ea4699d8.jpg,13681
cadastro/21478/285986-2_a447eb97.jpg,13016
cadastro/21478/285986-3_151d0463.jpg,12469
cadastro/21479/285987-1_3dbeab79.jpg,13681
cadastro/21479/285987-2_3d956eef.jpg,13016
cadastro/21479/285987-3_d8097ad8.jpg,12469
cadastro/21480/287401-1_aa8ce7db.jpg,13681
cadastro/21480/287401-2_f24887cf.jpg,13016
cadastro/21480/287401-3_b388c60c.jpg,12469
cadastro/21488/310986-1_fe7bcd56.jpg,16378
cadastro/21488/310986-2_9a38f55a.jpg,11875
cadastro/21532/287166-1_9eea957d.jpg,10585
cadastro/21532/287166-2_645c81e5.jpg,9052
cadastro/21532/287166-3_ec827f84.jpg,15476
cadastro/21533/299412-1_02063b8e.jpg,24946
cadastro/21533/299412-2_9cbc1cbd.jpg,23290
cadastro/21533/299412-3_e72fca43.jpg,22293
cadastro/21547/299406-1_f14520f3.jpg,24946
cadastro/21547/299406-2_b45ae23b.jpg,23290
cadastro/21547/299406-3_e92e986a.jpg,22293
cadastro/21548/287165-1_526578d2.jpg,10585
cadastro/21548/287165-2_21dc4497.jpg,9052
cadastro/21548/287165-3_3f11a065.jpg,15476
cadastro/21553/287170-1_5c26cd98.jpg,10585
cadastro/21553/287170-2_8388725f.jpg,9052
cadastro/21553/287170-3_2b76fb06.jpg,15476
cadastro/21555/287118-1_1686aa3e.jpg,10585
cadastro/21555/287118-2_db0409b5.jpg,9052
cadastro/21555/287118-3_2f52b810.jpg,15476
cadastro/21563/286713-1_2ed4ea97.jpg,22670
cadastro/21563/286713-2_53ef00e5.jpg,24929
cadastro/21563/286713-3_835425f4.jpg,31024
cadastro/21563/286713-4_4dadb27b.jpg,19934
cadastro/21564/287113-1_93eedf49.jpg,10585
cadastro/21564/287113-2_12a15e33.jpg,9052
cadastro/21564/287113-3_03fc5606.jpg,15476
cadastro/21570/287108-1_89561743.jpg,10585
cadastro/21570/287108-2_24f3ddc9.jpg,9052
cadastro/21570/287108-3_353aef69.jpg,15476
cadastro/21578/287104-1_66c81f2c.jpg,10585
cadastro/21578/287104-2_146981c4.jpg,9052
cadastro/21578/287104-3_0ef5cad9.jpg,15476
cadastro/21582/287162-1_7338f328.jpg,10585
cadastro/21582/287162-2_0040dcda.jpg,9052
cadastro/21582/287162-3_2ec41d0e.jpg,15476
cadastro/21585/299413-1_bed23018.jpg,24946
cadastro/21585/299413-2_74f0f867.jpg,23290
cadastro/21585/299413-3_7e931eb5.jpg,22293
cadastro/21588/287101-1_79b7dc00.jpg,10585
cadastro/21588/287101-2_6a55fe47.jpg,9052
cadastro/21588/287101-3_48f975cf.jpg,15476
cadastro/21594/287100-1_52777dfc.jpg,10585
cadastro/21594/287100-2_90ec7f57.jpg,9052
cadastro/21594/287100-3_08985744.jpg,15476
cadastro/21597/287096-1_8483ed75.jpg,10585
cadastro/21597/287096-2_98aafc6d.jpg,9052
cadastro/21597/287096-3_6037f781.jpg,15476
cadastro/21602/287095-1_e2d777b6.jpg,10585
cadastro/21602/287095-2_23d80848.jpg,9052
cadastro/21602/287095-3_414f3104.jpg,15476
cadastro/21603/287094-1_79b7aa80.jpg,10585
cadastro/21603/287094-2_5f2bea5e.jpg,9052
cadastro/21603/287094-3_7369470c.jpg,15476
cadastro/21606/287159-1_3c6de8dc.jpg,10585
cadastro/21606/287159-2_98661bb6.jpg,9052
cadastro/21606/287159-3_173a9e44.jpg,15476
cadastro/21616/287091-1_d68b023d.jpg,10585
cadastro/21616/287091-2_c30d40ab.jpg,9052
cadastro/21616/287091-3_f82718c7.jpg,15476
cadastro/21618/287090-1_46525ea9.jpg,10585
cadastro/21618/287090-2_e4f5707b.jpg,10585
cadastro/21618/287090-3_45fd8789.jpg,9052
cadastro/21618/287090-4_8c311658.jpg,15476
cadastro/21621/287089-1_2d98db14.jpg,10585
cadastro/21621/287089-2_80928bbe.jpg,9052
cadastro/21621/287089-3_e14ce44e.jpg,15476
cadastro/21623/287088-1_381b244e.jpg,10585
cadastro/21623/287088-2_88a82f27.jpg,9052
cadastro/21623/287088-3_ada3a72c.jpg,15476
cadastro/21627/287087-4_593feb34.jpg,9052
cadastro/21627/287087-5_fef47932.jpg,9052
cadastro/21627/287087-6_e8b2eeee.jpg,9052
cadastro/21627/287087-7_5abd6aaf.jpg,10585
cadastro/21627/287087-8_652f75d4.jpg,9052
cadastro/21627/287087-9_02f3442a.jpg,15476
cadastro/21628/287086-1_935465c7.jpg,10585
cadastro/21628/287086-2_09c14b30.jpg,9052
cadastro/21628/287086-3_2b192e01.jpg,15476
cadastro/21629/287085-1_2df160a8.jpg,10585
cadastro/21629/287085-2_96768fa4.jpg,9052
cadastro/21629/287085-3_0eb8dea5.jpg,15476
cadastro/21630/287084-1_f91b422d.jpg,10585
cadastro/21630/287084-2_0e2e7f91.jpg,9052
cadastro/21630/287084-3_b2fbd8a7.jpg,15476
cadastro/21633/287083-1_b84cb5a6.jpg,10585
cadastro/21633/287083-2_16444e70.jpg,9052
cadastro/21633/287083-3_963fb1e3.jpg,15476
cadastro/21638/287082-1_d76ef983.jpg,10585
cadastro/21638/287082-2_4a94e7bd.jpg,9052
cadastro/21638/287082-3_c61d908c.jpg,15476
cadastro/21653/287077-1_5d6d1b50.jpg,10585
cadastro/21653/287077-2_d5887668.jpg,9052
cadastro/21653/287077-3_bc0ce0fb.jpg,15476
cadastro/21666/287070-1_a747fbb4.jpg,10585
cadastro/21666/287070-2_f9d1d690.jpg,9052
cadastro/21666/287070-3_673b3241.jpg,15476
cadastro/21667/287072-1_e9905811.jpg,10585
cadastro/21667/287072-2_ea967dba.jpg,9052
cadastro/21667/287072-3_93376737.jpg,15476
cadastro/21668/287071-1_79548eb3.jpg,10585
cadastro/21668/287071-2_73e5137d.jpg,9052
cadastro/21668/287071-3_9f1a52a1.jpg,15476
cadastro/21669/287069-1_c279888a.jpg,10585
cadastro/21669/287069-2_0e3b801b.jpg,9052
cadastro/21669/287069-3_c3c873d4.jpg,15476
cadastro/21670/287068-1_a3ea5a53.jpg,10585
cadastro/21670/287068-2_48dd2178.jpg,9052
cadastro/21670/287068-3_a7057a66.jpg,15476
cadastro/21673/287067-1_d07b73a4.jpg,10585
cadastro/21673/287067-2_218713bf.jpg,9052
cadastro/21673/287067-3_5c7ea692.jpg,15476
cadastro/21676/287066-1_ac635695.jpg,10585
cadastro/21676/287066-2_f5853286.jpg,9052
cadastro/21676/287066-3_bfe22da3.jpg,15476
cadastro/21677/287065-1_746c8b5c.jpg,10585
cadastro/21677/287065-2_8e1dd3d8.jpg,9052
cadastro/21677/287065-3_91ea9607.jpg,15476
cadastro/21686/287144-1_e521f69a.jpg,10585
cadastro/21686/287144-2_f3f7ef45.jpg,9052
cadastro/21686/287144-3_e2f961e1.jpg,15476
cadastro/21687/299411-1_8931cafc.jpg,24946
cadastro/21687/299411-2_6b7e9d8a.jpg,23290
cadastro/21687/299411-3_ed0b01a0.jpg,22293
cadastro/21694/287142-1_decb76a6.jpg,10585
cadastro/21694/287142-2_c2b38046.jpg,9052
cadastro/21694/287142-3_9be9d148.jpg,15476
cadastro/21696/287143-1_0302e307.jpg,10585
cadastro/21696/287143-2_9c80bae5.jpg,9052
cadastro/21696/287143-3_53501635.jpg,15476
cadastro/21699/287060-1_5c120c1a.jpg,10585
cadastro/21699/287060-2_8615d00a.jpg,9052
cadastro/21699/287060-3_9dd7ca54.jpg,15476
cadastro/21717/287055-1_b3d391d8.jpg,10585
cadastro/21717/287055-2_ca14b6c0.jpg,9052
cadastro/21717/287055-3_258fc700.jpg,15476
cadastro/21732/287050-1_c62358db.jpg,15476
cadastro/21732/287050-2_abc86f3c.jpg,9052
cadastro/21732/287050-3_0b361ddd.jpg,15476
cadastro/21747/287045-1_f8a21c9e.jpg,10585
cadastro/21747/287045-2_7f9683b9.jpg,9052
cadastro/21747/287045-3_7e1cd9da.jpg,15476
cadastro/21753/299405-1_a1cf80cc.jpg,23290
cadastro/21753/299405-2_0b0c0a87.jpg,24946
cadastro/21753/299405-3_635112ac.jpg,22293
cadastro/21759/287138-1_884585b5.jpg,10585
cadastro/21759/287138-2_a9ea8484.jpg,9052
cadastro/21759/287138-3_02a11c19.jpg,15476
cadastro/21766/287040-1_ec5f157b.jpg,10585
cadastro/21766/287040-2_f4c40ac3.jpg,9052
cadastro/21766/287040-3_a983c306.jpg,15476
cadastro/21773/287136-1_a6bf103f.jpg,10585
cadastro/21773/287136-2_3ef90ae0.jpg,9052
cadastro/21773/287136-3_3fe365af.jpg,15476
cadastro/21777/287035-1_9c4dfb97.jpg,10585
cadastro/21777/287035-2_eff9ba91.jpg,9052
cadastro/21777/287035-3_8034fa49.jpg,15476
cadastro/21793/299408-1_1f92f10f.jpg,24946
cadastro/21793/299408-2_4bab2e84.jpg,23290
cadastro/21793/299408-3_b27ca459.jpg,22293
cadastro/21793/299408-4_e07fd193.jpg,22293
cadastro/21808/287025-2_d6ed30bc.jpg,9052
cadastro/21808/287025-3_345e4053.jpg,9052
cadastro/21808/287025-4_859104b9.jpg,10585
cadastro/21808/287025-5_4f48f5b1.jpg,10585
cadastro/21808/287025-6_c0f8ebef.jpg,15476
cadastro/21812/287135-1_e0633929.jpg,10585
cadastro/21812/287135-2_2ee54902.jpg,9052
cadastro/21812/287135-3_e377330e.jpg,15476
cadastro/21814/287023-1_4067c2b9.jpg,10585
cadastro/21814/287023-2_c6e88b3e.jpg,9052
cadastro/21814/287023-3_76700a8d.jpg,15476
cadastro/21822/287134-1_821c2c86.jpg,10585
cadastro/21822/287134-2_739f90fe.jpg,9052
cadastro/21822/287134-3_0a9f6549.jpg,15476
cadastro/21828/287132-1_393cda4b.jpg,10585
cadastro/21828/287132-2_18a3b517.jpg,9052
cadastro/21828/287132-3_e4cf26d2.jpg,15476
cadastro/21833/287015-1_943f5a85.jpg,10585
cadastro/21833/287015-2_778ce36f.jpg,9052
cadastro/21833/287015-3_cad48d92.jpg,15476
cadastro/21845/287010-1_98cc2666.jpg,10585
cadastro/21845/287010-2_6fd63069.jpg,9052
cadastro/21845/287010-3_035f6ade.jpg,15476
cadastro/21855/287005-1_dca5a909.jpg,10585
cadastro/21855/287005-2_267d9b83.jpg,9052
cadastro/21855/287005-3_841ca4e0.jpg,15476
cadastro/21859/287131-1_ed109360.jpg,10585
cadastro/21859/287131-2_f5f06a8e.jpg,9052
cadastro/21859/287131-3_b9f3d7fa.jpg,15476
cadastro/21871/287129-1_d25329dc.jpg,10585
cadastro/21871/287129-2_a59dd3bf.jpg,9052
cadastro/21871/287129-3_01ab842a.jpg,15476
cadastro/21896/299378-1_890f8039.jpg,21868
cadastro/21896/299378-2_799fb933.jpg,20076
cadastro/21896/299378-3_b597c667.jpg,19663
cadastro/21912/287710-1_47031aad.jpg,26496
cadastro/21912/287710-2_46c40d3b.jpg,26963
cadastro/21912/287710-3_725964f8.jpg,43683
cadastro/21912/287710-4_912fe221.jpg,26144
cadastro/21921/287713-1_fa85de8f.jpg,26496
cadastro/21921/287713-2_298d8723.jpg,26963
cadastro/21921/287713-3_8fce8010.jpg,43683
cadastro/21921/287713-4_c83a8a52.jpg,26144
cadastro/21927/287711_8f08b49e.jpg,30047
cadastro/21947/311346-1_481a16f5.jpg,19620
cadastro/21947/311346-2_f2bf4920.jpg,21404
cadastro/21947/311346-3_5eb8ccc4.jpg,11896
cadastro/21947/311346-4_0afd8588.jpg,18205
cadastro/21949/301429-1_875d4e49.jpg,24159
cadastro/21949/301429-2_642d1ce7.jpg,24451
cadastro/21949/301429-3_1baf678b.jpg,22547
cadastro/21988/311474-1_0684b047.jpg,10491
cadastro/21988/311474-2_aa1fb329.jpg,13896
cadastro/22054/311480-1_b5de1ad1.jpg,10491
cadastro/22054/311480-2_bd9a29be.jpg,13896
cadastro/22058/311481-1_9720b751.jpg,10491
cadastro/22058/311481-2_61b238ee.jpg,13896
cadastro/22067/311489-1_10351fcd.jpg,10491
cadastro/22067/311489-2_dcf5a48c.jpg,13896
cadastro/22067/311489-3_9ac6a3ec.jpg,13896
cadastro/22077/311517-1_04a06ccb.jpg,10491
cadastro/22077/311517-2_51211aa7.jpg,13896
cadastro/22253/287451-1_273b8ba8.jpg,15677
cadastro/22253/287451-2_3b1b9ef6.jpg,16014
cadastro/22253/287451-3_e61b39c9.jpg,19618
cadastro/22283/287434-1_d23de432.jpg,15677
cadastro/22283/287434-2_59e26347.jpg,16014
cadastro/22283/287434-3_62ae3b53.jpg,19618
cadastro/22309/287424-1_46e4761d.jpg,15677
cadastro/22309/287424-2_d2d58fea.jpg,16014
cadastro/22309/287424-3_819d4d18.jpg,19618
cadastro/22313/287480_db7e4d0c.jpg,19618
cadastro/22331/287467-1_c24d5ada.jpg,15677
cadastro/22331/287467-2_118a3b6a.jpg,16014
cadastro/22331/287467-3_fb717381.jpg,19618
cadastro/22335/287463-1_09e18775.jpg,15677
cadastro/22335/287463-2_70779bd8.jpg,16014
cadastro/22335/287463-3_1bc8feb0.jpg,19618
cadastro/22444/291042-1_68bd4fee.jpg,23864
cadastro/22444/291042-2_1eb29e7c.jpg,23760
cadastro/22444/291042-3_dec0fa3e.jpg,21722
cadastro/22610/329997-1_590bc18f.jpg,26275
cadastro/22622/329996-1_6fff3a2e.jpg,21219
cadastro/22626/310356_930312a2.jpg,14475
cadastro/22626/maxresdefault_4f480ea1.webp,1124547
cadastro/22628/310353-1_afb50cea.jpg,35835
cadastro/22628/310353-2_9611dfe4.jpg,27981
cadastro/22628/310353-3_96aefdd7.jpg,39603
cadastro/22628/310353-4_d00542e8.jpg,11464
cadastro/22628/310353-5_03b0927a.jpg,11464
cadastro/22628/maxresdefault_4f480ea1.webp,1138023
cadastro/22648/295566-1_410f6d01.jpg,102235
cadastro/22648/295566-2_af9eae94.jpg,23494
cadastro/22649/295567-1_a75335a9.jpg,102235
cadastro/22649/295567-2_b526fe0c.jpg,23494
cadastro/22649/295567-3_0d9e7224.jpg,23494
cadastro/22650/295568-1_0a5ba803.jpg,102235
cadastro/22650/295568-2_003f59d3.jpg,23494
cadastro/22650/295568-3_0d310023.jpg,23494
cadastro/22651/295569-1_ab60a356.jpg,102235
cadastro/22651/295569-2_12026488.jpg,23494
cadastro/22654/299070-1_74bf3f2c.jpg,131001
cadastro/22654/299070-2_56973bcc.jpg,54676
cadastro/22654/299070-3_291e68f8.jpg,72138
cadastro/22660/330766_8ea1b770.jpg,62014
cadastro/22661/313354-1_1af57a2a.jpg,80999
cadastro/22661/313354-2_7298828c.jpg,34932
cadastro/22661/313354-3_5522fc73.jpg,76938
cadastro/22663/313330-1_ae842af9.jpg,43099
cadastro/22663/313330-2_ee37b40a.jpg,32835
cadastro/22663/313330-3_99524364.jpg,32835
cadastro/22664/313343-1_9c4250e3.jpg,41517
cadastro/22664/313343-2_e78bfe63.jpg,44485
cadastro/22664/313343-3_215505a0.jpg,44485
cadastro/22666/295319-1_619a8bab.jpg,88232
cadastro/22666/295319-2_e8fb3d57.jpg,26164
cadastro/22666/295319-4_5a81f73e.jpg,38604
cadastro/22666/295319-5_15185028.jpg,99885
cadastro/22669/330009-1_a8a9b509.jpg,33708
cadastro/22672/295346-1_3c99e461.jpg,37012
cadastro/22672/295346-3_aa401c18.jpg,38604
cadastro/22672/295346-4_1ff457d6.jpg,69337
cadastro/22672/295346_a7358b20.jpg,76797
cadastro/22675/296715-1_15e72f2c.jpg,102235
cadastro/22675/296715-2_8cafb562.jpg,24031
cadastro/22676/284476-4_de7af494.jpg,102783
cadastro/22676/284476-5_82aedee9.jpg,32186
cadastro/22676/284476-6_8804dd0c.jpg,38604
cadastro/22676/284476-7_2147935d.jpg,61677
cadastro/22677/295481-1_227e37aa.jpg,102235
cadastro/22677/295481-2_57f136dd.jpg,24031
cadastro/22678/295492-1_cec44001.jpg,102235
cadastro/22678/295492-2_7a12f6c8.jpg,24031
cadastro/22681/284446-1_758f00b6.jpg,102783
cadastro/22681/284446-2_55d1057c.jpg,32186
cadastro/22681/284446-3_11144c7f.jpg,38604
cadastro/22681/284446-4_1b7b21f6.jpg,81269
cadastro/22681/284446-5_60301cd5.jpg,81269
cadastro/22682/295436-1_9e537d29.jpg,34741
cadastro/22682/295436_62be3ff8.jpg,102235
cadastro/22684/284416-1_7b438ca3.jpg,102783
cadastro/22684/284416-2_d85761dc.jpg,32186
cadastro/22684/284416-3_29886b91.jpg,38604
cadastro/22684/284416-4_b08d2c61.jpg,81269
cadastro/22685/284345-3_81cb6056.jpg,49845
cadastro/22685/284345-4_0fd40243.jpg,27766
cadastro/22685/284345-5_1f28fa42.jpg,38604
cadastro/22685/284345-6_b15a2878.jpg,73246
cadastro/22685/284345-7_990a5e40.jpg,73246
cadastro/22686/295384-1_c8ac2de5.jpg,49845
cadastro/22686/295384-2_b7d2b58f.jpg,27766
cadastro/22686/295384-3_d4bb3a23.jpg,38604
cadastro/22686/295384-4_6f63a833.jpg,73246
cadastro/22687/284438-1_d659f9c7.jpg,51703
cadastro/22687/284438-2_98bbef29.jpg,20984
cadastro/22687/284438-3_a0ee1d9e.jpg,38604
cadastro/22687/284438-4_9fe56a88.jpg,84530
cadastro/22687/284438-5_f9011e67.jpg,84530
cadastro/22688/284351-3_cfa0d97c.jpg,27766
cadastro/22688/284351-4_0aecc2b2.jpg,38604
cadastro/22688/284351-6_88598eb1.jpg,49845
cadastro/22688/284351-7_54150b96.jpg,73246
cadastro/22689/284353-1_54d775ba.jpg,76797
cadastro/22689/284353-2_9a6571f7.jpg,37012
cadastro/22689/284353-3_d114fa54.jpg,38604
cadastro/22689/284353-4_fc901d18.jpg,65199
cadastro/22689/284353-5_953e52eb.jpg,65199
cadastro/22691/295549-1_090953af.jpg,102235
cadastro/22691/295549-2_e4e9fae4.jpg,20525
cadastro/22693/295547-1_76a09464.jpg,102235
cadastro/22693/295547-2_3b88f367.jpg,29285
cadastro/22694/330012-1_7e76916b.jpg,37097
cadastro/22696/284360-1_f0cef753.jpg,88232
cadastro/22696/284360-2_9fd9c834.jpg,26164
cadastro/22696/284360-3_2dddf97e.jpg,38604
cadastro/22696/284360-4_e6e610ff.jpg,99885
cadastro/22697/284357-3_3a8b41a8.jpg,49845
cadastro/22697/284357-4_c2057abe.jpg,27766
cadastro/22697/284357-5_6ba7f462.jpg,38604
cadastro/22697/284357-6_b4859768.jpg,73246
cadastro/22698/295454-4_a86675e7.jpg,102235
cadastro/22698/295454-5_217c90b2.jpg,44796
cadastro/22700/295396-1_86740089.jpg,102783
cadastro/22700/295396-2_5430df77.jpg,32186
cadastro/22700/295396-3_8d8aff50.jpg,38604
cadastro/22700/295396-4_50c3ad42.jpg,81269
cadastro/22703/295378-4_0071a051.jpg,102235
cadastro/22703/295378-5_df24aa5b.jpg,44796
cadastro/22704/330010-1_83068c84.jpg,37097
cadastro/22708/295562-1_76a8cb97.jpg,102235
cadastro/22708/295562-2_b62e5459.jpg,25217
cadastro/22711/295521-1_e940c21b.jpg,102235
cadastro/22711/295521-2_9a84b6c4.jpg,24031
cadastro/22713/295522-1_21679fcc.jpg,102235
cadastro/22713/295522-2_39022f4d.jpg,34741
cadastro/22714/330019-1_287b6d0d.jpg,24686
cadastro/22715/330016-1_b575a179.jpg,21382
cadastro/22716/313397-1_63f20bb0.jpg,45651
cadastro/22716/313397-2_fa0d4d8d.jpg,30801
cadastro/22717/313391-1_ce1827bf.jpg,34830
cadastro/22717/313391-2_b70ed4d4.jpg,20587
cadastro/22718/313402-1_f9480a87.jpg,34726
cadastro/22718/313402-2_1f59452f.jpg,20137
cadastro/22719/295494-1_8fbed921.jpg,102235
cadastro/22719/295494-2_5dd2d48d.jpg,41788
cadastro/22721/313362-1_916815d0.jpg,29963
cadastro/22721/313362-2_21d6aae3.jpg,21758
cadastro/22722/295489-1_1447f13c.jpg,102235
cadastro/22722/295489-2_cda86218.jpg,41788
cadastro/22724/295556-1_70c3db3b.jpg,102235
cadastro/22724/295556-2_8103fe26.jpg,19368
cadastro/22724/295556-3_2c85bacf.jpg,19368
cadastro/22725/295555-1_658394c7.jpg,102235
cadastro/22725/295555-2_d2bc33e4.jpg,19368
cadastro/22727/295531-1_73980334.jpg,102235
cadastro/22727/295531-2_c1e6c3bb.jpg,22820
cadastro/22728/295533-1_24cccd70.jpg,102235
cadastro/22728/295533-2_c0324f0c.jpg,22820
cadastro/22729/295539-1_c6bcc101.jpg,102235
cadastro/22729/295539-2_d1d3b68b.jpg,22820
cadastro/22730/295535-1_67ac398e.jpg,102235
cadastro/22730/295535-2_6bad0680.jpg,22820
cadastro/22732/295536-1_2631cda6.jpg,102235
cadastro/22732/295536-2_38c7b9e4.jpg,22820
cadastro/22733/295524-1_dadb03db.jpg,102235
cadastro/22733/295524-2_1b775086.jpg,19347
cadastro/22734/295527-1_58dab1bf.jpg,102235
cadastro/22734/295527-2_8210da0f.jpg,19347
cadastro/22736/295529-1_c8c0a039.jpg,102235
cadastro/22736/295529-2_b285f395.jpg,19347
cadastro/22736/295529-3_f8d20005.jpg,19347
cadastro/22737/295553-1_520d34c2.jpg,102235
cadastro/22737/295553-2_148210e3.jpg,18927
cadastro/22738/295552-1_1a3f6bc0.jpg,102235
cadastro/22738/295552-2_9bc0e41a.jpg,18927
cadastro/22739/296713-1_5b5e0cba.jpg,102235
cadastro/22739/296713-2_538393c1.jpg,20972
cadastro/22741/330022_b3233294.jpg,24686
cadastro/22742/295548-1_391bd18a.jpg,102235
cadastro/22742/295548-2_28dc0112.jpg,29285
cadastro/22743/330015-1_d5f2686d.jpg,24686
cadastro/22744/313379-1_a25940e0.jpg,29963
cadastro/22744/313379-2_762e1b0a.jpg,21758
cadastro/22745/313410-1_62632d5a.jpg,33736
cadastro/22745/313410-2_d870d6fb.jpg,19196
cadastro/22748/313406-1_1f243cbf.jpg,34819
cadastro/22748/313406-2_25e96754.jpg,20119
cadastro/22749/330020-1_f596d719.jpg,24686
cadastro/22750/295571-1_da803046.jpg,102235
cadastro/22750/295571-2_0fd1deb1.jpg,20957
cadastro/22751/313419-1_5a6c5623.jpg,29963
cadastro/22751/313419-2_70b77b1c.jpg,21758
cadastro/22752/295455-4_f26aea5a.jpg,102235
cadastro/22752/295455-5_3c344887.jpg,26164
cadastro/22753/330025-1_8fcdf2cc.jpg,27269
cadastro/22754/295453-4_bc3a0485.jpg,102235
cadastro/22754/295453-5_d5d4f8b1.jpg,26164
cadastro/22755/330000-1_b776d00e.jpg,21344
cadastro/22758/330011-1_e70edf54.jpg,38414
cadastro/22759/329990-1_81ecd465.jpg,23122
cadastro/22761/329992-1_f9e9a049.jpg,23858
cadastro/22799/265687-6_aac1fe15.jpg,31326
cadastro/22799/265687-7_c78da325.jpg,19393
cadastro/22799/265687-8_05bedbec.jpg,15728
cadastro/22799/265687-9_c05b1b10.jpg,11585
cadastro/22807/320914-1_78f877ae.jpg,155857
cadastro/22807/320914-2_485fac35.jpg,23927
cadastro/22807/320914-3_8200ca6d.jpg,23927
cadastro/22808/320920-1_f9bbbd02.jpg,34489
cadastro/22808/320920-2_59fcdd34.jpg,23927
cadastro/22809/320925-1_83dced52.jpg,33725
cadastro/22809/320925-2_e54b7fd2.jpg,23927
cadastro/22809/320925-3_44b7bd95.jpg,23927
cadastro/22810/320922-1_8e3fdb7a.jpg,35293
cadastro/22810/320922-2_2542f323.jpg,23927
cadastro/22811/320928-1_bd5409d4.jpg,33827
cadastro/22811/320928-2_d141a578.jpg,23927
cadastro/22812/320926-1_3f85f87f.jpg,34124
cadastro/22812/320926-2_e4de4f6c.jpg,23927
cadastro/22814/320898-1_ef0d3ec6.jpg,33433
cadastro/22814/320898-2_432cc68e.jpg,23126
cadastro/22815/320899-1_9658fc54.jpg,32191
cadastro/22815/320899-2_4e4dd1bc.jpg,23126
cadastro/22816/320901-1_5bcd5f35.jpg,32590
cadastro/22816/320901-2_2e3d9547.jpg,23126
cadastro/22823/309856-1_1b0030c9.jpg,96770
cadastro/22823/309856-2_7570c5dc.jpg,55843
cadastro/22823/309856-3_edd7e6d7.jpg,96224
cadastro/22823/309856-4_ca083da9.jpg,65169
cadastro/22823/309856-5_c0af6cab.jpg,54985
cadastro/22823/309856-6_ca973e1a.jpg,54985
cadastro/22823/maxresdefault_4ebdd2eb.webp,1147110
cadastro/22828/309857-1_438f44d8.jpg,60757
cadastro/22828/309857-2_86d02372.jpg,102772
cadastro/22828/309857-3_1df5a68d.jpg,50742
cadastro/22828/309857-4_5020f597.jpg,50742
cadastro/22828/maxresdefault_4ebdd2eb.webp,1131657
cadastro/22831/334366-1_54a3e535.jpg,18131
cadastro/22831/334366-2_c7dfd966.jpg,30011
cadastro/22831/334366-3_193bd053.jpg,18381
cadastro/22831/334366-4_f3e0918b.jpg,25317
cadastro/22831/334366-5_ddd4f2bb.jpg,21894
cadastro/22831/334366-6_37024887.jpg,18261
cadastro/22831/334366-7_46b4318f.jpg,29986
cadastro/22862/332421-1_fd30cab7.jpg,30007
cadastro/22862/332421_f9f4a7ab.jpg,20384
cadastro/22865/298647-1_e5e80617.jpg,42028
cadastro/22865/298647-2_a3481bec.jpg,28162
cadastro/22877/299095-5_b4441db7.jpg,37730
cadastro/22877/299095-6_84a624c7.jpg,29877
cadastro/22877/299095-7_a7bf31aa.jpg,198089
cadastro/22955/298670-1_26367ea7.jpg,223960
cadastro/22955/298670-2_f29d4ff4.jpg,59514
cadastro/22956/265298-1_818e07e1.jpg,264231
cadastro/22956/265298-2_276cb563.jpg,50069
cadastro/22957/301812-1_ba39d299.jpg,233047
cadastro/22957/301812-2_3c15fde6.jpg,232505
cadastro/22959/265299-1_da97d9b7.jpg,55929
cadastro/22959/265299-2_6321b1e6.jpg,48558
cadastro/22962/265300-1_dee6050c.jpg,52930
cadastro/22962/265300-2_edd9096a.jpg,44079
cadastro/22965/298668-1_c70d9d0f.jpg,223960
cadastro/22965/298668-2_7398419a.jpg,59514
cadastro/22966/265301-3_e4fc38af.jpg,55013
cadastro/22966/265301-4_5b96356d.jpg,45511
cadastro/22969/266522-3_1e3cca2f.jpg,71757
cadastro/22969/266522-4_c28a790c.jpg,40986
cadastro/22972/265302-3_3b7fec0f.jpg,57482
cadastro/22972/265302-4_f071e9e5.jpg,37949
cadastro/22974/298673-1_cfe51d67.jpg,223960
cadastro/22974/298673-2_25c80781.jpg,59514
cadastro/22975/266697-3_602e5724.jpg,62440
cadastro/22975/266697-4_d9a319fb.jpg,61346
cadastro/23124/310034-1_60d850ed.jpg,62158
cadastro/23124/310034-2_780b9cc7.jpg,51835
cadastro/23124/310034-3_c6bb2cf8.jpg,51835
cadastro/23126/310044-1_12b0fa2d.jpg,35559
cadastro/23126/310044-2_a6a4dd1a.jpg,31456
cadastro/23190/265296-3_ce087246.jpg,39624
cadastro/23190/265296-6_ec290162.jpg,46032
cadastro/23190/265296-7_15ad55ce.jpg,34173
cadastro/23190/265296-8_339f3a06.jpg,39252
cadastro/23191/281209-3_2cb17e9e.jpg,47592
cadastro/23191/281209-4_81725b96.jpg,59317
cadastro/23191/281209-5_1e2dc768.jpg,31052
cadastro/23191/281209-6_d6bfb708.jpg,31052
cadastro/23191/281209-7_77bfae68.jpg,39685
cadastro/23194/281201-10_d90bc56a.jpg,66123
cadastro/23194/281201-11_844d7591.jpg,59402
cadastro/23194/281201-12_c8dae51b.jpg,34028
cadastro/23194/281201-13_55914d84.jpg,53849
cadastro/23194/281201-9_962e64a1.jpg,43017
cadastro/23195/283036-3_9ab18d72.jpg,47642
cadastro/23195/283036-4_cf732ca9.jpg,74857
cadastro/23195/283036-5_cfa81652.jpg,39808
cadastro/23198/281230-3_2fba6d27.jpg,45768
cadastro/23198/281230-4_0c219738.jpg,53426
cadastro/23198/281230-5_a1878236.jpg,66714
cadastro/23198/281230-6_f54b31d0.jpg,85460
cadastro/23198/281230-7_46dec256.jpg,49287
cadastro/23201/325281-1_818c92c3.jpg,99390
cadastro/23201/325281-2_c1a5e5ac.jpg,84674
cadastro/23201/325281-3_b753ed4b.jpg,74491
cadastro/23201/325281-4_6539336a.jpg,79688
cadastro/23201/325281-5_c9e6e2b8.jpg,57227
cadastro/23201/325281-6_85fd03bf.jpg,38801
cadastro/23201/325281-7_3f526459.jpg,79588
cadastro/23203/283034-3_0d8141ba.jpg,42775
cadastro/23203/283034-4_b2819a47.jpg,29051
cadastro/23203/283034-5_48f16850.jpg,46134
cadastro/23229/309883-1_4261cd9a.jpg,43471
cadastro/23229/309883-2_8ce65a37.jpg,32290
cadastro/23229/309883-3_cb10ff71.jpg,32290
cadastro/23229/maxresdefault_4770447f.webp,32848
cadastro/23239/310031-1_3bc2ef06.jpg,50474
cadastro/23239/310031-2_de763171.jpg,49502
cadastro/23239/310031-3_26642e21.jpg,49502
cadastro/23247/310032-1_fbf67494.jpg,43009
cadastro/23247/310032-2_05283f49.jpg,32143
cadastro/23305/265438-10_559065b4.jpg,30997
cadastro/23305/265438-11_e1ee1172.jpg,31222
cadastro/23305/265438-8_6477c9a7.jpg,34630
cadastro/23305/265438-9_d1c0a589.jpg,35559
cadastro/23306/296696-1_de83504f.jpg,40909
cadastro/23306/296696-2_6ac8ad37.jpg,63880
cadastro/23306/296696-3_5eb8c7a2.jpg,51061
cadastro/23306/296696-4_e7657481.jpg,45160
cadastro/23306/296696-5_b19bca47.jpg,55270
cadastro/23319/309868_853d9d9e.jpg,46087
cadastro/23319/maxresdefault_4770447f.webp,32848
cadastro/23718/267609-3_14fdd359.jpg,8677
cadastro/23718/267609-4_5d4ee2f2.jpg,4769
cadastro/23718/267609-5_5fcb3ba5.jpg,22144
cadastro/23718/267609-6_b6449add.jpg,22144
cadastro/23748/299152-1_835eff95.jpg,129954
cadastro/23748/299152-2_143ae7d5.jpg,92847
cadastro/23748/299152-3_ea8637d9.jpg,92847
cadastro/23748/299152-4_7badc0a6.jpg,92847
cadastro/23806/293851-1_4851118b.jpg,35484
cadastro/23806/293851-2_23e0d9f1.jpg,31191
cadastro/23806/293851-3_bb670f02.jpg,33450
cadastro/23806/293851-4_efab93c4.jpg,33450
cadastro/23806/293851-5_fc390963.jpg,33450
cadastro/23944/296360-1_87fbf9f3.jpg,24973
cadastro/23944/296360-2_06932b6f.jpg,65535
cadastro/23944/296360-3_194caa2f.jpg,15087
cadastro/23944/296360-4_3b12cc52.jpg,19384
cadastro/24123/329117-1_0774762a.jpg,422940
cadastro/24123/329117-2_3ecbf619.jpg,262826
cadastro/24123/329117-3_00f1188a.jpg,349280
cadastro/24123/329117_c9baa81d.jpg,305153
cadastro/24125/333417_43467325.jpg,68407
cadastro/24128/300448-1_32adaacf.jpg,283674
cadastro/24128/300448-2_ea727998.jpg,237480
cadastro/24155/296363-1_6f2437a5.jpg,34996
cadastro/24155/296363-2_e727c2f4.jpg,47283
cadastro/24155/296363-3_db063f7f.jpg,47283
cadastro/24174/284926-1_bfb0e574.jpg,25121
cadastro/24174/284926-2_dce16779.jpg,157298
cadastro/24174/284926-3_6e7308de.jpg,145504
cadastro/24174/284926-4_fb562e09.jpg,146218
cadastro/24174/284926-5_e304e7c3.jpg,32285
cadastro/24225/314802-1_c262bc9c.jpg,27966
cadastro/24225/314802-2_5ea3adab.jpg,44418
cadastro/24225/314802-3_e365d872.jpg,19141
cadastro/24271/313335-1_498ac363.jpg,49954
cadastro/24271/313335-2_f2aa717b.jpg,40484
cadastro/24271/313335-3_a60105b5.jpg,40138
cadastro/24271/313335-4_a180b4bd.jpg,48932
cadastro/24271/313335-5_bf857862.jpg,48932
cadastro/24271/313335_4a7f2299.jpg,45576
cadastro/24287/313724-1_7480cbd7.jpg,67738
cadastro/24287/313724-2_5735c033.jpg,68119
cadastro/24287/313724-3_2e6cfe5f.jpg,58967
cadastro/24287/313724-4_6a8e2de2.jpg,66478
cadastro/24287/313724-5_4738fe0a.jpg,64507
cadastro/24287/313724-6_e840df8a.jpg,79940
cadastro/24303/332780-1_3131ea60.jpg,68392
cadastro/24303/332780-2_8cb6b415.jpg,48863
cadastro/24303/332780-3_1842ef17.jpg,78676
cadastro/24303/332780-4_c2d241cf.jpg,35304
cadastro/24303/332780-5_69ad6efe.jpg,67570
cadastro/24303/332780-6_66479d07.jpg,53067
cadastro/24303/332780_d8de0b2e.jpg,68132
cadastro/24321/334038-1_424d854f.jpg,40160
cadastro/24321/334038-2_b30a4695.jpg,42955
cadastro/24321/334038-3_ac5c4e43.jpg,62153
cadastro/24321/334038-4_b9fe0a9f.jpg,116487
cadastro/24321/334038-5_dcc3fd36.jpg,113433
cadastro/24321/334038_cebc03a3.jpg,47841
cadastro/24368/296361-1_df216ffc.jpg,59086
cadastro/24368/296361-2_cd35aa56.jpg,52340
cadastro/24368/296361-3_6e60770a.jpg,37300
cadastro/24368/296361-4_48431aeb.jpg,46364
cadastro/24432/325304-1_3eb30925.jpg,50522
cadastro/24432/325304-2_34f262ea.jpg,52100
cadastro/24432/325304-3_5f8467a9.jpg,51211
cadastro/24432/325304-4_d0eaa28e.jpg,64716
cadastro/24473/281223-3_30e1e71a.jpg,19874
cadastro/24473/281223-4_1ca73924.jpg,18918
cadastro/24473/281223-5_c50bdbe1.jpg,15507
cadastro/24473/281223-6_a70af038.jpg,22603
cadastro/24473/281223-7_55e67d9b.jpg,23297
cadastro/24497/296190-1_6e01f9b5.jpg,27794
cadastro/24497/296190-2_61cab38d.jpg,35792
cadastro/24497/296190-3_cc6c86fe.jpg,42020
cadastro/24497/296190-4_45940e2f.jpg,33723
cadastro/24499/282959-3_af833625.jpg,21040
cadastro/24499/282959-4_50113948.jpg,17860
cadastro/24499/282959-5_f737229f.jpg,17995
cadastro/24590/310813-1_85982c8d.jpg,37901
cadastro/24590/310813-2_1d7593a1.jpg,54755
cadastro/24590/310813-3_11d5a9bc.jpg,26111
cadastro/24590/310813-4_f2969d6a.jpg,26111
cadastro/24590/maxresdefault_4770447f.webp,32848
cadastro/24602/310457-1_57d9f370.jpg,15122
cadastro/24602/310457-2_11482f78.jpg,142108
cadastro/24602/310457-3_6997db8e.jpg,12924
cadastro/24605/296882-1_727c9eda.jpg,26639
cadastro/24605/296882-2_40f9797e.jpg,42568
cadastro/24605/296882-3_113528cf.jpg,14240
cadastro/24605/296882-4_891ea97f.jpg,166753
cadastro/24605/296882-5_8ad528bd.jpg,12469
cadastro/24608/310664-1_ec477447.jpg,23039
cadastro/24608/310664-2_82ca87f4.jpg,42453
cadastro/24673/307193-1_295d5425.jpg,167465
cadastro/24673/307193-2_9025a24e.jpg,431003
cadastro/24673/307193-3_9413b6c4.jpg,331205
cadastro/24673/307193-4_9dde1b7f.jpg,567605
cadastro/24673/307193-5_ee427afc.jpg,131549
cadastro/24673/307193-6_8d8070be.jpg,131549
cadastro/24673/maxresdefault_4770447f.webp,32848
cadastro/24684/306702-1_24e47094.jpg,126086
cadastro/24684/306702-2_3a888aa1.jpg,431003
cadastro/24684/306702-3_3558634f.jpg,330835
cadastro/24684/306702-4_df0d6c08.jpg,131347
cadastro/24684/306702-5_3f72818a.jpg,78499
cadastro/24684/306702-6_65f53c34.jpg,78499
cadastro/24684/maxresdefault_4770447f.webp,32848
cadastro/24690/307192-1_eeef3c9f.jpg,137664
cadastro/24690/307192-2_f180c9e3.jpg,431003
cadastro/24690/307192-3_bdcf199f.jpg,330823
cadastro/24690/307192-4_f31e2de2.jpg,131347
cadastro/24690/307192-5_ed967f5a.jpg,171138
cadastro/24690/307192-6_f05aa8e9.jpg,171138
cadastro/24697/312254-1_f2acf883.jpg,28697
cadastro/24697/312254-2_0f42764a.jpg,89759
cadastro/24697/312254-3_e6425b9b.jpg,78949
cadastro/24697/312254-4_c92cfe11.jpg,23579
cadastro/24697/312254-5_8b609fb6.jpg,23579
cadastro/24697/312254-6_d188fbb4.jpg,23579
cadastro/24697/312254-7_759b30e5.jpg,23579
cadastro/24697/312254-8_fcc238aa.jpg,23579
cadastro/24697/312254-9_0e85c56e.jpg,23579
cadastro/24697/maxresdefault_4770447f.webp,32848
cadastro/24702/312253-1_aab246b8.jpg,31320
cadastro/24702/312253-2_bbff68cb.jpg,89759
cadastro/24702/312253-3_78ceb463.jpg,78949
cadastro/24702/312253-4_dfafd42b.jpg,23579
cadastro/24702/312253-5_b77471a0.jpg,23579
cadastro/24702/maxresdefault_4770447f.webp,32848
cadastro/24705/312255-1_30df9d0c.jpg,28697
cadastro/24705/312255-2_47488686.jpg,89759
cadastro/24705/312255-3_00cb7ca2.jpg,78536
cadastro/24705/312255-4_baf816b9.jpg,42234
cadastro/24705/312255-5_2deca80e.jpg,42234
cadastro/24705/312255-6_3437ab8e.jpg,42234
cadastro/24705/maxresdefault_4770447f.webp,32848
cadastro/24712/307270-1_c5ef4691.jpg,154568
cadastro/24712/307270-2_b0a56e91.jpg,368658
cadastro/24712/307270-3_c975f050.jpg,375112
cadastro/24712/307270-4_392a1a6a.jpg,567165
cadastro/24712/307270-5_38020742.jpg,108921
cadastro/24712/307270-6_a7ab3421.jpg,108921
cadastro/24712/maxresdefault_4770447f.webp,32848
cadastro/24723/307269-1_843662c3.jpg,136319
cadastro/24723/307269-2_912927a3.jpg,337866
cadastro/24723/307269-3_91395523.jpg,359776
cadastro/24723/307269-4_e3e45885.jpg,562449
cadastro/24723/307269-5_a9e979d1.jpg,113974
cadastro/24723/307269-6_3d86bfe5.jpg,113974
cadastro/24723/maxresdefault_4770447f.webp,32848
cadastro/24726/306578-1_eab30f2c.jpg,139361
cadastro/24726/306578-2_58cd5411.jpg,176562
cadastro/24726/306578-3_4f15f159.jpg,100922
cadastro/24726/maxresdefault_4770447f.webp,32848
cadastro/24772/306588-10_8fb112a2.jpg,322155
cadastro/24772/306588-11_907923c6.jpg,222878
cadastro/24772/306588-12_e534d034.jpg,423039
cadastro/24772/306588-13_41f3ba32.jpg,326621
cadastro/24772/306588-14_29ba9276.jpg,780696
cadastro/24772/306588-15_7336d864.jpg,780696
cadastro/24772/306588-16_3473e32f.jpg,99990
cadastro/24772/306588-17_c5ab6071.jpg,99990
cadastro/24772/maxresdefault_4770447f.webp,32848
cadastro/24776/307293-1_ce34713e.jpg,362000
cadastro/24776/307293-2_41f342c7.jpg,209232
cadastro/24776/307293-3_768b2594.jpg,415734
cadastro/24776/307293-4_0acbe37e.jpg,364448
cadastro/24776/307293-5_cc31043a.jpg,762075
cadastro/24776/307293-6_6c23c8b4.jpg,275834
cadastro/24776/maxresdefault_4770447f.webp,32848
cadastro/24827/322814-1_b1335036.jpg,21255
cadastro/24827/322814-2_f151f3dc.jpg,34837
cadastro/24827/322814-3_4aa81338.jpg,48247
cadastro/24827/322814-4_34f430a7.jpg,15074
cadastro/24827/322814-5_cb50ce37.jpg,15074
cadastro/24827/322814-6_b1f10348.jpg,15074
cadastro/24827/322814-7_c082cbe1.jpg,15074
cadastro/24849/265738-1_e2bb6884.jpg,72553
cadastro/24849/265738-2_beae49eb.jpg,23037
cadastro/24849/265738_79b4a273.jpg,23037
cadastro/24849/maxresdefault_bebb7f9f.webp,96566
cadastro/24859/265739-1_f22a1b1c.jpg,72553
cadastro/24859/265739-2_e43bf8be.jpg,23037
cadastro/24859/265739_33e8784c.jpg,23037
cadastro/24859/maxresdefault_bebb7f9f.webp,96566
cadastro/24866/265740-1_04b55bfe.jpg,72553
cadastro/24866/265740-2_8dc5d95b.jpg,23037
cadastro/24866/265740_dadb4b9d.jpg,23037
cadastro/24866/maxresdefault_bebb7f9f.webp,96566
cadastro/24876/265741-1_2f088e8c.jpg,72553
cadastro/24876/265741-2_63c0231c.jpg,23037
cadastro/24876/265741_3a45bcf9.jpg,23037
cadastro/24876/maxresdefault_bebb7f9f.webp,96566
cadastro/24888/265742-1_b264f09a.jpg,72553
cadastro/24888/265742-2_ec541c53.jpg,23037
cadastro/24888/265742_1a9145cc.jpg,23037
cadastro/24888/maxresdefault_bebb7f9f.webp,96566
cadastro/24899/265743-1_90c16285.jpg,72553
cadastro/24899/265743-2_83c3bb07.jpg,23037
cadastro/24899/265743_65fdf1e9.jpg,23037
cadastro/24899/maxresdefault_bebb7f9f.webp,96566
cadastro/24909/265744-1_7b36c149.jpg,72553
cadastro/24909/265744-2_d15e2672.jpg,23037
cadastro/24909/265744_57256c8d.jpg,23037
cadastro/24909/maxresdefault_bebb7f9f.webp,96566
cadastro/24921/265745-1_d11b42cf.jpg,72553
cadastro/24921/265745-2_9b16a449.jpg,23037
cadastro/24921/265745_07fd4bfb.jpg,23037
cadastro/24921/maxresdefault_bebb7f9f.webp,96566
cadastro/24927/265746-1_e4492cb6.jpg,72553
cadastro/24927/265746-2_d3a94da4.jpg,23037
cadastro/24927/265746_0b73be90.jpg,23037
cadastro/24927/maxresdefault_bebb7f9f.webp,96566
cadastro/24934/265747-1_556e67b7.jpg,72553
cadastro/24934/265747-2_7c213cc9.jpg,23037
cadastro/24934/265747_fe7a63fb.jpg,23037
cadastro/24934/maxresdefault_bebb7f9f.webp,96566
cadastro/24993/265737-1_47d362a1.jpg,72553
cadastro/24993/265737-2_6decfe46.jpg,23037
cadastro/24993/265737_ee8b977c.jpg,23037
cadastro/24993/maxresdefault_bebb7f9f.webp,96566
cadastro/25071/265776-3_c9c8fc9b.jpg,16219
cadastro/25071/265776-4_93161ff5.jpg,19946
cadastro/25071/265776-5_ff958682.jpg,13539
cadastro/25071/265776-6_5d5915fd.jpg,17315
cadastro/25071/maxresdefault_bebb7f9f.webp,96566
cadastro/25072/308842-1_127d0177.jpg,21196
cadastro/25072/308842-2_5f688561.jpg,42501
cadastro/25072/308842-3_dfd0d26e.jpg,15879
cadastro/25072/308842_8f97b18a.jpg,20751
cadastro/25072/maxresdefault_4f480ea1.webp,1134982
cadastro/25077/265772-3_9283f22c.jpg,16219
cadastro/25077/265772-4_840b05bd.jpg,19946
cadastro/25077/265772-5_b20f2359.jpg,13539
cadastro/25077/265772-6_8c6e0808.jpg,17315
cadastro/25077/maxresdefault_bebb7f9f.webp,96566
cadastro/25089/329338-1_4eb0c437.jpg,63923
cadastro/25089/329338-2_4d373ec0.jpg,53400
cadastro/25089/329338-3_5bbd6d41.jpg,55076
cadastro/25089/329338-4_56e67b9c.jpg,149235
cadastro/25089/329338-5_f4e4482e.jpg,71033
cadastro/25092/308458-1_439ccd89.jpg,19705
cadastro/25092/308458-2_a486cbb0.jpg,24976
cadastro/25092/308458-3_067929a7.jpg,20970
cadastro/25092/308458-4_6691aa9a.jpg,21068
cadastro/25092/308458-5_7284221f.jpg,21068
cadastro/25092/maxresdefault_4f480ea1.webp,1136675
cadastro/25099/329339-1_56081af3.jpg,63923
cadastro/25099/329339-2_54ef2443.jpg,53400
cadastro/25099/329339-3_c892f30a.jpg,55076
cadastro/25099/329339-4_e2139924.jpg,149235
cadastro/25099/329339-5_2d3a3389.jpg,71033
cadastro/25101/308467-1_13cd9bd7.jpg,19705
cadastro/25101/308467-2_2d80828d.jpg,24976
cadastro/25101/308467-3_c659eabc.jpg,20970
cadastro/25101/308467-4_df979ba7.jpg,21068
cadastro/25101/308467-5_95ef1e5b.jpg,21068
cadastro/25101/maxresdefault_4f480ea1.webp,1127016
cadastro/25114/308470-1_1f65d42e.jpg,19705
cadastro/25114/308470-2_834caffa.jpg,24976
cadastro/25114/308470-3_12a7ca93.jpg,20970
cadastro/25114/308470-4_d88ef768.jpg,21068
cadastro/25114/308470-5_0f66b11c.jpg,21068
cadastro/25114/maxresdefault_4f480ea1.webp,1123135
cadastro/25119/280941-3_20f4fd9a.jpg,16108
cadastro/25119/280941-4_cbb4c344.jpg,40397
cadastro/25119/280941-5_3f4c2ed0.jpg,13627
cadastro/25119/280941-6_ae90ae94.jpg,28193
cadastro/25137/265770-1_b709bb26.jpg,16219
cadastro/25137/265770-2_b91fffeb.jpg,19946
cadastro/25137/265770-3_8ad1e499.jpg,13539
cadastro/25137/265770-4_31e1d86f.jpg,17315
cadastro/25137/265770-5_bfcef8ad.jpg,17315
cadastro/25137/maxresdefault_bebb7f9f.webp,96566
cadastro/25145/283071-1_9aec74f3.jpg,16219
cadastro/25145/283071-2_991c35d1.jpg,19946
cadastro/25145/283071-3_38607aeb.jpg,13539
cadastro/25145/283071-4_f055feab.jpg,17315
cadastro/25145/maxresdefault_bebb7f9f.webp,96566
cadastro/25148/280932-4_ad843548.jpg,16108
cadastro/25148/280932-5_be8a4e18.jpg,40397
cadastro/25148/280932-6_2279694b.jpg,13627
cadastro/25148/280932-7_d53838de.jpg,28193
cadastro/25151/265759-1_d06f0fd4.jpg,16219
cadastro/25151/265759-2_b20980c8.jpg,19946
cadastro/25151/265759-4_51939c3f.jpg,13539
cadastro/25151/265759-5_9e17715b.jpg,17315
cadastro/25151/maxresdefault_bebb7f9f.webp,96566
cadastro/25169/265760-1_f27624bb.jpg,16219
cadastro/25169/265760-2_cdb3c281.jpg,19946
cadastro/25169/265760-3_a3b6dc3f.jpg,13539
cadastro/25169/265760-4_096ca0b5.jpg,17315
cadastro/25169/maxresdefault_bebb7f9f.webp,96566
cadastro/25174/308478-1_ba99bf97.jpg,19705
cadastro/25174/308478-2_ad626d0f.jpg,24976
cadastro/25174/308478-3_36026113.jpg,20970
cadastro/25174/308478-4_e34b0a92.jpg,21068
cadastro/25174/308478-5_62d349e3.jpg,21068
cadastro/25174/maxresdefault_4f480ea1.webp,1123996
cadastro/25175/265761-1_2cefb9c0.jpg,16219
cadastro/25175/265761-2_a26722b0.jpg,19946
cadastro/25175/265761-3_c556f62a.jpg,13539
cadastro/25175/265761-4_47447ed2.jpg,17315
cadastro/25175/maxresdefault_bebb7f9f.webp,96566
cadastro/25181/329346-1_79e635e0.jpg,63923
cadastro/25181/329346-2_bc4aedd0.jpg,53400
cadastro/25181/329346-3_4253bd96.jpg,55076
cadastro/25181/329346-4_02fe3c06.jpg,149235
cadastro/25181/329346-5_bee292f1.jpg,71033
cadastro/25185/308482-1_65838aeb.jpg,19705
cadastro/25185/308482-2_3b2497f5.jpg,24976
cadastro/25185/308482-3_bc61915a.jpg,20970
cadastro/25185/308482-4_c124d6d5.jpg,21068
cadastro/25185/308482-5_cedc1f0e.jpg,21068
cadastro/25185/maxresdefault_4f480ea1.webp,1125119
cadastro/25198/329347-1_86c0b6cf.jpg,63923
cadastro/25198/329347-2_7da334ea.jpg,53400
cadastro/25198/329347-3_7ed64a33.jpg,55076
cadastro/25198/329347-4_612b8f84.jpg,149235
cadastro/25198/329347-5_466cbff6.jpg,71033
cadastro/25200/308491-1_bff47fcc.jpg,19705
cadastro/25200/308491-2_68928261.jpg,24976
cadastro/25200/308491-3_195cb84d.jpg,20970
cadastro/25200/308491-4_d6289a0b.jpg,21068
cadastro/25200/308491-5_bfd8b57e.jpg,21068
cadastro/25200/maxresdefault_4f480ea1.webp,1187348
cadastro/25203/333029-1_e03d6eef.jpg,59786
cadastro/25203/333029-2_7b1d7499.jpg,51298
cadastro/25203/333029-3_2dfd734f.jpg,26878
cadastro/25210/329349-1_d4028466.jpg,63923
cadastro/25210/329349-2_6c9854ab.jpg,53400
cadastro/25210/329349-3_8660c0a7.jpg,55076
cadastro/25210/329349-4_66de27d8.jpg,149235
cadastro/25210/329349-5_56c5eda7.jpg,71033
cadastro/25211/308493-1_522805ef.jpg,19705
cadastro/25211/308493-2_25ee5d20.jpg,24976
cadastro/25211/308493-3_6535dd68.jpg,20970
cadastro/25211/308493-4_1b8c450d.jpg,21068
cadastro/25211/308493-5_8654bf90.jpg,21068
cadastro/25211/maxresdefault_4f480ea1.webp,1142519
cadastro/25226/333030-1_b41cac4d.jpg,59786
cadastro/25226/333030-2_eb667297.jpg,51298
cadastro/25226/333030-3_0916b8a4.jpg,26878
cadastro/25316/308443-1_8f00fe84.jpg,19705
cadastro/25316/308443-2_d926f011.jpg,24976
cadastro/25316/308443-3_474fa037.jpg,21068
cadastro/25316/308443-4_ec622260.jpg,21068
cadastro/25316/maxresdefault_4f480ea1.webp,1130688
cadastro/25322/326399-1_0d9c9b01.jpg,16477
cadastro/25322/326399-2_ddc3ce50.jpg,16252
cadastro/25322/326399-3_efb326ba.jpg,14716
cadastro/25326/326396-1_e7db7301.jpg,16477
cadastro/25326/326396-2_f8cf7b0e.jpg,16252
cadastro/25326/326396-3_2b6529ff.jpg,14716
cadastro/25327/326409-1_cd4aa565.jpg,20515
cadastro/25327/326409-2_ee65a694.jpg,14529
cadastro/25327/326409-3_7dcd4db4.jpg,20635
cadastro/25328/326410-1_0e55c02a.jpg,20515
cadastro/25328/326410-2_1c99193f.jpg,14529
cadastro/25328/326410-3_1fd3a92a.jpg,20635
cadastro/25329/326391-1_25a40fbd.jpg,20515
cadastro/25329/326391-2_6c7d2412.jpg,14529
cadastro/25329/326391-3_e2f9badc.jpg,20635
cadastro/25330/326413-1_8db72925.jpg,16477
cadastro/25330/326413-2_578eefcb.jpg,16252
cadastro/25330/326413-3_6645672c.jpg,14716
cadastro/25331/326393-1_08614796.jpg,20515
cadastro/25331/326393-2_4e0859d8.jpg,14529
cadastro/25331/326393-3_8ca7945e.jpg,20635
cadastro/25332/326412-1_3456a14c.jpg,20515
cadastro/25332/326412-2_189b7e51.jpg,14529
cadastro/25332/326412-3_5e32dcb8.jpg,20635
cadastro/25333/326771-1_7abf9a0e.jpg,15096
cadastro/25333/326771-2_8ecef458.jpg,9900
cadastro/25333/326771-3_634e496f.jpg,15635
cadastro/25335/326774-1_49d362b7.jpg,15096
cadastro/25335/326774-2_e9727022.jpg,9900
cadastro/25335/326774-3_79fb40ba.jpg,15635
cadastro/25338/326776-1_386a3339.jpg,15096
cadastro/25338/326776-2_044925e3.jpg,9900
cadastro/25338/326776-3_beab9a11.jpg,15635
cadastro/25343/326385-1_9d375ae4.jpg,20515
cadastro/25343/326385-2_08f5185b.jpg,14529
cadastro/25343/326385-3_f319c972.jpg,20635
cadastro/25374/310816-1_e2539e3f.jpg,29702
cadastro/25374/310816-2_72e517dd.jpg,23865
cadastro/25374/310816-3_803cc41a.jpg,23232
cadastro/25374/310816-4_799ab1c3.jpg,23232
cadastro/25374/maxresdefault_4770447f.webp,32848
cadastro/25375/310824-1_23ffd78f.jpg,28452
cadastro/25375/310824-2_c4ade488.jpg,28988
cadastro/25375/310824-3_69800bde.jpg,25111
cadastro/25375/310824-4_a260cedd.jpg,22481
cadastro/25375/310824-5_9c94fcdb.jpg,22481
cadastro/25375/maxresdefault_4770447f.webp,32848
cadastro/25377/308638-1_33538375.jpg,42185
cadastro/25377/308638-2_8dd8b6d9.jpg,44030
cadastro/25377/308638-3_1afebfcd.jpg,29261
cadastro/25377/308638-4_46bdd2c6.jpg,29261
cadastro/25377/maxresdefault_4f480ea1.webp,1132099
cadastro/25429/298703-1_efe309b4.jpg,13777
cadastro/25429/298703-2_22b5a6bd.jpg,17534
cadastro/25446/308657-1_676d4fc2.jpg,45995
cadastro/25446/308657-2_255abdcc.jpg,68624
cadastro/25446/308657-3_24fa123c.jpg,93805
cadastro/25446/308657-4_fb08e191.jpg,87178
cadastro/25446/308657-5_b5b7d11b.jpg,17738
cadastro/25446/308657-6_b8e58d96.jpg,17738
cadastro/25446/maxresdefault_e260e226.webp,1133707
cadastro/25452/280913-1_0ec0e26b.jpg,27373
cadastro/25452/280913-2_37a9d186.jpg,29032
cadastro/25452/280913-3_2d14044b.jpg,35775
cadastro/25452/280913-4_24589791.jpg,31881
cadastro/25452/280913-5_16727b9e.jpg,29224
cadastro/25457/308650-1_1e4e90d8.jpg,23199
cadastro/25457/308650-2_c8acbe67.jpg,22154
cadastro/25457/308650-3_1fb9d8ac.jpg,17833
cadastro/25457/308650-4_d61646ff.jpg,19025
cadastro/25457/308650-5_0c3a31a1.jpg,19025
cadastro/25457/maxresdefault_4f480ea1.webp,1128132
cadastro/25468/308665-1_392e0e22.jpg,46348
cadastro/25468/308665-2_3af7942a.jpg,34328
cadastro/25468/308665-3_1fefaf7b.jpg,51920
cadastro/25468/308665-4_83bcbe12.jpg,27349
cadastro/25468/308665-5_313495d9.jpg,27349
cadastro/25468/maxresdefault_4f480ea1.webp,1134463
cadastro/25477/308670-1_2d51b48b.jpg,37821
cadastro/25477/308670-2_f2355ffa.jpg,26750
cadastro/25477/308670-3_09114f14.jpg,46248
cadastro/25477/308670-4_fc830fd6.jpg,16964
cadastro/25477/308670-5_87f9ef59.jpg,16964
cadastro/25477/308670-6_dcbc412d.jpg,16964
cadastro/25477/maxresdefault_4f480ea1.webp,1117345
cadastro/25484/308677-1_b22cb4c5.jpg,46348
cadastro/25484/308677-2_856dc77f.jpg,51920
cadastro/25484/308677-3_f76c0d40.jpg,34328
cadastro/25484/308677-4_65a1ea74.jpg,27349
cadastro/25484/308677-5_b69cf993.jpg,27349
cadastro/25484/maxresdefault_4f480ea1.webp,1134795
cadastro/25491/310822-1_22603991.jpg,27867
cadastro/25491/310822-2_e597f408.jpg,26116
cadastro/25491/310822-3_cef13f89.jpg,116317
cadastro/25491/310822-4_ecc8c58b.jpg,89729
cadastro/25491/310822-5_4c40f1d1.jpg,19820
cadastro/25491/310822-6_7583ef7e.jpg,19820
cadastro/25491/310822-7_4eb04fc8.jpg,19820
cadastro/25491/maxresdefault_e260e226.webp,1131559
cadastro/25492/310818-1_faff483f.jpg,43930
cadastro/25492/310818-2_9065b9ab.jpg,42047
cadastro/25492/310818-3_d6b7bf1d.jpg,27177
cadastro/25492/310818-4_de614d66.jpg,27177
cadastro/25492/maxresdefault_4770447f.webp,32848
cadastro/25493/310820-1_a1deb650.jpg,29653
cadastro/25493/310820-2_8b1987e1.jpg,23826
cadastro/25493/310820-3_6f7d55fa.jpg,23245
cadastro/25493/310820-4_b7d3dd5d.jpg,23245
cadastro/25493/maxresdefault_4770447f.webp,32848
cadastro/25497/310814-1_897a9312.jpg,35212
cadastro/25497/310814-2_1dbcb30f.jpg,30043
cadastro/25497/310814-3_522b0e85.jpg,29555
cadastro/25497/310814-4_c5592e35.jpg,29555
cadastro/25497/maxresdefault_4770447f.webp,32848
cadastro/25517/308688-1_13abeebe.jpg,33174
cadastro/25517/308688-2_e3efd444.jpg,130113
cadastro/25517/308688-3_499d5db9.jpg,126265
cadastro/25517/308688-4_890238ee.jpg,95247
cadastro/25517/308688-5_74ead0ba.jpg,26029
cadastro/25517/maxresdefault_4770447f.webp,32848
cadastro/25551/291768-1_24e4345c.jpg,372979
cadastro/25551/291768-2_3d11f527.jpg,68490
cadastro/25558/265481-4_7725c526.jpg,61976
cadastro/25558/265481-5_11b61304.jpg,22275
cadastro/25562/265480-4_a77b3cec.jpg,61976
cadastro/25562/265480-5_2d16bb7b.jpg,24064
cadastro/25563/265479-4_55e800ad.jpg,61976
cadastro/25563/265479-5_479a8194.jpg,24064
cadastro/25574/265478-4_e45de8ee.jpg,61976
cadastro/25574/265478-5_4d814fe3.jpg,24064
cadastro/25586/265469-4_2e4d9adc.jpg,61976
cadastro/25586/265469-5_0625d705.jpg,24064
cadastro/25589/280904_7d52a0fd.jpg,45466
cadastro/25608/265465-4_daca4557.jpg,61976
cadastro/25608/265465-5_b8fc846e.jpg,24064
cadastro/25611/280901-1_af33cd2d.jpg,8998
cadastro/25611/280901_aebc8ad2.jpg,45466
cadastro/25620/291663-1_608a2923.jpg,45466
cadastro/25625/307275-1_c5448912.jpg,132818
cadastro/25625/307275-2_47e908d8.jpg,25755
cadastro/25625/307275-3_3833e93c.jpg,56311
cadastro/25625/307275_dd553b5f.jpg,30149
cadastro/25625/maxresdefault_44c3e6b1.webp,101370
cadastro/25630/315424-1_88635a3b.jpg,30326
cadastro/25630/315424-2_9f3c8468.jpg,38467
cadastro/25630/315424-3_49b240cd.jpg,67967
cadastro/25630/315424_c8aecbb3.jpg,16401
cadastro/25642/265443-2_ad4155d6.jpg,61976
cadastro/25642/265443-3_eb3bd259.jpg,22875
cadastro/25643/280885-1_f48a0ff0.jpg,9054
cadastro/25658/291998_32327b20.jpg,114643
cadastro/25661/265472-4_8284b325.jpg,61976
cadastro/25661/265472-5_093445dc.jpg,24064
cadastro/25662/307131-1_7d55d4eb.jpg,123366
cadastro/25662/307131-2_67cee2bf.jpg,214829
cadastro/25662/307131-3_adc761cc.jpg,141336
cadastro/25662/307131-4_20acd8d4.jpg,23509
cadastro/25662/307131-5_705674fd.jpg,23509
cadastro/25663/291654-1_b1b60e01.jpg,45466
cadastro/25671/280886-1_478507a3.jpg,9147
cadastro/25673/265444-2_7cafc818.jpg,61976
cadastro/25673/265444-3_2b8f506e.jpg,22837
cadastro/25693/291992_358fc342.jpg,114643
cadastro/25694/280887-1_55230b3d.jpg,8867
cadastro/25695/265445-2_d69fd085.jpg,61976
cadastro/25695/265445-3_2f75c6f2.jpg,22837
cadastro/25715/265474-1_6cc0345e.jpg,24064
cadastro/25724/265446-2_8865137c.jpg,61976
cadastro/25724/265446-3_1ea922c1.jpg,21796
cadastro/25725/280888-1_fa9d3917.jpg,9071
cadastro/25735/309149-1_7417727d.jpg,55043
cadastro/25735/309149-2_668b89e5.jpg,93848
cadastro/25735/309149-3_972aaa32.jpg,91423
cadastro/25735/309149-4_a8dbee96.jpg,20426
cadastro/25735/309149-5_cf3cd367.jpg,20426
cadastro/25735/309149-6_48a47d7d.jpg,20426
cadastro/25741/307257-1_91c1c810.jpg,123366
cadastro/25741/307257-2_b47453e0.jpg,229544
cadastro/25741/307257-3_a485c6ea.jpg,250638
cadastro/25741/307257-4_d241b7a0.jpg,103364
cadastro/25741/307257-5_aa3a5474.jpg,141336
cadastro/25741/307257-6_605f8ab5.jpg,23509
cadastro/25741/307257-7_e7013c35.jpg,23509
cadastro/25741/307257-8_5d688fc7.jpg,23509
cadastro/25741/maxresdefault_4770447f.webp,32848
cadastro/25745/280889-1_9cb4f4a1.jpg,8867
cadastro/25747/265447-2_b8cd1a82.jpg,61976
cadastro/25747/265447-3_b293eb99.jpg,22672
cadastro/25763/291996_4e8f92c2.jpg,114643
cadastro/25764/307256-1_92bd3498.jpg,128578
cadastro/25764/307256-2_3c429d94.jpg,233429
cadastro/25764/307256-3_888008ac.jpg,250638
cadastro/25764/307256-4_41f7d0ab.jpg,103364
cadastro/25764/307256-5_ed0942c4.jpg,141336
cadastro/25764/307256-6_fcc031b5.jpg,23509
cadastro/25764/307256-7_64210776.jpg,23509
cadastro/25766/265476-4_cd3c68f6.jpg,61976
cadastro/25766/265476-5_26922896.jpg,24064
cadastro/25772/265448-2_39332c87.jpg,61976
cadastro/25772/265448-3_1b15aa7b.jpg,24064
cadastro/25774/280890-1_f1fbf8a8.jpg,8969
cadastro/25792/265449-2_5274bfc3.jpg,61976
cadastro/25792/265449-3_a9ffbd54.jpg,22275
cadastro/25794/280891-1_a8c7c6d7.jpg,8855
cadastro/2580/268307-1_977d6b30.jpg,212436
cadastro/2580/268307-2_a228503f.jpg,33390
cadastro/2580/268307_eeeaf080.jpg,212436
cadastro/25810/307254-1_f10113ce.jpg,128578
cadastro/25810/307254-2_5b978708.jpg,218874
cadastro/25810/307254-3_518367c6.jpg,250638
cadastro/25810/307254-4_4d2d7a32.jpg,103364
cadastro/25810/307254-5_4806da2d.jpg,23509
cadastro/25810/307254-6_f9f226dd.jpg,23509
cadastro/25814/265450-2_f61aa819.jpg,61976
cadastro/25814/265450-3_671b70c5.jpg,24064
cadastro/25815/280892-1_886e450b.jpg,8899
cadastro/25824/309155-1_94adac56.jpg,55043
cadastro/25824/309155-2_77f1bca5.jpg,93848
cadastro/25824/309155-3_40411208.jpg,91423
cadastro/25824/309155-4_233a1b1a.jpg,20426
cadastro/25824/309155-5_feb11e0e.jpg,20426
cadastro/25824/309155-6_3eac62a6.jpg,20426
cadastro/25833/292004_f599dfbc.jpg,114643
cadastro/25835/280893-1_0fdb2729.jpg,9301
cadastro/25836/265451-2_db9ad388.jpg,61976
cadastro/25836/265451-3_997b8e79.jpg,24064
cadastro/25852/307253-1_e71c79b8.jpg,128578
cadastro/25852/307253-2_0c0b18b1.jpg,250638
cadastro/25852/307253-3_a649eac6.jpg,103364
cadastro/25852/307253-4_b39296c6.jpg,23509
cadastro/25852/307253-5_5a88fb66.jpg,23509
cadastro/25852/maxresdefault_4770447f.webp,32848
cadastro/25857/292005_cae14a49.jpg,114643
cadastro/25858/265452-2_e518ca03.jpg,61976
cadastro/25858/265452-3_e60ef79c.jpg,24064
cadastro/25859/280894-1_78f61e0f.jpg,9212
cadastro/25871/309150-1_2f49f24c.jpg,55043
cadastro/25871/309150-2_9458c3e3.jpg,93848
cadastro/25871/309150-3_1ece8d82.jpg,91423
cadastro/25871/309150-4_6f919c05.jpg,20426
cadastro/25871/309150-5_2466ec03.jpg,20426
cadastro/25889/280895-1_05918a3b.jpg,9132
cadastro/25902/307252-1_837ed5c4.jpg,128578
cadastro/25902/307252-2_b053d027.jpg,250638
cadastro/25902/307252-3_2a4fecf3.jpg,174771
cadastro/25902/307252-4_9e05c58a.jpg,103364
cadastro/25902/307252-5_11987276.jpg,23509
cadastro/25902/307252-6_4885340a.jpg,23509
cadastro/25902/307252-7_1141c1be.jpg,23509
cadastro/25902/307252-8_70c19a26.jpg,23509
cadastro/25904/265454-2_879a998e.jpg,61976
cadastro/25904/265454-3_3f3f733b.jpg,24064
cadastro/25906/280896-1_fa8874fe.jpg,9284
cadastro/25925/265455-2_adde881a.jpg,61976
cadastro/25925/265455-3_804b5136.jpg,24064
cadastro/25926/280897-1_667ce9f5.jpg,9189
cadastro/25945/265456-2_38f0bbb1.jpg,61976
cadastro/25945/265456-3_1f5557c6.jpg,24064
cadastro/25946/280898-1_2f025906.jpg,9156
cadastro/25956/292009_24938ace.jpg,114643
cadastro/25957/280899-1_aa7401b2.jpg,9243
cadastro/25958/265457-4_1c5efa35.jpg,17851
cadastro/25958/265457-5_254272bd.jpg,63544
cadastro/25958/265457-6_e362f7a4.jpg,19134
cadastro/25977/291980-1_cc13fb42.jpg,132051
cadastro/25978/265458-2_ab96deec.jpg,61976
cadastro/25978/265458-3_ae1b227c.jpg,24064
cadastro/25990/291644-1_01062c52.jpg,45466
cadastro/26001/265460-2_b6000c5c.jpg,61976
cadastro/26001/265460-3_c0bfb6ac.jpg,24064
cadastro/26014/265461-2_d6bbae17.jpg,61976
cadastro/26014/265461-3_0be158cc.jpg,24064
cadastro/26027/291805-1_cb1a0bb4.jpg,372979
cadastro/26027/291805-2_1e2f8a87.jpg,68490
cadastro/26027/291805-3_8f187fe7.jpg,68490
cadastro/26034/265473-4_0f316f78.jpg,61976
cadastro/26034/265473-5_a13ab6db.jpg,24064
cadastro/26043/280903_f41fd828.jpg,45466
cadastro/26044/265467-4_11e2f443.jpg,61976
cadastro/26044/265467-5_d906f25d.jpg,24064
cadastro/26055/265462-2_ce9fbfb1.jpg,61976
cadastro/26055/265462-3_b3145743.jpg,22275
cadastro/26071/265463-2_f929af1f.jpg,61976
cadastro/26071/265463-3_9ca5e02c.jpg,24064
cadastro/26089/315406-1_013adbba.jpg,14749
cadastro/26089/315406-2_822836f9.jpg,53442
cadastro/26089/315406-3_8351833d.jpg,69965
cadastro/26089/315406-4_fbed0028.jpg,12998
cadastro/26093/315416-1_c2eaaa7c.jpg,30326
cadastro/26093/315416-2_5665edcc.jpg,38467
cadastro/26093/315416-4_b7787977.jpg,67967
cadastro/26093/315416-5_9dc00e50.jpg,16401
cadastro/26114/292031_6b5d39b8.jpg,37736
cadastro/26117/265466-4_becf1bea.jpg,61976
cadastro/26117/265466-5_e2849730.jpg,24064
cadastro/26118/280902_004fc2b9.jpg,45466
cadastro/26130/265471-4_1b06a44d.jpg,61976
cadastro/26130/265471-5_5b01e224.jpg,24064
cadastro/26142/315420-1_99d21595.jpg,30326
cadastro/26142/315420-2_ce7fe49b.jpg,38467
cadastro/26142/315420-3_f3cb054b.jpg,67967
cadastro/26142/315420-4_a98e6a57.jpg,16401
cadastro/26142/315420-5_3c468afc.jpg,16401
cadastro/26161/280881-1_ae816690.jpg,9076
cadastro/26172/307262-1_954fa654.jpg,100873
cadastro/26172/307262-2_892102ba.jpg,194739
cadastro/26172/307262-3_c5168c9c.jpg,141336
cadastro/26172/307262-4_a5e7dd50.jpg,70579
cadastro/26172/307262-5_58097d00.jpg,70579
cadastro/26185/265475-4_a7b7ee47.jpg,61976
cadastro/26185/265475-5_6993ec1c.jpg,24064
cadastro/26203/265440-1_e806e5dc.jpg,372979
cadastro/26203/265440_62753709.jpg,71982
cadastro/26204/280882-1_a6dceba4.jpg,9130
cadastro/26227/280883-1_7acc2b88.jpg,8888
cadastro/26233/309153-1_ffa1e52a.jpg,55043
cadastro/26233/309153-2_e339ac4c.jpg,93848
cadastro/26233/309153-3_0f07bb5d.jpg,91423
cadastro/26233/309153-4_175b61dc.jpg,20426
cadastro/26233/309153-5_24c54bda.jpg,20426
cadastro/26242/292026_170b32a7.jpg,114643
cadastro/26249/315432-1_1a0443ff.jpg,26773
cadastro/26249/315432-2_50126d02.jpg,24634
cadastro/26249/315432-3_63b250f7.jpg,17191
cadastro/26249/315432-4_39eff7c7.jpg,17191
cadastro/26256/280884-1_ed04af29.jpg,8778
cadastro/26275/329300-1_18a25ba1.jpg,60751
cadastro/26275/329300-2_ded6aee8.jpg,84175
cadastro/26275/329300-3_2eba8826.jpg,53784
cadastro/26275/329300-4_ebe85c89.jpg,271626
cadastro/26275/329300-5_31807130.jpg,58420
cadastro/26280/334426-1_deb9787d.jpg,25496
cadastro/26280/334426-2_b63f5d42.jpg,25999
cadastro/26280/334426-3_498badc7.jpg,26364
cadastro/26280/334426-4_3c10081c.jpg,120706
cadastro/26286/334323-1_1b261ded.jpg,23522
cadastro/26286/334323-2_bf41c64e.jpg,30812
cadastro/26286/334323-3_1b099323.jpg,119246
cadastro/26286/334323-4_6ed9ef65.jpg,25172
cadastro/26287/334427-1_db849456.jpg,25999
cadastro/26287/334427-2_cdb3bae8.jpg,26364
cadastro/26287/334427-3_528575e4.jpg,120706
cadastro/26287/334427_9ad58214.jpg,25496
cadastro/26295/329315-1_e342b03c.jpg,60751
cadastro/26295/329315-2_0eff9707.jpg,84175
cadastro/26295/329315-3_0659456e.jpg,53784
cadastro/26295/329315-4_cc7f4f19.jpg,271626
cadastro/26295/329315-5_84539c36.jpg,58420
cadastro/26319/312230-1_15a0e635.jpg,37716
cadastro/26319/312230-2_641d08f0.jpg,62539
cadastro/26319/312230-3_7c730e52.jpg,82451
cadastro/26319/312230-4_b22adab3.jpg,97655
cadastro/26319/312230-5_1625dfa8.jpg,104609
cadastro/26319/312230-6_9cc5505c.jpg,22428
cadastro/26319/312230-7_36ad5ca0.jpg,22428
cadastro/26321/312234-1_d228897d.jpg,37716
cadastro/26321/312234-2_7653f37d.jpg,62539
cadastro/26321/312234-3_c4b54157.jpg,82451
cadastro/26321/312234-4_a0b4d1b1.jpg,97655
cadastro/26321/312234-5_9ac2a76b.jpg,104609
cadastro/26321/312234-6_df406d3b.jpg,22428
cadastro/26321/312234-7_b458f705.jpg,22428
cadastro/26322/312224-1_fa9b0dea.jpg,37716
cadastro/26322/312224-2_b7b13b28.jpg,62539
cadastro/26322/312224-3_baae6f42.jpg,82451
cadastro/26322/312224-4_105739c3.jpg,97655
cadastro/26322/312224-5_66f0bf89.jpg,104609
cadastro/26322/312224-6_2287eb6a.jpg,22428
cadastro/26322/312224-7_1c1f1c6b.jpg,22428
cadastro/26323/312209-1_e4287313.jpg,37716
cadastro/26323/312209-2_32681d1c.jpg,62539
cadastro/26323/312209-3_9535aaca.jpg,82451
cadastro/26323/312209-4_0a771ed0.jpg,97655
cadastro/26323/312209-5_698a7c1c.jpg,104609
cadastro/26323/312209-6_90e2d088.jpg,22428
cadastro/26323/312209-7_f00c6baa.jpg,22428
cadastro/26324/312222-1_0860d8c5.jpg,37716
cadastro/26324/312222-2_090dba32.jpg,62539
cadastro/26324/312222-3_76e25b85.jpg,82451
cadastro/26324/312222-4_8b85fc35.jpg,97655
cadastro/26324/312222-5_d3e0ba13.jpg,104609
cadastro/26324/312222-6_b352179b.jpg,22428
cadastro/26324/312222-7_c5bc3e24.jpg,22428
cadastro/26336/327602-1_65e810b4.jpg,98647
cadastro/26336/327602-2_1c5f72b1.jpg,96276
cadastro/26336/327602-3_7abc7024.jpg,39896
cadastro/26336/327602_4e7c3370.jpg,72709
cadastro/26338/327604-1_db0ccb01.jpg,98647
cadastro/26338/327604-2_3cf3fb1c.jpg,96276
cadastro/26338/327604-3_a753210b.jpg,39896
cadastro/26338/327604_3773c331.jpg,72709
cadastro/26340/307285-1_e4400456.jpg,16635
cadastro/26340/307285-2_10a3e634.jpg,19301
cadastro/26340/307285-3_e576253d.jpg,17515
cadastro/26340/307285-4_6d8c3aad.jpg,73417
cadastro/26340/307285-5_ed18ee7b.jpg,18661
cadastro/26347/327610-1_d4628f6a.jpg,98647
cadastro/26347/327610-2_6e478842.jpg,96276
cadastro/26347/327610-3_5bd62912.jpg,39896
cadastro/26347/327610_1f8000ab.jpg,72709
cadastro/26359/327635-1_fcb95f9f.jpg,96380
cadastro/26359/327635-2_a7e0fe4c.jpg,98235
cadastro/26359/327635_7cd4bfde.jpg,67914
cadastro/26394/327651-1_5e6b4bc7.jpg,68499
cadastro/26394/327651-2_a3891826.jpg,92232
cadastro/26394/327651-3_a31c5ec6.jpg,69232
cadastro/26394/327651_92c7915a.jpg,119751
cadastro/26404/335503-1_b283493d.jpg,27507
cadastro/26416/327615-1_9ede59f5.jpg,98647
cadastro/26416/327615-2_8f44a38f.jpg,96276
cadastro/26416/327615-3_d9db0941.jpg,39896
cadastro/26416/327615_cf4556b3.jpg,72709
cadastro/26422/327617-1_6e3f6db1.jpg,98647
cadastro/26422/327617-2_48e209d5.jpg,96276
cadastro/26422/327617-3_1c4f6772.jpg,39896
cadastro/26422/327617_e1d649b3.jpg,72709
cadastro/26542/309134-1_a4e51499.jpg,56484
cadastro/26542/309134-2_cdf08732.jpg,104497
cadastro/26542/309134-3_d45a7041.jpg,97862
cadastro/26542/309134-4_242e6dc7.jpg,20740
cadastro/26542/309134-5_4b99e1b8.jpg,20740
cadastro/26543/280977_f89e5228.jpg,26003
cadastro/26546/309112-1_0d82a138.jpg,56484
cadastro/26546/309112-2_46e0af02.jpg,104497
cadastro/26546/309112-3_e7fcc5b2.jpg,97862
cadastro/26546/309112-4_a672d90e.jpg,20740
cadastro/26546/309112-5_20d665ff.jpg,20740
cadastro/26546/maxresdefault_d2e669a2.webp,1261348
cadastro/26547/301588-1_0a1f5d33.jpg,61125
cadastro/26547/301588-2_b36ca1f2.jpg,48637
cadastro/26551/280978_89a0ca67.jpg,26448
cadastro/26552/309115-1_4fbde9d1.jpg,56484
cadastro/26552/309115-2_33f6a752.jpg,104497
cadastro/26552/309115-3_bfe5f12d.jpg,97862
cadastro/26552/309115-4_980add92.jpg,115537
cadastro/26552/309115-5_f6a2479b.jpg,115537
cadastro/26558/280979_9380ae7f.jpg,21680
cadastro/26559/309096-1_e61bc937.jpg,56484
cadastro/26559/309096-2_1253c09f.jpg,104497
cadastro/26559/309096-3_30ff62e1.jpg,97862
cadastro/26559/309096-4_adcb19df.jpg,20740
cadastro/26559/309096-5_ea86dfbd.jpg,20740
cadastro/26559/maxresdefault_d2e669a2.webp,1252261
cadastro/26560/309171-1_7027f8c7.jpg,63570
cadastro/26560/309171-2_eda736cd.jpg,97237
cadastro/26560/309171-3_24979ab4.jpg,108264
cadastro/26560/309171-4_7ebbead3.jpg,84815
cadastro/26560/309171-5_d9bc73e7.jpg,22747
cadastro/26560/309171-6_5e50da29.jpg,22747
cadastro/26560/maxresdefault_17f499fb.webp,1312598
cadastro/26562/309095-1_d16055b5.jpg,56484
cadastro/26562/309095-2_0218648a.jpg,104497
cadastro/26562/309095-3_d8603e22.jpg,97862
cadastro/26562/309095-4_c4f99630.jpg,20740
cadastro/26562/309095-5_87d0ce29.jpg,20740
cadastro/26562/maxresdefault_d2e669a2.webp,1268416
cadastro/26564/309092-1_47c2860d.jpg,56484
cadastro/26564/309092-2_f864e861.jpg,104497
cadastro/26564/309092-3_8af499c1.jpg,97862
cadastro/26564/309092-4_276bd099.jpg,20740
cadastro/26564/309092-5_037473f4.jpg,20740
cadastro/26564/maxresdefault_d2e669a2.webp,1275445
cadastro/26566/280981_1a1b171f.jpg,25508
cadastro/26568/301593-1_afb2621f.jpg,61125
cadastro/26568/301593-2_349b2e66.jpg,48637
cadastro/26568/301593-3_064244b8.jpg,48637
cadastro/26573/309084-1_9cb1fb65.jpg,56484
cadastro/26573/309084-2_868d49a5.jpg,104497
cadastro/26573/309084-3_db9ad895.jpg,97862
cadastro/26573/309084-4_09698c94.jpg,20740
cadastro/26573/309084-5_980e4e18.jpg,20740
cadastro/26576/280982_f1cbbec2.jpg,26398
cadastro/26578/309083-1_d209f4c4.jpg,56484
cadastro/26578/309083-2_7eabf2f0.jpg,104497
cadastro/26578/309083-3_6f7cedfd.jpg,97862
cadastro/26578/309083-4_f78c316d.jpg,20740
cadastro/26578/309083-5_b2b30e15.jpg,20740
cadastro/26579/309080-1_ca01fcd7.jpg,56484
cadastro/26579/309080-2_b6db0f10.jpg,104497
cadastro/26579/309080-3_0960ec77.jpg,97862
cadastro/26579/309080-4_ffeb889e.jpg,20740
cadastro/26579/309080-5_70aa20ad.jpg,20740
cadastro/26580/291685_919ff9f4.jpg,72617
cadastro/26583/280983-1_01e2fa7f.jpg,38044
cadastro/26583/280983-2_450af401.jpg,14817
cadastro/26585/309079-1_01e3bf85.jpg,56484
cadastro/26585/309079-2_8dedaedd.jpg,104497
cadastro/26585/309079-3_b1aae39f.jpg,97862
cadastro/26585/309079-4_739a9830.jpg,115537
cadastro/26585/309079-5_de4a9511.jpg,115537
cadastro/26585/maxresdefault_d2e669a2.webp,1261353
cadastro/26588/309065-1_955c7511.jpg,56484
cadastro/26588/309065-2_8bb855b6.jpg,104497
cadastro/26588/309065-3_82c85c3a.jpg,97862
cadastro/26588/309065-4_1a0bf7ec.jpg,115537
cadastro/26588/309065-5_f77382d5.jpg,115537
cadastro/26588/maxresdefault_d2e669a2.webp,1273723
cadastro/26589/291688_2eef692a.jpg,72617
cadastro/26591/309066-1_93e17570.jpg,56484
cadastro/26591/309066-2_4bf92e24.jpg,104497
cadastro/26591/309066-3_eb11db70.jpg,97862
cadastro/26591/309066-4_7d048007.jpg,115537
cadastro/26591/309066-5_46b27dd6.jpg,115537
cadastro/26591/maxresdefault_d2e669a2.webp,1256262
cadastro/26593/309067-1_275bcafe.jpg,56484
cadastro/26593/309067-2_7744000a.jpg,104497
cadastro/26593/309067-3_ae027ccb.jpg,97862
cadastro/26593/309067-4_2e92ed05.jpg,115537
cadastro/26593/309067-5_a65c9bd6.jpg,115537
cadastro/26593/maxresdefault_d2e669a2.webp,1262401
cadastro/26596/309068-1_58ffa9e4.jpg,56484
cadastro/26596/309068-2_c9a5bf43.jpg,104497
cadastro/26596/309068-3_ab9a7e4f.jpg,97862
cadastro/26596/309068-4_aec123f0.jpg,115537
cadastro/26596/309068-5_a547393f.jpg,115537
cadastro/26596/maxresdefault_d2e669a2.webp,1277832
cadastro/26599/309132-1_01601512.jpg,56484
cadastro/26599/309132-2_2ada12c4.jpg,104497
cadastro/26599/309132-3_43e502ef.jpg,97862
cadastro/26599/309132-4_37290da8.jpg,20740
cadastro/26599/309132-5_53a7625a.jpg,20740
cadastro/26599/309132-6_d29186b6.jpg,20740
cadastro/26599/maxresdefault_d2e669a2.webp,1258581
cadastro/26600/291695_43f32299.jpg,72617
cadastro/26602/309130-1_b771045d.jpg,56484
cadastro/26602/309130-2_ead1a76d.jpg,104497
cadastro/26602/309130-3_6eae3c64.jpg,97862
cadastro/26602/309130-4_f802b862.jpg,20740
cadastro/26602/309130-5_c4c5adde.jpg,20740
cadastro/26603/309075-1_cbc09432.jpg,56484
cadastro/26603/309075-2_fbb8c0f3.jpg,104497
cadastro/26603/309075-3_6ac8a799.jpg,97862
cadastro/26603/309075-4_434dc419.jpg,115537
cadastro/26603/309075-5_0ac79710.jpg,115537
cadastro/26605/309078-1_98e6fdda.jpg,56484
cadastro/26605/309078-2_a6e69af1.jpg,104497
cadastro/26605/309078-3_03ce8660.jpg,97862
cadastro/26605/309078-4_b20d28fb.jpg,115537
cadastro/26605/309078-5_16929700.jpg,115537
cadastro/26605/maxresdefault_d2e669a2.webp,1256659
cadastro/26606/291680_df069ba6.jpg,72617
cadastro/26608/309120-1_eb3cac06.jpg,56484
cadastro/26608/309120-2_b19a3d9c.jpg,104497
cadastro/26608/309120-3_2be5ea5f.jpg,97862
cadastro/26608/309120-4_09043bf6.jpg,115537
cadastro/26608/309120-5_744a4620.jpg,115537
cadastro/26608/maxresdefault_d2e669a2.webp,1264920
cadastro/26609/309110-1_8e9d5474.jpg,56484
cadastro/26609/309110-2_5acb66bc.jpg,104497
cadastro/26609/309110-3_04ac2f1a.jpg,97862
cadastro/26609/309110-4_4f0ccd82.jpg,20740
cadastro/26609/309110-5_5c30afa0.jpg,20740
cadastro/26609/maxresdefault_d2e669a2.webp,1253548
cadastro/26610/299403-1_d802cccc.jpg,28734
cadastro/26610/299403-2_410d8e56.jpg,28784
cadastro/26610/299403-3_cb0aaf40.jpg,20239
cadastro/26616/312227-1_78a3cc04.jpg,37716
cadastro/26616/312227-2_4c677d66.jpg,62539
cadastro/26616/312227-3_381613a4.jpg,82451
cadastro/26616/312227-4_856a4785.jpg,97655
cadastro/26616/312227-5_809f10b3.jpg,104609
cadastro/26616/312227-6_721447ca.jpg,22428
cadastro/26616/312227-7_34b7c311.jpg,22428
cadastro/26623/309107-1_ddf2ae98.jpg,56484
cadastro/26623/309107-2_57af1956.jpg,104497
cadastro/26623/309107-3_f0a1ff0b.jpg,97862
cadastro/26623/309107-4_083d8e27.jpg,20740
cadastro/26623/309107-5_c23f8068.jpg,20740
cadastro/26623/maxresdefault_d2e669a2.webp,1257554
cadastro/26627/291681_fbd2b1d8.jpg,72617
cadastro/26628/280976_55ce8c8c.jpg,26649
cadastro/26629/291697_08275456.jpg,72617
cadastro/26630/309104-1_d5684a7c.jpg,56484
cadastro/26630/309104-2_0a746e56.jpg,104497
cadastro/26630/309104-3_c958321c.jpg,97862
cadastro/26630/309104-4_8f9a968f.jpg,20740
cadastro/26630/309104-5_ab42de08.jpg,20740
cadastro/26630/maxresdefault_d2e669a2.webp,1306996
cadastro/26631/309118-1_23ee2623.jpg,56484
cadastro/26631/309118-2_b6e1c931.jpg,104497
cadastro/26631/309118-3_c69a5c25.jpg,97862
cadastro/26631/309118-4_59dcbd42.jpg,115537
cadastro/26631/309118-5_6262d75a.jpg,115537
cadastro/26631/maxresdefault_d2e669a2.webp,1258830
cadastro/26643/291894-1_2b623e76.jpg,237721
cadastro/26643/291894-2_42fdf8e1.jpg,282502
cadastro/26643/291894-3_8ec6c701.jpg,74924
cadastro/26646/291709_e3bb2985.jpg,69830
cadastro/26647/291710_f14daaeb.jpg,69830
cadastro/26648/309140-1_b9f18df1.jpg,55043
cadastro/26648/309140-2_a08f1fd1.jpg,91423
cadastro/26648/309140-3_466e033f.jpg,93848
cadastro/26648/309140-4_46dd6980.jpg,20426
cadastro/26648/309140-5_241a25f7.jpg,20426
cadastro/26648/309140-6_fbe0a4a5.jpg,20426
cadastro/26649/309145-1_a57e6e71.jpg,55043
cadastro/26649/309145-2_3537cbcd.jpg,93848
cadastro/26649/309145-3_2e298d9d.jpg,91423
cadastro/26649/309145-4_e43748dd.jpg,20426
cadastro/26649/309145-5_93d1eed3.jpg,20426
cadastro/26649/309145-6_a4008e1a.jpg,20426
cadastro/26650/291711_f793a147.jpg,69830
cadastro/26654/291719_4dd185a3.jpg,69830
cadastro/26658/291720_94073ebd.jpg,69830
cadastro/26667/291707_dbd9ea4d.jpg,69830
cadastro/26688/328869-1_c4cfd8fa.jpg,20631
cadastro/26688/328869-2_d71f6283.jpg,15861
cadastro/26688/328869-3_8db3b8b4.jpg,53465
cadastro/26688/328869-4_6284b63a.jpg,96449
cadastro/26688/328869-5_bc4fe551.jpg,19517
cadastro/26691/328835-1_b8b9f740.jpg,20631
cadastro/26691/328835-2_338bea80.jpg,15861
cadastro/26691/328835-3_8abc36c7.jpg,53465
cadastro/26691/328835-4_155a6e7a.jpg,96449
cadastro/26691/328835-5_d55e3cc1.jpg,19517
cadastro/26692/328837-1_0e6c0ba0.jpg,20631
cadastro/26692/328837-2_499211fa.jpg,15861
cadastro/26692/328837-3_eb754d51.jpg,53465
cadastro/26692/328837-4_ffcb4028.jpg,96449
cadastro/26692/328837-5_c511d58b.jpg,19517
cadastro/26694/328838-1_aedab38f.jpg,20631
cadastro/26694/328838-2_f510c64e.jpg,15861
cadastro/26694/328838-3_b9f00506.jpg,53465
cadastro/26694/328838-4_fcddbc97.jpg,96449
cadastro/26694/328838-5_ced542b7.jpg,19517
cadastro/26695/328839-1_033eb58f.jpg,20631
cadastro/26695/328839-2_058851a6.jpg,15861
cadastro/26695/328839-3_11d91c95.jpg,53465
cadastro/26695/328839-4_0bc3ddcc.jpg,96449
cadastro/26695/328839-5_aea167c1.jpg,19517
cadastro/26699/328883-1_b122d6a6.jpg,20631
cadastro/26699/328883-2_99887187.jpg,15861
cadastro/26699/328883-3_e2ca757f.jpg,53465
cadastro/26699/328883-4_88e0593e.jpg,96449
cadastro/26699/328883-5_fc0cc082.jpg,19517
cadastro/26701/328841-1_b66336bb.jpg,20631
cadastro/26701/328841-2_d2e6ffeb.jpg,15861
cadastro/26701/328841-3_3e7702f9.jpg,53465
cadastro/26701/328841-4_9606fb1b.jpg,96449
cadastro/26701/328841-5_2c3c8951.jpg,19517
cadastro/26702/328852-1_32b8d748.jpg,20631
cadastro/26702/328852-2_83e7f504.jpg,15861
cadastro/26702/328852-3_d2b45a65.jpg,53465
cadastro/26702/328852-4_ed70f90b.jpg,96449
cadastro/26702/328852-5_2bc9fb5f.jpg,19517
cadastro/26708/328857-1_04412044.jpg,20631
cadastro/26708/328857-2_6d2fd498.jpg,15861
cadastro/26708/328857-3_a8dd8177.jpg,53465
cadastro/26708/328857-4_0687370a.jpg,96449
cadastro/26708/328857-5_a830add9.jpg,19517
cadastro/26712/307145-1_8c5a2110.jpg,49349
cadastro/26712/307145-2_1ba0258f.jpg,177418
cadastro/26712/307145-3_123905e4.jpg,103364
cadastro/26712/307145-4_26c72d41.jpg,141336
cadastro/26712/307145-5_a6ffdfd1.jpg,23509
cadastro/26712/307145-6_ca910b38.jpg,23509
cadastro/26721/265464-6_44dd72ef.jpg,56728
cadastro/26721/265464-7_6a97c6f3.jpg,19653
cadastro/26723/291807-3_40898f8b.jpg,20357
cadastro/26723/291807-4_b1363e65.jpg,20268
cadastro/26723/291807-5_8812bb54.jpg,64376
cadastro/26723/291807-6_8238c9e9.jpg,19180
cadastro/26723/291807-7_0274267d.jpg,19180
cadastro/26726/291789-3_8aa8c065.jpg,20804
cadastro/26726/291789-4_171dd274.jpg,20983
cadastro/26726/291789-5_51e69f35.jpg,64205
cadastro/26726/291789-6_478e5834.jpg,20437
cadastro/26726/291789-7_a696227e.jpg,20437
cadastro/26728/291760-3_097e04be.jpg,18930
cadastro/26728/291760-4_efa6d11b.jpg,19351
cadastro/26728/291760-5_e388e315.jpg,60672
cadastro/26728/291760-6_3f599905.jpg,18997
cadastro/26728/maxresdefault_bebb7f9f.webp,96566
cadastro/26729/312179-1_b14de595.jpg,21320
cadastro/26729/312179-2_eec0ec28.jpg,68194
cadastro/26729/312179-3_b1b1dfda.jpg,22022
cadastro/26729/312179-4_141af5c1.jpg,22022
cadastro/26729/maxresdefault_4770447f.webp,32848
cadastro/26731/312181-1_0c6d4f59.jpg,21320
cadastro/26731/312181-2_1d278550.jpg,68194
cadastro/26731/312181-3_4c6e11a0.jpg,22022
cadastro/26731/312181-4_7f1526ca.jpg,22022
cadastro/26731/312181-5_63c3a85e.jpg,22022
cadastro/26731/maxresdefault_4770447f.webp,32848
cadastro/26775/307157-1_00aa443c.jpg,29407
cadastro/26775/307157-2_d30f87ae.jpg,31157
cadastro/26775/307157-3_b4f18e5b.jpg,141336
cadastro/26775/307157-4_1b5fc145.jpg,10553
cadastro/26775/307157-5_621a9c47.jpg,10553
cadastro/26775/maxresdefault_4770447f.webp,32848
cadastro/26777/307161-1_ce653f8f.jpg,29407
cadastro/26777/307161-2_72459fee.jpg,31157
cadastro/26777/307161-3_651af8ea.jpg,141336
cadastro/26777/307161-4_cc28d2f7.jpg,10553
cadastro/26777/307161-5_b26ad843.jpg,10553
cadastro/26777/maxresdefault_4770447f.webp,32848
cadastro/26778/307141-1_8851ecb6.jpg,29407
cadastro/26778/307141-2_9971055d.jpg,31157
cadastro/26778/307141-3_e517decb.jpg,129865
cadastro/26778/307141-4_d600273c.jpg,141336
cadastro/26778/307141-5_ceebe7ae.jpg,10553
cadastro/26778/307141-6_f7ee9287.jpg,10553
cadastro/26778/maxresdefault_4770447f.webp,32848
cadastro/26780/307352-1_75dc8205.jpg,29407
cadastro/26780/307352-2_f4ada02f.jpg,31157
cadastro/26780/307352-3_d01acdbf.jpg,141336
cadastro/26780/307352-4_92e8db3c.jpg,10553
cadastro/26780/307352-5_6ab7fc0d.jpg,10553
cadastro/26780/maxresdefault_4770447f.webp,32848
cadastro/26782/307137-1_aff3f870.jpg,29407
cadastro/26782/307137-2_3133c048.jpg,31157
cadastro/26782/307137-3_1546e116.jpg,141336
cadastro/26782/307137-4_702c5d1e.jpg,10553
cadastro/26782/307137-5_3d61db94.jpg,10553
cadastro/26782/maxresdefault_4770447f.webp,32848
cadastro/26783/307173-1_820576ee.jpg,29407
cadastro/26783/307173-2_128eeef8.jpg,31157
cadastro/26783/307173-3_3077c104.jpg,24493
cadastro/26783/307173-4_86b478ac.jpg,141336
cadastro/26783/307173-5_96b7d5a6.jpg,10553
cadastro/26783/307173-6_d8b1934a.jpg,10553
cadastro/26783/307173-7_eb2ee61f.jpg,10553
cadastro/26783/maxresdefault_4770447f.webp,32848
cadastro/26784/307279-1_d4915252.jpg,35203
cadastro/26784/307279-2_a8d2e456.jpg,23324
cadastro/26784/307279-3_f856cde2.jpg,15423
cadastro/26784/307279-4_f168a727.jpg,141336
cadastro/26784/307279-5_db16c7ea.jpg,15423
cadastro/26784/307279-6_d9c9f814.jpg,15423
cadastro/26784/307279-7_931bb1e5.jpg,15423
cadastro/26784/maxresdefault_4770447f.webp,32848
cadastro/26785/307167-1_cddcf531.jpg,29407
cadastro/26785/307167-2_3c11ec7b.jpg,31157
cadastro/26785/307167-3_d26d2e60.jpg,141336
cadastro/26785/307167-4_dfdf5fa4.jpg,10553
cadastro/26785/307167-5_e2fe8cd1.jpg,10553
cadastro/26785/307167-6_081a38f0.jpg,10553
cadastro/26785/maxresdefault_4770447f.webp,32848
cadastro/26786/307170-1_c113f78f.jpg,29407
cadastro/26786/307170-2_797455d3.jpg,31157
cadastro/26786/307170-3_7fd0c711.jpg,141336
cadastro/26786/307170-4_38a367be.jpg,10553
cadastro/26786/307170-5_f5d3ecf3.jpg,10553
cadastro/26786/maxresdefault_4770447f.webp,32848
cadastro/26787/306613-1_232dbf7f.jpg,28192
cadastro/26787/306613-2_29c03135.jpg,57624
cadastro/26787/306613-3_ec862806.jpg,152582
cadastro/26787/306613-4_0af7d87f.jpg,96556
cadastro/26787/306613-5_c4911a40.jpg,134759
cadastro/26787/306613-6_3f053be2.jpg,78564
cadastro/26787/306613-7_d8970b73.jpg,78564
cadastro/26787/maxresdefault_4770447f.webp,32848
cadastro/26789/306615-1_9309579c.jpg,28192
cadastro/26789/306615-2_05f0bebe.jpg,57624
cadastro/26789/306615-3_aa043268.jpg,152582
cadastro/26789/306615-4_85d447dd.jpg,96556
cadastro/26789/306615-5_62c24c0c.jpg,132670
cadastro/26789/306615-6_29cc5cb8.jpg,78564
cadastro/26789/306615-7_8760b924.jpg,78564
cadastro/26789/maxresdefault_4770447f.webp,32848
cadastro/26790/307149-1_e3423c3e.jpg,29407
cadastro/26790/307149-2_1d104ca8.jpg,31157
cadastro/26790/307149-3_df5b4099.jpg,141336
cadastro/26790/307149-4_3677a630.jpg,10553
cadastro/26790/307149-5_94192be3.jpg,10553
cadastro/26790/maxresdefault_4770447f.webp,32848
cadastro/26791/307156-1_d7c0bcb2.jpg,29407
cadastro/26791/307156-2_308e76e4.jpg,31157
cadastro/26791/307156-3_85f1c47e.jpg,141336
cadastro/26791/307156-4_9a1f3ba3.jpg,10553
cadastro/26791/307156-5_4177891b.jpg,10553
cadastro/26791/maxresdefault_4770447f.webp,32848
cadastro/26794/307150-1_248442c4.jpg,29407
cadastro/26794/307150-2_a02d0376.jpg,31157
cadastro/26794/307150-3_a8799eae.jpg,141336
cadastro/26794/307150-4_d5f3c152.jpg,10553
cadastro/26794/307150-5_f7cd892f.jpg,10553
cadastro/26794/maxresdefault_4ebdd2eb.webp,1133362
cadastro/26795/307153-1_ba016c8f.jpg,29407
cadastro/26795/307153-2_9d7e2681.jpg,31157
cadastro/26795/307153-3_a4ac3908.jpg,141336
cadastro/26795/307153-4_378c5b9e.jpg,10553
cadastro/26795/307153-5_5e002844.jpg,10553
cadastro/26795/maxresdefault_4770447f.webp,32848
cadastro/26797/307152-1_33df85f2.jpg,29407
cadastro/26797/307152-2_ffc64ffc.jpg,31157
cadastro/26797/307152-3_25768842.jpg,26496
cadastro/26797/307152-4_94fb8a82.jpg,141336
cadastro/26797/307152-5_1a1e40a5.jpg,10553
cadastro/26797/maxresdefault_4ebdd2eb.webp,1137496
cadastro/26800/307154-1_106800bf.jpg,29407
cadastro/26800/307154-2_b11b15e7.jpg,31157
cadastro/26800/307154-3_85a0682f.jpg,141336
cadastro/26800/307154-4_ce96bd60.jpg,10553
cadastro/26800/307154-5_d73a27cd.jpg,10553
cadastro/26800/maxresdefault_4770447f.webp,32848
cadastro/26814/331751-1_87d033c4.jpg,22957
cadastro/26814/331751-2_0c0b2055.jpg,18302
cadastro/26814/331751-3_8059423a.jpg,11522
cadastro/26814/331751-4_ce5c59e9.jpg,16871
cadastro/26814/331751-5_2b4643c4.jpg,29447
cadastro/26814/331751-6_c44d0187.jpg,116219
cadastro/26814/331751-7_97f860a2.jpg,96696
cadastro/26814/331751-8_4287b151.jpg,115986
cadastro/26814/331751_7641043a.jpg,24018
cadastro/26830/326636-1_5cd4dea5.jpg,33264
cadastro/26830/326636-2_f3946203.jpg,70330
cadastro/26830/326636_c535a1b5.jpg,80787
cadastro/26833/326637-1_6a2d9abb.jpg,33264
cadastro/26833/326637-2_64ee0e80.jpg,70330
cadastro/26833/326637_9662f913.jpg,80787
cadastro/26838/314268-1_b4f54138.jpg,13532
cadastro/26838/314268-2_a82c71b3.jpg,12787
cadastro/26838/314268-3_69e372ea.jpg,18081
cadastro/26838/314268-4_ec65b394.jpg,18081
cadastro/26838/maxresdefault_4fc2f962.webp,1071496
cadastro/26839/301770_a0f2fd46.jpg,51708
cadastro/26871/320935-1_9d858c0b.jpg,18063
cadastro/26871/320935-5_a2d8301b.jpg,22299
cadastro/26871/320935-6_70d81b32.jpg,16549
cadastro/26871/320935-7_a4468fae.jpg,18008
cadastro/26872/320936-1_ef1dcf72.jpg,18063
cadastro/26872/320936-2_144a01f7.jpg,22299
cadastro/26872/320936-3_c76d7587.jpg,16549
cadastro/26872/320936-4_860955b5.jpg,18008
cadastro/26873/320940-1_96592021.jpg,18063
cadastro/26873/320940-2_9c903004.jpg,22299
cadastro/26873/320940-3_8bb1ea66.jpg,16549
cadastro/26873/320940-4_6039e033.jpg,18008
cadastro/26874/320937-1_bd2236ba.jpg,18063
cadastro/26874/320937-2_bfdc9568.jpg,22299
cadastro/26874/320937-3_e3024236.jpg,16549
cadastro/26874/320937-4_e613183d.jpg,18008
cadastro/26879/315435-1_fe9104c1.jpg,29374
cadastro/26879/315435-2_278d0db9.jpg,27646
cadastro/26879/315435-3_3e336b14.jpg,46467
cadastro/26879/315435_443c5f71.jpg,16335
cadastro/26909/326225-1_ab1b4ab5.jpg,19361
cadastro/26909/326225-2_0f926e11.jpg,30276
cadastro/26909/326225_5db04ac1.jpg,23997
cadastro/26916/311953-1_cfdf953a.jpg,28225
cadastro/26916/311953-2_481e1710.jpg,56474
cadastro/26916/311953-3_18dae7c0.jpg,15157
cadastro/26932/311949-1_1bd600fe.jpg,32208
cadastro/26932/311949-2_f48ae4f2.jpg,44720
cadastro/26932/311949-3_4f4245ae.jpg,56474
cadastro/26932/311949-4_75533390.jpg,15157
cadastro/26932/311949-5_6c280311.jpg,15157
cadastro/26932/maxresdefault_6b907c8f.webp,1138927
cadastro/26933/311764-1_99288635.jpg,32208
cadastro/26933/311764-2_b218a27c.jpg,44720
cadastro/26933/311764-3_7fced18e.jpg,56474
cadastro/26933/311764-4_9beed67b.jpg,15157
cadastro/26933/311764-5_b044f074.jpg,15157
cadastro/26933/maxresdefault_6b907c8f.webp,1150647
cadastro/26934/311755-1_03c93063.jpg,32946
cadastro/26934/311755-2_09a902fd.jpg,44720
cadastro/26934/311755-3_1df91a6a.jpg,56446
cadastro/26934/311755-4_f23834f8.jpg,15166
cadastro/26934/maxresdefault_6b907c8f.webp,1144239
cadastro/26935/311765-1_b47bc416.jpg,32208
cadastro/26935/311765-2_8d23c9f2.jpg,44720
cadastro/26935/311765-3_9eb4326b.jpg,56474
cadastro/26935/311765-4_001286ca.jpg,15157
cadastro/26935/311765-5_96ce1e8f.jpg,15157
cadastro/26935/maxresdefault_6b907c8f.webp,1139872
cadastro/26936/311760-1_36ffdc55.jpg,32208
cadastro/26936/311760-2_ff4e09d5.jpg,44720
cadastro/26936/311760-3_801d7bd1.jpg,56474
cadastro/26936/311760-4_ba3bee00.jpg,15157
cadastro/26936/311760-5_6e35588d.jpg,15157
cadastro/26936/maxresdefault_6b907c8f.webp,1154338
cadastro/26937/311766-1_162e6db0.jpg,32208
cadastro/26937/311766-2_6e7207bb.jpg,44720
cadastro/26937/311766-3_80599217.jpg,56474
cadastro/26937/311766-4_0c7ebd48.jpg,15157
cadastro/26937/311766-5_77c588b9.jpg,15157
cadastro/26937/maxresdefault_6b907c8f.webp,1153298
cadastro/26938/311767-1_265d964a.jpg,32208
cadastro/26938/311767-2_553c8b15.jpg,44720
cadastro/26938/311767-3_68b3e9de.jpg,56474
cadastro/26938/311767-4_7a9d3c99.jpg,15157
cadastro/26938/311767-5_2e74afb9.jpg,15157
cadastro/26938/maxresdefault_6b907c8f.webp,1146833
cadastro/26939/311773-1_144630b6.jpg,32208
cadastro/26939/311773-2_34834295.jpg,44720
cadastro/26939/311773-3_cfd7404b.jpg,56474
cadastro/26939/311773-4_b207eef0.jpg,15157
cadastro/26939/311773-5_92708295.jpg,15157
cadastro/26939/maxresdefault_6b907c8f.webp,1144731
cadastro/26940/311774-1_10c2be75.jpg,32208
cadastro/26940/311774-2_801175d6.jpg,44720
cadastro/26940/311774-3_355896d7.jpg,56474
cadastro/26940/311774-4_bd7cc41c.jpg,15157
cadastro/26940/311774-5_684b125e.jpg,15157
cadastro/26940/maxresdefault_6b907c8f.webp,1137896
cadastro/26941/311771-1_2543cd0e.jpg,32208
cadastro/26941/311771-2_cfdb8ba8.jpg,44720
cadastro/26941/311771-3_b7092a3b.jpg,56474
cadastro/26941/311771-4_c57c3730.jpg,15157
cadastro/26941/311771-5_c10ee2fb.jpg,15157
cadastro/26941/maxresdefault_6b907c8f.webp,1142413
cadastro/26942/311775-1_89aefba5.jpg,32208
cadastro/26942/311775-2_612a5771.jpg,44720
cadastro/26942/311775-3_089eaafe.jpg,56474
cadastro/26942/311775-4_057034dd.jpg,15157
cadastro/26942/311775-5_b79e30a5.jpg,15157
cadastro/26942/maxresdefault_6b907c8f.webp,1154050
cadastro/26953/312072-1_1cf43975.jpg,22074
cadastro/26953/312072-2_56f2c39e.jpg,23041
cadastro/26953/312072_ee1da590.jpg,14381
cadastro/26961/312070-1_fb69a0a9.jpg,22074
cadastro/26961/312070-2_4ed062cf.jpg,23041
cadastro/26961/312070_43f5b339.jpg,14381
cadastro/26964/312068-1_0da46e91.jpg,22074
cadastro/26964/312068-2_eca46515.jpg,23041
cadastro/26964/312068_86d47067.jpg,14381
cadastro/26969/312065-1_78bb18cb.jpg,22074
cadastro/26969/312065-2_4799f866.jpg,23041
cadastro/26969/312065_1590dfb4.jpg,14381
cadastro/26977/312062-1_10ef176a.jpg,22074
cadastro/26977/312062-2_457b1fff.jpg,23041
cadastro/26977/312062_16b49f66.jpg,14381
cadastro/26980/312137-1_837e4fc0.jpg,22074
cadastro/26980/312137-2_cec24129.jpg,23041
cadastro/26980/312137_b5fa0168.jpg,14381
cadastro/26997/265799-1_0a10b85e.jpg,22927
cadastro/26999/305854-1_0b81c15d.jpg,134973
cadastro/26999/305854-2_dda16f20.jpg,123745
cadastro/26999/305854-3_2a4ac3cf.jpg,123745
cadastro/27024/265798-1_87d92aba.jpg,28040
cadastro/27035/292223-4_60e875a6.jpg,27955
cadastro/27035/292223-5_34d9f71e.jpg,34406
cadastro/27035/292223-6_53fc8e3c.jpg,19337
cadastro/27035/292223-7_45484d44.jpg,20520
cadastro/27037/312281-1_0c130718.jpg,14890
cadastro/27037/312281-2_26a1db63.jpg,22514
cadastro/27037/312281-3_3cf7bf98.jpg,13946
cadastro/27037/312281-4_e5b1dec9.jpg,13946
cadastro/27039/280871-4_a86dbdc5.jpg,27955
cadastro/27039/280871-5_06adaa70.jpg,34406
cadastro/27039/280871-6_05bece66.jpg,19337
cadastro/27039/280871-7_fac24240.jpg,20520
cadastro/27044/310611-1_123fd746.jpg,28133
cadastro/27044/310611-2_7e32bb62.jpg,79655
cadastro/27044/310611-3_6bd387e0.jpg,23873
cadastro/27044/310611-4_f9232993.jpg,23873
cadastro/27048/326223-1_9903341d.jpg,19361
cadastro/27048/326223-2_d9fc3dc0.jpg,30276
cadastro/27048/326223-3_3153b320.jpg,23997
cadastro/27049/280869-6_44b71377.jpg,27955
cadastro/27049/280869-7_79be0950.jpg,34406
cadastro/27049/280869-8_fa28cde3.jpg,19337
cadastro/27049/280869-9_f2efadde.jpg,20520
cadastro/27053/308103-1_26a8cb2c.jpg,31638
cadastro/27053/308103-2_672dc39e.jpg,19993
cadastro/27053/308103-3_2e5fb03a.jpg,76776
cadastro/27053/308103-4_0ca2ee0a.jpg,23423
cadastro/27053/308103-5_32156257.jpg,23423
cadastro/27053/maxresdefault_4f480ea1.webp,1121445
cadastro/27054/308212-1_f87dd4e9.jpg,16313
cadastro/27054/308212-2_d1f966de.jpg,23679
cadastro/27054/308212-3_08a60074.jpg,17925
cadastro/27054/308212-4_1af0180b.jpg,17925
cadastro/27056/312283-1_0e4f750a.jpg,14890
cadastro/27056/312283-2_9d99c8f4.jpg,22514
cadastro/27056/312283-3_a23e0834.jpg,11049
cadastro/27056/312283-4_b0dbaf45.jpg,46643
cadastro/27056/312283-5_c8b24176.jpg,13946
cadastro/27062/308104-1_34265aac.jpg,19993
cadastro/27062/308104-2_209fcb88.jpg,31638
cadastro/27062/308104-3_c5d08041.jpg,23423
cadastro/27062/308104-4_3fb39500.jpg,23423
cadastro/27062/308104-5_b98d875f.jpg,23423
cadastro/27062/maxresdefault_4f480ea1.webp,1140207
cadastro/27067/326224-1_53ba41f5.jpg,19361
cadastro/27067/326224-2_1097417b.jpg,30276
cadastro/27067/326224-3_dd743b5d.jpg,23997
cadastro/27076/312285-4_5f429fcc.jpg,11049
cadastro/27076/312285-5_d338412e.jpg,25533
cadastro/27076/312285-6_87eaf213.jpg,13487
cadastro/27076/312285-7_88783e70.jpg,13946
cadastro/27077/308105-1_05b08000.jpg,19993
cadastro/27077/308105-2_17683cb0.jpg,31638
cadastro/27077/308105-3_7c6f6047.jpg,76776
cadastro/27077/308105-4_ead1b672.jpg,23423
cadastro/27077/308105-5_009bf687.jpg,23423
cadastro/27077/308105-6_8aaf1595.jpg,23423
cadastro/27085/308109-1_b023ad5b.jpg,19993
cadastro/27085/308109-2_d51f1240.jpg,31638
cadastro/27085/308109-3_9d640961.jpg,76776
cadastro/27085/308109-4_d4f128d5.jpg,23423
cadastro/27085/308109-5_8ff9540c.jpg,23423
cadastro/27085/308109-6_260ed157.jpg,23423
cadastro/27085/maxresdefault_3b231403.webp,1147596
cadastro/27087/307266-1_eb88e10b.jpg,114151
cadastro/27087/307266-2_5b75b426.jpg,78209
cadastro/27087/307266_62a5eb9b.jpg,61698
cadastro/27088/308115-1_e31bf7dd.jpg,14302
cadastro/27088/308115-2_74647056.jpg,17316
cadastro/27088/308115-3_1e5f8920.jpg,15563
cadastro/27088/maxresdefault_4f480ea1.webp,1137029
cadastro/27089/326222-1_eaa99f9f.jpg,19588
cadastro/27089/326222-2_a7e4339b.jpg,22514
cadastro/27089/326222-3_b3a627d3.jpg,11049
cadastro/27089/326222-4_7ccdd51a.jpg,46643
cadastro/27089/326222_c5375859.jpg,26622
cadastro/27093/307202-1_1424b73d.jpg,65013
cadastro/27093/307202-2_07d9bf8e.jpg,56644
cadastro/27093/307202-3_17a40511.jpg,37622
cadastro/27093/307202-4_1146f778.jpg,37622
cadastro/27098/317729-1_9b676973.jpg,20776
cadastro/27098/317729-2_5311fc10.jpg,16474
cadastro/27098/317729-3_e6a5fee6.jpg,65329
cadastro/27098/317729-4_b7992a0f.jpg,17618
cadastro/27108/307200-1_a045c42f.jpg,27654
cadastro/27108/307200-2_a519c1a8.jpg,14120
cadastro/27108/307200-3_480e66c1.jpg,22731
cadastro/27108/307200-4_714390a5.jpg,22731
cadastro/27108/307200_57605357.jpg,18173
cadastro/27119/308116-1_9252c4ae.jpg,19993
cadastro/27119/308116-3_078c06c2.jpg,19993
cadastro/27119/308116-4_b419b804.jpg,31638
cadastro/27119/308116-5_73261cfd.jpg,76776
cadastro/27119/308116-6_6983d76c.jpg,23423
cadastro/27119/308116-7_12fac20e.jpg,23423
cadastro/27119/308116-8_f2b2c2db.jpg,23423
cadastro/27125/308120-1_254fcdd7.jpg,19993
cadastro/27125/308120-2_5e27fd60.jpg,31638
cadastro/27125/308120-3_c2878fcd.jpg,76776
cadastro/27125/308120-4_62bdf910.jpg,23423
cadastro/27125/308120-5_39b55bf2.jpg,23423
cadastro/27133/308216-1_644aa4bd.jpg,23679
cadastro/27133/308216-2_208575f2.jpg,16313
cadastro/27133/308216-3_696b738f.jpg,17925
cadastro/27133/308216-4_85f4af95.jpg,17925
cadastro/27135/312292-1_12c9986b.jpg,25533
cadastro/27135/312292-2_1a064ebd.jpg,13487
cadastro/27135/312292-3_bd003948.jpg,9729
cadastro/27135/maxresdefault_4770447f.webp,32848
cadastro/27136/308130-1_de644c37.jpg,19993
cadastro/27136/308130-2_df69a5db.jpg,31638
cadastro/27136/308130-3_b1e1287c.jpg,76776
cadastro/27136/308130-4_2cc3eb13.jpg,23423
cadastro/27136/308130-5_0187ebf8.jpg,23423
cadastro/27136/308130-6_871bca4a.jpg,23423
cadastro/27137/308217-1_c0d1341f.jpg,16313
cadastro/27137/308217-2_f1027d17.jpg,23679
cadastro/27137/308217-3_eadb21c1.jpg,17925
cadastro/27137/308217-4_5991199b.jpg,17925
cadastro/27137/308217-5_24dfd524.jpg,17925
cadastro/27138/306587-1_e1d0814f.jpg,294946
cadastro/27138/306587-2_0d1a6715.jpg,381665
cadastro/27138/306587-3_f5f77e02.jpg,62025
cadastro/27138/306587-4_52ff34f5.jpg,62025
cadastro/27139/315362-1_e63016c9.jpg,19254
cadastro/27139/315362-2_cd526d29.jpg,35578
cadastro/27139/315362-3_b4da3dc3.jpg,23233
cadastro/27139/315362-4_bce51a50.jpg,23233
cadastro/27139/maxresdefault_5b89eeaf.webp,79502
cadastro/27140/312296-1_ab874d4d.jpg,25533
cadastro/27140/312296-2_b5d590b6.jpg,13487
cadastro/27140/312296-3_306319e6.jpg,9729
cadastro/27140/maxresdefault_4770447f.webp,32848
cadastro/27142/306592-10_1cc7685f.jpg,28747
cadastro/27142/306592-6_39f60546.jpg,20152
cadastro/27142/306592-7_ca3ece93.jpg,30328
cadastro/27142/306592-8_601aedfa.jpg,39374
cadastro/27142/306592-9_e88fe989.jpg,33654
cadastro/27143/312257-1_bd462c4d.jpg,14890
cadastro/27143/312257-2_4977ef20.jpg,22514
cadastro/27143/312257-3_36137c8f.jpg,11049
cadastro/27143/312257-4_8f574293.jpg,46643
cadastro/27143/312257-5_e08410a7.jpg,13946
cadastro/27143/312257-6_fa3d38f2.jpg,13946
cadastro/27143/maxresdefault_4770447f.webp,32848
cadastro/27147/315367-1_c31b652e.jpg,37610
cadastro/27147/315367-2_4d302aa2.jpg,25708
cadastro/27147/315367-3_9b4fa3e6.jpg,28570
cadastro/27147/315367-4_373cf025.jpg,28570
cadastro/27150/265817-1_804def48.jpg,9200
cadastro/27150/265817-2_896a9855.jpg,12151
cadastro/27150/265817-3_f95afb00.jpg,14636
cadastro/27150/maxresdefault_bebb7f9f.webp,96566
cadastro/27151/308131-1_1e561c73.jpg,31638
cadastro/27151/308131-2_fefe9c84.jpg,19993
cadastro/27151/308131-3_f6726c39.jpg,76776
cadastro/27151/308131-5_b203d83c.jpg,23423
cadastro/27155/308220-1_8ad12cc7.jpg,16313
cadastro/27155/308220-2_271e3110.jpg,23679
cadastro/27155/308220-3_11a66172.jpg,17925
cadastro/27155/308220-4_d66b1870.jpg,17925
cadastro/27156/308133-1_dbaba81d.jpg,19993
cadastro/27156/308133-2_1d4c3c07.jpg,31638
cadastro/27156/308133-3_a3c8f217.jpg,76776
cadastro/27156/308133-4_9c74c585.jpg,23423
cadastro/27156/308133-5_72a423a0.jpg,23423
cadastro/27156/308133-6_b2a27f27.jpg,23423
cadastro/27164/308136-1_662117cd.jpg,19993
cadastro/27164/308136-2_b309b02f.jpg,31638
cadastro/27164/308136-3_aac8db7a.jpg,76776
cadastro/27164/308136-4_4f495f1e.jpg,23423
cadastro/27164/308136-5_a16275cd.jpg,23423
cadastro/27164/308136-6_5d570a4a.jpg,23423
cadastro/27169/280868-6_4c9b49ca.jpg,27955
cadastro/27169/280868-7_8918d93a.jpg,34406
cadastro/27169/280868-8_34ac5482.jpg,19337
cadastro/27169/280868-9_a18a3498.jpg,20520
cadastro/27172/308221-1_4d232268.jpg,16313
cadastro/27172/308221-2_153de309.jpg,23679
cadastro/27172/308221-3_e195e41a.jpg,17925
cadastro/27172/308221-4_b0127475.jpg,17925
cadastro/27173/308140-1_6d810d21.jpg,19993
cadastro/27173/308140-2_883a206e.jpg,31638
cadastro/27173/308140-3_dba39a16.jpg,76776
cadastro/27173/308140-4_d47b92ea.jpg,23423
cadastro/27173/308140-5_addbf49c.jpg,23423
cadastro/27176/325703-1_3f91cb54.jpg,20287
cadastro/27176/325703-2_6088c4cc.jpg,28458
cadastro/27176/325703-3_d8ded5e8.jpg,26152
cadastro/27198/308152-1_b9ef4948.jpg,30917
cadastro/27198/308152-2_f94ab5fe.jpg,13348
cadastro/27198/308152-3_d4d1de7a.jpg,76776
cadastro/27198/308152-4_50ff77e9.jpg,14114
cadastro/27198/308152-5_f8e3a229.jpg,14114
cadastro/27199/312300-1_40b17de1.jpg,25533
cadastro/27199/312300-2_c733ba34.jpg,13487
cadastro/27199/312300-3_200e800f.jpg,9729
cadastro/27199/312300-4_dc724102.jpg,9729
cadastro/27199/maxresdefault_4770447f.webp,32848
cadastro/27207/308160-1_339563dc.jpg,19993
cadastro/27207/308160-2_7bfdf6c6.jpg,31638
cadastro/27207/308160-3_0655232b.jpg,76776
cadastro/27207/308160-4_466ea7f3.jpg,23423
cadastro/27207/308160-5_a4321717.jpg,23423
cadastro/27213/308172-1_73ec042f.jpg,19993
cadastro/27213/308172-2_ea6c42e9.jpg,31638
cadastro/27213/308172-3_e49b6d72.jpg,76776
cadastro/27213/308172-4_8da592a3.jpg,23423
cadastro/27213/308172-5_c5282ffc.jpg,23423
cadastro/27213/308172-6_6b939c9f.jpg,23423
cadastro/27217/292284-1_a4e6cfa5.jpg,9189
cadastro/27217/292284-2_7f50feee.jpg,76015
cadastro/27222/308174-1_940246a1.jpg,19993
cadastro/27222/308174-2_f9bb7b22.jpg,31638
cadastro/27222/308174-3_4f7acadd.jpg,76776
cadastro/27222/308174-4_83342894.jpg,23423
cadastro/27222/308174-5_49c1d95a.jpg,23423
cadastro/27224/312319-1_e7dcf41e.jpg,25533
cadastro/27224/312319-2_7c68c5ec.jpg,13487
cadastro/27224/312319-3_13572e7d.jpg,11808
cadastro/27224/312319-4_904ce19c.jpg,11808
cadastro/27224/maxresdefault_4770447f.webp,32848
cadastro/27235/280873-6_b1ab2611.jpg,27955
cadastro/27235/280873-7_cf1ae767.jpg,34406
cadastro/27235/280873-8_56bce9b1.jpg,19337
cadastro/27235/280873-9_b95c78b4.jpg,20520
cadastro/27245/308177-1_37562c9d.jpg,19993
cadastro/27245/308177-2_73017558.jpg,31638
cadastro/27245/308177-3_95f09b61.jpg,76776
cadastro/27245/308177-4_ecc5d9bd.jpg,23423
cadastro/27245/308177-5_d27dcbbe.jpg,23423
cadastro/27245/308177-6_e297819c.jpg,23423
cadastro/27247/308178-1_442787f0.jpg,19993
cadastro/27247/308178-2_4d6911c9.jpg,31638
cadastro/27247/308178-3_3eb486a5.jpg,76776
cadastro/27247/308178-4_0deae580.jpg,23423
cadastro/27247/308178-5_ac62f600.jpg,23423
cadastro/27247/308178-6_53c7acf4.jpg,23423
cadastro/27251/326230-1_697c2961.jpg,19361
cadastro/27251/326230-2_cee1ce74.jpg,30276
cadastro/27251/326230-3_3f100691.jpg,23997
cadastro/27266/325708-1_cd2e67f3.jpg,14890
cadastro/27266/325708-2_5050a0e4.jpg,22514
cadastro/27266/325708-3_f7a1944b.jpg,11049
cadastro/27266/325708-4_d6626d55.jpg,46643
cadastro/27266/325708-5_ed1cd1f0.jpg,13946
cadastro/27267/307296-1_7d208c94.jpg,117962
cadastro/27267/307296-2_88c4828f.jpg,90105
cadastro/27267/307296-3_770321af.jpg,376567
cadastro/27267/307296-4_af1ef6be.jpg,49230
cadastro/27267/307296-5_ff97230f.jpg,49230
cadastro/27279/315373-1_5eea8bac.jpg,37746
cadastro/27279/315373-2_a3e563a7.jpg,21920
cadastro/27279/315373-3_01213f42.jpg,42467
cadastro/27279/315373-4_e123e651.jpg,20686
cadastro/27279/315373-5_6f6d54cd.jpg,20686
cadastro/27280/312287-1_75b0d3e3.jpg,10891
cadastro/27280/312287-2_75bc7f38.jpg,34016
cadastro/27280/312287-3_0ab1f952.jpg,43555
cadastro/27280/312287-4_d712be64.jpg,25348
cadastro/27280/312287-5_2e73935d.jpg,7341
cadastro/27280/312287-6_e85ca4f0.jpg,7341
cadastro/27283/312288-1_eb6aedd1.jpg,10891
cadastro/27283/312288-2_ae830432.jpg,28644
cadastro/27283/312288-3_c06b0e23.jpg,37440
cadastro/27283/312288-4_52dc8879.jpg,24563
cadastro/27283/312288-5_440d614e.jpg,7341
cadastro/27283/312288-6_07f84d29.jpg,7341
cadastro/27308/292415-1_108e5ded.jpg,11373
cadastro/27308/292415-2_8c90e39a.jpg,20164
cadastro/27308/292415-3_f32c1498.jpg,28038
cadastro/27309/292232-4_5f5eb27e.jpg,26428
cadastro/27309/292232-5_aa1d3805.jpg,40059
cadastro/27309/292232-6_de245b53.jpg,21912
cadastro/27309/292232-7_5d013a79.jpg,26846
cadastro/27311/324977-1_a301e9d5.jpg,15557
cadastro/27311/324977-2_c5413b3e.jpg,21830
cadastro/27311/324977-3_663896dc.jpg,20423
cadastro/27311/324977-4_93b95f53.jpg,20423
cadastro/27324/321808-1_f3498250.jpg,14882
cadastro/27324/321808-2_277f1fe7.jpg,25602
cadastro/27324/321808-3_2293c995.jpg,22341
cadastro/27324/321808-4_d8bb6ecf.jpg,22341
cadastro/27325/321810-1_8f7a6ee2.jpg,20009
cadastro/27325/321810-2_295c8fd0.jpg,22056
cadastro/27325/321810-3_19628dc9.jpg,42025
cadastro/27325/321810-4_392da8ec.jpg,37366
cadastro/27325/321810_ce884f23.jpg,33192
cadastro/27326/321819-1_77892256.jpg,14132
cadastro/27326/321819-2_ca5e87df.jpg,26428
cadastro/27326/321819-3_786e518e.jpg,22989
cadastro/27326/321819-4_18d8e9ef.jpg,22989
cadastro/27329/308190-1_e5d72c00.jpg,58426
cadastro/27329/308190-2_7063d638.jpg,32533
cadastro/27329/308190-3_33456324.jpg,136056
cadastro/27329/308190-4_77d24d6b.jpg,22808
cadastro/27329/maxresdefault_4770447f.webp,32848
cadastro/27330/308195-1_aa6a9406.jpg,58426
cadastro/27330/308195-2_9c7e855f.jpg,32533
cadastro/27330/308195-3_224e1cca.jpg,136056
cadastro/27330/308195-4_ed7c21a5.jpg,22808
cadastro/27330/maxresdefault_4770447f.webp,32848
cadastro/27343/324978-1_ad02e483.jpg,15557
cadastro/27343/324978-2_48e7c027.jpg,21830
cadastro/27343/324978-3_4d8bdfe3.jpg,20423
cadastro/27343/324978-4_73d1eb49.jpg,20423
cadastro/27347/324979-1_3f1abe87.jpg,15557
cadastro/27347/324979-2_adc86188.jpg,21830
cadastro/27347/324979-3_e46a6a0d.jpg,20423
cadastro/27347/324979-4_16be3828.jpg,20423
cadastro/27357/292226-4_e4f646cf.jpg,20357
cadastro/27357/292226-5_c4b2c67b.jpg,29015
cadastro/27357/292226-6_f8b40702.jpg,20219
cadastro/27357/292226-7_54e22650.jpg,24100
cadastro/27358/292224-4_ce1088dd.jpg,20357
cadastro/27358/292224-5_fb816510.jpg,29015
cadastro/27358/292224-6_387aef4b.jpg,20219
cadastro/27358/292224-7_6ccfda31.jpg,24100
cadastro/27358/292224-8_f6a4e5b9.jpg,24100
cadastro/27360/292225-4_9049c75f.jpg,20357
cadastro/27360/292225-5_93279749.jpg,29015
cadastro/27360/292225-6_067662f5.jpg,20219
cadastro/27360/292225-7_a5fe5853.jpg,24100
cadastro/27382/308186-1_8cdf3ac6.jpg,58426
cadastro/27382/308186-2_688d2824.jpg,32533
cadastro/27382/308186-3_35322c56.jpg,136056
cadastro/27382/308186-4_c636c4c5.jpg,22808
cadastro/27382/maxresdefault_4770447f.webp,32848
cadastro/27400/292454-1_fbc8375d.jpg,12133
cadastro/27400/292454-2_605ac501.jpg,21280
cadastro/27400/maxresdefault_bebb7f9f.webp,96566
cadastro/27405/292238-3_c3e5d33e.jpg,21712
cadastro/27405/292238-4_fb99443a.jpg,17232
cadastro/27405/292238-5_f6f56a47.jpg,26428
cadastro/27405/292238-6_cebfe311.jpg,40059
cadastro/27405/292238-7_96750d83.jpg,26846
cadastro/27406/292237-4_81604ba4.jpg,26428
cadastro/27406/292237-5_626cc6a1.jpg,40059
cadastro/27406/292237-6_a64a83a8.jpg,21912
cadastro/27406/292237-7_8b76a7bd.jpg,26846
cadastro/27534/315637-1_f26983a3.jpg,23751
cadastro/27534/315637-2_1ed78466.jpg,14782
cadastro/27534/315637-3_c1d40a20.jpg,17715
cadastro/27559/280877-2_2a531c43.jpg,20268
cadastro/27559/280877-3_407e0643.jpg,39061
cadastro/27559/280877-4_21b8aab1.jpg,39061
cadastro/27559/280877-5_c228cded.jpg,20863
cadastro/27559/280877-6_b5d59910.jpg,29793
cadastro/27570/308197-1_42bd1d3e.jpg,34361
cadastro/27570/308197-2_59bdff3f.jpg,39781
cadastro/27570/308197-3_9ef741be.jpg,34205
cadastro/27570/308197-4_b5bfdb18.jpg,34205
cadastro/27575/307212-4_eef29837.jpg,21405
cadastro/27575/307212-5_ab8510d7.jpg,34243
cadastro/27575/307212-6_15633a2e.jpg,23767
cadastro/27575/307212-7_782d0802.jpg,34231
cadastro/27575/307212-8_90abdda9.jpg,34231
cadastro/27583/280876-2_97dfa913.jpg,20268
cadastro/27583/280876-3_943084ea.jpg,39061
cadastro/27583/280876-4_522a2aa8.jpg,20863
cadastro/27583/280876-5_b33bf5ba.jpg,29793
cadastro/27662/285929-1_2977ec94.jpg,34519
cadastro/27662/285929-2_366c51c9.jpg,43455
cadastro/27662/285929-3_c1a26fd4.jpg,22214
cadastro/27662/285929-4_0b805f92.jpg,33922
cadastro/27663/285928-1_b3342544.jpg,34519
cadastro/27663/285928-2_b1e8c97d.jpg,43455
cadastro/27663/285928-3_eeaa0ad5.jpg,22214
cadastro/27663/285928-4_2ee7967a.jpg,33922
cadastro/27664/285930-1_3b884d39.jpg,34519
cadastro/27664/285930-2_dabffc34.jpg,43455
cadastro/27664/285930-3_d39eaf0a.jpg,22214
cadastro/27664/285930-4_acd81dc9.jpg,33922
cadastro/27665/285931-1_1b78126e.jpg,34519
cadastro/27665/285931-2_b6e7f9f1.jpg,43455
cadastro/27665/285931-3_7c9accde.jpg,22214
cadastro/27665/285931-4_034cd150.jpg,33922
cadastro/27708/318735-1_e12700ea.jpg,72605
cadastro/27708/318735-2_276e9d19.jpg,84934
cadastro/27708/318735-3_166b18bb.jpg,65084
cadastro/27708/318735-4_1afc4c4e.jpg,82452
cadastro/27708/318735-5_e6a19892.jpg,161765
cadastro/27708/318735-6_43467182.jpg,96932
cadastro/27708/maxresdefault_73b1329b.webp,73686
cadastro/27710/299009-1_1d8b6e0b.jpg,77286
cadastro/27710/299009-2_763034af.jpg,51216
cadastro/27710/299009-3_1112020a.jpg,114138
cadastro/27710/299009-4_cbb4fb31.jpg,253844
cadastro/27725/293438-1_df98ef18.jpg,82512
cadastro/27725/293438-2_a05af6e7.jpg,50939
cadastro/27725/293438-3_7a544e64.jpg,45456
cadastro/27725/maxresdefault_4c8c97d5.webp,97988
cadastro/27888/307216-10_4b021d77.jpg,43521
cadastro/27888/307216-11_e7497129.jpg,85290
cadastro/27888/307216-12_44aecb18.jpg,70378
cadastro/27888/307216-13_c31eb323.jpg,69061
cadastro/27888/307216-14_dd10a698.jpg,35758
cadastro/27888/307216-8_5ae0f00e.jpg,35240
cadastro/27901/307217-1_d89df2f2.jpg,47967
cadastro/27901/307217-2_bcab22b4.jpg,57917
cadastro/27901/307217-3_2aa53d25.jpg,47847
cadastro/27901/307217-4_30767df6.jpg,61673
cadastro/27901/307217-5_1fb96631.jpg,66625
cadastro/27901/307217-6_19cfa031.jpg,46306
cadastro/27901/307217-7_64699f56.jpg,44473
cadastro/27901/307217-8_9d9ba496.jpg,44473
cadastro/27901/maxresdefault_b36e2378.webp,48988
cadastro/27938/331586-1_0298dc78.jpg,44767
cadastro/27938/331586-2_4e6374fe.jpg,42017
cadastro/27938/331586-3_a42b7ad5.jpg,86059
cadastro/27947/267378-1_2cbc9fbf.jpg,32236
cadastro/27947/267378-2_b3ab52d0.jpg,48514
cadastro/27947/267378-3_a05a0135.jpg,38935
cadastro/27947/267378-4_42cdca64.jpg,43198
cadastro/27947/267378-5_353d5970.jpg,43198
cadastro/27964/295788-1_f4733293.jpg,38992
cadastro/27964/295788-2_1ac79b9b.jpg,17108
cadastro/27964/295788-3_7674e52b.jpg,27115
cadastro/27964/295788-4_10056518.jpg,27115
cadastro/27968/332056-1_a01ed1ed.jpg,35019
cadastro/27968/332056_b16cafc5.jpg,75197
cadastro/28006/299755-1_b92917be.jpg,144271
cadastro/28006/299755-2_a53ea537.jpg,69565
cadastro/28007/299771-1_b23c7794.jpg,144271
cadastro/28007/299771-2_8bdd5278.jpg,69565
cadastro/28008/299757-1_9a165942.jpg,144271
cadastro/28008/299757-2_2dd055df.jpg,69565
cadastro/28011/319957-1_6e63d276.jpg,19407
cadastro/28011/319957-2_deb072bf.jpg,16742
cadastro/28013/332084-1_ec467594.jpg,24111
cadastro/28013/332084-2_1d34b322.jpg,33872
cadastro/28013/332084_eb12ccd1.jpg,30770
cadastro/28033/299318-1_de70142d.jpg,24487
cadastro/28033/299318-2_655866d0.jpg,24849
cadastro/28033/299318-3_57867fb0.jpg,24301
cadastro/28034/295635-1_7d5eeeb7.jpg,27916
cadastro/28034/295635-2_04c00114.jpg,22446
cadastro/28034/295635-3_222f9c5f.jpg,38778
cadastro/28034/295635-4_ca5f12d2.jpg,27695
cadastro/28102/323726-1_8118145d.jpg,15214
cadastro/28102/323726-2_ab9dce89.jpg,15350
cadastro/28102/323726-3_ff0fb100.jpg,13542
cadastro/28102/323726-4_05ebecb2.jpg,13542
cadastro/28105/265756-1_e10c28ad.jpg,9661
cadastro/28105/265756_8adbf9ee.jpg,53404
cadastro/28105/maxresdefault_bebb7f9f.webp,96566
cadastro/28167/319916-1_ea484f5d.jpg,49488
cadastro/28167/319916_2eb8ccbb.jpg,42195
cadastro/28178/315797-1_083cf9b6.jpg,42529
cadastro/28178/315797-2_baeddb17.jpg,35598
cadastro/28178/315797-3_8a585055.jpg,99603
cadastro/28178/315797-4_2f03fafd.jpg,33841
cadastro/28178/315797-5_ba37c48c.jpg,33841
cadastro/28181/315798-1_20008770.jpg,42529
cadastro/28181/315798-2_61e55691.jpg,35598
cadastro/28181/315798-3_2ad9ef33.jpg,99603
cadastro/28181/315798-4_c3978f00.jpg,33841
cadastro/28181/315798-5_363987d9.jpg,33841
cadastro/28199/312185-1_a8cf4eb2.jpg,44125
cadastro/28199/312185-2_11f719a9.jpg,100458
cadastro/28199/312185-3_ab861aa8.jpg,34024
cadastro/28199/312185-4_d2936678.jpg,34024
cadastro/28199/maxresdefault_4770447f.webp,32848
cadastro/28200/312190-1_88afef45.jpg,44125
cadastro/28200/312190-2_7d698449.jpg,100458
cadastro/28200/312190-3_72342b8e.jpg,34024
cadastro/28200/312190-4_182e4589.jpg,34024
cadastro/28200/maxresdefault_4770447f.webp,32848
cadastro/28201/312187-1_c6d58c04.jpg,44125
cadastro/28201/312187-2_2655b5fc.jpg,100458
cadastro/28201/312187-3_00675d0d.jpg,34024
cadastro/28201/312187-4_f6e5229b.jpg,34024
cadastro/28201/maxresdefault_4770447f.webp,32848
cadastro/28202/312194-1_4f31e28c.jpg,44125
cadastro/28202/312194-2_0668eed8.jpg,100458
cadastro/28202/312194-3_f5bcc5d1.jpg,34024
cadastro/28202/312194-4_5457bac7.jpg,34024
cadastro/28202/maxresdefault_4770447f.webp,32848
cadastro/28203/312197-1_db8e41a2.jpg,44125
cadastro/28203/312197-2_e2068d15.jpg,100458
cadastro/28203/312197-3_2c0d6adc.jpg,34024
cadastro/28203/312197-4_f8217824.jpg,34024
cadastro/28203/maxresdefault_4770447f.webp,32848
cadastro/28204/312200-1_7ceb3d22.jpg,44125
cadastro/28204/312200-2_6fb1621d.jpg,100458
cadastro/28204/312200-3_480670b5.jpg,34024
cadastro/28204/312200-4_66341145.jpg,34024
cadastro/28204/maxresdefault_4770447f.webp,32848
cadastro/28213/293283-1_2cb88fe9.jpg,35640
cadastro/28213/293283-2_51530a6d.jpg,39263
cadastro/28213/293283-3_fcf78c2f.jpg,34872
cadastro/28214/293278-1_4067ff3c.jpg,35640
cadastro/28214/293278-2_1ab27b83.jpg,39263
cadastro/28214/293278-3_9870ce20.jpg,34872
cadastro/28227/266180-1_fd1edf20.jpg,22422
cadastro/28227/266180_7980b80a.jpg,118885
cadastro/28227/maxresdefault_bebb7f9f.webp,96566
cadastro/28265/292615_769e01b0.jpg,94496
cadastro/28266/265499-1_b42894a0.jpg,141154
cadastro/28266/265499-2_df342f6b.jpg,373225
cadastro/28266/265499-3_75b49241.jpg,19038
cadastro/28266/265499_ba63abad.jpg,53814
cadastro/28266/maxresdefault_f3f8bd6b.webp,68420
cadastro/28294/292617_13d4d2aa.jpg,94496
cadastro/28297/265490-1_acd4d0da.jpg,141154
cadastro/28297/265490-2_ef9783d6.jpg,373225
cadastro/28297/265490-3_1f74ed40.jpg,19038
cadastro/28297/265490_49105ab2.jpg,53814
cadastro/28297/maxresdefault_f3f8bd6b.webp,68420
cadastro/28334/315391-1_69a5e66c.jpg,14569
cadastro/28334/315391-2_49357c5d.jpg,18049
cadastro/28334/315391-3_b35e6a9a.jpg,8658
cadastro/28334/315391-4_0e460621.jpg,19002
cadastro/28347/292619_810204b7.jpg,94496
cadastro/28355/265492-1_85e3bf93.jpg,141154
cadastro/28355/265492-2_5d3b2b17.jpg,373225
cadastro/28355/265492-3_acd565c1.jpg,19038
cadastro/28355/265492_3daffb50.jpg,53814
cadastro/28355/maxresdefault_f3f8bd6b.webp,68420
cadastro/28373/265493-1_a49970b3.jpg,141154
cadastro/28373/265493-2_58f1a2ab.jpg,373225
cadastro/28373/265493-3_3ab0f792.jpg,19038
cadastro/28373/265493_decf75e1.jpg,53814
cadastro/28373/maxresdefault_f3f8bd6b.webp,68420
cadastro/28390/292533-1_f7743187.jpg,141154
cadastro/28390/292533-2_37ee7fc6.jpg,373225
cadastro/28390/292533-3_4694d639.jpg,53814
cadastro/28390/292533-4_02064cec.jpg,63464
cadastro/28390/maxresdefault_b38cd61f.webp,71068
cadastro/28423/265495-1_5d5c828f.jpg,141154
cadastro/28423/265495-2_935ce78d.jpg,373225
cadastro/28423/265495-3_c4a89e96.jpg,19038
cadastro/28423/265495_a280e64f.jpg,53814
cadastro/28423/maxresdefault_f3f8bd6b.webp,68420
cadastro/28437/317812-1_7b90ad61.jpg,90776
cadastro/28437/317812-2_db35e952.jpg,111962
cadastro/28437/317812-3_31734579.jpg,16395
cadastro/28437/317812-4_d336faef.jpg,16395
cadastro/28438/265496-1_c9c39e94.jpg,141154
cadastro/28438/265496-2_8f1207fe.jpg,373225
cadastro/28438/265496-3_86138d0e.jpg,19038
cadastro/28438/265496_56f02caa.jpg,53814
cadastro/28438/maxresdefault_f3f8bd6b.webp,68420
cadastro/28468/265497-1_e64de0dd.jpg,141154
cadastro/28468/265497-2_c2ad0014.jpg,373225
cadastro/28468/265497-3_e25d8808.jpg,19038
cadastro/28468/265497_c43fbc99.jpg,53814
cadastro/28468/maxresdefault_f3f8bd6b.webp,68420
cadastro/28497/265498-1_a1b5df4b.jpg,141154
cadastro/28497/265498-2_4f7544b7.jpg,373225
cadastro/28497/265498-3_7b5a3829.jpg,19038
cadastro/28497/265498_c5a08d1f.jpg,53814
cadastro/28497/maxresdefault_f3f8bd6b.webp,68420
cadastro/28518/327408-1_40a10f79.jpg,25341
cadastro/28518/327408-2_2ee4617f.jpg,10817
cadastro/28518/327408_1ac7b3f0.jpg,18792
cadastro/28572/292611-1_f50c0cb6.jpg,94496
cadastro/28600/317810-1_7ce40b17.jpg,90776
cadastro/28600/317810-2_aa578b3a.jpg,111962
cadastro/28600/317810-3_313934bd.jpg,16395
cadastro/28630/265489-1_262c1a56.jpg,141154
cadastro/28630/265489-2_7f4d0a87.jpg,373225
cadastro/28630/265489-3_aa0b0889.jpg,19038
cadastro/28630/265489_f7537120.jpg,53814
cadastro/28630/maxresdefault_f3f8bd6b.webp,68420
cadastro/28640/327409-1_6f8f680b.jpg,25341
cadastro/28640/327409-2_737bc5f5.jpg,10817
cadastro/28640/327409-3_4c8ec055.jpg,18792
cadastro/28833/327137-1_09449b0d.jpg,22555
cadastro/28833/327137-2_e08d6e66.jpg,21329
cadastro/28833/327137-3_bad085e2.jpg,21623
cadastro/28834/292519_75f34b20.jpg,69463
cadastro/28836/327139-1_c15119ed.jpg,22555
cadastro/28836/327139-2_5919fabc.jpg,21329
cadastro/28836/327139-3_dc9f63f5.jpg,21623
cadastro/28837/327140-1_37833b6f.jpg,22555
cadastro/28837/327140-2_02c656d0.jpg,21329
cadastro/28837/327140-3_d8d8c2ec.jpg,21623
cadastro/28841/292523_da5c948a.jpg,69463
cadastro/28843/292518_ed304f59.jpg,69463
cadastro/28844/327141-1_f990d8a9.jpg,22555
cadastro/28844/327141-2_6b6d0306.jpg,21329
cadastro/28844/327141-3_5055f5f1.jpg,21623
cadastro/28873/307245-1_0a223e02.jpg,131274
cadastro/28873/307245-2_29b5c188.jpg,60631
cadastro/28873/307245-3_1f46e527.jpg,69006
cadastro/28874/307268-1_012e785f.jpg,131274
cadastro/28874/307268-2_5cf1da25.jpg,60631
cadastro/28874/307268-3_7f3fb09f.jpg,47061
cadastro/28875/307267-1_14daf12c.jpg,131274
cadastro/28875/307267-2_c5b90c5e.jpg,60631
cadastro/28875/307267-3_fadd3455.jpg,47061
cadastro/28877/307244-1_54aab334.jpg,131274
cadastro/28877/307244-2_8be261fd.jpg,60631
cadastro/28877/307244-3_df9b5a77.jpg,69006
cadastro/28878/307213-1_6e1c76f6.jpg,131274
cadastro/28878/307213-2_d0bcdacf.jpg,60631
cadastro/28878/307213-3_87e56802.jpg,69006
cadastro/28893/265545-1_14ab152c.jpg,22233
cadastro/28893/265545_95f3c694.jpg,135100
cadastro/28893/maxresdefault_bebb7f9f.webp,96566
cadastro/28905/292714-1_96611453.jpg,135100
cadastro/28905/maxresdefault_bebb7f9f.webp,96566
cadastro/28913/265546-1_efddc143.jpg,23791
cadastro/28913/265546_b4ca95c0.jpg,135100
cadastro/28913/maxresdefault_bebb7f9f.webp,96566
cadastro/28926/313034-1_f110bd3d.jpg,37858
cadastro/28926/313034-2_39c54130.jpg,24501
cadastro/28926/313034-3_0852414d.jpg,33449
cadastro/28926/313034-4_1e5a9cc7.jpg,31304
cadastro/28955/305901-1_d24bfd3c.jpg,113842
cadastro/28955/305901-2_a25d685d.jpg,94260
cadastro/28955/maxresdefault_bebb7f9f.webp,96566
cadastro/28973/301694-1_bdcaa844.jpg,114968
cadastro/28973/301694-2_1ffed44c.jpg,105855
cadastro/28976/313140-1_69ea0c5b.jpg,44167
cadastro/28976/313140-2_df0a55d1.jpg,33935
cadastro/28976/313140-3_5f960ebb.jpg,33449
cadastro/28976/313140-4_49004007.jpg,37894
cadastro/28980/305903-1_eebeca77.jpg,113842
cadastro/28980/305903-2_476f30c6.jpg,94260
cadastro/28980/maxresdefault_bebb7f9f.webp,96566
cadastro/28991/313169-1_a347f6e9.jpg,44167
cadastro/28991/313169-2_f78e66fd.jpg,33935
cadastro/28991/313169-3_f648143b.jpg,33449
cadastro/28991/313169-4_a1627e75.jpg,37894
cadastro/29000/313142-1_085fee85.jpg,44167
cadastro/29000/313142-2_f260ecd6.jpg,33935
cadastro/29000/313142-3_9f8f7fdf.jpg,33449
cadastro/29000/313142-4_60a13965.jpg,37894
cadastro/29003/313148-1_34b4d433.jpg,44167
cadastro/29003/313148-2_65051761.jpg,33935
cadastro/29003/313148-3_d89ac189.jpg,33449
cadastro/29003/313148-4_22a9bffe.jpg,37894
cadastro/29007/313161-1_e9a3b503.jpg,44167
cadastro/29007/313161-2_49af1a93.jpg,33935
cadastro/29007/313161-3_8a4df63b.jpg,33449
cadastro/29007/313161-4_97ca025c.jpg,37894
cadastro/29007/313161-5_2d3573d3.jpg,37894
cadastro/29007/313161-6_5c2771e5.jpg,37894
cadastro/29013/305900-1_b242fc01.jpg,113842
cadastro/29013/305900-2_b766f342.jpg,94260
cadastro/29013/maxresdefault_bebb7f9f.webp,96566
cadastro/29032/292702-1_2d60c41c.jpg,135100
cadastro/29032/maxresdefault_bebb7f9f.webp,96566
cadastro/29041/313238-1_de856399.jpg,44167
cadastro/29041/313238-2_277fb9f6.jpg,33935
cadastro/29041/313238-3_496cf0f7.jpg,33449
cadastro/29041/313238-4_e2a3be47.jpg,37894
cadastro/29048/292703-1_dc176502.jpg,135100
cadastro/29048/maxresdefault_bebb7f9f.webp,96566
cadastro/29050/292704-1_2fb8fc8f.jpg,135100
cadastro/29050/maxresdefault_bebb7f9f.webp,96566
cadastro/29058/265540-1_11f83bdb.jpg,23791
cadastro/29058/265540_1e394ad1.jpg,135100
cadastro/29058/maxresdefault_bebb7f9f.webp,96566
cadastro/29070/265543-1_9846f402.jpg,23791
cadastro/29070/265543_428a7058.jpg,135100
cadastro/29070/maxresdefault_bebb7f9f.webp,96566
cadastro/29104/315386-1_dcf21f3f.jpg,14569
cadastro/29104/315386-2_ffc00619.jpg,18049
cadastro/29104/315386-3_ef4a9511.jpg,8658
cadastro/29104/315386-4_29dc92d7.jpg,19002
cadastro/29104/315386-5_3d90d8f4.jpg,19002
cadastro/29107/308302-1_5ab01eb7.jpg,26618
cadastro/29107/308302-2_420ea6ca.jpg,9851
cadastro/29107/308302-3_edb2c06a.jpg,113887
cadastro/29107/308302-4_37dc18c5.jpg,20178
cadastro/29107/308302-5_054e889b.jpg,20178
cadastro/29107/maxresdefault_4770447f.webp,32848
cadastro/29109/315381-1_bde3d719.jpg,19562
cadastro/29109/315381-2_2fa309f3.jpg,36062
cadastro/29109/315381-3_bc98915e.jpg,18332
cadastro/29110/308307-1_b0b8892e.jpg,26618
cadastro/29110/308307-2_f369f0e3.jpg,9851
cadastro/29110/308307-3_5f4312e0.jpg,113887
cadastro/29110/308307-4_bb3ae4b0.jpg,20178
cadastro/29110/308307-5_4bcf1af1.jpg,20178
cadastro/29110/maxresdefault_4770447f.webp,32848
cadastro/29114/308311-1_d80d77bd.jpg,26618
cadastro/29114/308311-2_aae0df81.jpg,9851
cadastro/29114/308311-3_ed921918.jpg,113887
cadastro/29114/308311-4_bceb1c3f.jpg,20178
cadastro/29114/308311-5_4adc7ca7.jpg,20178
cadastro/29114/maxresdefault_4770447f.webp,32848
cadastro/29115/315394-1_2a42a7f4.jpg,14569
cadastro/29115/315394-2_cb9db6a7.jpg,18049
cadastro/29115/315394-3_482bdce3.jpg,8658
cadastro/29115/315394-4_588a07e2.jpg,19002
cadastro/29116/315640-1_788fac11.jpg,24563
cadastro/29116/315640-2_34bf63cc.jpg,25555
cadastro/29116/315640-3_e81c6b83.jpg,9833
cadastro/29116/315640-4_15b66d40.jpg,17767
cadastro/29117/326416-1_1bf611bd.jpg,15475
cadastro/29117/326416-2_df0fef75.jpg,8442
cadastro/29117/326416-3_3e0f3d3b.jpg,15241
cadastro/29118/326415-1_71467588.jpg,15475
cadastro/29118/326415-2_b905cffb.jpg,8442
cadastro/29118/326415_e6e2140a.jpg,15241
cadastro/29120/315398-1_ab5808cd.jpg,14569
cadastro/29120/315398-2_85ac1c24.jpg,18049
cadastro/29120/315398-3_32b041ed.jpg,8658
cadastro/29120/315398-4_c9ff257c.jpg,19002
cadastro/29121/326414-1_3752ff23.jpg,15475
cadastro/29121/326414-2_6ad06e3b.jpg,8442
cadastro/29121/326414-3_ecaa441f.jpg,15241
cadastro/29122/317786-1_b1b4deab.jpg,27646
cadastro/29122/317786-2_18bd12c6.jpg,26181
cadastro/29122/317786-3_e3893edb.jpg,23024
cadastro/29123/317804-1_2998e339.jpg,27646
cadastro/29123/317804-2_03cdcf2c.jpg,26181
cadastro/29123/317804-3_aea8b467.jpg,23024
cadastro/29124/326508-1_625ec875.jpg,18619
cadastro/29124/326508-2_fec0790a.jpg,13867
cadastro/29124/326508-3_50d6ad2a.jpg,15312
cadastro/29125/308314-1_c87a4361.jpg,26618
cadastro/29125/308314-2_a0b2c549.jpg,9851
cadastro/29125/308314-3_d3a3d7ea.jpg,113887
cadastro/29125/308314-4_572c9af2.jpg,20178
cadastro/29125/maxresdefault_4770447f.webp,32848
cadastro/29127/326510-1_fb2fc1ef.jpg,18619
cadastro/29127/326510-2_3e9826c1.jpg,13867
cadastro/29127/326510_951dffa6.jpg,15312
cadastro/29128/308316-1_faf1e475.jpg,26618
cadastro/29128/308316-2_aabac3e7.jpg,9851
cadastro/29128/308316-3_2ec528e0.jpg,113887
cadastro/29128/308316-4_29fae6fa.jpg,20178
cadastro/29128/308316-5_c0fd0e6f.jpg,20178
cadastro/29128/maxresdefault_4770447f.webp,32848
cadastro/29129/318193-1_00c36d62.jpg,25559
cadastro/29129/318193-2_7eb40116.jpg,28373
cadastro/29129/318193-3_ecd74b0f.jpg,24086
cadastro/29172/315641-1_7d798957.jpg,37028
cadastro/29172/315641-2_83f18311.jpg,165423
cadastro/29172/315641-3_6a1604d7.jpg,87430
cadastro/29172/315641-4_dc7ea1d6.jpg,20388
cadastro/29172/315641-5_eac4591d.jpg,20388
cadastro/29172/maxresdefault_4f480ea1.webp,1126437
cadastro/29173/315643-1_611e3fe8.jpg,37028
cadastro/29173/315643-2_50d27022.jpg,109179
cadastro/29173/315643-3_601ffcf6.jpg,87430
cadastro/29173/315643-5_031e0128.jpg,20388
cadastro/29173/maxresdefault_4f480ea1.webp,1129997
cadastro/29174/315646-1_f995bdb3.jpg,37028
cadastro/29174/315646-2_f69b349d.jpg,109179
cadastro/29174/315646-3_d1cd8082.jpg,87430
cadastro/29174/315646-4_fe1945ba.jpg,20388
cadastro/29174/315646-5_0996c039.jpg,20388
cadastro/29174/maxresdefault_4f480ea1.webp,1137169
cadastro/29175/315644-1_9bd69078.jpg,37028
cadastro/29175/315644-2_bc68a786.jpg,109179
cadastro/29175/315644-3_1914608b.jpg,87430
cadastro/29175/315644-4_ee848c1f.jpg,20388
cadastro/29175/maxresdefault_4f480ea1.webp,1124357
cadastro/29176/315645-1_39f4c945.jpg,37028
cadastro/29176/315645-2_640dd304.jpg,109179
cadastro/29176/315645-3_bc10cc89.jpg,87430
cadastro/29176/315645-4_67e4930d.jpg,20388
cadastro/29176/315645-5_0cd8080a.jpg,20388
cadastro/29176/maxresdefault_4f480ea1.webp,1128852
cadastro/29177/315647-1_e507172f.jpg,37028
cadastro/29177/315647-2_9fd3733d.jpg,109179
cadastro/29177/315647-3_9df6c5d5.jpg,87430
cadastro/29177/315647-4_65d965cf.jpg,20388
cadastro/29178/315650-1_1d9ac823.jpg,37028
cadastro/29178/315650-2_332ce291.jpg,109179
cadastro/29178/315650-3_c89165a4.jpg,87430
cadastro/29178/315650-4_ed6c279d.jpg,20388
cadastro/29178/maxresdefault_4f480ea1.webp,1125382
cadastro/29180/315651-1_4d0c9d09.jpg,37028
cadastro/29180/315651-2_d4b4eee1.jpg,109179
cadastro/29180/315651-3_7c9327eb.jpg,87430
cadastro/29180/315651-4_ca1b8f5e.jpg,20388
cadastro/29180/315651-5_c14eff34.jpg,20388
cadastro/29180/maxresdefault_4f480ea1.webp,1126734
cadastro/29181/315655-1_7aced85a.jpg,37028
cadastro/29181/315655-2_24506265.jpg,109179
cadastro/29181/315655-3_76febdf9.jpg,87430
cadastro/29181/315655-4_1b0caba6.jpg,20388
cadastro/29181/315655-5_cb0ebd8e.jpg,20388
cadastro/29181/maxresdefault_4f480ea1.webp,1135636
cadastro/29183/315656-1_0b6c70bd.jpg,37028
cadastro/29183/315656-2_714bd301.jpg,109179
cadastro/29183/315656-3_0ca58459.jpg,87430
cadastro/29183/315656-4_ce89f937.jpg,20388
cadastro/29183/315656-5_cd5b983e.jpg,20388
cadastro/29183/maxresdefault_4f480ea1.webp,1124501
cadastro/29185/318147-1_c642eac4.jpg,87237
cadastro/29185/318147-2_967d5577.jpg,115507
cadastro/29185/318147-3_f1bbd686.jpg,72381
cadastro/29185/318147-4_14a33770.jpg,20970
cadastro/29186/318150-1_2d13ba9a.jpg,87237
cadastro/29186/318150-2_328da18a.jpg,115507
cadastro/29186/318150-3_4f48b97c.jpg,72381
cadastro/29186/318150-4_e649a597.jpg,20970
cadastro/29189/318151-1_0d13a87e.jpg,87237
cadastro/29189/318151-2_616f3207.jpg,115507
cadastro/29189/318151-3_e524917d.jpg,72381
cadastro/29189/318151-4_a8228482.jpg,20970
cadastro/29286/326611-1_7b10c5af.jpg,18141
cadastro/29286/326611-2_f753f24d.jpg,13855
cadastro/29286/326611-3_3071857d.jpg,17084
cadastro/29295/326612-1_3891230b.jpg,18141
cadastro/29295/326612-2_6ecefc58.jpg,13855
cadastro/29295/326612-3_d95a873e.jpg,17084
cadastro/29300/323087-1_6a03bd65.jpg,76615
cadastro/29300/323087-2_b040df4b.jpg,99303
cadastro/29300/323087-3_746e6683.jpg,97709
cadastro/29302/265531-1_bdf9e2cc.jpg,136299
cadastro/29302/265531-2_776a70f8.jpg,613472
cadastro/29302/265531-3_83fc01ce.jpg,16997
cadastro/29302/265531_dd458923.jpg,95746
cadastro/29302/maxresdefault_bebb7f9f.webp,96566
cadastro/29331/328570-1_31e68468.jpg,19210
cadastro/29331/328570-2_003dd0fe.jpg,17088
cadastro/29331/328570-3_a4ba28a0.jpg,16444
cadastro/29332/328577-1_0624682b.jpg,19210
cadastro/29332/328577-2_4a1153ed.jpg,17088
cadastro/29332/328577-3_3fd4f25b.jpg,16444
cadastro/29333/328576-1_db9f8f96.jpg,19210
cadastro/29333/328576-2_86f0a497.jpg,17088
cadastro/29333/328576-3_39b5e4fb.jpg,16444
cadastro/29334/328573-1_e6ec5f52.jpg,19210
cadastro/29334/328573-2_9af002a5.jpg,17088
cadastro/29334/328573-3_1be84877.jpg,16444
cadastro/29340/323559-1_77070955.jpg,18814
cadastro/29340/323559-2_71dbb566.jpg,33888
cadastro/29340/323559_fd92b9db.jpg,29615
cadastro/29355/325723-1_b1de99b5.jpg,13886
cadastro/29355/325723-2_aae85003.jpg,28824
cadastro/29355/325723_d0939d13.jpg,24494
cadastro/29358/325725-1_ca224e69.jpg,13886
cadastro/29358/325725-2_19656943.jpg,28824
cadastro/29358/325725-3_476aeb70.jpg,24494
cadastro/29360/325726-1_707d7883.jpg,13886
cadastro/29360/325726-2_82255666.jpg,28824
cadastro/29360/325726-3_20ff59de.jpg,24494
cadastro/29367/317755-1_a9f7e00c.jpg,25480
cadastro/29367/317755-2_b4518390.jpg,19145
cadastro/29391/323562-1_7c9f8f41.jpg,14134
cadastro/29391/323562-2_3eb0aa57.jpg,23047
cadastro/29391/323562-3_8ce21a2d.jpg,16275
cadastro/29391/323562-4_a8e27758.jpg,26307
cadastro/29391/323562_d5e5a836.jpg,22283
cadastro/29474/326060-1_a76ead98.jpg,18456
cadastro/29474/326060-2_1c6645a4.jpg,19711
cadastro/29474/326060-3_cc3cf52a.jpg,15607
cadastro/29489/317820-1_52912cf6.jpg,18936
cadastro/29489/317820-2_ccfcb99e.jpg,18440
cadastro/29489/317820-3_35dece83.jpg,14497
cadastro/29489/317820-4_519a356e.jpg,18695
cadastro/29489/317820-5_681edd15.jpg,18695
cadastro/29498/307312-1_cfae856b.jpg,334007
cadastro/29498/307312-2_2bb3c279.jpg,583910
cadastro/29498/307312-3_113191ef.jpg,432276
cadastro/29498/307312-4_70daf4eb.jpg,75847
cadastro/29514/321535-1_d5bdb2e1.jpg,20969
cadastro/29514/321535-2_f48759b2.jpg,11015
cadastro/29514/321535-3_a1d031c1.jpg,18695
cadastro/29514/321535-4_6741d473.jpg,18695
cadastro/29515/317821-1_350aad7d.jpg,18936
cadastro/29515/317821-2_99163507.jpg,18440
cadastro/29515/317821-3_14dac692.jpg,14497
cadastro/29515/317821-4_c10adf8a.jpg,18695
cadastro/29515/317821-5_0abe2761.jpg,18695
cadastro/29539/307311-1_387d3f84.jpg,334007
cadastro/29539/307311-2_850558d1.jpg,583910
cadastro/29539/307311-3_d89cdb5d.jpg,432276
cadastro/29539/307311-4_3cc409b1.jpg,75847
cadastro/29582/317823-1_9f66a95c.jpg,18936
cadastro/29582/317823-2_afe522cc.jpg,18440
cadastro/29582/317823-3_9ad5c61d.jpg,14497
cadastro/29582/317823-4_7815a32e.jpg,18695
cadastro/29582/317823-5_a95e2b14.jpg,18695
cadastro/29618/307313-1_e980e52a.jpg,334007
cadastro/29618/307313-2_f72713f9.jpg,583910
cadastro/29618/307313-3_eab87fb4.jpg,432276
cadastro/29618/307313-4_464e7c89.jpg,75847
cadastro/29655/317849-1_80b186c9.jpg,84307
cadastro/29655/317849-2_c435996c.jpg,126015
cadastro/29655/317849-3_69b51a17.jpg,155269
cadastro/29655/317849-4_73529231.jpg,80327
cadastro/29655/317849-5_b0cf5e03.jpg,23445
cadastro/29667/307265-1_67c5706c.jpg,106585
cadastro/29667/307265-2_0cd50a62.jpg,53898
cadastro/29667/307265-3_5aa8f019.jpg,141336
cadastro/29667/307265-4_1fb99988.jpg,51128
cadastro/29667/307265-5_989313d8.jpg,51128
cadastro/29679/326042-1_02700892.jpg,18928
cadastro/29679/326042-2_ef6aba7b.jpg,19559
cadastro/29679/326042-3_33a41053.jpg,19309
cadastro/29679/maxresdefault_4ebdd2eb.webp,1133848
cadastro/29702/307264-1_c70c89ca.jpg,106585
cadastro/29702/307264-2_fbed67bb.jpg,53898
cadastro/29702/307264-3_bd50bad6.jpg,141336
cadastro/29702/307264-4_65eaaae7.jpg,51128
cadastro/29702/307264-5_6c7cd332.jpg,51128
cadastro/29709/317851-1_4be9e6c8.jpg,84307
cadastro/29709/317851-2_7ad90473.jpg,126015
cadastro/29709/317851-3_93098dd2.jpg,155269
cadastro/29709/317851-4_58e1bcd3.jpg,80327
cadastro/29709/317851-5_4754a1b4.jpg,23445
cadastro/29709/317851-6_af76e655.jpg,23445
cadastro/29721/317827-1_eab43781.jpg,18936
cadastro/29721/317827-2_db69760e.jpg,18440
cadastro/29721/317827-3_0693d3cf.jpg,14497
cadastro/29721/317827-4_02375484.jpg,18695
cadastro/29721/317827-5_4ccb4ea0.jpg,18695
cadastro/29725/307310-1_8263ff24.jpg,334007
cadastro/29725/307310-2_5061ec22.jpg,583910
cadastro/29725/307310-3_077c1a1b.jpg,75847
cadastro/29733/326048-1_084291d2.jpg,18928
cadastro/29733/326048-2_284430e9.jpg,19559
cadastro/29733/326048-3_540eb1f7.jpg,19309
cadastro/29742/307316-1_a7049f87.jpg,334007
cadastro/29742/307316-2_418d8a91.jpg,389293
cadastro/29742/307316-3_6701d435.jpg,432276
cadastro/29742/307316-4_9bcff9c2.jpg,91741
cadastro/29757/326051-1_91c55bf8.jpg,18928
cadastro/29757/326051-2_3f26e4a5.jpg,19559
cadastro/29757/326051-3_e29a3d4f.jpg,19309
cadastro/29773/317829-1_9282459d.jpg,18936
cadastro/29773/317829-2_1821a790.jpg,18440
cadastro/29773/317829-3_f91368c3.jpg,14497
cadastro/29773/317829-4_34c2ee47.jpg,18695
cadastro/29773/317829-5_c44b145b.jpg,18695
cadastro/29794/320052-1_0847d66a.jpg,26090
cadastro/29794/320052-2_cf9bb88c.jpg,20436
cadastro/29794/320052_8289a34d.jpg,21043
cadastro/29811/326055-1_5df7bc94.jpg,18928
cadastro/29811/326055-2_1d79dbc8.jpg,19559
cadastro/29811/326055_506c750d.jpg,19309
cadastro/29827/326057-1_be3e72fc.jpg,18928
cadastro/29827/326057-2_f07cf4e1.jpg,19559
cadastro/29827/326057-3_e1596184.jpg,19309
cadastro/29833/321538-1_f7f7f42d.jpg,20075
cadastro/29833/321538-2_fdb540a6.jpg,35794
cadastro/29833/321538-3_2b6afcd1.jpg,15644
cadastro/29900/306608-1_6e5dc008.jpg,330873
cadastro/29900/306608-2_4cb7e611.jpg,142809
cadastro/29900/306608-3_283fb268.jpg,352168
cadastro/29900/306608-4_db75253f.jpg,403308
cadastro/29900/306608-5_dbd32a8b.jpg,86764
cadastro/29960/265536-5_71ccaa3b.jpg,21212
cadastro/29960/265536-6_2b06ed63.jpg,26079
cadastro/29960/maxresdefault_bebb7f9f.webp,96566
cadastro/29977/319471-1_0a6f225f.jpg,21731
cadastro/29977/319471-2_2cb90f58.jpg,17750
cadastro/30047/308804-1_3169c1e3.jpg,16779
cadastro/30047/308804-2_4cb62dd6.jpg,22361
cadastro/30047/308804-3_eab84032.jpg,20247
cadastro/30047/308804_cb1ff929.jpg,16066
cadastro/30048/308779-1_a6a11843.jpg,24440
cadastro/30048/308779-2_dca631c0.jpg,43070
cadastro/30048/308779-3_ada4ec86.jpg,35682
cadastro/30048/308779_b59106e9.jpg,20523
cadastro/30049/308788-1_83847643.jpg,24440
cadastro/30049/308788-2_e03b9227.jpg,43070
cadastro/30049/308788-3_346515ab.jpg,35682
cadastro/30049/308788-4_b862ab55.jpg,20523
cadastro/30050/308786-1_97141198.jpg,24440
cadastro/30050/308786-2_a2a95eb9.jpg,43070
cadastro/30050/308786-3_c8face79.jpg,35682
cadastro/30050/308786-4_00a03ad2.jpg,20523
cadastro/30051/308801-1_297a3cdd.jpg,16779
cadastro/30051/308801-2_ee6911ca.jpg,22361
cadastro/30051/308801-3_494dcd69.jpg,20247
cadastro/30051/308801-4_7eb4d513.jpg,16066
cadastro/30052/308790-1_f73b8c05.jpg,24440
cadastro/30052/308790-2_95da6d67.jpg,43070
cadastro/30052/308790-3_1e299388.jpg,35682
cadastro/30052/308790_d382dba6.jpg,20523
cadastro/30053/308792-1_c5963883.jpg,24440
cadastro/30053/308792-2_8143689f.jpg,43070
cadastro/30053/308792_8f0f5c5a.jpg,20523
cadastro/30054/308798-1_a6956993.jpg,24440
cadastro/30054/308798-2_9192e8ef.jpg,43070
cadastro/30054/308798-3_cb4a40fd.jpg,19940
cadastro/30054/308798_fb7f7fc4.jpg,20523
cadastro/30055/308797-1_fb7c965d.jpg,24440
cadastro/30055/308797-2_a0ebf9b0.jpg,43070
cadastro/30055/308797-3_601dfa5e.jpg,26331
cadastro/30055/308797_cb6d144d.jpg,20523
cadastro/30056/308794-1_31fd847e.jpg,24440
cadastro/30056/308794-2_f7bf059f.jpg,43070
cadastro/30056/308794-3_25f30f26.jpg,26331
cadastro/30056/308794-4_f96b3b00.jpg,20523
cadastro/30060/318094-1_ccd6218e.jpg,18596
cadastro/30060/318094-2_029ba6c4.jpg,17403
cadastro/30060/318094-3_5bd29d4c.jpg,15952
cadastro/30084/293172-3_7b75ca11.jpg,21212
cadastro/30084/293172-4_1bbb263f.jpg,26079
cadastro/30084/maxresdefault_bebb7f9f.webp,96566
cadastro/30086/293170-2_b3506be1.jpg,26079
cadastro/30086/293170-3_e90c0a2f.jpg,21212
cadastro/30086/293170-4_b4699611.jpg,26079
cadastro/30086/maxresdefault_bebb7f9f.webp,96566
cadastro/30091/293173-5_38288abc.jpg,21212
cadastro/30091/293173-6_9485f4f8.jpg,26079
cadastro/30091/maxresdefault_bebb7f9f.webp,96566
cadastro/30092/293171-4_c243fc44.jpg,26079
cadastro/30092/293171-5_aeeef5f1.jpg,21212
cadastro/30092/293171-6_6a823ad2.jpg,26079
cadastro/30092/maxresdefault_bebb7f9f.webp,96566
cadastro/30102/323164-1_5c8f7826.jpg,23774
cadastro/30102/323164-2_7ec56aa3.jpg,20953
cadastro/30102/323164-3_a994ddfb.jpg,22981
cadastro/30102/323164-4_c2af4c9f.jpg,23436
cadastro/30113/293176-3_c0fb2a09.jpg,21212
cadastro/30113/293176-4_0af24dd7.jpg,26079
cadastro/30113/maxresdefault_bebb7f9f.webp,96566
cadastro/30119/323190-1_be1d82ef.jpg,23774
cadastro/30119/323190-2_6142185f.jpg,20953
cadastro/30119/323190-3_a32400be.jpg,22981
cadastro/30119/323190-4_49203189.jpg,23436
cadastro/30129/293163-3_7ad5d873.jpg,21212
cadastro/30129/293163-4_012dbbe8.jpg,26079
cadastro/30129/maxresdefault_bebb7f9f.webp,96566
cadastro/30142/265534-5_72c0e523.jpg,21212
cadastro/30142/265534-6_7928f248.jpg,26079
cadastro/30142/maxresdefault_bebb7f9f.webp,96566
cadastro/30145/326181-1_d501238f.jpg,22752
cadastro/30145/326181-2_1f8156f0.jpg,25620
cadastro/30145/326181-3_9e25d65f.jpg,20992
cadastro/30184/318494-1_646933c5.jpg,22821
cadastro/30184/318494-2_a3ca0272.jpg,19455
cadastro/30184/318494-3_fbd61b61.jpg,21156
cadastro/30185/318495-1_162b9c1d.jpg,22821
cadastro/30185/318495-2_61eaf3f3.jpg,19455
cadastro/30185/318495-3_cd328607.jpg,21156
cadastro/30186/318493-1_940d32cb.jpg,22821
cadastro/30186/318493-2_94c57eec.jpg,19455
cadastro/30186/318493-3_a77f9235.jpg,21156
cadastro/30187/318483-1_7e7039b3.jpg,22821
cadastro/30187/318483-2_2aeb345d.jpg,19455
cadastro/30187/318483-3_974f79c3.jpg,21156
cadastro/30189/318480-1_e8f228d4.jpg,22821
cadastro/30189/318480-2_280dd13e.jpg,19455
cadastro/30189/318480-3_80ccfae9.jpg,21156
cadastro/30190/318486-1_6c23505d.jpg,22821
cadastro/30190/318486-2_506f0f79.jpg,19455
cadastro/30190/318486-3_0377f102.jpg,21156
cadastro/30193/318479-1_475b0c7f.jpg,22821
cadastro/30193/318479-2_a61880e0.jpg,19455
cadastro/30193/318479-3_5d1972eb.jpg,21156
cadastro/30194/318446-1_c77431df.jpg,22821
cadastro/30194/318446-2_200b82d3.jpg,19455
cadastro/30194/318446-3_905b39a4.jpg,21156
cadastro/30194/318446-4_8ff2c19a.jpg,21156
cadastro/30196/318453-1_25593dd9.jpg,22821
cadastro/30196/318453-2_241bd18b.jpg,19455
cadastro/30196/318453-3_80ed046d.jpg,21156
cadastro/30199/318454-1_6b1aefa8.jpg,22821
cadastro/30199/318454-2_9b667026.jpg,19455
cadastro/30199/318454-3_4bcd0a2f.jpg,21156
cadastro/30199/318454-4_addc1b3c.jpg,21156
cadastro/30213/308232-1_a70fab36.jpg,26731
cadastro/30213/308232-2_9fa4cdf4.jpg,22723
cadastro/30213/308232-3_2b2f838f.jpg,121480
cadastro/30213/308232-4_b95d1701.jpg,76682
cadastro/30213/308232-5_7b88d603.jpg,76682
cadastro/30213/maxresdefault_4770447f.webp,32848
cadastro/30215/317841-1_705d51fc.jpg,18936
cadastro/30215/317841-2_7fd33e6c.jpg,18440
cadastro/30215/317841-3_032005f1.jpg,14497
cadastro/30215/317841-4_c2ea59db.jpg,18695
cadastro/30215/317841-5_5f016198.jpg,18695
cadastro/30216/308231-1_c5ce770b.jpg,26731
cadastro/30216/308231-2_11315bb2.jpg,22723
cadastro/30216/308231-3_87c710e7.jpg,121480
cadastro/30216/308231-4_8e2b361f.jpg,22366
cadastro/30216/308231-5_ec5d211c.jpg,22366
cadastro/30216/maxresdefault_4770447f.webp,32848
cadastro/30217/308229-1_8991a9a3.jpg,26731
cadastro/30217/308229-2_9d177356.jpg,22723
cadastro/30217/308229-3_3136aab2.jpg,121480
cadastro/30217/308229-4_86045b26.jpg,22366
cadastro/30217/308229-5_c01e4ce9.jpg,22366
cadastro/30217/maxresdefault_4f480ea1.webp,1140156
cadastro/30218/317840-1_8456036d.jpg,18936
cadastro/30218/317840-2_3223fc0c.jpg,18440
cadastro/30218/317840-3_b2cf3316.jpg,18695
cadastro/30218/317840-4_ddb0c1f0.jpg,18695
cadastro/30219/317843-1_4de247ad.jpg,18936
cadastro/30219/317843-2_45d4c466.jpg,18440
cadastro/30219/317843-3_3c9366a7.jpg,14497
cadastro/30219/317843-4_625e08c3.jpg,18695
cadastro/30219/317843-5_65d78057.jpg,18695
cadastro/30220/308239-1_d9503eb9.jpg,26731
cadastro/30220/308239-2_56fa1823.jpg,22723
cadastro/30220/308239-3_3388bf24.jpg,121480
cadastro/30220/308239-4_66d31c39.jpg,22366
cadastro/30220/308239-5_d8bae87b.jpg,22366
cadastro/30220/maxresdefault_4770447f.webp,32848
cadastro/30221/308235-1_0b3bba0f.jpg,26731
cadastro/30221/308235-2_f7fd8b57.jpg,22723
cadastro/30221/308235-3_01544c4b.jpg,121480
cadastro/30221/308235-4_2b5746c2.jpg,22366
cadastro/30221/308235-5_f8c963af.jpg,22366
cadastro/30221/maxresdefault_4770447f.webp,32848
cadastro/30222/308241-1_114a30ef.jpg,26731
cadastro/30222/308241-2_5ac597a6.jpg,22723
cadastro/30222/308241-3_9cfce050.jpg,121480
cadastro/30222/308241-4_208c3c20.jpg,22366
cadastro/30222/308241-5_a44c5d7f.jpg,22366
cadastro/30222/maxresdefault_4770447f.webp,32848
cadastro/30223/308248-1_97dd32ec.jpg,26731
cadastro/30223/308248-2_44589c0d.jpg,22723
cadastro/30223/308248-3_cbfc000c.jpg,43291
cadastro/30223/308248-4_22c2adb3.jpg,121480
cadastro/30223/308248-5_b97b71f7.jpg,22366
cadastro/30223/308248-6_d8e60daa.jpg,22366
cadastro/30223/308248-7_e0b2dadf.jpg,22366
cadastro/30223/maxresdefault_4770447f.webp,32848
cadastro/30224/308261-1_7a487dde.jpg,26731
cadastro/30224/308261-2_b134c563.jpg,22723
cadastro/30224/308261-3_64c9c9a6.jpg,121480
cadastro/30224/308261-4_78e67b84.jpg,22366
cadastro/30224/308261-5_0a4510c4.jpg,22366
cadastro/30224/maxresdefault_4770447f.webp,32848
cadastro/30225/308260-1_9d603c17.jpg,26731
cadastro/30225/308260-2_5f0a7ba2.jpg,22723
cadastro/30225/308260-3_0592cf81.jpg,28682
cadastro/30225/308260-4_b2be024c.jpg,22366
cadastro/30225/308260-5_89601a4a.jpg,22366
cadastro/30225/maxresdefault_4770447f.webp,32848
cadastro/30226/308263-1_cd5d476c.jpg,26731
cadastro/30226/308263-2_947112c1.jpg,22723
cadastro/30226/308263-3_e632d5af.jpg,121480
cadastro/30226/308263-4_728cb38d.jpg,22366
cadastro/30226/308263-5_0c3a5afc.jpg,22366
cadastro/30226/maxresdefault_4f480ea1.webp,1128618
cadastro/30227/319739-1_efabf977.jpg,23522
cadastro/30227/319739-2_21920e53.jpg,26392
cadastro/30227/319739-3_00712ac6.jpg,7734
cadastro/30227/319739-4_53ae6be5.jpg,18338
cadastro/30227/319739-5_6b91d05c.jpg,18338
cadastro/30228/308270-1_2d8074f6.jpg,26731
cadastro/30228/308270-2_40ef2792.jpg,22723
cadastro/30228/308270-3_374212cf.jpg,121480
cadastro/30228/308270-4_7a41b82a.jpg,22366
cadastro/30228/308270-5_b6fa277d.jpg,22366
cadastro/30228/maxresdefault_4770447f.webp,32848
cadastro/30229/308268-1_e92fe94d.jpg,26731
cadastro/30229/308268-2_6df644ef.jpg,22723
cadastro/30229/308268-3_d98c79cb.jpg,121480
cadastro/30229/308268-4_dac13739.jpg,22366
cadastro/30229/308268-5_ea0d4acc.jpg,22366
cadastro/30229/maxresdefault_4770447f.webp,32848
cadastro/30230/319742-1_7effb19f.jpg,22818
cadastro/30230/319742-2_b2f7c08f.jpg,27672
cadastro/30230/319742-3_7f227dd8.jpg,7734
cadastro/30230/319742-4_e03d0901.jpg,18018
cadastro/30230/319742-5_ad070f57.jpg,18018
cadastro/30288/306610-1_e9ed3186.jpg,95407
cadastro/30288/306610-2_c109c490.jpg,226787
cadastro/30288/306610-3_f9a69bb8.jpg,145267
cadastro/30288/306610-4_4e0f1ba0.jpg,325838
cadastro/30288/306610-5_91fd64b1.jpg,144173
cadastro/30288/306610-6_94be5871.jpg,609208
cadastro/30288/306610-7_5a28b7de.jpg,89707
cadastro/30288/maxresdefault_4770447f.webp,32848
cadastro/30289/308273-1_e821b578.jpg,84756
cadastro/30289/308273-2_2f108bde.jpg,84790
cadastro/30289/308273-3_13e11a39.jpg,79859
cadastro/30289/308273-4_a2961a39.jpg,25913
cadastro/30289/maxresdefault_4770447f.webp,32848
cadastro/30290/308275-1_7c1438a5.jpg,84756
cadastro/30290/308275-2_ca6b4160.jpg,84790
cadastro/30290/308275-3_26a48cb9.jpg,79859
cadastro/30290/308275-4_7b6c3f13.jpg,25913
cadastro/30290/maxresdefault_4770447f.webp,32848
cadastro/30291/308276-1_2963b9d0.jpg,84756
cadastro/30291/308276-2_74526281.jpg,84790
cadastro/30291/308276-3_810c2e87.jpg,79859
cadastro/30291/308276-4_3d7aaaa7.jpg,25913
cadastro/30291/maxresdefault_4770447f.webp,32848
cadastro/30292/308280-1_63773347.jpg,84756
cadastro/30292/308280-2_7449e6d6.jpg,84790
cadastro/30292/308280-3_e09bc186.jpg,79859
cadastro/30292/308280-4_2793e02b.jpg,25913
cadastro/30292/maxresdefault_4770447f.webp,32848
cadastro/30293/308279-1_f98ef6fa.jpg,84756
cadastro/30293/308279-2_18b1529c.jpg,84790
cadastro/30293/308279-3_3e75c964.jpg,79859
cadastro/30293/308279-4_c61fe09b.jpg,25913
cadastro/30293/maxresdefault_4770447f.webp,32848
cadastro/30294/308284-1_1a34e344.jpg,84756
cadastro/30294/308284-2_6ca5de71.jpg,84790
cadastro/30294/308284-3_a9e50ad6.jpg,79859
cadastro/30294/308284-4_2ef26fed.jpg,25913
cadastro/30294/maxresdefault_4770447f.webp,32848
cadastro/30295/308295-1_65d88329.jpg,84756
cadastro/30295/308295-2_1f88acad.jpg,84790
cadastro/30295/308295-3_84d51fc9.jpg,79859
cadastro/30295/308295-4_8f4be6c3.jpg,25913
cadastro/30295/maxresdefault_4770447f.webp,32848
cadastro/30413/285926-5_817d4a47.jpg,71233
cadastro/30413/285926-6_d9d177b6.jpg,78725
cadastro/30413/285926-7_78096d0e.jpg,51151
cadastro/30416/285927-2_b8a671fa.jpg,34519
cadastro/30416/285927-6_550238ca.jpg,71233
cadastro/30416/285927-7_b5bc44b9.jpg,78725
cadastro/30416/285927-8_902c6365.jpg,51151
cadastro/30431/285813-5_937f9c9b.jpg,71233
cadastro/30431/285813-6_57d31366.jpg,78725
cadastro/30431/285813-8_69113c6c.jpg,24880
cadastro/30431/285813-9_7b193cda.jpg,51151
cadastro/30440/322278-1_12de04ca.jpg,16656
cadastro/30440/322278-2_2f11183b.jpg,16117
cadastro/30440/322278-3_cd9072c2.jpg,15475
cadastro/30458/326790-1_ec047c15.jpg,78823
cadastro/30458/326790-2_eedeed63.jpg,126197
cadastro/30458/326790-3_b4aac628.jpg,48744
cadastro/30458/326790-4_972007cd.jpg,293525
cadastro/30458/326790-5_b0d364e1.jpg,46025
cadastro/30461/327717-1_f8ff8473.jpg,48393
cadastro/30461/327717-2_04704605.jpg,108188
cadastro/30461/327717-3_f8d442af.jpg,76547
cadastro/30461/327717-4_7380c873.jpg,43606
cadastro/30466/327719-1_0336a742.jpg,48393
cadastro/30466/327719-2_3f3b039d.jpg,108188
cadastro/30466/327719-3_4ab884b7.jpg,76547
cadastro/30466/327719-4_de55253b.jpg,43606
cadastro/30467/326825-1_a5b03397.jpg,81262
cadastro/30467/326825-2_b1111860.jpg,75847
cadastro/30467/326825-3_17235bb1.jpg,77298
cadastro/30467/326825-4_9a63c900.jpg,52956
cadastro/30468/327721-1_c91528f4.jpg,48393
cadastro/30468/327721-2_632153a9.jpg,108188
cadastro/30468/327721-3_2cad6e8e.jpg,76547
cadastro/30468/327721-4_05371528.jpg,43606
cadastro/30472/326826-1_7c548a5e.jpg,81262
cadastro/30472/326826-2_4fa27d47.jpg,75847
cadastro/30472/326826-3_122a619f.jpg,77298
cadastro/30472/326826-4_c2d8ea3c.jpg,52956
cadastro/30473/327724-1_5f327382.jpg,48393
cadastro/30473/327724-2_4e6128d5.jpg,108188
cadastro/30473/327724-3_abf30983.jpg,76547
cadastro/30473/327724-4_6ea8bb9f.jpg,43606
cadastro/30475/291023-1_114d5efb.jpg,17328
cadastro/30475/291023-2_7c4fc30f.jpg,9035
cadastro/30475/291023_de6a66ed.jpg,9035
cadastro/30477/280963-1_075e65b7.jpg,17328
cadastro/30477/280963-2_70de3ae5.jpg,9035
cadastro/30477/280963_77615543.jpg,9035
cadastro/30481/280965-1_a2e943e8.jpg,17328
cadastro/30481/280965-2_426022df.jpg,9035
cadastro/30481/280965_0cda2f2f.jpg,9035
cadastro/30491/326795-1_17fb4f9d.jpg,108415
cadastro/30491/326795-2_1b7b5a6c.jpg,82435
cadastro/30491/326795-3_a57c5f8e.jpg,44153
cadastro/30491/326795-4_b422cecc.jpg,293525
cadastro/30491/326795-5_fad13e5e.jpg,44968
cadastro/30492/280966-1_733b28c5.jpg,17328
cadastro/30492/280966-2_45787fde.jpg,9035
cadastro/30492/280966_e0904221.jpg,9035
cadastro/30493/291024-1_e800cf00.jpg,17328
cadastro/30493/291024-2_ab0ceb76.jpg,9035
cadastro/30493/291024_2ed430a2.jpg,9035
cadastro/30495/326797-1_af4e7abf.jpg,108415
cadastro/30495/326797-2_4bce868f.jpg,82435
cadastro/30495/326797-3_7ea85fb6.jpg,44153
cadastro/30495/326797-4_aa1decbf.jpg,293525
cadastro/30495/326797-5_7e92d37c.jpg,44968
cadastro/30496/327880-1_0223c5ca.jpg,82435
cadastro/30496/327880-2_79176183.jpg,44153
cadastro/30496/327880-3_b4fa14a4.jpg,44968
cadastro/30502/327882-1_f5592555.jpg,82435
cadastro/30502/327882-2_c79aa4ad.jpg,44153
cadastro/30502/327882-3_21e767f6.jpg,44968
cadastro/30503/326834-1_b0017ea8.jpg,76502
cadastro/30503/326834-2_7a47030e.jpg,71824
cadastro/30503/326834-3_f6007b01.jpg,115106
cadastro/30503/326834-4_0e18cd2f.jpg,50679
cadastro/30508/280970-1_17aee36d.jpg,17328
cadastro/30508/280970-2_69525b0c.jpg,9035
cadastro/30508/280970_3d524d73.jpg,9035
cadastro/30509/327883-1_89b292e0.jpg,82435
cadastro/30509/327883-2_69fa609f.jpg,44153
cadastro/30509/327883-3_9f9864e8.jpg,44968
cadastro/30510/326835-1_2e550e75.jpg,76502
cadastro/30510/326835-2_53426d4f.jpg,71824
cadastro/30510/326835-3_2c1e5b94.jpg,115106
cadastro/30510/326835-4_7cdcd17e.jpg,50679
cadastro/30521/326802-1_ea0668ce.jpg,104132
cadastro/30521/326802-2_573c47a5.jpg,96579
cadastro/30521/326802-3_4d1b5f5c.jpg,144855
cadastro/30521/326802-4_20f35c53.jpg,69611
cadastro/30522/326811-1_2719aee2.jpg,104132
cadastro/30522/326811-2_4f09046a.jpg,96579
cadastro/30522/326811-3_f01c83db.jpg,144855
cadastro/30522/326811-4_46877298.jpg,69611
cadastro/30523/327944-1_cec54836.jpg,104132
cadastro/30523/327944-2_23e23224.jpg,96579
cadastro/30523/327944-3_ea2b20b7.jpg,144855
cadastro/30523/327944-4_096fa597.jpg,69611
cadastro/30524/326812-1_3ca7c993.jpg,104132
cadastro/30524/326812-2_d17864ce.jpg,96579
cadastro/30524/326812-3_475985d5.jpg,144855
cadastro/30524/326812-4_055df4ff.jpg,69611
cadastro/30525/327943-1_56f8eb3c.jpg,104132
cadastro/30525/327943-2_72c67d65.jpg,96579
cadastro/30525/327943-3_035630bc.jpg,144855
cadastro/30525/327943-4_21a338bf.jpg,69611
cadastro/30526/327946-1_0f991281.jpg,104132
cadastro/30526/327946-2_b9713938.jpg,96579
cadastro/30526/327946-3_862da54b.jpg,144855
cadastro/30526/327946-4_72183b2f.jpg,69611
cadastro/30527/307699-1_4fbb574f.jpg,97057
cadastro/30527/307699-2_080a5b62.jpg,34951
cadastro/30527/307699-3_ae89f3a2.jpg,34096
cadastro/30527/307699-4_296b5a75.jpg,17334
cadastro/30527/307699-5_e357e9f1.jpg,17334
cadastro/30527/maxresdefault_4f480ea1.webp,1125941
cadastro/30528/307695-1_23f6c931.jpg,97057
cadastro/30528/307695-2_ec04a72c.jpg,34951
cadastro/30528/307695-3_df44fd2a.jpg,34096
cadastro/30528/307695-4_b7ac60f4.jpg,17334
cadastro/30528/307695-5_3aa75024.jpg,17334
cadastro/30528/maxresdefault_4f480ea1.webp,1124765
cadastro/30530/307693-1_9142a808.jpg,97057
cadastro/30530/307693-2_22d245b5.jpg,34951
cadastro/30530/307693-3_2816bdd2.jpg,34096
cadastro/30530/307693-4_c245c66d.jpg,17334
cadastro/30530/307693-5_86425b18.jpg,17334
cadastro/30530/maxresdefault_4f480ea1.webp,1132146
cadastro/30531/307697-1_38b1998c.jpg,97057
cadastro/30531/307697-2_8848d4ce.jpg,34951
cadastro/30531/307697-3_4ae19bf9.jpg,34096
cadastro/30531/307697-4_8f52a86f.jpg,17334
cadastro/30531/307697-5_64b286eb.jpg,17334
cadastro/30531/maxresdefault_4f480ea1.webp,1126490
cadastro/30532/307691-1_42ea4125.jpg,97057
cadastro/30532/307691-2_da2855c0.jpg,34951
cadastro/30532/307691-3_55d86de4.jpg,34096
cadastro/30532/307691-4_b542c18a.jpg,17334
cadastro/30532/307691-5_f00f6bc0.jpg,17334
cadastro/30532/maxresdefault_4f480ea1.webp,1123230
cadastro/30534/307689-1_6376fe77.jpg,97057
cadastro/30534/307689-2_502e7e66.jpg,34951
cadastro/30534/307689-3_0ac2b94b.jpg,34096
cadastro/30534/307689-4_33168200.jpg,17334
cadastro/30534/307689-5_37c8697d.jpg,17334
cadastro/30534/maxresdefault_4f480ea1.webp,1130267
cadastro/30535/307687-1_90f3c8e3.jpg,97057
cadastro/30535/307687-2_833f1b61.jpg,34951
cadastro/30535/307687-3_d7a136a6.jpg,34096
cadastro/30535/307687-4_5891e7c1.jpg,17334
cadastro/30535/307687-5_7bd1349b.jpg,17334
cadastro/30535/maxresdefault_4f480ea1.webp,1134152
cadastro/30537/307686-1_f5374ac6.jpg,97057
cadastro/30537/307686-2_66334436.jpg,34951
cadastro/30537/307686-3_a7722ae8.jpg,34096
cadastro/30537/307686-4_5db08abb.jpg,17334
cadastro/30537/307686-5_8ba9d688.jpg,17334
cadastro/30537/maxresdefault_4f480ea1.webp,1164579
cadastro/30538/314932-1_2e44a19f.jpg,58040
cadastro/30538/314932-2_021cb6e4.jpg,34199
cadastro/30538/314932-3_48c19baf.jpg,16853
cadastro/30538/maxresdefault_4770447f.webp,32848
cadastro/30543/314944-1_a236dca3.jpg,58040
cadastro/30543/314944-2_77280109.jpg,32804
cadastro/30543/314944-3_027fce16.jpg,16853
cadastro/30543/314944-4_b93579b2.jpg,16853
cadastro/30543/maxresdefault_4ebdd2eb.webp,1154051
cadastro/30544/313951-1_a8448d07.jpg,30762
cadastro/30544/313951-2_34a0ae1e.jpg,59674
cadastro/30544/313951-3_f1dc95ca.jpg,35905
cadastro/30544/313951-4_ed2133fb.jpg,16201
cadastro/30547/313973-1_d0e21c7b.jpg,30762
cadastro/30547/313973-2_a99daabf.jpg,59674
cadastro/30547/313973-3_af005220.jpg,35905
cadastro/30547/313973-4_2006dd88.jpg,16201
cadastro/30548/313928-1_42b5f351.jpg,30762
cadastro/30548/313928-2_3e3d9bf7.jpg,59674
cadastro/30548/313928-3_886f1503.jpg,35905
cadastro/30548/313928-4_f0a7003e.jpg,16201
cadastro/30550/313917-1_4dc6a32c.jpg,30762
cadastro/30550/313917-3_c4732cb7.jpg,30762
cadastro/30550/313917-4_41470d1f.jpg,59674
cadastro/30550/313917-5_effaadd8.jpg,35905
cadastro/30550/313917-6_b6d691b9.jpg,16201
cadastro/30552/313925-1_c813c456.jpg,30762
cadastro/30552/313925-2_e71c6d80.jpg,59674
cadastro/30552/313925-3_d6c76345.jpg,35905
cadastro/30552/313925-4_916c79e1.jpg,16201
cadastro/30668/319641-1_0d283372.jpg,15130
cadastro/30668/319641-2_d4ed8dc1.jpg,13990
cadastro/30668/319641-3_57c8bb11.jpg,14164
cadastro/30669/319645-1_60bcfc0b.jpg,15130
cadastro/30669/319645-2_13fd758a.jpg,13990
cadastro/30669/319645-3_dc931bb0.jpg,14164
cadastro/30669/319645-4_eea5144f.jpg,14164
cadastro/30670/319654-1_d8a50a73.jpg,15130
cadastro/30670/319654-2_f9a5bbeb.jpg,13990
cadastro/30670/319654-3_31766fa0.jpg,14164
cadastro/30671/319650-1_df72275f.jpg,15130
cadastro/30671/319650-2_3d96c828.jpg,13990
cadastro/30671/319650-3_4c8640fa.jpg,14164
cadastro/30693/326702-1_e415a00e.jpg,98214
cadastro/30693/326702-2_61f11046.jpg,91837
cadastro/30693/326702-3_df5fc86b.jpg,59529
cadastro/30693/326702-4_ae590dd4.jpg,60992
cadastro/30695/326703-1_5774eedf.jpg,98214
cadastro/30695/326703-2_2c468d42.jpg,91837
cadastro/30695/326703-3_a16ac4b4.jpg,59529
cadastro/30695/326703-4_06947473.jpg,60992
cadastro/30719/290926-1_25f855b2.jpg,42847
cadastro/30719/290926-2_f8151dcc.jpg,81821
cadastro/30719/290926_0bade4a9.jpg,81821
cadastro/30721/290950-1_17722b2f.jpg,42847
cadastro/30721/290950-2_f74360fe.jpg,81821
cadastro/30721/290950_6b41ac73.jpg,81821
cadastro/30723/280853-1_07177307.jpg,42847
cadastro/30723/280853-2_bccacc7d.jpg,81821
cadastro/30723/280853_991d0cbb.jpg,81821
cadastro/30732/290949-1_4af89659.jpg,42847
cadastro/30732/290949-2_bfad8020.jpg,81821
cadastro/30732/290949_e503ad25.jpg,81821
cadastro/30734/290960-1_41f15198.jpg,42847
cadastro/30734/290960-2_760b5eae.jpg,81821
cadastro/30734/290960_e6f8a7c6.jpg,81821
cadastro/30737/290958-1_cbb8bf34.jpg,42847
cadastro/30737/290958-2_a9e4c289.jpg,81821
cadastro/30737/290958_f9be6d3a.jpg,81821
cadastro/30738/290951-1_bb5614b4.jpg,42847
cadastro/30738/290951-2_c32fa812.jpg,81821
cadastro/30738/290951_e2c327b2.jpg,81821
cadastro/30739/290948-1_3ea1b8b5.jpg,42847
cadastro/30739/290948-2_d684b422.jpg,81821
cadastro/30739/290948_e76b792a.jpg,81821
cadastro/30745/290938-1_d40a8aae.jpg,42847
cadastro/30745/290938-2_f69745f0.jpg,81821
cadastro/30745/290938_4129da1a.jpg,81821
cadastro/30751/313993-1_3021f741.jpg,35324
cadastro/30751/313993-2_c06fc8bf.jpg,49634
cadastro/30751/313993-3_25293574.jpg,17663
cadastro/30752/313990-1_adfbe302.jpg,35324
cadastro/30752/313990-2_df527e82.jpg,49634
cadastro/30752/313990_8b8123c1.jpg,17663
cadastro/30753/313987-1_ef5acdfb.jpg,35324
cadastro/30753/313987-2_94c193bd.jpg,49634
cadastro/30753/313987-3_3990e75f.jpg,17663
cadastro/30853/324186-1_dea9d028.jpg,52688
cadastro/30853/324186-2_4485ff2c.jpg,55399
cadastro/30853/324186-3_f2a5dd93.jpg,257053
cadastro/30853/324186-4_49637aec.jpg,83809
cadastro/30853/324186-5_f63ec808.jpg,83809
cadastro/30876/324189-1_4fd46316.jpg,52688
cadastro/30876/324189-2_bec697c8.jpg,55399
cadastro/30876/324189-3_8529105b.jpg,257053
cadastro/30876/324189-4_20ea68e7.jpg,83809
cadastro/30876/324189-5_08d80bd2.jpg,83809
cadastro/30931/307718-1_aecbe005.jpg,12904
cadastro/30931/307718-2_ca80ca58.jpg,12641
cadastro/30931/307718-3_f77476a2.jpg,35038
cadastro/31010/307712-1_9cbb684d.jpg,13170
cadastro/31010/307712-2_dca14588.jpg,13371
cadastro/31010/307712-3_601f4209.jpg,30890
cadastro/31010/307712-4_9ba7bfe8.jpg,35316
cadastro/31037/313677-1_ea402929.jpg,20990
cadastro/31037/313677-2_f7312a6a.jpg,36227
cadastro/31037/313677-3_fe435dfc.jpg,48671
cadastro/31037/313677-4_245dff6e.jpg,15978
cadastro/31039/313671-1_dc55c027.jpg,20990
cadastro/31039/313671-2_dc7198a1.jpg,36227
cadastro/31039/313671-3_05bc773b.jpg,48671
cadastro/31039/313671-4_7b09a8ec.jpg,15978
cadastro/31040/313659-1_1a9731f5.jpg,20990
cadastro/31040/313659-2_cd962498.jpg,36227
cadastro/31040/313659-3_6aea842d.jpg,48671
cadastro/31040/313659-4_19f2bfe5.jpg,15978
cadastro/31043/313664-1_ca1d230a.jpg,20990
cadastro/31043/313664-2_66b8d9a1.jpg,36227
cadastro/31043/313664-3_5851af3b.jpg,48671
cadastro/31043/313664-4_f5dd4148.jpg,15978
cadastro/31044/313658-1_39997124.jpg,20990
cadastro/31044/313658-2_e69361c4.jpg,36227
cadastro/31044/313658-3_edfbeeb8.jpg,48671
cadastro/31044/313658-4_03411ab5.jpg,15978
cadastro/31045/313611-1_c540c3e3.jpg,36227
cadastro/31045/313611-2_e5db4baf.jpg,48671
cadastro/31045/313611-3_1f18a42e.jpg,15978
cadastro/31047/313726-1_c45933df.jpg,32619
cadastro/31047/313726-2_674f4c69.jpg,47724
cadastro/31047/313726-3_f4a7aec3.jpg,51802
cadastro/31047/313726-4_71e1a210.jpg,12828
cadastro/31051/313713-1_7c92c8ea.jpg,32619
cadastro/31051/313713-2_d1ff64a0.jpg,47724
cadastro/31051/313713-3_009010fc.jpg,51802
cadastro/31051/313713-4_45ca679f.jpg,12828
cadastro/31052/313707-1_df0cf382.jpg,32619
cadastro/31052/313707-2_9d1e29f4.jpg,47724
cadastro/31052/313707-3_7c01a105.jpg,51802
cadastro/31052/313707-4_3bc274f4.jpg,12828
cadastro/31053/313699-1_fb26d74f.jpg,32619
cadastro/31053/313699-2_b1e406d9.jpg,47724
cadastro/31053/313699-3_291fcfa7.jpg,51802
cadastro/31053/313699-4_4c4534bf.jpg,12828
cadastro/31055/313694-1_41cd3471.jpg,32619
cadastro/31055/313694-2_5320e6fc.jpg,47724
cadastro/31055/313694-3_640857d6.jpg,51802
cadastro/31055/313694-4_525823db.jpg,12828
cadastro/31056/313691-1_513084f4.jpg,32619
cadastro/31056/313691-2_b8c10dde.jpg,47724
cadastro/31056/313691-3_c2381dde.jpg,51802
cadastro/31056/313691-4_a4ebbe36.jpg,12828
cadastro/31057/313701-1_7d2adacc.jpg,32619
cadastro/31057/313701-2_f37dfbc5.jpg,47724
cadastro/31057/313701-3_f5d671be.jpg,51802
cadastro/31057/313701-4_83520b0d.jpg,12828
cadastro/31059/290998-1_a6e372ea.jpg,16015
cadastro/31059/290998-2_13c3de82.jpg,8886
cadastro/31059/290998_8f6e957d.jpg,8886
cadastro/31076/290978-1_a30b8ab6.jpg,41782
cadastro/31076/290978-2_3579a1d8.jpg,42830
cadastro/31076/290978_e36b9953.jpg,42830
cadastro/31082/280863-1_a0da68c9.jpg,16015
cadastro/31082/280863-2_d56d3615.jpg,8886
cadastro/31082/280863_f12989ab.jpg,8886
cadastro/31143/326819-1_d447d1e3.jpg,87158
cadastro/31143/326819-2_c0eeac98.jpg,88055
cadastro/31143/326819-3_08324003.jpg,63895
cadastro/31143/326819-4_72d361bf.jpg,62546
cadastro/31144/326816-1_ae54743a.jpg,87158
cadastro/31144/326816-2_553e801b.jpg,88055
cadastro/31144/326816-3_999c7ff4.jpg,63895
cadastro/31144/326816-4_32769ae4.jpg,62546
cadastro/31145/326820-1_5aa40c3e.jpg,87158
cadastro/31145/326820-2_b2054a4c.jpg,88055
cadastro/31145/326820-3_229171a4.jpg,63895
cadastro/31145/326820-4_c9cf1967.jpg,62546
cadastro/31146/327956-1_1dc74c94.jpg,87158
cadastro/31146/327956-2_04c4f319.jpg,88055
cadastro/31146/327956-3_284b50ef.jpg,63895
cadastro/31146/327956-4_44ef3cb9.jpg,62546
cadastro/31148/327952-1_e665bc59.jpg,87158
cadastro/31148/327952-2_a4d68c0b.jpg,88055
cadastro/31148/327952-3_8bcfa8c4.jpg,63895
cadastro/31148/327952-4_136daf09.jpg,62546
cadastro/31149/327950-1_7159ccf1.jpg,87158
cadastro/31149/327950-2_27e88339.jpg,88055
cadastro/31149/327950-3_d1149762.jpg,63895
cadastro/31149/327950-4_53c796b7.jpg,62546
cadastro/31160/319604-1_97a9909a.jpg,18475
cadastro/31160/319604-2_3bf5a7cb.jpg,23194
cadastro/31160/319604-3_c8cb8fb0.jpg,15915
cadastro/31161/307715-1_f84735bb.jpg,26299
cadastro/31161/307715-2_cd2eed80.jpg,48265
cadastro/31161/307715-3_c0f5147f.jpg,27305
cadastro/31161/307715-4_3462644c.jpg,15370
cadastro/31161/307715-5_ebbd011f.jpg,15370
cadastro/31161/maxresdefault_4f480ea1.webp,1127895
cadastro/31174/319605-1_4a1949a5.jpg,18475
cadastro/31174/319605-2_a7d4e49c.jpg,23194
cadastro/31174/319605-3_3c41b941.jpg,15915
cadastro/31182/307681-1_2cbd8510.jpg,38145
cadastro/31182/307681-2_e1ed8128.jpg,33705
cadastro/31182/307681-3_6ec6b917.jpg,11728
cadastro/31182/307681-4_5dc9e61e.jpg,23662
cadastro/31182/maxresdefault_4f480ea1.webp,1126044
cadastro/31185/319611-1_14c37b27.jpg,18475
cadastro/31185/319611-2_6524f8d1.jpg,23194
cadastro/31185/319611-3_cc3f752f.jpg,15915
cadastro/31188/319613-1_ec4c8494.jpg,18475
cadastro/31188/319613-2_9bd20a5b.jpg,23194
cadastro/31188/319613-3_e5bf1d7d.jpg,15915
cadastro/31193/307671-1_ea4bfddf.jpg,26299
cadastro/31193/307671-2_27919a4d.jpg,48265
cadastro/31193/307671-3_b0118e11.jpg,27305
cadastro/31193/307671-4_0d845ad6.jpg,15370
cadastro/31193/307671-5_de60bfdb.jpg,15370
cadastro/31200/305075-1_b7ab2d2b.jpg,20616
cadastro/31200/305075-2_c61d3387.jpg,12406
cadastro/31200/305075-3_e8cb270d.jpg,14802
cadastro/31203/319619-1_1cb03592.jpg,18475
cadastro/31203/319619-2_fe16d4b8.jpg,23194
cadastro/31203/319619-3_98bff3fd.jpg,15915
cadastro/31203/319619-4_1a9a0603.jpg,15915
cadastro/31204/307666-1_ecbc0231.jpg,48265
cadastro/31204/307666-2_022fef17.jpg,26299
cadastro/31204/307666-3_18e2478c.jpg,27305
cadastro/31204/307666-4_8ddf8c4d.jpg,15370
cadastro/31204/307666-5_5b9013a8.jpg,15370
cadastro/31204/maxresdefault_4f480ea1.webp,1136409
cadastro/31208/319629-1_aae86b40.jpg,18475
cadastro/31208/319629-2_8c03e498.jpg,23194
cadastro/31208/319629-3_9ca36de8.jpg,15915
cadastro/31208/319629-4_0861a50d.jpg,15915
cadastro/31209/305076-1_8743492a.jpg,20616
cadastro/31209/305076-2_e060484c.jpg,12406
cadastro/31209/305076-3_97c19e5a.jpg,14802
cadastro/31212/307664-1_fbd6ba35.jpg,15370
cadastro/31212/307664-2_19d0a199.jpg,48265
cadastro/31212/307664-3_392518f8.jpg,27305
cadastro/31212/307664-4_4df9d679.jpg,15370
cadastro/31212/307664-5_faba16a4.jpg,15370
cadastro/31212/maxresdefault_4f480ea1.webp,1127778
cadastro/31216/307663-1_171eaad7.jpg,26299
cadastro/31216/307663-2_6a075bb2.jpg,48265
cadastro/31216/307663-3_6f41c74d.jpg,27305
cadastro/31216/307663-4_3e25bbf7.jpg,15370
cadastro/31216/307663-5_52ae84a8.jpg,15370
cadastro/31216/maxresdefault_4f480ea1.webp,1135360
cadastro/31218/307658-1_2edfd5bf.jpg,26299
cadastro/31218/307658-2_dae0dd64.jpg,48265
cadastro/31218/307658-3_36a711a0.jpg,27305
cadastro/31218/307658-4_54a84b61.jpg,15370
cadastro/31218/307658-5_f16f9f55.jpg,15370
cadastro/31218/maxresdefault_4f480ea1.webp,1120976
cadastro/31220/319632-1_8b369a98.jpg,18475
cadastro/31220/319632-2_0403d35c.jpg,23194
cadastro/31220/319632-3_66943217.jpg,15915
cadastro/31242/290997-1_0d5b1586.jpg,16015
cadastro/31242/290997-3_011255b6.jpg,30816
cadastro/31242/290997-4_c37e8bec.jpg,14040
cadastro/31242/290997-5_06c77b47.jpg,14104
cadastro/31242/290997_c93d57f8.jpg,8886
cadastro/31242/maxresdefault_4ebdd2eb.webp,1132218
cadastro/31244/290999-1_5c3809ba.jpg,16015
cadastro/31244/290999-3_5e58bb03.jpg,30816
cadastro/31244/290999-4_b9cd81b2.jpg,14040
cadastro/31244/290999-5_40f8eab7.jpg,14104
cadastro/31244/290999_597a0321.jpg,8886
cadastro/31258/321604-1_f92182c1.jpg,34280
cadastro/31258/321604-2_09b23f76.jpg,48819
cadastro/31258/321604-3_fcfce193.jpg,14986
cadastro/31258/321604-4_31c85984.jpg,14986
cadastro/31258/321604-5_1566f111.jpg,14986
cadastro/31258/321604-6_e1f5bc00.jpg,14986
cadastro/31260/321466-1_90ec860d.jpg,36431
cadastro/31260/321466-2_88e85b39.jpg,20889
cadastro/31260/321466-3_3f148957.jpg,48086
cadastro/31260/321466-4_39096a09.jpg,14602
cadastro/31260/321466-5_fe2eb912.jpg,14602
cadastro/31260/321466-6_1337504a.jpg,14602
cadastro/31263/319935-1_8cf0ade1.jpg,47709
cadastro/31263/319935-2_dcb04678.jpg,21051
cadastro/31263/319935-3_03d45174.jpg,33682
cadastro/31263/319935-4_ebf1ff93.jpg,16181
cadastro/31263/319935-5_e0d108dd.jpg,16181
cadastro/31272/319931-1_0e6ea2a5.jpg,47709
cadastro/31272/319931-2_4d2e983e.jpg,21051
cadastro/31272/319931-3_16ea3bae.jpg,33682
cadastro/31272/319931-4_b0d8567d.jpg,16181
cadastro/31272/319931-5_29487071.jpg,16181
cadastro/31308/314041-1_cbf3aae5.jpg,32410
cadastro/31308/314041-2_595c2801.jpg,47447
cadastro/31308/314041-3_5a8d7e2e.jpg,52659
cadastro/31308/314041-4_6a4eb168.jpg,13574
cadastro/31308/314041-5_8ce6296f.jpg,13574
cadastro/31311/314038-1_848912a8.jpg,32410
cadastro/31311/314038-2_909a4559.jpg,47447
cadastro/31311/314038-3_f8fd703b.jpg,52659
cadastro/31311/314038-4_e28c1a38.jpg,13574
cadastro/31312/314030-1_377fc115.jpg,32410
cadastro/31312/314030-2_b24957b8.jpg,47447
cadastro/31312/314030-3_bf73ab85.jpg,52659
cadastro/31312/314030-4_a7aac3a3.jpg,13574
cadastro/31313/314026-1_4b89931f.jpg,32410
cadastro/31313/314026-2_b7c9fe19.jpg,47447
cadastro/31313/314026-3_3c81cc8c.jpg,52659
cadastro/31313/314026-4_5caf3760.jpg,13574
cadastro/31314/314028-1_eb66bb10.jpg,32410
cadastro/31314/314028-2_c8fe950f.jpg,47447
cadastro/31314/314028-3_ac69dac1.jpg,52659
cadastro/31314/314028-4_40c725ab.jpg,13574
cadastro/31329/323809-1_9aaa000e.jpg,27893
cadastro/31329/323809-2_d7932f8b.jpg,16873
cadastro/31329/323809-3_d168b0a5.jpg,14846
cadastro/31329/323809-4_9a55c210.jpg,16069
cadastro/31386/328583-1_594e06f4.jpg,19397
cadastro/31386/328583-2_30503e08.jpg,26585
cadastro/31386/328583-3_3db62b08.jpg,19151
cadastro/31388/328586-1_1acdb22b.jpg,23819
cadastro/31388/328586-2_34ca0d57.jpg,40771
cadastro/31388/328586-3_8f1c842c.jpg,27873
cadastro/31390/328587-1_c62daba5.jpg,23819
cadastro/31390/328587-2_d6242c39.jpg,40771
cadastro/31390/328587-3_2eb7137a.jpg,27873
cadastro/31391/328588-1_188810ae.jpg,23819
cadastro/31391/328588-2_d70ea1f2.jpg,40771
cadastro/31391/328588-3_2e892d81.jpg,27873
cadastro/31523/293219-1_9015579d.jpg,70371
cadastro/31523/293219-2_db271c75.jpg,40848
cadastro/31523/293219-3_c314d337.jpg,60184
cadastro/31523/293219-4_d38b6f54.jpg,17725
cadastro/31523/293219-5_ac06ce19.jpg,31914
cadastro/31525/293218-1_622cfcba.jpg,70371
cadastro/31525/293218-2_c94c5f9a.jpg,40848
cadastro/31525/293218-3_d90dfea8.jpg,60184
cadastro/31525/293218-4_4779e11c.jpg,17725
cadastro/31525/293218-5_d7e1bd48.jpg,31914
cadastro/31526/293226-1_d61e8386.jpg,70371
cadastro/31526/293226-2_fe3210f7.jpg,40848
cadastro/31526/293226-3_4b506390.jpg,60184
cadastro/31526/293226-4_3a7e71a7.jpg,17725
cadastro/31526/293226-5_f9c300b9.jpg,31914
cadastro/31528/293221-1_3dff706c.jpg,70371
cadastro/31528/293221-2_24e21c95.jpg,40848
cadastro/31528/293221-3_5fdfa94e.jpg,60184
cadastro/31528/293221-4_76015d41.jpg,17725
cadastro/31528/293221-5_0181f551.jpg,31914
cadastro/31528/293221-6_08aeec13.jpg,31914
cadastro/31529/293217-1_0078226e.jpg,70371
cadastro/31529/293217-2_08d25052.jpg,40848
cadastro/31529/293217-3_867c25b0.jpg,60184
cadastro/31529/293217-4_8b25c5f1.jpg,17725
cadastro/31529/293217-5_3bfea93a.jpg,31914
cadastro/31535/328669-1_29881c09.jpg,43875
cadastro/31535/328669-2_019cc4b8.jpg,34143
cadastro/31535/328669-3_b731e48c.jpg,37974
cadastro/31543/328705-1_3be1b9ca.jpg,68833
cadastro/31543/328705-2_1c257d1c.jpg,49711
cadastro/31543/328705-3_c5c72087.jpg,53993
cadastro/31559/327729-1_c1a24b69.jpg,19835
cadastro/31559/327729-2_c76a3500.jpg,31252
cadastro/31559/327729_32092dc9.jpg,28089
cadastro/31570/307210-4_67bde065.jpg,18753
cadastro/31570/307210-5_81f8deab.jpg,34090
cadastro/31570/307210-6_49d188fc.jpg,16964
cadastro/31570/307210-7_4f3c237d.jpg,77466
cadastro/31570/307210-8_390bf3fc.jpg,28106
cadastro/31570/307210-9_d026befe.jpg,28106
cadastro/31577/327715-1_6a9f6529.jpg,18212
cadastro/31577/327715-2_d37aaa32.jpg,37859
cadastro/31577/327715_0e0a60a1.jpg,26851
cadastro/31580/307204-5_53a96f0d.jpg,20103
cadastro/31580/307204-6_d2028495.jpg,32207
cadastro/31580/307204-7_2399c552.jpg,15048
cadastro/31580/307204-8_e5f862a1.jpg,25510
cadastro/31580/307204-9_07dbdf2f.jpg,25510
cadastro/31593/307211-4_84c2ad6c.jpg,14665
cadastro/31593/307211-5_5f7874c7.jpg,30729
cadastro/31593/307211-6_43bc1c62.jpg,15903
cadastro/31593/307211-7_5801835c.jpg,26736
cadastro/31593/307211-8_bcef4fb4.jpg,26736
cadastro/31595/293347-1_c78b4013.jpg,9488
cadastro/31595/293347-2_53ad6053.jpg,21179
cadastro/31602/307295-4_b2afe491.jpg,15095
cadastro/31602/307295-5_bec7f6f6.jpg,28913
cadastro/31602/307295-6_507b101b.jpg,15365
cadastro/31602/307295-7_021793e5.jpg,27404
cadastro/31602/307295-8_b0812f77.jpg,27404
cadastro/31606/307207-1_46bddbc6.jpg,15409
cadastro/31606/307207-2_69a7e430.jpg,26572
cadastro/31606/307207-3_3fcb6880.jpg,16657
cadastro/31606/307207-4_b1e5d517.jpg,78669
cadastro/31606/307207-5_666daec2.jpg,26553
cadastro/31606/307207-6_3556674c.jpg,26553
cadastro/31614/327716-1_3332419a.jpg,18212
cadastro/31614/327716-2_222f0523.jpg,37859
cadastro/31614/327716_1c921e46.jpg,26851
cadastro/31617/309013-1_68776301.jpg,30079
cadastro/31617/309013-2_950f9904.jpg,21365
cadastro/31617/309013-3_7373b049.jpg,72228
cadastro/31617/309013-4_c6b9d4d8.jpg,24118
cadastro/31617/309013-5_8f9dbea3.jpg,24118
cadastro/31617/maxresdefault_3b231403.webp,1146359
cadastro/31618/327718-1_8e85da39.jpg,18212
cadastro/31618/327718-2_d503bedf.jpg,37859
cadastro/31618/327718_89275e3a.jpg,26851
cadastro/31622/309014-1_06465a71.jpg,30079
cadastro/31622/309014-2_0f475f9d.jpg,21365
cadastro/31622/309014-3_0c6d9991.jpg,72228
cadastro/31622/309014-4_b44d028a.jpg,24118
cadastro/31622/309014-5_8a85313b.jpg,24118
cadastro/31622/309014-6_94f624cd.jpg,24118
cadastro/31622/maxresdefault_3b231403.webp,1155117
cadastro/31623/327732-1_132ada3f.jpg,16570
cadastro/31623/327732-2_7fab97cf.jpg,41627
cadastro/31623/327732_000a1675.jpg,32028
cadastro/31625/319825-1_45d78633.jpg,19758
cadastro/31625/319825-2_b3040c53.jpg,28224
cadastro/31625/319825-3_fa0c0df9.jpg,124831
cadastro/31625/319825-4_f2ecf63f.jpg,21547
cadastro/31625/319825-5_691ade9a.jpg,21547
cadastro/31635/307208-1_acb6cfd2.jpg,14446
cadastro/31635/307208-2_9b13c8df.jpg,30286
cadastro/31635/307208-3_17ffc7c9.jpg,15729
cadastro/31635/307208-4_bb7e1d64.jpg,26027
cadastro/31635/307208-5_a06fa68c.jpg,26027
cadastro/31640/307209-4_a24d63e2.jpg,17113
cadastro/31640/307209-5_a7e13023.jpg,28841
cadastro/31640/307209-6_4f3ca9fc.jpg,16950
cadastro/31640/307209-7_06470aaa.jpg,27977
cadastro/31640/307209-8_b253030b.jpg,27977
cadastro/31648/319951-1_bd76b6fe.jpg,13460
cadastro/31648/319951-2_42f2a716.jpg,23637
cadastro/31648/319951-3_7ae8cf99.jpg,22915
cadastro/31659/327722-1_42d47d97.jpg,18212
cadastro/31659/327722-2_5131d982.jpg,37859
cadastro/31659/327722_de5c5ac4.jpg,26851
cadastro/31668/308983-1_61b3a7be.jpg,33937
cadastro/31668/308983-2_0e62fc5c.jpg,19095
cadastro/31668/308983-3_378aaa1d.jpg,128867
cadastro/31668/308983-4_13cfc9ec.jpg,22565
cadastro/31668/308983-5_1fdb58ec.jpg,22565
cadastro/31674/293318-5_bfe7f137.jpg,30102
cadastro/31674/293318-6_400ef3b3.jpg,31512
cadastro/31674/293318-7_5491dab5.jpg,18735
cadastro/31674/293318-8_4fe893fa.jpg,23166
cadastro/31676/307291-10_43f7afb6.jpg,27522
cadastro/31676/307291-5_d9881af7.jpg,18686
cadastro/31676/307291-6_62e54fd4.jpg,32300
cadastro/31676/307291-7_caea9f06.jpg,16845
cadastro/31676/307291-8_d5896f8d.jpg,79533
cadastro/31676/307291-9_7b0ab9b0.jpg,27522
cadastro/31689/280957-10_1fd35e56.jpg,23166
cadastro/31689/280957-7_82446a1f.jpg,30102
cadastro/31689/280957-8_c79d9f0f.jpg,31512
cadastro/31689/280957-9_e2775074.jpg,18735
cadastro/31695/280958-10_10e36456.jpg,23166
cadastro/31695/280958-7_e5d03212.jpg,30102
cadastro/31695/280958-8_d1de49d0.jpg,31512
cadastro/31695/280958-9_85000528.jpg,18735
cadastro/31704/327736-1_707c1eba.jpg,15598
cadastro/31704/327736-2_d4c49a09.jpg,37990
cadastro/31704/327736_1c7a9716.jpg,30953
cadastro/31709/309020-1_c701a619.jpg,30079
cadastro/31709/309020-2_827022c1.jpg,21365
cadastro/31709/309020-3_40efbb1e.jpg,72228
cadastro/31709/309020-4_545716df.jpg,24118
cadastro/31709/309020-5_b50df448.jpg,24118
cadastro/31711/293304-5_9c5ea01c.jpg,30102
cadastro/31711/293304-6_f6462e86.jpg,31512
cadastro/31711/293304-7_d55094d0.jpg,18735
cadastro/31711/293304-8_86f88d65.jpg,23166
cadastro/31718/327734-1_9e990c9d.jpg,20009
cadastro/31718/327734-2_c28e3686.jpg,33910
cadastro/31718/327734_c414a1e7.jpg,27089
cadastro/31721/309022-1_2e90040e.jpg,30079
cadastro/31721/309022-2_364896df.jpg,21365
cadastro/31721/309022-3_13b49f07.jpg,72228
cadastro/31721/309022-4_7d95e342.jpg,24118
cadastro/31721/309022-5_589fee80.jpg,24118
cadastro/31737/309025-1_fde4aee2.jpg,30079
cadastro/31737/309025-2_075b7db6.jpg,21365
cadastro/31737/309025-3_8384a1b1.jpg,72228
cadastro/31737/309025-4_c8db0c8b.jpg,24118
cadastro/31737/309025-5_aa6c0bc7.jpg,24118
cadastro/31737/maxresdefault_3b231403.webp,1152820
cadastro/31753/325475-1_501ebf5a.jpg,14829
cadastro/31753/325475-2_dde29721.jpg,36839
cadastro/31753/325475-3_ba0b72a8.jpg,24354
cadastro/31753/325475-4_7e087fd8.jpg,11512
cadastro/31753/325475-5_509b4756.jpg,98295
cadastro/31753/325475-6_3628549b.jpg,32414
cadastro/31756/325487-1_e8f1f9ed.jpg,12940
cadastro/31756/325487-2_86377db8.jpg,36839
cadastro/31756/325487-3_4270ca6b.jpg,23518
cadastro/31756/325487-4_510a91b1.jpg,11512
cadastro/31756/325487-5_20e3ee85.jpg,98295
cadastro/31756/325487-6_5bb4ab2f.jpg,32414
cadastro/31757/325488-1_9f9cc5b4.jpg,12940
cadastro/31757/325488-2_c6da034e.jpg,36839
cadastro/31757/325488-3_88805ad4.jpg,23518
cadastro/31757/325488-4_334e946f.jpg,11512
cadastro/31757/325488-5_54ecc402.jpg,98295
cadastro/31757/325488-6_264d9807.jpg,32414
cadastro/31758/325492-1_4c224e20.jpg,12940
cadastro/31758/325492-2_546d11d6.jpg,36839
cadastro/31758/325492-3_0a580007.jpg,23518
cadastro/31758/325492-4_f97cea10.jpg,11512
cadastro/31758/325492-5_6e34650b.jpg,98295
cadastro/31758/325492-6_bb66c950.jpg,32414
cadastro/31760/325490-1_59cc3bd6.jpg,12940
cadastro/31760/325490-2_339afb8b.jpg,36839
cadastro/31760/325490-3_41baeaa3.jpg,23518
cadastro/31760/325490-4_ab5c20aa.jpg,11512
cadastro/31760/325490-5_b15aae62.jpg,98295
cadastro/31760/325490-6_fb75b38a.jpg,32414
cadastro/31766/315754-1_761d7fe2.jpg,35204
cadastro/31766/315754-2_3285d8a5.jpg,54890
cadastro/31766/315754-3_590fe25c.jpg,40228
cadastro/31766/315754-4_ac6ad95d.jpg,20654
cadastro/31766/315754-5_a3f664c0.jpg,20654
cadastro/31766/maxresdefault_4770447f.webp,32848
cadastro/31769/315753-1_b3498ce5.jpg,35204
cadastro/31769/315753-2_c80c0d93.jpg,54890
cadastro/31769/315753-3_313b4731.jpg,40228
cadastro/31769/315753-4_8f37b759.jpg,20654
cadastro/31769/315753-5_98885c3b.jpg,20654
cadastro/31769/maxresdefault_4770447f.webp,32848
cadastro/31780/325437-1_0dfb3119.jpg,17794
cadastro/31780/325437-2_ab56cc2e.jpg,34292
cadastro/31780/325437-3_59233cfa.jpg,26747
cadastro/31783/325438-1_2f308b93.jpg,16921
cadastro/31783/325438-2_f5160d9c.jpg,34024
cadastro/31783/325438-3_0ed948f9.jpg,27592
cadastro/31783/325438-4_bc8d5849.jpg,27592
cadastro/31784/293323-5_8c2f8941.jpg,24801
cadastro/31784/293323-6_fe368f30.jpg,37992
cadastro/31784/293323-7_1f4c9d73.jpg,21106
cadastro/31784/293323-8_c194acbb.jpg,30290
cadastro/31786/325439-1_ed2b810a.jpg,19091
cadastro/31786/325439-2_aef0dda0.jpg,32943
cadastro/31786/325439-3_451fe2b0.jpg,26566
cadastro/31792/293328-5_28380b06.jpg,24801
cadastro/31792/293328-6_419467be.jpg,37992
cadastro/31792/293328-7_d869354c.jpg,21106
cadastro/31792/293328-8_eb8bb28e.jpg,30290
cadastro/31801/293364-1_fa4428f3.jpg,13838
cadastro/31801/293364-2_e6dbce7e.jpg,13554
cadastro/31801/293364-3_a58131d1.jpg,16992
cadastro/31801/293364-4_1076a475.jpg,16992
cadastro/31804/293327-5_3afb3391.jpg,24801
cadastro/31804/293327-6_c0d18aa8.jpg,37992
cadastro/31804/293327-7_af2de95f.jpg,21106
cadastro/31804/293327-8_b2bf9cf5.jpg,30290
cadastro/31806/293325-5_2c566565.jpg,24801
cadastro/31806/293325-6_dd3c5d4e.jpg,37992
cadastro/31806/293325-7_69c0860b.jpg,21106
cadastro/31806/293325-8_f4b6ebd9.jpg,30290
cadastro/31812/293322-5_487c99d6.jpg,24801
cadastro/31812/293322-6_4dca69e5.jpg,37992
cadastro/31812/293322-7_414cd3f6.jpg,21106
cadastro/31812/293322-8_238b45bc.jpg,21106
cadastro/31812/293322-9_ce4c8506.jpg,30290
cadastro/31836/308986-1_44dd693f.jpg,33937
cadastro/31836/308986-2_380ee4c8.jpg,19095
cadastro/31836/308986-3_16b66b7a.jpg,128867
cadastro/31836/308986-4_05cccc8c.jpg,22565
cadastro/31836/308986-5_acd4b2ab.jpg,22565
cadastro/31836/maxresdefault_709d8a03.webp,1145750
cadastro/31840/325440-1_25d346fa.jpg,19266
cadastro/31840/325440-2_606fd023.jpg,34966
cadastro/31840/325440-3_de89d6f3.jpg,26623
cadastro/31846/315739-1_793c52c4.jpg,22655
cadastro/31846/315739-2_ed14de35.jpg,30268
cadastro/31846/315739-3_346abeda.jpg,22983
cadastro/31847/307305-1_0747f48c.jpg,286287
cadastro/31847/307305-2_7121f889.jpg,344853
cadastro/31847/307305-3_eb2bef10.jpg,543135
cadastro/31847/307305-4_ab675831.jpg,286718
cadastro/31847/307305-5_30a54e48.jpg,775894
cadastro/31847/307305-6_8647c7a2.jpg,108143
cadastro/31848/307308-1_0788fc74.jpg,32129
cadastro/31848/307308-2_5deeb197.jpg,115106
cadastro/31848/307308-3_a04dc136.jpg,286718
cadastro/31848/307308-4_c0ca5a2e.jpg,483558
cadastro/31848/307308-5_ebdff7e4.jpg,731987
cadastro/31848/307308-6_add2b517.jpg,108143
cadastro/31848/maxresdefault_6766353c.webp,36176
cadastro/31849/307301-1_7fe92df4.jpg,112903
cadastro/31849/307301-2_488ca894.jpg,265456
cadastro/31849/307301-3_dd9d01db.jpg,323325
cadastro/31849/307301-4_5ba879ae.jpg,565078
cadastro/31849/307301-5_8b493247.jpg,77406
cadastro/31850/308992-1_d65df0fa.jpg,40040
cadastro/31850/308992-2_954f72cf.jpg,48548
cadastro/31850/308992-3_053f24ab.jpg,121263
cadastro/31850/308992-4_47cc0ed2.jpg,117439
cadastro/31850/308992-5_7e54c75a.jpg,26256
cadastro/31850/maxresdefault_4770447f.webp,32848
cadastro/31851/325472-1_a06720fe.jpg,26821
cadastro/31851/325472-2_120d1433.jpg,40183
cadastro/31851/325472-3_277c2e3e.jpg,38714
cadastro/31853/325473-1_dcfaacab.jpg,27275
cadastro/31853/325473-2_cdb1ff53.jpg,43435
cadastro/31853/325473-3_d2c43516.jpg,37323
cadastro/31862/307205-1_11fba4bb.jpg,23327
cadastro/31862/307205-2_a055ca67.jpg,31927
cadastro/31862/307205-3_dac9f97e.jpg,25761
cadastro/31862/307205-4_c77d5c35.jpg,34123
cadastro/31862/307205-5_cb1ae037.jpg,34123
cadastro/31866/309011-1_5ad0b1fa.jpg,32167
cadastro/31866/309011-2_78b15817.jpg,31079
cadastro/31866/309011-3_907cdf9f.jpg,27693
cadastro/31866/309011-4_5297cd6c.jpg,35052
cadastro/31866/309011-5_dfcd5d13.jpg,35052
cadastro/31872/283827-1_9dbaae05.jpg,23541
cadastro/31872/283827-2_d909e905.jpg,21283
cadastro/31872/283827-3_e135ec76.jpg,22488
cadastro/31873/283824-1_927d3d3a.jpg,23541
cadastro/31873/283824-2_d40ea1df.jpg,21283
cadastro/31873/283824-3_6a311ed1.jpg,22488
cadastro/31873/maxresdefault_bae663b3.webp,65606
cadastro/31906/328901-1_bc376a63.jpg,29951
cadastro/31906/328901-2_269e155a.jpg,21998
cadastro/31906/328901-3_e33ce0f6.jpg,30406
cadastro/31906/328901-4_fbc35ac4.jpg,34995
cadastro/31908/323734-1_e5e59d8c.jpg,34308
cadastro/31908/323734-2_d02e43dc.jpg,44783
cadastro/31908/323734-3_63e300f0.jpg,31350
cadastro/31908/323734-4_35bde713.jpg,30533
cadastro/31908/323734-5_63989276.jpg,42098
cadastro/31908/323734-6_1b1ef02a.jpg,42098
cadastro/31912/333454_1ae1eba3.jpg,49997
cadastro/31952/321828-1_53fdc7c8.jpg,24315
cadastro/31952/321828-2_591b1bb0.jpg,22011
cadastro/31952/321828-3_0d1fa972.jpg,14973
cadastro/31952/321828-4_2e756566.jpg,19213
cadastro/31952/321828-5_d9783fdf.jpg,19213
cadastro/31953/321824-1_1be37a4b.jpg,23067
cadastro/31953/321824-2_fa52ef75.jpg,19532
cadastro/31953/321824-3_17612f44.jpg,14020
cadastro/31953/321824-4_ff486a19.jpg,18795
cadastro/31953/321824-5_8fd8d18c.jpg,18795
cadastro/31954/321825-1_d2347d9a.jpg,28144
cadastro/31954/321825-2_0f8a4d23.jpg,28501
cadastro/31954/321825-3_a358c28f.jpg,13061
cadastro/31954/321825-4_fc338a8d.jpg,19976
cadastro/31954/321825-5_c0b56126.jpg,19976
cadastro/31955/321831-1_ece05e40.jpg,24315
cadastro/31955/321831-2_66f9f501.jpg,22011
cadastro/31955/321831-3_12306179.jpg,14973
cadastro/31955/321831-4_e4a6b4ba.jpg,19213
cadastro/31955/321831-5_6072088f.jpg,19213
cadastro/31956/321843_67e28508.jpg,34141
cadastro/31957/321844-1_7b978d82.jpg,24632
cadastro/31957/321844-2_d9686777.jpg,26447
cadastro/31957/321844-3_a79f6b0b.jpg,15405
cadastro/31957/321844-4_9e178320.jpg,13087
cadastro/31957/321844-5_e461ca86.jpg,20822
cadastro/31957/321844-6_b9a00cae.jpg,20822
cadastro/31958/321849-1_5e34dd20.jpg,23245
cadastro/31958/321849-2_621bfb6b.jpg,22224
cadastro/31958/321849-3_e6ca1416.jpg,14170
cadastro/31958/321849-4_8dee8f85.jpg,19102
cadastro/31958/321849-5_cd58b139.jpg,19102
cadastro/31959/321845-1_ac9e9f0f.jpg,24632
cadastro/31959/321845-2_b6215e95.jpg,26447
cadastro/31959/321845-3_8416397c.jpg,15405
cadastro/31959/321845-4_601c190d.jpg,13087
cadastro/31959/321845-5_d8ace878.jpg,20822
cadastro/31959/321845-6_df7a9e4d.jpg,20822
cadastro/31960/321856-1_5339fecf.jpg,23245
cadastro/31960/321856-2_ccf9f70c.jpg,22224
cadastro/31960/321856-3_da0dc672.jpg,14170
cadastro/31960/321856-4_1bafadfe.jpg,19102
cadastro/31960/321856-5_279354a4.jpg,19102
cadastro/31982/327340-1_b22c7765.jpg,7828
cadastro/31982/327340-2_bbb66a3b.jpg,7784
cadastro/31982/327340-3_f7a3e107.jpg,7473
cadastro/31983/327339-1_c9c27734.jpg,7828
cadastro/31983/327339-2_8a911d2f.jpg,7784
cadastro/31983/327339-3_be02237c.jpg,7473
cadastro/31984/327338-1_d2443847.jpg,7828
cadastro/31984/327338-2_5080e495.jpg,7784
cadastro/31984/327338-3_a4808854.jpg,7473
cadastro/31985/327343-1_c43bfb0f.jpg,7828
cadastro/31985/327343-2_2b1e89c8.jpg,7784
cadastro/31985/327343-3_13b5a55b.jpg,7473
cadastro/31986/327344-1_3b93411b.jpg,7828
cadastro/31986/327344-2_1fc5f4d1.jpg,7784
cadastro/31986/327344-3_33ecef0a.jpg,7473
cadastro/31987/327342-1_64a29ac4.jpg,7828
cadastro/31987/327342-2_a31e31b3.jpg,7784
cadastro/31987/327342-3_dab4909c.jpg,7473
cadastro/31990/327347-1_e174d8a7.jpg,7828
cadastro/31990/327347-2_4dc548f6.jpg,7784
cadastro/31990/327347-3_ff1c1846.jpg,7473
cadastro/31999/327891-1_fbdb1e1f.jpg,75542
cadastro/31999/327891-2_b84fb6f6.jpg,57841
cadastro/31999/327891-3_5a6e9c0d.jpg,45141
cadastro/31999/327891-4_0253ea80.jpg,42219
cadastro/31999/327891-5_d7b2b665.jpg,44530
cadastro/32002/325795-1_0f30d816.jpg,13655
cadastro/32002/325795-2_f250be20.jpg,15839
cadastro/32002/325795-3_73d36b89.jpg,19452
cadastro/32003/325813-1_095ff0bb.jpg,34340
cadastro/32003/325813-2_288b7961.jpg,96246
cadastro/32003/325813-3_4b67924c.jpg,16049
cadastro/32003/325813-4_2fd75c04.jpg,16049
cadastro/32005/325814-1_1d3f0ae5.jpg,34340
cadastro/32005/325814-2_2e9a2b05.jpg,96246
cadastro/32005/325814-3_ef5a9594.jpg,16049
cadastro/32008/308395-2_00897b2d.jpg,74263
cadastro/32008/308395-3_1c095f71.jpg,29488
cadastro/32008/308395-4_f42f0b69.jpg,11130
cadastro/32008/308395-5_f2275cb5.jpg,11130
cadastro/32008/maxresdefault_4f480ea1.webp,1131739
cadastro/32009/308396-1_7cf731fc.jpg,29488
cadastro/32009/308396-2_fc45664d.jpg,74263
cadastro/32009/308396-3_f25ddcd5.jpg,11130
cadastro/32009/308396-4_fe987734.jpg,11130
cadastro/32009/maxresdefault_4f480ea1.webp,1127511
cadastro/32010/308400-1_eca4dfa2.jpg,29488
cadastro/32010/308400-2_f0696ef2.jpg,74263
cadastro/32010/308400-3_c96af7e5.jpg,11130
cadastro/32010/308400-4_5273d35e.jpg,11130
cadastro/32010/maxresdefault_4f480ea1.webp,1140676
cadastro/32011/308397-1_ac784162.jpg,29488
cadastro/32011/308397-2_58c34e8b.jpg,74263
cadastro/32011/308397-3_c22787c8.jpg,11130
cadastro/32011/308397-4_c0f07e1b.jpg,11130
cadastro/32011/maxresdefault_4f480ea1.webp,1129145
cadastro/32012/308410-1_c8873b8b.jpg,29488
cadastro/32012/308410-2_1edfc5ab.jpg,74263
cadastro/32012/308410-3_4e465882.jpg,11130
cadastro/32012/308410-4_f68bb631.jpg,11130
cadastro/32012/maxresdefault_4f480ea1.webp,1131062
cadastro/32013/308420-1_5b757e27.jpg,29488
cadastro/32013/308420-2_6c10fb8a.jpg,74263
cadastro/32013/308420-3_3c1ffd37.jpg,11130
cadastro/32013/308420-4_ee910cf5.jpg,11130
cadastro/32013/maxresdefault_4f480ea1.webp,1138141
cadastro/32015/308421-1_7d3bf533.jpg,29488
cadastro/32015/308421-2_6ad6dd4e.jpg,74263
cadastro/32015/308421-3_d92d473e.jpg,11130
cadastro/32015/308421-4_205c5bff.jpg,11130
cadastro/32015/maxresdefault_4f480ea1.webp,1158842
cadastro/32016/308427-1_66795810.jpg,29488
cadastro/32016/308427-2_fd69fde4.jpg,74263
cadastro/32016/308427-3_f3084f2f.jpg,11130
cadastro/32016/308427-4_8140bd50.jpg,11130
cadastro/32016/maxresdefault_4f480ea1.webp,1134545
cadastro/32017/308434-1_2990e2fa.jpg,29488
cadastro/32017/308434-2_89ef7b73.jpg,74263
cadastro/32017/308434-3_3bd54abe.jpg,11130
cadastro/32017/308434-4_2bb7d575.jpg,11130
cadastro/32017/maxresdefault_4f480ea1.webp,1124784
cadastro/331/cabo-fio-coaxial-rg6-67-branco-rolo-100-_f3fb90a7.jpg,57514
cadastro/35312/maxresdefault_c7abf53a.webp,58432
cadastro/3998/275746-1_ee78c798.jpg,87663
cadastro/3998/275746-3_bfbe448c.jpg,87663
cadastro/3998/275746-4_a2788cb0.jpg,71825
cadastro/4199/278256_e6433a87.jpg,176014
cadastro/4353/263580_22bbe51c.jpg,265701
cadastro/5004/275107-1_7d9ca17b.jpg,256907
cadastro/5004/275107-2_3a473f5f.jpg,98970
cadastro/5004/275107-3_6e056f33.jpg,265425
cadastro/507/270061_62729e4b.jpg,254641
cadastro/51827/300897-1_e540b954.jpg,165422
cadastro/5346/262984_64249178.jpg,418050
cadastro/5661/275766-1_f0e87ad4.jpg,153975
cadastro/5661/275766-2_a04358fa.jpg,116485
cadastro/5661/275766-3_699939ca.jpg,33976
cadastro/6365/280143-2_5b2ddb5e.jpg,383863
cadastro/6365/280143_b8588cbf.jpg,190820
cadastro/6777/279762-1_50b01f76.jpg,97206
cadastro/6777/279762-2_f3f94788.jpg,100034
cadastro/6777/279762-3_98cdd75d.jpg,92358
cadastro/6806/279594-1_a1b82d89.jpg,70394
cadastro/6806/279594-2_41630a98.jpg,90775
cadastro/6806/279594-3_78417d8a.jpg,32308
cadastro/6924/279381-1_dc22ca35.jpg,233363
cadastro/6924/279381-2_d279eac6.jpg,216577
cadastro/6924/279381-3_430db306.jpg,32241
cadastro/6947/280100-1_5b485d91.jpg,182604
cadastro/6947/280100-2_bfd277a1.jpg,187237
cadastro/6947/280100-3_0a9858f7.jpg,32423
cadastro/6957/280098-1_264b9b0f.jpg,182572
cadastro/6957/280098-2_8c6ce091.jpg,187192
cadastro/6957/280098-3_7e563d78.jpg,32395
cadastro/7045/280046-1_65c4f81c.jpg,182689
cadastro/7045/280046-2_bf0d06d2.jpg,187159
cadastro/7045/280046-3_e135d5fc.jpg,32382
cadastro/7047/280044-2_9c626154.jpg,187152
cadastro/7047/280044-3_c943c879.jpg,32388
cadastro/7066/280082-1_76ec0ee8.jpg,182265
cadastro/7066/280082-2_84b64c42.jpg,187211
cadastro/7066/280082-3_c1fd9ad9.jpg,32405
cadastro/7073/280080-1_08433ab7.jpg,182632
cadastro/7073/280080-2_48a63e21.jpg,187101
cadastro/7073/280080-3_28f483a3.jpg,32398
cadastro/7084/280078-1_d2408d30.jpg,182543
cadastro/7084/280078-2_b592d4eb.jpg,187247
cadastro/7084/280078-3_81aef6ba.jpg,32382
cadastro/712/277651_9d8b2399.jpg,169334
cadastro/7125/280090-1_df42b809.jpg,182239
cadastro/7125/280090-2_c74ad5bc.jpg,187041
cadastro/7125/280090-3_681396bd.jpg,32390
cadastro/7179/280056-1_fbe3705b.jpg,182536
cadastro/7179/280056-2_edb3ef99.jpg,187145
cadastro/7179/280056-3_638c7816.jpg,32471
cadastro/7181/280054-1_1b860a0b.jpg,182493
cadastro/7181/280054-2_da0055e6.jpg,187284
cadastro/7181/280054-3_e751fe9f.jpg,32412
cadastro/7206/280074-1_33ce0bed.jpg,182555
cadastro/7206/280074-2_93c5bcb9.jpg,187129
cadastro/7206/280074-3_432cb111.jpg,32400
cadastro/7244/280060-1_6f348730.jpg,182692
cadastro/7244/280060-2_32eb1322.jpg,187235
cadastro/7244/280060_babf3de3.jpg,173147
cadastro/7259/281101_ddba2cba.jpg,120755
cadastro/7263/281083_1e3d4959.jpg,120627
cadastro/7272/281087_41ce2f8d.jpg,120725
cadastro/7279/281086_0058c917.jpg,120714
cadastro/7287/281097_e77b555b.jpg,120712
cadastro/7317/279961-1_476a70dc.jpg,57083
cadastro/7317/279961-2_189500b5.jpg,102329
cadastro/7317/279961-3_4a748eb5.jpg,33703
cadastro/7394/279483-1_302f93fe.jpg,62696
cadastro/7394/279483-2_034d2e4f.jpg,103791
cadastro/7394/279483-3_a28eb49d.jpg,34125
cadastro/7397/279479-1_6ccb26c8.jpg,62002
cadastro/7397/279479-2_b3bc03ba.jpg,103132
cadastro/7397/279479-3_ddff9f48.jpg,34085
cadastro/7399/279476-1_a4159e8f.jpg,61949
cadastro/7399/279476-2_157a592a.jpg,103114
cadastro/7399/279476-3_ec7f7629.jpg,34155
cadastro/7402/279472-1_fbfb25ca.jpg,61825
cadastro/7402/279472-2_5310acdc.jpg,103206
cadastro/7402/279472-3_f4d9b9dc.jpg,34106
cadastro/7404/279468-1_c974bb56.jpg,62240
cadastro/7404/279468-2_905430ec.jpg,102930
cadastro/7404/279468-3_09009ee4.jpg,33902
cadastro/7678/280340-1_14d0425a.jpg,160561
cadastro/7678/280340-2_98907450.jpg,147334
cadastro/7678/280340-3_6faf1102.jpg,34320
cadastro/7679/280401-1_42656215.jpg,159982
cadastro/7679/280401-2_ce474c9d.jpg,147339
cadastro/7679/280401-3_393d6c89.jpg,34373
cadastro/7759/280887-1_faf9dfa5.jpg,104329
cadastro/7759/280887-2_725fe106.jpg,141657
cadastro/7759/280887-3_8d24a434.jpg,205842
cadastro/7843/280339-1_2b52acff.jpg,160398
cadastro/7843/280339-2_0e661387.jpg,147370
cadastro/7843/280339-3_6bfedcc7.jpg,34600
cadastro/8272/275960_7a5b266c.jpg,100550
cadastro/8287/275757-1_6740af0c.jpg,53851
cadastro/8287/275757-4_2fdeb1a8.jpg,53851
cadastro/8287/275757-5_5cf9416f.jpg,35022
cadastro/8292/275768-1_5bd49fea.jpg,72042
cadastro/8292/275768_6b5a3341.jpg,72042
cadastro/8451/275760-1_52a17703.jpg,86196
cadastro/8451/275760_f7774226.jpg,86196
cadastro/8457/275765-1_04e77027.jpg,60692
cadastro/8457/275765-3_1a3376fc.jpg,60692
cadastro/8457/275765-6_d9c3f4b4.jpg,21086
cadastro/8460/275771-1_b93d4e7e.jpg,79777
cadastro/8460/275771-3_accd6d69.jpg,79777
cadastro/8460/275771-4_e52a1f86.jpg,41832
cadastro/8900/276249_25b355cf.jpg,61368
cadastro/8946/278326_53eadee4.jpg,73081
cadastro/9012/277999_617c2028.jpg,149753
cadastro/9105/269907_b499839f.jpg,135136
cadastro/9134/269335_6850c4fa.jpg,595875
cadastro/9389/269465_34babe28.jpg,293026
cadastro/9590/270220_182f45f0.jpg,1179261
cadastro/9603/277260_f80d7626.jpg,428978
cadastro/9626/267435-1_12d629f8.jpg,148422
cadastro/9626/267435_e19c8da2.jpg,1052223
cadastro/9628/268182-1_49c8db96.jpg,141218
cadastro/9628/268182-2_2ee9379b.jpg,26260
cadastro/9628/268182_cecef707.jpg,141218
cadastro/9721/282087_2397bf88.jpg,46822
cadastro/990/277048-1_17e57d07.jpg,114234
cadastro/990/277048_2ea8ec99.jpg,114234
cadastro/9982/281160-3_201433e8.jpg,50560
cadastro/9982/281160-4_757286b7.jpg,33428
cadastro/9982/281160-5_1f831726.jpg,37558
cadastro/9982/281160-6_ea3e1aae.jpg,18763
cadastro/9982/281160-7_72e511a7.jpg,45353
cadastro/9982/maxresdefault_d4b2c1ac.webp,75038
cadastro/9988/286104-1_cf77a470.jpg,49467
cadastro/9988/286104-2_2f4d4c5c.jpg,45795
cadastro/9988/286104-3_a2e2a266.jpg,48229
cadastro/9988/286104-4_464c031f.jpg,34758
cadastro/9988/286104-5_a2c56028.jpg,30318
cadastro/9988/286104-6_8b36f702.jpg,52932
cadastro/9998/286105-1_bec67c5a.jpg,48429
cadastro/9998/286105-2_41f2d735.jpg,34833
cadastro/9998/286105-3_284794ee.jpg,51422
