id,sku,nome,ativo,grupo
478,15420,Alicate Bico Curvo Longo VDE 160mm,1,FER
594,8080,Alicate Eletricista 8 - ®,1,FER
669,32133-0,"Alicate Tipo Telefone Bico Curvo 45° VDE 6.1/4"" - 091.845",1,FER
685,8078-0,"Alicate Universal 8"" - ® -219022BBR",1,FER
706,270-0,Aneis Trava Interno 50,1,PAR
793,26336,Bico de Contato 1.2mm M6 X 28,1,FER
830,14230-0,Bigorna de Aço Nodular N°3 30kg,1,AUT
934,18985-0,Broca 3 Ponta para Madeira 10mm -HT,1,FER
1024,8522-0,"Broca Aço Rápido 22,00mm",1,FER
1092,8535,Broca Aço Rapido Cônica 1.1/4 -38873,1,FER
1127,8186-0,Broca Aço Rápido Paralela 1/8,1,FER
1134,8274-0,Broca Aço Rápido Paralela 25 mm,1,FER
1183,8554-0,Broca Aço Rapido Titanio 5mm -37986,1,FER
1252,8531-0,Broca Cônica Ar Haste 1.3/8 -38876,1,FER
1269,26719-0,Broca de Centro Hss Cônico Reto 60° 7/32 X 1/2 -A225BS5A,1,FER
2125,28701-0,Chave Combinada Angulada 45° 1.1/2,1,FER
2126,28643-0,Chave Combinada Angulada 45° 1.1/4,1,FER
2127,28691-0,Chave Combinada Angulada 45° 1/2,1,FER
2128,28647-0,Chave Combinada Angulada 45° 1.3/8,1,FER
2129,28649-0,Chave Combinada Angulada 45° 1.7/16,1,FER
2131,28715,Chave Combinada Angulada 45° 11MM,1,FER
2132,28717-0,Chave Combinada Angulada 45° 12MM,1,FER
2133,28719-0,Chave Combinada Angulada 45° 13MM,1,FER
2134,28721-0,Chave Combinada Angulada 45° 14MM,1,FER
2135,28699-0,Chave Combinada Angulada 45° (Ref 15/16),1,FER
2136,28723-0,Chave Combinada Angulada 45° 15MM,1,FER
2137,28725-0,Chave Combinada Angulada 45° 16MM,1,FER
2138,28727-0,Chave Combinada Angulada 45° 17MM,1,FER
2139,28655-0,Chave Combinada Angulada 45° 18MM,1,FER
2140,28657-0,Chave Combinada Angulada 45° 19MM,1,FER
2141,28659-0,Chave Combinada Angulada 45° 20MM,1,FER
2142,28729-0,Chave Combinada Angulada 45° 21MM,1,FER
2143,28661-0,Chave Combinada Angulada 45° 22MM,1,FER
2144,28665-0,Chave Combinada Angulada 45° 24MM,1,FER
2145,28667-0,Chave Combinada Angulada 45° 25MM,1,FER
2146,28669-0,Chave Combinada Angulada 45° 27MM,1,FER
2147,28673-0,Chave Combinada Angulada 45° 28MM,1,FER
2148,28637-0,Chave Combinada Angulada 45° (Ref 3/4MM),1,FER
2149,28625-0,Chave Combinada Angulada 45° 30MM,1,FER
2150,28671-0,Chave Combinada Angulada 45° 32MM,1,FER
2151,28627,Chave Combinada Angulada 45° 34MM,1,FER
2152,28677-0,Chave Combinada Angulada 45° 36MM,1,FER
2153,28629-0,Chave Combinada Angulada 45° 38MM,1,FER
2154,28631,Chave Combinada Angulada 45° 41MM,1,FER
2155,28733-0,Chave Combinada Angulada 45° 42MM,1,FER
2156,28679,Chave Combinada Angulada 45° 48MM,1,FER
2157,28681-0,Chave Combinada Angulada 45° 50MM,1,FER
2158,28705-0,Chave Combinada Angulada 45° 6MM,1,FER
2159,28697-0,Chave Combinada Angulada 45° 7/8,1,FER
2160,28707-0,Chave Combinada Angulada 45° 7MM,1,FER
2161,28709-0,Chave Combinada Angulada 45° 8MM,1,FER
2162,28693-0,Chave Combinada Angulada 45° 9/16,1,FER
2163,28711-0,Chave Combinada Angulada 45° 9MM,1,FER
2388,27155-0,"Chave Combinada Invertida com Catraca 8mm (Ref ST46301, SATA)",1,FER
2435,20427-0,"Chave de Catraca Reversível 1/4"" e Um Arco de Catraca de 3°",1,FER
2812,29093-0,Chave Estrela Angulada 75° 1/2 X 9/16,1,FER
2813,29109-0,Chave Estrela Angulada 75° 14 X 15 mm,1,FER
2814,29117-0,Chave Estrela Angulada 75° 24 X 26 mm,1,FER
2815,29091-0,Chave Estrela Angulada 75° 3/8 X 7/16,1,FER
2816,29101-0,Chave Estrela Angulada 75° 6 X 7 mm,1,FER
2817,29103-0,Chave Estrela Angulada 75° 8 X 9 mm,1,FER
2843,28060-0,"Chave Estrela de Bater 55mm (Ref ST48517, SATA)",1,FER
2844,28062-0,"Chave Estrela de Bater 60mm (Ref ST48519, SATA)",1,FER
2845,28064-0,"Chave Estrela de Bater 65mm (Ref ST48520, SATA)",1,FER
2846,28050-0,"Chave Estrela de Bater 70mm (Ref ST48521, SATA)",1,FER
3441,14863-0,Colete X Refletivo Laranja e Branco,1,SEG
3448,8617-0,Colher de Pedreiro N.8,1,CON
3542,16167-0,Correia B-61 em ''V'' -ACV1020061,1,FER
3550,16211-0,Correia B114 em ''V'' -Acv1020114,1,FER
3590,18599-0,Cossinetes Manuais 1x3/8 UNF,1,FER
3771,18883-0,Disco Flap Carbosilver P-40 -78072716520,1,FER
3782,14720-0,Disco Flap Zirconia -66623313811,1,FER
3787,14677-0,"Eixo para Serra Circula N°00-3/8"" -ES103",1,FER
3788,14682,"Eixo para Serra Circular de 1.1/4"" 700mm 3CV N°04",1,FER
3789,14678-0,"Eixo para Serra Circular de 1/2"" 200mm 1CV N°0",1,FER
3790,14681-0,"Eixo para Serra Circular de 1"" 500mm 2,5CV N°03",1,FER
3791,14680-0,"Eixo para Serra Circular de 3/4"" 400mm 2CV N°2",1,FER
3795,14582-0,"Eletrodo de Alumínio 96.50 2,50mm com Caixa 2kg",1,FER
3834,14512-0,"Eletrodo OK 63.30 2,5mm Caixa com 2KG",1,FER
3856,26800,"Eletrodo Revestido 3.25mm Aço Caixa 5 kg WEST ARCO 7019 (Ref 749782, ESAB)",1,FER
4239,14826-0,Folha de Lixa Massa A257 -69957385065,1,FER
4439,930-0,Grampo Marceneiro N° 200 200mm,1,FER
4440,931-0,Grampo Marceneiro N° 300 300mm,1,FER
4441,932-0,Grampo Marceneiro N° 400 400mm,1,FER
4442,933-0,Grampo Marceneiro N° 500 500mm,1,FER
4450,929-0,Grampo Tipo C Sargento N° 2 57mm,1,FER
4455,14749-0,Graxeira Reta Nf Rf -120010015,1,AUT
4687,29123-0,Jogo de Chave Estrela Angulada 75° 12 Peças 6 a 32mm,1,FER
4688,29131-0,Jogo de Chave Estrela Angulada 75° 8 Peças 6x7 a 20x22,1,FER
4821,9391-0,"Jogo de Macho Aço Rápido 16 X 2,0 MA HT 3 Unidades",1,FER
4916,8823-0,Jogo de Soquete Sextavado 25 Peças,1,FER
4941,11329-0,Jogo de Soquetes Pass-thru® X6 24 Peças,1,FER
5085,14746-0,Lâmina para Máquina de Cortar Vergalhão N°0,1,CON
5196,15286-0,Lima Rotativa Árvore Arredondada HT Hansa 10mm X 19mm X 65mm,1,FER
5197,15288,Lima Rotativa Árvore Arredondada HT Hansa 12mm X 25mm X 70mm,1,FER
5198,15284-0,Lima Rotativa Árvore Arredondada HT Hansa 6mm X 19mm X 50mm,1,FER
5203,15304-0,Lima Rotativa Cilíndrica com Corte no Topo HT Hansa 12mm X 19mm X 65mm,1,FER
5205,15303-0,Lima Rotativa Cilíndrica com Corte no Topo HT Hansa 16mm X 25mm X 70mm,1,FER
5207,15302-0,Lima Rotativa Cilíndrica com Corte no Topo HT Hansa 6mm X 19mm X 75mm,1,FER
5208,15309-0,Lima Rotativa Cilíndrica com Corte no Topo HT Hansa 6mm X 25mm X 50mm,1,FER
5215,15305-0,Lima Rotativa Cilíndrica HT Hansa 10mm X 19mm X 65mm (Ref 90785),1,FER
5217,15310,Lima Rotativa Cilíndrica HT Hansa 12mm X 19mm X 65mm,1,FER
5224,15291-0,Lima Rotativa Cônica HT Hansa 12mm X 19mm X 65mm,1,FER
5225,15289-0,Lima Rotativa Cônica HT Hansa 6mm X 19mm X 50mm,1,FER
5226,15282-0,Lima Rotativa Esférica HT Hansa 10mm X 9mm X 53mm,1,FER
5227,15283-0,Lima Rotativa Esférica HT Hansa 12mm X 10mm,1,FER
5228,15280-0,Lima Rotativa Esférica HT Hansa 6mm X 5mm,1,FER
5264,16802-0,Lixa Folha D'água TLT A320 B07,1,FER
5276,14827-0,Lixa Massa Grão 120 225x275mm com 50 Unidades,1,FER
5308,13349-0,Lona de Polietileno Azul 6129033000 -6129033000,1,CON
5413,9449-0,"Macho Manual Aço Rápido NPT 3/8"" X 18 FPP Canal Reto HSS",1,FER
5465,14747-0,"Máquina Cortar Vergalhão Cabo 5/8"" N°1",1,CON
5524,9323,Marreta sem Cabo 10Kg,1,FER
5554,9285-0,Martelo Bola -40410024,1,FER
5681,12459-0,Morsa Mecânica com Base Giratória 360° 4,1,AUT
5686,15252,Morsa/torno para Máquinas 65mm N°2,1,AUT
5818,9504-0,Pá Bico Cabo Madeira N°4,1,CON
6279,5691-0,Parafuso Chipboard Cabeça 3.1 X 12 (1 Peça),1,PAR
6280,5692-0,Parafuso Chipboard Cabeça 3.5 X 12 (1 Peça),1,PAR
6282,5693-0,Parafuso Chipboard Cabeça 3.5 X 16 (1 Peça) Chata,1,PAR
6283,5694-0,Parafuso Chipboard Cabeça 3.5 X 21 (1 Peça),1,PAR
6285,5695-0,Parafuso Chipboard Cabeça 3.5 X 31 (1 Peça),1,PAR
6289,5706-0,Parafuso Chipboard Cabeça 4.0 X 25 (1 Peça) Chata,1,PAR
6291,5708-0,Parafuso Chipboard Cabeça 4.0 X 40 (1 Peça) Chata,1,PAR
6292,5705-0,Parafuso Chipboard Cabeça 4.0 X 50 (1 Peça) Chata,1,PAR
6295,5696-0,Parafuso Chipboard Cabeça 4.1 X 12 (1 Peça),1,PAR
6296,5697-0,Parafuso Chipboard Cabeça 4.1 X 16 (1 Peça),1,PAR
6297,5698-0,Parafuso Chipboard Cabeça 4.1 X 21 (1 Peça),1,PAR
6298,5699-0,Parafuso Chipboard Cabeça 4.1 X 31 (1 Peça),1,PAR
6299,5707-0,Parafuso Chipboard Cabeça 4.5 X 20 (1 Peça) Chata,1,PAR
6300,5709-0,Parafuso Chipboard Cabeça 4.5 X 25 (1 Peça) Chata,1,PAR
6301,5710-0,Parafuso Chipboard Cabeça 4.5 X 30 (1 Peça) Chata,1,PAR
6306,5704-0,Parafuso Chipboard Cabeça 4. X 45 (1 Peça),1,PAR
6307,5702-0,Parafuso Chipboard Cabeça 5.0 X 25 (1 Peça) Chata,1,PAR
6308,5703,Parafuso Chipboard Cabeça 5.0 X 30 (1 Peça) Chata,1,PAR
6312,5700-0,Parafuso Chipboard Cabeça 5.0 X 50 (1 Peça) Chata,1,PAR
6313,5701-0,Parafuso Chipboard Cabeça 5.0 X 60 (1 Peça),1,PAR
6394,22738-0,"Parafuso Francês NC X 4"" 304 (1 Peça)",1,PAR
7531,23238-0,Parafuso Sextavado Rosca Parcial NC 1. X 12 Enegrecido Grau 5 (1 Peça),1,PAR
7941,22354-0,Passa Fio 15 MTS C/alma Aço,1,FER
7942,22356-0,Passa Fio Alma Aço 20 Metros,1,FER
7944,9544-0,Pastilha Metal Duro E-18 -18369,1,FER
8040,9634-0,Ponta Montada a 24,1,FER
8139,10397-0,Rebitador Manual Giratório 360°,1,FER
8211,15991-0,Espuma 9CM C/cabo,1,FER
8267,13083-0,Sargento Barra T N°1000 48mm,1,FER
8268,13087-0,Sargento Barra T N°1200 48mm,1,FER
8269,13084-0,Sargento Barra T N°1500 48mm,1,FER
8270,13085-0,Sargento Barra T N°2000 48mm,1,FER
8271,13086-0,Sargento Barra T N°2500 48mm,1,FER
8947,28352-0,"Soquete Estriado 1"" de 2.3/16""",1,FER
9274,27535-0,"Soquete Sextavado com Encaixe de 3/4"" X 1.3/16""",1,FER
9477,13723,"Tesoura Corta Chapa N°4 5/32"" Cabo",1,AUT
9478,13724,"Tesoura Corta Chapa N°5 3/16"" Cabo",1,AUT
9533,15535-0,Torno de Bancada Industrial N° 10,1,AUT
9535,15537,Torno de Bancada Industrial N° 14,1,AUT
9538,15530,Torno de Bancada Mordente Fixo N°3,1,AUT
9548,10115-0,"Torques Armador 13"" CID T13 -FFF0126000",1,CON
9640,15993-0,"Trincha 500/610 4""",1,CON
10096,57116-0,"Acabamento Level para Registro de Pressão 1/2"" e 3/4"" Black Matte",1,HID
10499,55054-0,Argamassa Flexível ACIII Branca 20kg,1,FER
10900,68768-0,Broca para Concreto 10mm,1,PAR
11291,67446-0,Caixa de Ferramentas Plástica 16 - Organização e Segurança para Suas Ferramentas,1,
12111,24242,Cumeeira Colonial Marfim Articulada Inferior PVC,1,
12234,18655-1,Curva de Esgoto 87° Série R,1,
12236,,Curva de Esgoto 87° Série R,0,
12399,62677,Dobradiça de Aço 3.1/2mm Cromado,1,
12401,62679-0,Dobradiça de Aço 3mm Flo,1,
14195,68027-0,Conheça Martelo Cabo Madeira,1,
14347,45827,Módulo Tomada para Telefone 4 Fios Branco,1,ELE
14542,50570-0,"Pastilha Placa Coral DVB 083 30,5x30,5cm",1,
14945,45842-0,Placa 2 Postos 16025 Branca 4x2cm,1,
14991,67862-0,Plugue Fêmea Tomada 2p+T 10a Branco – Margirus,1,ELE
15010,56194-0,Ponteiro SDS Plus 14x250mm,1,
16453,50973-0,Rejunte Superfino Marrom Café 2Kg,1,
17062,290695-0,"Bits Fenda 6,5mm X 25mm Forma C 1/4''",1,FER
18538,68513,"Trena Emborrachada 7,5Mts",1,
21184,85887-0,Broca Metal Duro 1.80mm TIALN 5xD,1,FER
22446,30071-1,Cabeça Intercambiável 1/2'' 9x12mm,1,FER
29144,30034-0,Chave Estrela Intercambiável 17mm 9x12mm,1,FER
39993,34995-0,"Fresa Topo Reto Metal Duro 10,00mm 4 Cortes (Osg)",1,FER
39996,,"Fresa Topo Reto Metal Duro 10,00mm 4 Cortes (Osg)",0,FER
40029,35000-0,"Fresa Topo Reto Metal Duro 18,00mm 4 Cortes (Osg)",1,FER
40038,35001-0,"Fresa Topo Reto Metal Duro 20,00mm 4 Cortes",1,FER
40072,34990-0,"Fresa Topo Reto Metal Duro 5,00mm 4 Cortes (Osg)",1,FER
46211,100236-0,"Lima Rotativa Metal Duro Cônica Ponta Arredondada 12,00mm X 28mm Duplo (Ref SL-4M, YG-1)",1,FER
46218,100239-0,"Lima Rotativa Metal Duro Cônica Ponta Arredondada 6,00mm X 16mm Duplo (Ref SL-1M, YG-1)",1,FER
46226,100368-0,"Lima Rotativa Metal Duro Cônica Ponta 12,00mm X 22mm Duplo",1,FER
46231,100369-0,"Lima Rotativa Metal Duro Cônica Ponta 5,00mm X 12mm Duplo",1,FER
46235,100282-0,"Lima Rotativa Metal Duro Cônica Ponta 6,00mm X 3mm Simples",1,FER
46238,100371-0,"Lima Rotativa Metal Duro Cônica Ponta 9,00mm X 16mm Duplo",1,FER
52803,52316-0,Pastilha de Torneamento para Aço R16 DNMG,1,FER
52837,54197-0,"Pastilha Metal Duro Torneamento para Aço RCMT1605 Raio 8,0mm",1,FER
54846,13458-0,Quadrado para Catraca 3/4'' 52mm,1,FER
56864,223492-0,"Serra Copo Bimetal 38mm 1.1/2"" Passo Variável",1,FER
57096,110482-0,Serra Copo Metal Duro 32mm Multi Material,1,FER
57108,85926-0,Serra Copo Metal Duro 89mm Multi Material,1,FER
59668,61169-0,Suporte de Chave Hexagonal/talhadeira/bedames/ssaca-pinos vs 245 H,1,CAS
62425,TST-0001-0,PRODUTO TESTE SMOKE,1,FER
62426,SKU-62426-62789,E2E Produto Teste Cabo 10mm,1,ELE
62427,SKU-62427-62790,E2E Produto Teste Cabo 10mm,0,ELE
62428,SKU-62428-62799,E2E Cabo Teste 16mm,1,
62429,SKU-62429-62801,E2E Produto Teste Cabo 10mm,0,ELE
62430,SKU-62430-62800,E2E Produto Teste Cabo 10mm,0,ELE
62431,SKU-62431-62797,E2E Produto Teste Cabo 10mm,0,ELE
62432,SKU-62432-62798,E2E Produto Teste Cabo 10mm,0,ELE
62435,SKU-62435-62791,E2E Produto Teste Cabo 10mm,1,ELE
62436,SKU-62436-62793,E2E Produto Teste Cabo 10mm,1,ELE
62437,SKU-62437-62794,E2E Produto Teste Cabo 10mm,1,ELE
62438,SKU-62438-62795,E2E Produto Teste Cabo 10mm,1,ELE
62439,SKU-62439-62792,E2E Produto Teste Cabo 10mm,1,ELE
62440,SKU-62440-62796,E2E Produto Teste Cabo 10mm,1,ELE
62448,619S,Cabo Flexivel 750V Antichama,1,ELE
62449,617S,Cabo Flexivel 750V Antichama,1,ELE
62452,845S,Cabo Flexivel 750V Antichama,1,ELE
62453,613S,Cabo Flexivel 750V Antichama,1,ELE
62456,610S,Cabo Flexivel 750V Antichama,1,ELE
62464,SKU-1-10-0,Cabo Flexível 750V Antichama,1,ELE
62465,SKU-8-47-0,Lampada Bulbo LED,1,ELE
62466,SKU-8-48-0,Lampada Bulbo LED,1,ELE
62467,SKU-8-49-0,Lampada Bulbo LED,1,ELE
62468,SKU-8-50-0,Lampada Bulbo LED,1,ELE
62469,SKU-8-51-0,Lampada Bulbo LED,1,ELE
62470,613C,Cabo Flexivel 750V Antichama,1,ELE
62473,610C,Cabo Flexivel 750V Antichama,1,ELE
62474,609C,Cabo Flexivel 750V Antichama,1,ELE
62477,615C,Cabo Flexivel 750V Antichama,1,ELE
62478,KIT616C,Cabo Flexivel 750V Antichama,1,ELE
62480,622C,Cabo Flexivel 750V Antichama,1,ELE
62481,621C,Cabo Flexivel 750V Antichama,1,ELE
62482,619C,Cabo Flexivel 750V Antichama,1,ELE
62485,626C,Cabo Flexivel 750V Antichama,1,ELE
62486,625C,Cabo Flexivel 750V Antichama,1,ELE
62487,624C,Cabo Flexivel 750V Antichama,1,ELE
62488,3793,Cabo Flexivel 750V Antichama,1,ELE
62489,3463,Cabo Flexivel 750V Antichama,1,ELE
62492,579,Cabo Flexivel 750V Antichama,1,ELE
62493,576,Cabo Flexivel 750V Antichama,1,ELE
62494,577,Cabo Flexivel 750V Antichama,1,ELE
62495,844,Cabo Flexivel 750V Antichama,1,ELE
62496,KIT623,Cabo Flexivel 750V Antichama,1,ELE
62497,KIT622,Cabo Flexivel 750V Antichama,1,ELE
62498,KIT621,Cabo Flexivel 750V Antichama,1,ELE
62499,KIT620,Cabo Flexivel 750V Antichama,1,ELE
62500,KIT619,Cabo Flexivel 750V Antichama,1,ELE
62501,KIT618,Cabo Flexivel 750V Antichama,1,ELE
62502,KIT617,Cabo Flexivel 750V Antichama,1,ELE
62503,KIT616,Cabo Flexivel 750V Antichama,1,ELE
62504,KIT615,Cabo Flexivel 750V Antichama,1,ELE
62505,KIT613,Cabo Flexivel 750V Antichama,1,ELE
62506,KIT612,Cabo Flexivel 750V Antichama,1,ELE
62507,KIT611,Cabo Flexivel 750V Antichama,1,ELE
62508,KIT2594,Cabo Flexivel 750V Antichama,1,ELE
62509,KIT610,Cabo Flexivel 750V Antichama,1,ELE
62510,KIT609,Cabo Flexivel 750V Antichama,1,ELE
62511,KIT845,Cabo Flexivel 750V Antichama,1,ELE
62512,KIT628,Cabo Flexivel 750V Antichama,1,ELE
62513,KIT627,Cabo Flexivel 750V Antichama,1,ELE
62514,KIT624,Cabo Flexivel 750V Antichama,1,ELE
62515,KIT608,Cabo Flexivel 750V Antichama,1,ELE
62516,KIT633,Cabo Flexivel 750V Antichama,1,ELE
62517,KIT579,Cabo Flexivel 750V Antichama,1,ELE
62518,KIT3793,Cabo Flexivel 750V Antichama,1,ELE
62519,KIT3463,Cabo Flexivel 750V Antichama,1,ELE
62520,KIT578,Cabo Flexivel 750V Antichama,1,ELE
62521,SKU-33-62678-0,Cabo Flexivel 750V Antichama,1,ELE
62522,SKU-33-62682-0,Cabo Flexivel 750V Antichama,1,ELE
62523,SKU-33-62683-0,Cabo Flexivel 750V Antichama,1,ELE
62524,613-0,Cabo Flexivel 750V Antichama,1,ELE
62525,1158,Cabo Flexivel 750V Antichama,1,ELE
62526,1214-0,Cabo Flexivel 750V Antichama,1,ELE
62527,CABO-FLEXIVEL-750V-ANTIC-34-25,Cabo Flexivel 750V Antichama,1,ELE
62528,CABO-FLEXIVEL-750V-ANTIC-34-26,Cabo Flexivel 750V Antichama,1,ELE
62529,CABO-FLEXIVEL-750V-ANTIC-34-27,Cabo Flexivel 750V Antichama,1,ELE
62530,1218-0,Cabo Flexivel 750V Antichama,1,ELE
62531,1216-0,Cabo Flexivel 750V Antichama,1,ELE
62532,CABO-FLEXIVEL-750V-ANTIC-34-2-2,Cabo Flexivel 750V Antichama,1,ELE
62533,CABO-FLEXIVEL-750V-ANTIC-34-3,Cabo Flexivel 750V Antichama,1,ELE
62534,CABO-FLEXIVEL-750V-ANTIC-34-4,Cabo Flexivel 750V Antichama,1,ELE
62535,CABO-FLEXIVEL-750V-ANTIC-34-5,Cabo Flexivel 750V Antichama,1,ELE
62536,CABO-FLEXIVEL-750V-ANTIC-34-13,Cabo Flexivel 750V Antichama,1,ELE
62537,CABO-FLEXIVEL-750V-ANTIC-34-32,Cabo Flexivel 750V Antichama,1,ELE
62538,CABO-FLEXIVEL-750V-ANTIC-34-33,Cabo Flexivel 750V Antichama,1,ELE
62539,CABO-FLEXIVEL-750V-ANTIC-34-34,Cabo Flexivel 750V Antichama,1,ELE
62540,CABO-FIO-COAXIAL-RG6-67%-30-576,Cabo Fio Coaxial RG6 67%,1,ELE
62541,SKU-1-62672-0,Cabo Flexível 750V Antichama,1,ELE
62542,SKU-8-62675-0,Lampada Bulbo LED,1,ELE
62543,KIT2594C,Cabo Flexivel 750V Antichama,1,ELE
62544,845C,Cabo Flexivel 750V Antichama,1,ELE
62545,KIT3463S,Cabo Flexivel 750V Antichama,1,ELE
62546,KIT577,Cabo Flexivel 750V Antichama,1,ELE
62547,KIT844,Cabo Flexivel 750V Antichama,1,ELE
62548,1708-2,"Alicate Multiuso Para Terminal Pré-isolado 9"" RAYCO",1,FER
62549,1106-2,Alicate Amperimetro Digital Portatil ET-3200 - Minipa,1,MED
62550,KIT1957-2,Cabo Fio Coaxial RG6 67%,1,ELE
62551,KIT3799-1,"Cabo Coaxial Flexivel RF0,4/2,5+2X26AWG",1,ELE
62552,KIT3793S-1,Cabo Flexivel 750V Antichama,1,ELE
62553,KIT2594C-1,Cabo Flexivel 750V Antichama,1,ELE
62554,845C-1,Cabo Flexivel 750V Antichama,1,ELE
62555,KIT633-1,Cabo Flexivel 750V Antichama,1,ELE
62556,KIT579-1,Cabo Flexivel 750V Antichama,1,ELE
62557,KIT3793-1,Cabo Flexivel 750V Antichama,1,ELE
62558,KIT3463-1,Cabo Flexivel 750V Antichama,1,ELE
62559,KIT578-1,Cabo Flexivel 750V Antichama,1,ELE
62560,KIT577-1,Cabo Flexivel 750V Antichama,1,ELE
62561,KIT844-1,Cabo Flexivel 750V Antichama,1,ELE
62562,1710-2,Jogo De Chave Allen - Famastil/ Foxlux,1,FER
62563,1802-1,Central De Alarme De Incêndio Convencional 12V Com Bateria Inclusa - 24 SETORES - Segurimax,1,
62564,1412-1,Kit Chave De Fenda E Philips Com 6 Peças - Famastil,1,FER
62565,887-1,"Terminal Tubular Ilhós 16,0mm² - Azul - 100 Unidades",1,ELE
62566,620C,Cabo Flexivel 750V Antichama,1,ELE
62570,24063,"Broca Aço Rápido 16,50mm",1,FER
62571,21407,Chave de Fenda PVC 1/2 X 18,1,FER
62572,13561,Furadeira de Impacto Alto Desempenho 1/2 Pol. 800W com Maleta,1,FER
62573,1543,"Parafuso Sextavado NC X 1. Grau 5 (1 Peça) (1/4"")",1,PAR
62574,1727,Parafuso Sextavado NF X 1. Enegrecido Grau 5 (1 Peça) SXRI1/4 28X1,1,PAR
62575,1557,Parafuso Sextavado Rosca Parcial NC 9/16 X 2. Enegrecido Grau 5 (1 Peça),1,PAR
62576,9957,Parafuso Cabeça 3.9 X 13 A2 (1 Peça) Chata,1,PAR
62577,15828,Chave Estrela Isolada de Uma Boca 11mm,1,FER
62578,42428,Bucha Redução Aquatherm,1,PAR
62579,17633,Bucha Redução Aquatherm Qualidade Eficiência,1,PAR
62580,23647,Bucha Redução Soldável Longa 85x60mm,1,PAR
62581,15406,Bucha Redução Soldável Longa 85x60mm,1,PAR
62582,15825,Bucha Redução Soldável Longa 85x60mm,1,PAR
62583,56147,Cabide Flat Cobre Escovado,1,
62584,36567,Chuveiro Acqua Storm Ultra Preto/cromo 7800W 220V Lorenzetti,1,HID
62585,24285,Ducha Advanced Eletronica 220V 7500W Lorenzetti,1,HID
62586,17638,Joelho 90º Aquatherm 35mm - Eficiência e Qualidade para Sua Instalação,1,
62587,60702,Parafuso Chipboard Philips,1,PAR
62588,30066,"Tinta Rende & Cobre Muito Areia Galão 3,6L",1,
62589,17636,Tubo Aquaterm CPVC 35mmx3m – Eficiência e Segurança para Sua Instalação Hidráulica,1,
62590,266530,"Broca Aço Rápido Titânio 13,00MM",1,FER
62591,266498,"Broca Aço Rápido Titânio 1,50MM",1,FER
62592,266101,Cabo Flexível PP 500V SILFLEX,1,ELE
62593,283769,Chave Combinada com Catraca 12MM,1,FER
62594,283774,Chave Combinada com Catraca de 8mm com 72 Posições,1,FER
62595,283854,Chave Grifo 14 POL Heavy Duty,1,FER
62596,SKU-33-62679-0,Cabo Flexivel 750V Antichama,1,ELE
62597,SKU-33-62680-0,Cabo Flexivel 750V Antichama,1,ELE
62598,SKU-33-62780-0,Cabo Flexivel 750V Antichama,1,ELE
62599,KIT2594S,Cabo Flexivel 750V Antichama,1,ELE
62600,1254,Cabo Fio Flexivel PP 4 Vias,1,ELE
62605,1176,Cabo Flexivel 750V Antichama,1,ELE
62606,KIT626,Cabo Flexivel 750V Antichama,1,ELE
62607,KIT625,Cabo Flexivel 750V Antichama,1,ELE
62608,CABO-FLEXIVEL-750V-ANTIC-34-2,Cabo Flexivel 750V Antichama,1,ELE
62609,1188,Cabo Flexivel 750V Antichama,1,ELE
62610,1208,Cabo Flexivel 750V Antichama,1,ELE
62611,1196,Cabo Flexivel 750V Antichama,1,ELE
62612,1224,Cabo Flexivel 750V Antichama,1,ELE
62613,1222,Cabo Flexivel 750V Antichama,1,ELE
62614,1182,Cabo Flexivel 750V Antichama,1,ELE
62615,1160,Cabo Flexivel 750V Antichama,1,ELE
62616,1190,Cabo Flexivel 750V Antichama,1,ELE
62617,1210,Cabo Flexivel 750V Antichama,1,ELE
62618,1194,Cabo Flexivel 750V Antichama,1,ELE
62619,1204,Cabo Flexivel 750V Antichama,1,ELE
62620,1192,Cabo Flexivel 750V Antichama,1,ELE
62621,1452,Cabo Alumínio Multiplex Neutro Isolado,1,ELE
62622,1172,Cabo Flexivel 750V Antichama,1,ELE
62623,1170,Cabo Flexivel 750V Antichama,1,ELE
62624,2182,Cabo Alumínio Multiplex Neutro Isolado,1,ELE
62625,1290,Cabo Fio Flexivel PP 4 Vias,1,ELE
62626,1276,Cabo Fio Flexivel PP 4 Vias,1,ELE
62627,1166,Cabo Flexivel 750V Antichama,1,ELE
62628,1236,Cabo Flexivel 750V Antichama,1,ELE
62629,2116,Cabo Fio Flexivel PP 3 Vias,1,ELE
62630,2108,Cabo Fio Flexivel PP 2 Vias,1,ELE
62631,1200,Cabo Fio Flexivel PP 2 Vias,1,ELE
62632,2350,Cabo Cobre Nu,1,ELE
62633,1664,Cabo Flexível HEPR 1kV,1,ELE
62634,1662,Cabo Flexível HEPR 1kV,1,ELE
62635,1658,Cabo Flexível HEPR 1kV,1,ELE
62636,1654,Cabo Flexível HEPR 1kV,1,ELE
62637,1652,Cabo Flexível HEPR 1kV,1,ELE
62638,1650,Cabo Flexível HEPR 1kV,1,ELE
62639,1600,Cabo Flexível HEPR 1kV,1,ELE
62640,1598,Cabo Flexível HEPR 1kV,1,ELE
62641,1734,Cabo Flexível HEPR 1kV,1,ELE
62642,1264,Cabo Flexível HEPR 1kV,1,ELE
62643,1274,Cabo Flexível HEPR 1kV,1,ELE
62644,1220,Cabo Flexível HEPR 1kV,1,ELE
62645,196,Terminal Pré Isolado Garfo Cabo 100 Unidades,1,ELE
62646,1279,Terminal Pré Isolado Macho Cabo 100 Unidades,1,ELE
62647,1271,Terminal Pré Isolado Fêmea Cabo 100 Unidades,1,ELE
62648,224,Terminal Pré Isolado Olhal Cabo 100 Unidades,1,ELE
62649,200,Terminal Pré Isolado Pino Agulha Cabo 100 Unidades,1,ELE
62650,1522,Lampada Led Vela Clara E14,1,ELE
62651,1448,Lampada Led Vela Leitosa E14,1,ELE
62652,2186,Luminaria Led Plafon,1,ELE
62653,2180,Luminaria Led Plafon,1,ELE
62654,2178,Luminaria Led Plafon,1,ELE
62655,1682,Luminaria Led Plafon,1,ELE
62656,1620,Luminaria Led Plafon,1,ELE
62657,1616,Luminaria Led Plafon,1,ELE
62658,1480,Luminaria Led Plafon,1,ELE
62659,1678,Luminaria Led Plafon,1,ELE
62660,1534,Luminaria Led Plafon,1,ELE
62661,1674,Luminaria Led Plafon,1,ELE
62662,1512,Luminaria Led Plafon,1,ELE
62663,1798,Luminaria Led Plafon,1,ELE
62664,1712,Luminaria Led Plafon,1,ELE
62665,1666,Lampada Bulbo Led Bivolt,1,ELE
62666,1614,Lampada Bulbo Led Bivolt,1,ELE
62667,1604,Lampada Bulbo Led Bivolt,1,ELE
62668,1446,Lampada Bulbo Led Bivolt,1,ELE
62669,1464,Lampada Bulbo Led E27 Bivolt,1,ELE
62670,1582,"Lampada Dicróica LED GU10 MR16 3, 4, Bivolt",1,ELE
62671,2200,Plugue Pino Prensa Cabo Macho 90° 2P+T 20A Margirius,1,ELE
62672,2198,Plugue Pino Prensa Cabo Macho 90° 2P+T 10A Margirius,1,ELE
62673,2118,Refletor TR LED Bivolt,1,ELE
62674,5327,Refletor TR LED Slim Bivolt,1,ELE
62675,2162,Refletor TR LED Slim Bivolt,1,ELE
62676,SKU-33-62681-0,Cabo Flexivel 750V Antichama,1,ELE
62677,22109-0,Alicate Bomba D'água 10,1,FER
62678,15934-0,Antirrespingo sem Silicone,1,FER
62679,8495-0,"Broca Aço Rápido 14,50x220mm",1,FER
62680,27054-0,Bateria LI-ON GBA 18V 4.0AH,1,FER
62681,31412-0,Fita Dupla Face VHB 4910 12mm X 5m,1,FER
62682,30704-0,Kit 5 Trenas 5M X 3/4Pol Fita de Aço com Trava de Medição,1,CON
62683,30841-0,Macaco Hidráulico Caixa de Transmissão 1000kg,1,AUT
62684,13501-0,Micro Retífica 3000 90W 220V com 30 Acessórios + Maleta,1,FER
62685,2597-0,Parafuso Francês MA Aço Classe 8.8 (1 Peça) 6x16mm,1,PAR
62686,6851-0,Parafuso Sextavado MA Aço A2 (1 Peça) 8x25mm,1,PAR
62687,2376-1,Adesivo Instantâneo 793,1,CON
62688,1441-0,Chave PVC Isolada 1/4 X 10,1,FER
62689,1564-1,"Parafuso Sextavado NC X 1. Grau 5 (1 Peça) (1/4"")",1,PAR
62690,1595-0,"Parafuso Sextavado NC X 1. Grau 5 (1 Peça) (3/4"")",1,PAR
62691,1552-0,"Parafuso Sextavado NC X 1. Grau 5 (1 Peça) (3/4"")",1,PAR
62692,1476-0,"Parafuso Sextavado NC X 1. Grau 5 (1 Peça) (3/8"")",1,PAR
62693,1579-0,"Parafuso Sextavado NC X 1. Grau 5 (1 Peça) (3/8"")",1,PAR
62694,1661-0,"Parafuso Sextavado NC X 2. Grau 5 (1 Peça) (3/8"")",1,PAR
62695,1469-0,"Parafuso Sextavado NC X 1. Grau 5 (1 Peça) (5/16"")",1,PAR
62696,1634-1,"Parafuso Sextavado NC X 1. Grau 5 (1 Peça) (5/8"")",1,PAR
62697,1582-1,"Parafuso Sextavado NC X 1. Grau 5 (1 Peça) (5/8"")",1,PAR
62698,1484-1,Parafuso Sextavado NC 7/16 X 1. Grau 5 (1 Peça),1,PAR
62699,1653-0,Parafuso Sextavado NC 9/16 X 1. Grau 5 (1 Peça),1,PAR
62700,1798-1,Parafuso Sextavado NF X 1. Enegrecido Grau 5 (1 Peça) SXRI1/2 21X1,1,PAR
62701,1734-1,Parafuso Sextavado NF X 1. Enegrecido Grau 5 (1 Peça) SXRI3/8 24X1,1,PAR
62702,1733-0,Parafuso Sextavado NF X 1. Enegrecido Grau 5 (1 Peça) SXRI5/16 24X1,1,PAR
62703,1786-1,Parafuso Sextavado NF X 1. Enegrecido Grau 5 (1 Peça) SXRI5/8 18X1,1,PAR
62704,2074-1,Parafuso Sextavado Rosca Parcial MA Aço Classe 8.8 (1 Peça) 14x110mm,1,PAR
62705,2217-0,"Parafuso Francês NC 20NC X 1"" Aço Classe 18.8 (1 Peça)",1,PAR
62706,2220-1,"Parafuso Francês NC 20NC X 2. "" Aço Classe 18.8 (1 Peça)",1,PAR
62707,2222-1,"Parafuso Francês NC 20NC X 3. "" Aço Classe 18.8 (1 Peça)",1,PAR
62708,2117-0,"Parafuso Francês NC 18NC X 3"" Aço Classe 18.8 (1 Peça)",1,PAR
62709,24233-0,"Parafuso Francês NC 18NC X 5"" Aço Classe 18.8 (1 Peça)",1,PAR
62710,1563-0,Parafuso Sextavado Rosca Parcial NC X 2. Enegrecido Grau 5 (1 Peça) 3/4,1,PAR
62711,1656-0,Parafuso Sextavado Rosca Parcial NC X 2. Enegrecido Grau 5 (1 Peça) 3/4,1,PAR
62712,1666-1,Parafuso Sextavado Rosca Parcial NC X 2. Enegrecido Grau 5 (1 Peça) 5/8,1,PAR
62713,20502-0,"Motor Gasolina 4 Tempos 6,5HP e 196 Cilindradas -TOYOMA-TF65FX1",1,CAS
62714,24594-0,"Esmerilhadeira Angular 7"" 2200W GWS 2200-180 220V",1,FER
62715,27060-0,Micro Retífica 3000 10 Acessórios 220V 90W Elétrico Fio,1,FER
62716,13854-0,Nível a Laser GLL 2-20G Verde de Linhas Horizontais em 360° com Raio de 10M com Tripé,1,CON
62717,24419-0,"Martelo Perfurador/rompedor 820W 2,7J com Maleta",1,FER
62718,26264-0,Serra Mármore a Seco 1500W 220V,1,FER
62719,9892-0,Cavalete de Apoio Mecânico 3T (Ref CT6000),1,FER
62720,28348-0,"Soquete Estriado 1"" de 2.1/8""",1,FER
62721,9894-0,Jogo Soquete de Impacto Curto 1/2 10 a 32mm 13 Peças,1,FER
62722,11483-0,Painel Transferência Trifásico ATS T8 380 Cabo Conexão,1,CAS
62723,22014-0,Soquete Estriado 3/4 X 21MM,1,FER
62724,28812-0,Trena com Trava 8M X 1 Pol.,1,CON
62725,15338-0,Kit 5 Trenas 5M X 3/4Pol Fita de Aço com Trava de Medição,1,CON
62726,32516-0,Chave de Vela com Manípulo 21 mm -026.280,1,FER
62727,58507-0,Abafador de Ruídos Tipo Concha,1,SEG
62728,86082-0,Abafador de Ruidos Muffler Vermelho,1,SEG
62729,138423-0,Abafador de Ruidos Muffler Acoplavel ao Capacete,1,SEG
62730,69614-0,Acabamento Link Cromado para Registro Até 1'',1,HID
62731,204392-0,Adaptador para Bits 1/4,1,FER
62732,283687-0,Adaptador para Bits (5pc) 1/4 50mm,1,FER
62733,248871-0,Adaptador Fêmea com Rosca 3/4 e Redução 1/2 em Plástico para Jardim,1,
62734,136046-0,Redutor de Impacto para Soquete 3/4 F X 1/2 m,1,FER
62735,13822-0,"Adaptador de Impacto para Soquete - 1'' X 3/4 (Ref 23015, GEDORE)",1,FER
62736,08447-0,Aquecedor De Água Versátil 220V 5500W Lorenzetti,1,HID
62737,38421-0,Argamassa Uso Interno e Externo 20 kg - PL,1,
62738,135992-0,Adaptador de Impacto para Soquete 1/2 F X 3/4 m,1,FER
62739,316182-0,Suporte de Plástico para Carretel de Arame de Solda 22x22cm,1,FER
62740,173526-0,Adaptador para Soquete 1/2 F X 3/4 m,1,FER
62741,173527-0,Redutor para Soquete 1/2 F X 3/8 m,1,FER
62742,173529-0,Adaptador para Soquete 1/4 F X,1,FER
62743,173530-0,Adaptador/redutor para Soquete 3/4 F X,1,FER
62744,173533-0,Redutor para Soquete 3/8 F X 1/4 m,1,FER
62745,251935-0,Adesivo Automotivo Veda Juntas 73g 3M,1,
62746,298560-0,Adesivo PVC Incolor 175g,1,
62747,173531-0,Adaptador para Soquete 3/8 F X 1/2 m,1,FER
62748,17642-0,Bucha Redução Aquatherm,1,PAR
62749,37751-0,Bucha Redução Aquatherm,1,PAR
62750,18213-0,Bucha Redução Aquatherm Qualidade Eficiência,1,PAR
62751,55077-0,Bucha Redução Aquatherm Qualidade Eficiência,1,PAR
62752,30737-0,Bucha Redução Aquatherm,1,PAR
62753,42232-0,Bucha Redução Aquatherm Qualidade Eficiência,1,PAR
62754,45160-0,Bucha Redução Curta Soldável 32x25mm,1,PAR
62755,45161-0,Bucha Redução Curta Soldável 32x25mm,1,PAR
62756,54778-0,Bucha Redução Curta Soldável 32x25mm,1,PAR
62757,18019-0,Bucha Redução Latão N06,1,PAR
62758,38319-0,Bucha Redução Latão N06,1,PAR
62759,47340-0,Bucha Redução Longa Soldável,1,PAR
62760,46019-0,Bucha Redução Longa Soldável,1,PAR
62761,56415-0,Bucha Redução Longa Soldável,1,PAR
62762,15645-0,Bucha Redução Soldável Curta,1,PAR
62763,37493-0,Bucha Redução Soldável Curta,1,PAR
62764,15650-0,Bucha Redução Soldável Curta,1,PAR
62765,15596-0,Bucha Redução Soldável Curta,1,PAR
62766,15405-0,Bucha Redução Soldável Longa 85x60mm,1,PAR
62767,15383-0,Bucha Redução Soldável Longa 85x60mm,1,PAR
62768,15651-0,Bucha Redução Soldável Longa 85x60mm,1,PAR
62769,15402-0,Bucha Redução Soldável Longa 85x60mm,1,PAR
62770,15407-0,Bucha Redução Soldável Longa 85x60mm,1,PAR
62771,45157-0,Bucha Redução Curta Soldável 32x25mm,1,PAR
62772,45158-0,Bucha Redução Curta Soldável 32x25mm,1,PAR
62773,45162-0,Bucha Redução Longa Soldável,1,PAR
62774,45163-0,Bucha Redução Longa Soldável,1,PAR
62775,15646-0,Bucha Redução Soldável Curta,1,PAR
62776,55192-0,Cabo Energia Pvc/cobre Flex Fase 100m 750V,1,ELE
62777,2919-0,Bucha Redução Soldável Curta,1,PAR
62778,55185-0,Cabo Energia Pvc/cobre Flex Neutro 100m 750V,1,ELE
62779,55245-0,Cabo Energia Pvc/cobre Flex Neutro 100m 750V,1,ELE
62780,55179-0,Cabo Energia Pvc/cobre Flex Neutro 100m 750V,1,ELE
62781,55173-0,Cabo Energia Pvc/cobre Flex Neutro 100m 750V,1,ELE
62782,55162-0,Cabo Energia Pvc/cobre Flex Fase 100m 750V,1,ELE
62785,30650-0,Cabo Energia Pvc/cobre Flex Neutro 100m 750V,1,ELE
62786,55167-0,Cabo Energia Pvc/cobre Flex Neutro 100m 750V,1,ELE
62787,55164-0,Cabo Energia Pvc/cobre Flex Fase 100m 750V,1,ELE
62792,55165-0,Cabo Energia Pvc/cobre Flex Fio 100m 750V,1,ELE
62793,55166-0,Cabo Energia Pvc/cobre Flex Fase 100m 750V,1,ELE
62798,2002-0,Cadeado e 25,1,FER
62799,2005-0,Cadeado e 40,1,FER
62800,2004-0,Cadeado e 35,1,FER
62801,02006-0,Cadeado e 45,1,FER
62802,2003-0,Cadeado e 30,1,FER
62803,02007-0,Cadeado,1,FER
62804,325406-0,Alavanca Ajustavel Extensivel 33'',1,FER
62805,316315-0,Alavaca para Mecânico 387mm,1,FER
62806,196253-0,"Alicate Amperímetro Digital (Ref ET-3367, MINIPA)",1,FER
62807,312126-0,Alicate Amperimetro Cat III,1,FER
62808,128659-0,Alicate Amperimetro Digital ET-3111 - Minipa,1,MED
62809,261568-0,Alicate Amperímetro 400A AC – NCV/CAT III-600V/4000 Contagens/capacitância,1,FER
62810,79075-0,"Alicate Amperímetro Digital (Ref ET-3880, MINIPA)",1,FER
62811,14149-1,Alicate para Aneis Externos Bico Curvo 12'' 800A41 - 29.300,1,FER
62812,283690-0,Alicate para Anéis Externos Bico Curvo 5.1/2,1,FER
62813,24102-0,Alicate para Aneis A11 Externos Bico Curvo 5'' - 29.220,1,FER
62814,283691-0,"Alicate para Anéis Externos Bico Curvo 7"" (Ref 19-60MM, BELZER)",1,FER
62815,14145-1,Alicate para Aneis Externos Bico Curvo 7'',1,FER
62816,283692-0,Alicate para Anéis Externos Bico Curvo 9,1,FER
62817,31607-0,"Alicate Anel Externo Bico Curvo 9""",1,FER
62818,14148-1,Alicate para Anéis Externos Bico Reto A4 - 029.290,1,FER
62819,24031-0,"Alicate para Aneis Externos Bico Reto 5.1/2"" 800A1 - 029.210",1,FER
62820,173539-0,Alicate para Anéis Externos Bico Reto 8-25mm 5,1,FER
62821,14144-1,Alicate para Aneis Externos Bico Reto 800A2 - 029.250,1,FER
62822,31600-0,Alicate para Anéis Externos Bico Reto A3 - 029.265,1,FER
62823,14151-0,Alicate para Anéis Internos Bico Curvo g 8000 J41 - 029.320,1,FER
62824,43800-0,Cap Tigrefire 3/4'',1,
62825,42524-0,Chuveiro Ducha Acqua Duo Ultra Branco 7800W 220V Lorenzetti,1,HID
62826,36557-0,Chuveiro Acqua Storm Ultra Branco 7800W 220V Lorenzetti,1,HID
62827,42500-0,Chuveiro Ducha Acqua Duo Ultra Branco/cromo 7800W 220V Lorenzetti,1,HID
62828,283695-0,Alicate para Anéis Internos Bico Reto 9,1,FER
62829,283705-0,Alicate para Balanceamento de Roda,1,FER
62830,58767-0,Chuveiro Ducha Acqua Duo Ultra Preto Fosco 7800W 220V Lorenzetti,1,HID
62831,317675-0,"Alicate Bico Meia Cana Longo 7.1/2 (Ref ST72710G, SATA)",1,FER
62832,173549-0,Alicate Bico Meia Cana Curto 5,1,FER
62833,283697-0,Alicate Bico Meia Cana Curto 4.1/2,1,FER
62834,173553-0,Alicate Bico Meia Cana Curvo 5,1,FER
62835,173552-0,Alicate Bico Meia Cana Longo 8,1,FER
62836,173555-0,Alicate Bico Meia Cana Curvo Extra Longo 1/2 13,1,FER
62837,173551-0,Alicate de Bico Meia Cana Longo 6 Pol,1,FER
62838,173557-0,Alicate Bomba D'água 10,1,FER
62839,14141-0,Alicate Bomba D’água Mordente Curvo 10,1,FER
62840,173558-0,Alicate Bomba D'água 12,1,FER
62841,67042-1,Corante Liquido Azul 50mL,1,
62842,173559-0,Alicate Corta Cabos e Arame 8,1,FER
62843,340347-0,Alicate Corta Cabo 46mm,1,CON
62844,37239-0,Cuba Apoio P4 Branco,1,
62845,173562-0,Alicate Corte Diagonal 4,1,FER
62846,37238-0,Cuba Apoio P4 Branco,1,
62847,21260-1,"Alicate Corte Diagonal Rente 5""",1,FER
62848,145024-0,Alicate Corte Diagonal para Desencapar Fios 6.1/2 - 029.877,1,FER
62849,173569-0,Alicate para Crimpar Conector Modular 9,1,FER
62850,138435-0,Alicate para Crimpar Reforçado Isolado 9,1,FER
62851,173576-0,Alicate para Crimpar Conector 9,1,FER
62852,62734-0,"Alicate Crimpador Prensa Terminal 8.1/2"" - 091.880",1,FER
62853,240068-0,"Alicate Bico Meia Cana Curto 6 (Ref ST70041AST, SATA)",1,FER
62854,283701-0,Alicate Bico Meia Cana Curto 6 (MAYLE),1,FER
62855,257519-0,"Alicate Bico Meia Cana Curvo Longo 7.1/2 (Ref 219030B, BELZER)",1,FER
62856,173554-0,Alicate Bico Meia Cana Extra Longo 1/2 13,1,FER
62857,283702-0,Alicate de Bico Meia Cana Longo 8 Pol,1,FER
62858,54090-0,Disco Diamantado Porcelanato 110MM,1,FER
62859,56918-0,Disco Diamantado TURBO ECO 110MM Furo 20MM,1,FER
62860,257526-0,"Alicate Corte Diagonal Isolado 6"" -/",1,FER
62861,283700-0,Alicate Corte Diagonal 6 (MAYLE),1,FER
62862,173564-0,Alicate de Corte Diagonal Isolado VDE 6 Pol.,1,FER
62863,26414-0,Ducha Advanced Turbo Eletronica 220V 7500W Lorenzetti,1,HID
62864,25810-0,Ducha Top Jet Eletronica 220V 7500W - Lorenzetti,1,HID
62865,44538-0,Ducha Futura Eletronica 220V 7500W Branco Lorenzetti,1,HID
62866,317353-0,Alicate Corte Diagonal Rente - 5,1,FER
62867,12712-1,Ducha Higiênica 3T 220V 4300W Lorenzetti,1,HID
62868,131336-0,Alicate Corte Frontal 6.1/2 - 029.866,1,FER
62869,287978-0,"Alicate Corte Tesoura 8 (Ref ST72504L, SATA)",1,FER
62870,173568-0,Alicate Crimpar Cabo Coaxial 9.1/2,1,FER
62871,240065-0,"Alicate Corte Diagonal 6 (Ref ST70024AST, SATA)",1,FER
62872,173577-0,Alicate para Crimpar Reforçado 10.1/4,1,FER
62873,127907-0,Alicate Corte Diagonal Modelo Americano 5.1/2 - 029.873,1,FER
62874,189869-0,Alicate para Nivelamento Parede,1,
62875,173406-0,Alicate de Pressão 10 (MAYLE),1,FER
62876,21272-0,"Alicate de Pressão 10 (Ref 219042B, BELZER)",1,FER
62877,173579-0,Alicate de Pressão Mordente Reto 10 - v,1,FER
62878,14137-1,Alicate de Pressão para Solda Perfil Circular 11 - 029.050,1,FER
62879,173581-0,Alicate de Pressão Mordente Curvo 5,1,FER
62880,173582-0,Alicate de Pressão Mordente Curvo 7,1,FER
62881,173535-0,Alicate de Pressão Bico Longo 9,1,FER
62882,173584-0,Alicate de Pressão com Corrente 9,1,FER
62883,14131-0,Alicate de Pressão Mordente Triangular 10 - 029.010,1,FER
62884,00769-0,Escova de Aço Plástica 3 Fileiras,1,FER
62885,1637-1,Escova Aço Manual sem Cabo MAXFERRAMENTAS,1,FER
62886,79664-0,Alicate de Pressão 12 - 029.003,1,FER
62887,83078-0,Alicate de Pressão Mordente Triangular 7 - 029.001,1,FER
62888,173578-0,Alicate de Pressão Mordente Curvo 10,1,FER
62889,109722-0,"Alicate de Pressão Mordente Reto/curvo 10""",1,FER
62890,67554-0,Esmalte Brilhante Seca Rápido Gelo,1,
62891,173580-0,Alicate de Pressão para Solda Tipo C 11,1,FER
62892,14136-1,Alicate de Pressão para Solda Tipo U 11 - 029.040,1,FER
62893,14138-0,Alicate de Pressão para Solda Perfil Angular 11 - 029.060,1,FER
62894,283706-0,Alicate de Pressão para Solda Tipo U 9,1,AUT
62895,246112-0,"Alicate Isolado Desencapador de Fios 6"" 1000V VDE",1,FER
62896,173570-0,Alicate Descascador de Fios Autoajustável 6.1/2,1,FER
62897,173574-0,Alicate Descascador de Fios 7,1,FER
62898,173571-0,Alicate Descascador de Fios Automático 7 Tipo a,1,FER
62899,173572-0,Alicate Descascador de Fios Automático 7 Tipo B,1,FER
62900,14190-0,Alicate Bico Chato Longo 6.1/4,1,FER
62901,109725-0,"Alicate Tipo Telefone Bico Reto VDE H 8"" - 091.905",1,FER
62902,14182-0,"Alicate Tipo Telefone Bico Reto Isolado 8"" - 029.640",1,FER
62903,38191-0,Fita Asfáltica Veda Tudo Aluminizada 10cm X 10m,1,
62904,32959-0,"Alicate Tipo Telefone Bico Curvo 45° VDE 6.1/4"" - 091.845",1,FER
62905,40787-0,Fita Isolante Scotch 19mm X 20m,1,FER
62906,14185-0,"Alicate Tipo Telefone Bico Curto Isolado 8"" - 029.670",1,FER
62907,14195-0,Alicate Bico Redondo Longo 6.1/4,1,FER
62908,84334-0,"Alicate Bomba D'água 9.1/2""",1,FER
62909,14168-1,Alicate Corte Diagonal Modelo Americano 6.1/4 - 029.874,1,FER
62910,52608-0,Furadeira de Impacto 650W 220V GSB 13 RE,1,FER
62911,107238-0,Alicate Corte Diagonal VDE H Modelo Sueco 6.1/4 - 091.898,1,FER
62912,21266-0,Alicate Corte Frontal 6,1,FER
62913,129883-0,Alicate Eletricista 8 - 029.450,1,FER
62914,119277-0,Alicate Corte Diagonal Modelo Sueco 5.1/2 - 029.871,1,FER
62915,259656-0,"Alicate Bico Meia Cana Curto 6 (Ref 219041B, BELZER)",1,FER
62916,14197-0,Alicate Desencapador de Fios 6.1/4 - 029.895,1,FER
62917,125533-0,Alicate Bico Multifuncional Isolado 8 - 029.555,1,FER
62918,59009-0,Alicate Eletricista 8 - ®,1,FER
62919,21276-0,"Alicate Universal 8"" - ® -219022BBR",1,FER
62920,50914-0,"Alicate Universal 8"" (Ref 44000108, TRAMONTINA)",1,FER
62921,54650-0,Fita Asfáltica Veda Tudo Aluminizada 30cm X 10m,1,
62922,60711-0,"Alicate Universal Super KRAFT 8"" - 029.420",1,FER
62923,317677-0,"Alicate Bico Meia Cana Curvo Longo 7.1/2 (Ref ST72711G, SATA)",1,FER
62924,17597-0,Joelho 45º 15mm Aquatherm,1,
62925,173538-0,Alicate para Anéis Externos Bico Curvo 19-60mm 7,1,FER
62926,258889-0,"Alicate para Anéis Externos Bico Curvo 9""",1,FER
62927,173541-0,Alicate para Anéis Externos com Bico Reto 7,1,FER
62928,283689-0,"Alicate para Anéis Externos Reto 9""",1,FER
62929,173542-0,Alicate para Anéis Internos Bico Curvo 8-25mm 5,1,FER
62930,173544-0,Alicate para Anéis Internos Bico Curvo 19-60 7,1,FER
62931,258886-0,Alicate 9 Pol. para Anéis Interno com Bico Curvo,1,FER
62932,173545-0,Alicate para Anéis Internos Bico Reto 8-25mm 5,1,FER
62933,173547-0,Alicate para Anéis Internos Bico Reto 19-60mm 7,1,FER
62934,258884-0,"Alicate para Anéis Internos Reto 9""",1,FER
62935,173536-0,Alicate para Anéis Externos Bico Curvo 8-25mm 5,1,FER
62936,14150-1,Alicate para Anéis Internos Bico Reto J4 - 029.310,1,FER
62937,178146-0,Alicate para Nivelamento de Piso,1,
62938,80605-0,Alicate Crimpador para Terminal Modular 8P - 050.767,1,FER
62939,173826-0,Rebitador Manual Tipo Alicate 10,1,FER
62940,309569-0,"Alicate Rebitador Manual 8"" com 4 Pontas 3/32"" 3/16",1,FER
62941,50303-0,Lampada Bulbo Superled Branca Bivolt,1,ELE
62942,49479-0,Lampada Bulbo Superled Branca Bivolt,1,ELE
62943,240064-0,Alicate Universal Isolado 8,1,FER
62944,283708-0,Alicate Universal Isolado Cabo Duplo 8,1,FER
62945,283707-0,Alicate Universal Cabo Duplo Material 8,1,FER
62946,14158-1,"Alicate Universal Isolado 8"" - 029.400",1,FER
62947,287456-0,Alicate Universal Isolada Shelf 8,1,FER
62948,287455-0,Alicate Universal Isolada 8,1,FER
62949,173587-0,Alicate Universal Isolado 8 Pol.,1,FER
62950,32956-0,"Alicate Universal VDE 8"" - 091.867",1,FER
62951,107237-0,"Alicate Universal KRAFT VDE H 8""",1,FER
62952,287457-0,Alicate para Eletricista Isolado 8,1,FER
62953,42093-0,Anticorrosivo,1,AUT
62954,255319-0,Alimentador de Arame Origo Feed 304 Pro 42V,1,FER
62955,58596-0,Luva de Transição F/F CPVC Ultraterm 22x25mm,1,
62956,45241-0,"Adaptador Soldável Curto 25x3/4""",1,
62957,107411-0,Antirrespingo sem Silicone,1,FER
62958,60827-0,Antirrespingo em Pasta,1,FER
62959,60732-0,Martelo Cabo Madeira,1,
62960,178016-0,Aquecedor De Água Versátil 220V 5500W Lorenzetti,1,HID
62961,297674-0,"Arco de Serra Plus 12""",1,FER
62962,78808-0,Arco de Serra Fixo 12'' Bimetal,1,FER
62963,297676-0,Arco de Serra – Standard 12” 300mm: Eficiência e Precisão em Cortes Manuais,1,FER
62964,47068-0,Arco de Serra Isolado VDE V406 - 091.85,1,FER
62965,11540-1,"Arco de Serra Tubular 12"" 300MM - 149",1,FER
62966,220740-0,Aspirador de Pó GAS 18V-1 18V sem Bateria e Carregador,1,FER
62967,247967-0,Aspirador NT 585 Basic 220V,1,FER
62968,122713-0,Aspirador de Água e Pó Hidro Pó 2000W 220V 70L,1,FER
62969,281025-0,Limpa Estofados Puzzi 4/20 Classic 220V,1,FER
62970,179081-0,Balde Plástico Preto: Resistência e Versatilidade para o Dia a Dia,1,
62971,31054-0,Carro Bancada para Ferramentas 7 Gavetas - 001.173,1,AUT
62972,63334-0,Porcelanato Polido Malden Bianco Lux 100x100cm,1,
62973,178125-0,Batedor para Argamassa 40cm,1,
62974,64538-0,Misturador Monocomando para Lavatório de Mesa Bica Baixa,1,
62975,09373-0,Quadro Distribuição 3/4 Disjuntores Embutir Sem Barramento - Tigre,1,ELE
62976,09374-0,Quadro Distribuição 6/8 Disjuntores Embutir Sem Barramento - Tigre,1,ELE
62977,139150-0,Bateria de Íons de Lítio LI-ON GBA 12V 2.0AH,1,FER
62978,139183-0,Bateria LI-ON GBA 18V 4.0AH,1,FER
62979,30675-0,Caixa de Ferramentas Baú N. 840,1,FER
62980,297944-0,Betoneira 400L com Painel Adaptável e Motor 220V 1 Traço MONOFÁSIO,1,CON
62981,334637-0,Betoneira Rental 400L Motor 2CV IV Pólos Monofásica 220V,1,CON
62982,287361-0,"Bico de Abastecimento Automático Preto de 1"" -4626",1,AUT
62983,6989-0,Bico de Limpeza Alumínio Botão 7,1,FER
62984,70636-0,Bico de Corte 1502 N.12,1,FER
62985,140549-0,"Bico de Corte 1502 N.03 6,40 a 9,50MM",1,FER
62986,136771-0,"Bico de Corte 1502 N.04 12,70 a 15,90mm",1,FER
62987,140550-0,Bico de Corte 1503 N.06,1,FER
62988,70635-0,Bico para Limpeza Modelo 6 -10203000,1,FER
62989,36355-0,Resistência Para Acqua Duo/storm/star/jet/wave 7800W 220V- Lorenzetti,1,HID
62990,36596-0,Resistência Para Duo Shower - 220v 7500W,1,HID
62991,30639-1,Cabo Energia Pvc/cobre Flex Fio 100m 750V,1,ELE
62992,55180-0,Cabo Flexível 750V,1,ELE
62993,55189-0,Cabo Flexível 750V,1,ELE
62994,55177-0,Cabo Flexível 750V,1,ELE
62995,55183-0,Cabo Flexível 750V,1,ELE
62996,30646-0,Cabo Flexível 100m,1,ELE
62997,51442-0,Saboneteira Flat Cobre Escovado,1,
62998,41051-0,"Lâmina para Serra Manual Rígida Redstripe 12"" (Ref RS1218, STARRETT)",1,FER
62999,61718-0,Bits Fenda Cruzada PH2,1,FER
63000,61719-0,Bits Fenda Cruzada PH3,1,FER
63001,45244-0,"Te Azul Soldável C/bucha Latão 25mm X """,1,PAR
63002,46536-0,Tê de Redução Aquatherm 28x22mm,1,
63003,64658-0,Esmalte Brilhante Seca Rápido Branco,1,
63004,64624-0,"Tinta Esmalte Base de Água Seca Rápido Brilhante Preto 3,6L",1,
63005,48438-0,"Esmalte Brilhante Seca Rápido 3,6L Branco",1,
63006,64032-0,"Tinta Fachada Emborrachada Branco 3,6L - suvinil 18l",1,
63007,178149-0,Esponja Multiuso: Versatilidade e Eficiência para Qualquer Tipo de Limpeza,1,SEG
63008,52931-0,Cabide Simples Soul em Aço Escovado,1,
63009,49955-0,Torneira Elétrica Easy Parede 5500W 220V - Lorenzetti,1,HID
63010,173821-0,Bolsa de Ferramentas Tipo Baú de Nylon,1,FER
63011,220773-0,Bolsa Média de Transporte para Ferramentas,1,FER
63012,58107-0,Trena de Bolso 8 Metros,1,CON
63013,45099-0,"Trena de Bolso Amarela 5M/16"" S9",1,CON
63014,52242-0,Trena de Bolso Amarela 3 Metros,1,CON
63015,287303-0,Bomba Manual de Alavanca Lateral 500g para Graxa,1,AUT
63016,30735-0,Tubo Aquaterm CPVC (Ref 42mmx3m),1,
63017,287362-0,Bomba de Transferencia de Oleo,1,AUT
63018,55544-0,Broca SDS Plus 10x260mm - Potência e Precisão para Perfuração,1,PAR
63019,252139-0,Bomba de Óleo Manual Metálica 22L,1,AUT
63020,329836-0,Bomba Rotativa 30L,1,FER
63021,177979-0,Bomba Hidraulica Teste RP50,1,FER
63022,47263-0,Veda Calha Cinza 360g,1,
63023,258589-0,"Broca Aço Rápido Cônica 18,00MM",1,FER
63024,205322-0,"Broca Aço Rápido 14,50x220mm",1,FER
63025,133427-0,Broca Aço Rápido 1.1/16mm,1,FER
63026,133431-0,Broca Aço Rápido 1.1/8,1,FER
63027,133435-0,Broca Aço Rápido 1.5/16mm,1,FER
63028,2346-2,"Brocas Aço Rápido Cônica 1""",1,FER
63029,1885-0,"Broca Cônica Din345 TW404 22,50mm -TB42107",1,FER
63030,255692-0,Broca Aço Rápido (Ref 11/64),1,FER
63031,69162-0,"Broca Aço Rápido 1,00MM",1,FER
63032,196-1,"Broca Universal TW104 169 X 15,00mm -TB40184",1,FER
63033,204-0,Broca Aco Rápido 16mm -TB40188,1,FER
63034,258607-0,"Broca Aço Rápido 17,50MM",1,FER
63035,238880-0,"Broca Aço Rápido 18,00MM",1,FER
63036,238884-0,"Broca Aço Rápido 20,00MM",1,FER
63037,280209-0,Broca SDS Longa 22 X 550,1,FER
63038,798-0,Broca HSS 3/4'' X 140mm ANSI B 94.1 1M TW105 -TB40267,1,FER
63039,27676-0,"Broca Chata para Madeira Standard 5/16"" X 150mm",1,FER
63040,27679-0,Broca Chata para Madeira Speedbor 1/2,1,FER
63041,27681-0,Broca Chata para Madeira Speedbor 5/8,1,FER
63042,27687-0,"Broca Chata para Madeira Speedbor 1""",1,FER
63043,27742-0,"Broca Chata para Madeira 1.1/4"" X 6""",1,FER
63044,27677-0,"Broca Chata para Madeira 3/8"" X 150mm -IW13999",1,FER
63045,27683-0,"Broca Chata Speedbor 3/4"" X 6"" 150mm",1,FER
63046,281830-0,Broca para Centrar A225 1/8 X 5/16 -A225BS4,1,FER
63047,251529-0,Broca de Centro Aço Rápido HSS 4.0 X 10.0 -A2004.0x10.0,1,FER
63048,280163-0,"Broca Aço Rápido Cônica 20,00MM",1,FER
63049,258590-0,"Broca Aço Rápido Cônica 19,00MM",1,FER
63050,263446-0,Broca Aço Rápido Cônica 1.1/2,1,FER
63051,247045-0,Broca Aço Rápido Cônica 1.1/8,1,FER
63052,260052-0,"Broca Aço Rápido Cônica 32,00mm",1,FER
63053,288956-0,Broca Aço Rápido Cônica 1.1/16,1,FER
63054,266549-0,"Broca Aço Rápido Titanio 16,00mm -A00216.0",1,FER
63055,258608-0,"Broca Aço Rápido 18,50MM",1,FER
63056,255701-0,"Broca Aço Rápido Titânio 10,00MM",1,FER
63057,258585-0,"Broca Aço Rápido Titanio 14,00mm -A00214.0",1,FER
63058,263320-0,"Broca Aço Rápido Titânio 11,00MM",1,FER
63059,255702-0,"Broca Aço Rápido Titânio 2,00MM",1,FER
63060,255703-0,"Broca Aço Rápido Titânio 2,50MM",1,FER
63061,255695-0,Broca Aço Rápido Titânio 3/16,1,FER
63062,255706-0,"Broca Aço Rápido Titânio 3,50MM",1,FER
63063,255712-0,Broca Aço Rápido Titânio 5/32,1,FER
63064,255710-0,"Broca Aço Rápido Titânio 4,50MM",1,FER
63065,255722-0,"Broca Aço Rápido Titânio 5,00MM",1,FER
63066,255724-0,"Broca Aço Rápido Titânio 5,50MM",1,FER
63067,255727-0,"Broca Aço Rápido Titânio 7,00MM",1,FER
63068,255711-0,"Broca Aço Rápido Titânio 6,00MM",1,FER
63069,255725-0,"Broca Aço Rápido Titânio 6,50MM",1,FER
63070,244591-0,"Broca Aço Rápido 7/16 (Ref A1547/16B, DORMER)",1,FER
63071,255728-0,"Broca Aço Rápido Titânio 7,50MM",1,FER
63072,255716-0,Broca Aço Rápido 7/64,1,FER
63073,255729-0,"Broca Aço Rápido Titânio 8,00MM",1,FER
63074,255718-0,Broca Aço Rápido 9/16,1,FER
63075,255709-0,"Broca Aço Rápido Titânio 9,00MM",1,FER
63076,255708-0,"Broca Aço Rápido Titânio 9,50MM",1,FER
63077,255719-0,Broca Aço Rápido 9/64,1,FER
63078,255671-0,"Broca Aço Rápido 1/2 (Ref A1541/2B, DORMER)",1,FER
63079,335713-0,Broca Autocentrante Titânio 1/4 - HT HANSA,1,FER
63080,255689-0,Broca Aço Rápido Titânio 1/4,1,FER
63081,255690-0,Broca Aço Rápido Titânio 1/8,1,FER
63082,255693-0,Broca Aço Rápido (Ref 13/64),1,FER
63083,255691-0,Broca Aço Rápido (Ref 11/32),1,FER
63084,257307-0,Broca Aço Rápido (Ref 15/64),1,FER
63085,335709-0,Broca Autocentrante 3/16 Titânio,1,FER
63086,244589-0,"Broca Aço Rápido 3/8 (Ref A1543/8B, DORMER)",1,FER
63087,255698-0,Broca Aço Rápido Titânio 3/8,1,FER
63088,244593-0,"Broca Aço Rápido 5/8 (Ref A1545/8B, DORMER)",1,FER
63089,255707-0,"Broca Aço Rápido 5/32 (Ref A1545/32B, DORMER)",1,FER
63090,244592-0,"Broca Aço Rápido 7/32 (Ref A1547/32B, DORMER)",1,FER
63091,257324-0,Broca Aço Rápido 9/32,1,FER
63092,245452-0,"Broca Aço Rápido 10,00MM",1,FER
63093,245454-0,"Broca Aço Rápido 12,50MM",1,FER
63094,69665-0,"Broca Aço Rápido 3,50MM",1,FER
63095,245453-0,"Broca Aço Rápido 11,00MM",1,FER
63096,245451-0,"Broca Aço Rápido 10,50MM",1,FER
63097,255598-0,"Broca Aço Rápido 13,50MM",1,FER
63098,255587-0,"Broca Aço Rápido 11,50MM",1,FER
63099,255602-0,"Broca Aço Rápido 14,50MM",1,FER
63100,245456-0,"Broca Aço Rápido 14,00MM",1,FER
63101,245457-0,"Broca Aço Rápido 15,00MM",1,FER
63102,255605-0,"Broca Aço Rápido 15,50MM",1,FER
63103,245458-0,"Broca Aço Rápido 16,00MM",1,FER
63104,245467-0,"Broca Aço Rápido 2,50MM",1,FER
63105,245468-0,"Broca Aço Rápido 3,00MM",1,FER
63106,72033-0,"Broca Aço Rápido 5,00MM",1,FER
63107,247633-0,Broca Autocentrante Titanio 1/8 HT -HANSA-37996,1,FER
63108,258583-0,"Broca Aço Rápido Titânio 10,50MM",1,FER
63109,266515-0,"Broca Aço Rápido Titânio 11,50MM",1,FER
63110,258584-0,"Broca Aço Rápido Titânio 12,00MM",1,FER
63111,266544-0,"Broca Aço Rápido Titanio 15,00mm -A00215.0",1,FER
63112,238881-0,"Broca Aço Rápido 19,00MM",1,FER
63113,258609-0,"Broca Aço Rápido 19,50MM",1,FER
63114,266718-0,"Broca Aço Rápido 21,00MM",1,FER
63115,266392-0,"Broca Aço Rápido 22,00MM",1,FER
63116,266493-1,"Broca Aço Rápido Titânio 1,00MM",1,FER
63117,266504-0,Broca Aço Rápido Titânio 1/2,1,FER
63118,262855-0,"Broca Aço Rápido Titânio 12,50MM",1,FER
63119,266305-0,"Broca Aço Rápido Titanio 13,50mm",1,FER
63120,266171-0,"Broca Aço Rápido Titanio 14,50mm -A00214.5",1,FER
63121,266541-0,Broca Aço Rápido Titânio (Ref 13/64),1,FER
63122,257313-0,Broca Aço Rápido (Ref 23/64),1,FER
63123,266592-0,Broca Aço Rápido Titânio 5/16,1,FER
63124,257323-0,Broca Aço Rápido 5/64,1,FER
63125,266596-0,"Broca Aço Rápido Cônica 10,50 X 168mm",1,FER
63126,258586-0,"Broca Aço Rápido Titânio 8,50MM",1,FER
63127,266628-0,Broca Aço Rápido Titânio 9/64,1,FER
63128,257305-0,Broca Aço Rápido (Ref 13/32),1,FER
63129,257309-0,Broca Aço Rápido (Ref 17/64),1,FER
63130,247637-0,"Broca Autocentrante 12,00mm Titânio",1,FER
63131,247636-0,"Broca Autocentrante 11,00mm Titânio",1,FER
63132,335605-0,"Broca Autocentrante Titanio 3,00mm HT -HANSA-37982",1,FER
63133,335610-0,Broca Autocentrante Titanio 3.50mm HT -HANSA-37983,1,FER
63134,335615-0,"Broca Autocentrante Titanio 3,5mm HT -HANSA-37984",1,FER
63135,335620-0,"Broca Autocentrante Titanio 4,00mm HT -HANSA-37985",1,FER
63136,335630-0,"Broca Autocentrante Titanio 5,50mm",1,FER
63137,335635-0,"Broca Autocentrante Titanio 6,00mm -37988",1,FER
63138,335640-0,"Broca Autocentrante Titanio 6,50mm",1,FER
63139,335645-0,"Brocas Autocentrante Titanio 6,50mm",1,FER
63140,335650-0,"Broca Autocentrante Titânio 7,50mm",1,FER
63141,335655-0,"Broca Autocentrante Titânio 8,00mm",1,FER
63142,247639-0,"Broca Autocentrante Titânio 9,00mm",1,FER
63143,335660-0,"Broca Autocentrante Titânio 8,50mm",1,PAR
63144,247638-0,"Broca Autocentrante Titânio 9,50mm",1,FER
63145,335705-0,Broca Autocentrante Titanio 1/2 HT -HANSA-38023,1,FER
63146,247642-0,"Broca Autocentrante 13,00mm Titânio",1,FER
63147,335708-0,Broca Autocentrante Titanio 10mm HT -HANSA-38026,1,FER
63148,335721-0,Broca Autocentrante Titanio 3/8 -38039,1,FER
63149,335707-0,Broca Autocentrante Titanio 5/32 -38025,1,FER
63150,3278-0,"Broca para Concreto com Ponta de Metal Duro 9/16"" X 150mm -IW989",1,FER
63151,3279-0,"Broca para Concreto com Ponta de Metal Duro 5/8"" 150mm -IW990",1,FER
63152,3282-0,"Broca para Concreto 1""x160mm",1,FER
63153,3291-0,"Broca para Concreto Extra Longa 13mm X 1/2"" X 330mm -IW943",1,FER
63154,3293-0,"Broca para Concreto Extra Longa 5/8""x330mm",1,FER
63155,3294-0,Broca para Concreto Extra Longa 7/8 X 300 mm,1,FER
63156,3289-0,"Broca para Concreto Extra Longa 5/16"" 8x330mm",1,FER
63157,3200-0,Broca Longa para Mourão 1/2,1,PAR
63158,3195-0,Broca Longa para Mourão 1/4,1,FER
63159,3197-0,Broca para Fibrocimento e Mourão 5/16”x280mm,1,PAR
63160,3199-0,Brocas para Fibrocimento e Mourão 7/16 Pol.,1,FER
63161,12-0,Broca 3 Pontas para Madeira de 14mm X 160mm,1,FER
63162,141038-0,"Broca Aço Rápido 1/4 (Ref 33846, HANSATECNICA)",1,FER
63163,237300-0,"Broca Aço Rápido 1/4 (Ref A1541/4B, DORMER)",1,FER
63164,237301-0,Broca Aço Rápido 1/8,1,FER
63165,141039-0,Broca Aço Rápido 1/8 - HANSA,1,FER
63166,141034-0,"Broca Aço Rápido 1""",1,FER
63167,141087-0,Broca Aço Rápido 10mm - HANSA,1,FER
63168,51075-0,"Broca Aço Rápido TW100 10,50mm",1,FER
63169,141092-0,"Broca Aço Rápido 10,5mm",1,FER
63170,141097-0,Broca Aço Rápido 11mm - HT HANSA,1,FER
63171,141102-0,"Broca Aço Rápido 11,5mm",1,FER
63172,141042-0,Broca Aço Rápido 11/64 - HT HANSA,1,FER
63173,237312-0,"Broca Aço Rápido 12,00MM",1,FER
63174,141107-0,Broca Aço Rápido 12mm - HT HANSA,1,FER
63175,141112-0,"Broca Aço Rápido 12,50mm",1,FER
63176,141117-0,Broca Aço Rápido 13mm - HT HANSA,1,FER
63177,141118-0,"Broca Aço Rápido 13,50",1,FER
63178,141119-0,Broca Aço Rápido 14mm - HT HANSA,1,FER
63179,141045-0,"Broca Aço Rápido 13/64""",1,FER
63180,141122-0,"Broca Aço Rápido 15,50mm",1,FER
63181,141123-0,Broca Aço Rápido 16mm,1,FER
63182,141124-0,"Broca Aço Rápido 16,5mm",1,FER
63183,141125-0,Broca Aço Rápido 17mm,1,FER
63184,141126-0,"Broca Aço Rápido 18,50mm",1,FER
63185,141127-0,Broca Aço Rápido 18mm,1,FER
63186,141128-0,"Broca Aço Rápido 18,50mm",1,FER
63187,141129-0,"Broca Aço Rápido 19,5mm",1,FER
63188,141130-0,Broca Aço Rápido Longa 6 X 139mm,1,FER
63189,141131-0,Broca Aço Rápido 2mm - HANSA,1,FER
63190,141136-0,"Broca Aço Rápido 2,50mm - HANSA",1,FER
63191,141143-0,Broca Aço Rápido 21mm,1,FER
63192,141141-0,Broca Aço Rápido 20mm,1,FER
63193,141142-0,Broca Aço Rápido para Madeira 10 X 300,1,FER
63194,141145-0,"Broca Aço Rápido 22,00mm",1,FER
63195,141147-0,"Broca Aço Rápido 23,00mm",1,FER
63196,141149-0,Broca Aço Rápido 24mm,1,FER
63197,141151-0,Broca Aço Rápido 25mm,1,FER
63198,141152-0,Broca Aço Rápido 3mm - HT HANSA,1,FER
63199,141060-0,"Broca Aço Rápido 3/16 (Ref 33868, HANSATECNICA)",1,FER
63200,237310-0,"Broca Aço Rápido 3/16 (Ref A1543/16B, DORMER)",1,FER
63201,141062-0,"Broca Aço Rápido 3/4 (Ref 33867, HANSATECNICA)",1,FER
63202,141061-0,Broca Aço Rápido 3/32 - HT HANSA,1,FER
63203,141157-0,"Broca Aço Rápido 3,50mm - HT HANSA",1,FER
63204,141162-0,"Broca Aço Rápido 4,00mm - HANSA",1,FER
63205,141167-0,"Broca Aço Rápido 4,50mm - HANSA",1,FER
63206,141172-0,Broca Aço Rapido HT,1,FER
63207,237309-0,Broca Aço Rápido 5/16,1,FER
63208,141067-0,"Broca Aço Rápido 5/32 (Ref 33873, HANSATECNICA)",1,FER
63209,141177-0,"Broca Aço Rápido 5,50mm - HT HANSA",1,FER
63210,141069-0,"Broca Aço Rápido 5/8 (Ref 33875, HANSATECNICA)",1,FER
63211,141182-0,Broca Aço Rápido 6mm,1,FER
63212,237311-0,"Broca Aço Rápido 6,50MM",1,FER
63213,141192-0,Broca Aço Rápido 7mm - HT HANSA,1,FER
63214,141070-0,"Broca Aço Rápido 7/16 (Ref 33877, HANSATECNICA)",1,FER
63215,141194-0,"Broca Aço Rápido 7,20mm",1,FER
63216,141071-0,"Broca Aço Rápido 7/32 (Ref 33878, HANSATECNICA)",1,FER
63217,141073-0,Broca Aço Rápido 7/8 -HANSATECNICAS-33876,1,FER
63218,141202-0,Broca Aço Rápido 8mm,1,FER
63219,141207-0,"Broca Aço Rápido 8,50mm - HT HANSA",1,FER
63220,141212-0,Broca Aço Rápido 9mm,1,FER
63221,141074-0,Broca Aço Rápido HT,1,FER
63222,141076-0,Broca Aço Rápido 9/64 - HANSA,1,FER
63223,243707-0,"Broca Aço Rápido Titânio 4,00MM",1,FER
63224,118502-0,"Broca para Vidro e Porcelanato 12,00mm 80mm",1,FER
63225,118498-0,Broca para Vidro e Porcelanato 6mm,1,FER
63226,118500-0,Broca para Vidro e Porcelanato 8mm,1,FER
63227,256848-0,"Broca Aço Rápido 16,50mm",1,FER
63228,238879-0,"Broca Aço Rápido 17,00MM",1,FER
63229,30173-0,Broca SDS 14 X 340 Longa -18548,1,FER
63230,289497-0,Broca SDS 16x340 Longa,1,FER
63231,150470-0,Broca SDS Longa 25 X 550,1,FER
63232,289508-0,Broca SDS Longa 35 X 400,1,FER
63233,47785-0,Broca Sds Plus Longa 13 X 260 - HT HANSA,1,FER
63234,47824-0,Broca SDS Plus Longa 19 X 450,1,FER
63235,47839-0,"Broca SDS Plus Longa 25,0 X 450",1,FER
63236,47742-1,Broca Sds Plus 4 X 110 - HT HANSA 2627,1,FER
63237,47760-0,Broca Sds Plus 8 X 160 - HANSA 2636,1,FER
63238,47764-0,Broca Sds Plus Longa 8 X 450,1,FER
63239,32190-1,Cabeça Cortadora,1,FER
63240,180210-0,Cabo Comando 500V CONTROLE,1,ELE
63241,180138-0,Cabo Controle 1KV CONTROLE,1,ELE
63242,173597-0,"Cabo Força Tipo T Encaixe 3/4""",1,FER
63243,173600-0,Cabo T Soquete 3/8,1,FER
63244,142332-0,Cabo Solda 100V por SOLDA,1,FER
63245,142333-0,Cabo Solda 100V por SOLDA,1,FER
63246,142334-0,Cabo Solda 100V por SOLDA,1,FER
63247,142335-0,Cabo Solda 100V por SOLDA,1,FER
63248,255987-0,Cabo Transmissão Carga Tipo Chupeta 300A,1,AUT
63249,264776-0,Cabo Flex 750V FLEXSIL,1,ELE
63250,236132-0,Cabo Flex 750V FLEXSIL,1,ELE
63251,142015-0,Cabo Flex 750V FLEXSIL,1,ELE
63252,142012-0,Cabo Flex 750V FLEXSIL,1,ELE
63253,141923-0,Cabo Flexível 750V 200 Metros FLEXSIL,1,ELE
63254,142010-0,Cabo Flexível 750V 70gr FLEXSIL,1,ELE
63255,141952-0,Cabo Energia Pvc/cobre Flex Fase 100m 750V,1,ELE
63256,142127-0,Cabo Flexível 1kV HEPR SILNAX,1,ELE
63257,192620-0,Cabo Flexível 750V Pack 10 Metros FLEXSIL,1,ELE
63258,142124-0,Cabo Flexível 1kV HEPR SILNAX,1,ELE
63259,142187-0,Cabo Flexível 1kV HEPR SILNAX,1,ELE
63260,192579-0,Cabo Flexível 750V Pack 10 Metros FLEXSIL,1,ELE
63261,142131-0,Cabo Flexível 1kV HEPR SILNAX,1,ELE
63262,179915-0,Cabo Flexível 750V Pack 25 Metros FLEXSIL,1,ELE
63263,180499-0,Cabo Flexível 750V 15 Metros FLEXSIL,1,ELE
63264,141975-0,Cabo Flexível 750V 100 Metros FLEXSIL,1,ELE
63265,180047-0,Cabo Flexível 750V BWF 15 Metros FLEXSIL,1,ELE
63266,180513-0,Cabo Flexível 750V Pack 25 Metros FLEXSIL,1,ELE
63267,180515-0,Cabo Flexível 750V Pack 10 Metros FLEXSIL,1,ELE
63268,142155-0,Cabo Flexível 500V PP Tetrapolar SILFLEX,1,ELE
63269,142135-0,Cabo Flexível 500V PP Tripolar SILFLEX,1,ELE
63270,141985-0,Cabo Flexível 750V 70gr FLEXSIL,1,ELE
63271,180530-0,Cabo Flexível 750V Pack 10 Metros FLEXSIL,1,ELE
63272,180527-0,Cabo Flexível 750V Pack 25 Metros FLEXSIL,1,ELE
63273,141994-0,Cabo Energia Pvc/cobre Flex Neutro 100m 750V,1,ELE
63274,141990-0,Cabo Flexível 750V 100 Metros FLEXSIL,1,ELE
63275,141967-0,Cabo Flexível 750V FLEXSIL,1,ELE
63276,141959-0,Cabo Flexível 750V 70gr FLEXSIL,1,ELE
63277,142219-0,Cabo Flexível 300V Paralelo Flexível PARALELO,1,ELE
63278,142199-0,Cabo Flexível HEPR 1kV SILNAX,1,ELE
63279,142200-0,Cabo Flexível HEPR 1kV SILNAX,1,ELE
63280,180222-0,Cabo Flexível HEPR 1KV 90gr FLEXONAX,1,ELE
63281,180273-0,Cabo Flexível HEPR 1KV 90gr FLEXONAX,1,ELE
63282,142195-0,Cabo Flexível HEPR 90º 1kV SILNAX,1,ELE
63283,142128-0,Cabo Flexível HEPR 90º 1kV SILNAX,1,ELE
63284,142113-0,Cabo Flexível HEPR 90º 1kV SILNAX,1,ELE
63285,142189-0,Cabo Flexível HEPR 90º 1kV SILNAX,1,ELE
63286,142158-0,Cabo Flexível PP 500V SILFLEX,1,ELE
63287,142152-0,Cabo Flexível HEPR 90º 1kV SILNAX,1,ELE
63288,142176-0,Cabo Flexível 1kV HEPR Bipolar SILFLEX,1,ELE
63289,142178-0,Cabo Flexível 1kV HEPR Bipolar SILFLEX,1,ELE
63290,142159-0,Cabo Flexível 1kV HEPR Tetrapolar SILNAX,1,ELE
63291,142160-0,Cabo Flexível 1kV HEPR Tetrapolar SILNAX,1,ELE
63292,142166-0,Cabo Flexível 1kV HEPR Tetrapolar SILNAX,1,ELE
63293,142161-0,Cabo Flexível 1kV HEPR Tetrapolar SILNAX,1,ELE
63294,142162-0,Cabo Flexível 1kV HEPR Tetrapolar SILNAX,1,ELE
63295,142139-0,Cabo Flexível 1kV HEPR Tripolar SILNAX,1,ELE
63296,142141-0,Cabo Flexível 1kV HEPR Tripolar SILNAX,1,ELE
63297,142142-0,Cabo Flexível 1kV HEPR Tripolar SILNAX,1,ELE
63298,142173-0,Cabo Flexível 500V PP Bipolar SILFLEX,1,ELE
63299,142172-0,Cabo Flexível 500V PP Bipolar SILFLEX,1,ELE
63300,142156-0,Cabo Flexível 500V PP Tetrapolar SILFLEX,1,ELE
63301,180314-0,Cabo Flexível HEPR 1KV 90gr FLEXONAX,1,ELE
63302,142136-0,Cabo Flexível 500V PP Tripolar SILFLEX,1,ELE
63303,180340-0,Cabo Flexível HEPR 1KV 90gr FLEXONAX,1,ELE
63304,142165-0,Cabo Flexível HEPR 90º 1kV SILNAX,1,ELE
63305,142143-0,Cabo Flexível HEPR 90º 1kV SILNAX,1,ELE
63306,180337-0,Cabo Flexível HEPR 1KV 90gr FLEXONAX,1,ELE
63307,194793-0,Cabo Flexível PP 500V Pentapolar SILFLEX,1,ELE
63308,196084-0,Cabo Flexível PP 500V SILFLEX,1,ELE
63309,141997-0,Cabo Flexível 750V FLEXSIL,1,ELE
63310,246381-0,Cabo Flexível HEPR 1KV 90gr NAMBEINAX,1,ELE
63311,141993-0,Cabo Flexível 750V FLEXSIL,1,ELE
63312,141927-0,Cabo Flexível 750V 70gr FLEXSIL,1,ELE
63313,141971-0,Cabo Flexível 750V 70gr FLEXSIL,1,ELE
63314,300822-0,Cabo Flexível HEPR 1Kv 90gr SILNAX,1,ELE
63315,142119-0,Cabo Flexível HEPR 1Kv 90gr SILNAX,1,ELE
63316,13514-0,Cabo T Soquete,1,FER
63317,272003-0,Cabo T Deslizante Articulado Chave Soquete Hexagonal 952,1,FER
63318,195406-0,Cabo T Deslizante Articulado Chave Soquete Hexagonal 952,1,FER
63319,272000-0,Cabo T Deslizante Articulado Chave Soquete Hexagonal 952,1,FER
63320,272004-0,Cabo T Deslizante Articulado Chave Soquete Hexagonal 952,1,FER
63321,272002-0,Cabo T Deslizante Articulado Chave Soquete Hexagonal 952,1,FER
63322,272001-0,Cabo T Deslizante Articulado Chave Soquete Hexagonal 952,1,FER
63323,271956-0,Cabo T Deslizante Chave Hexagonal 951,1,FER
63324,271958-0,Cabo T Deslizante Chave Hexagonal 951,1,FER
63325,271959-0,Cabo T Deslizante Chave Hexagonal 951,1,FER
63326,173590-0,Cabo T Soquete 1/2 250mm,1,FER
63327,173594-0,Cabo T Soquete 1/4 105mm,1,FER
63328,173598-0,Cabo Força,1,FER
63329,257854-0,Cadeado em Latão com Haste Longa 30 X 70 mm,1,FER
63330,24052-0,Cadeado Haste Longa,1,
63331,206584-0,Cadeado Latão 50mm com 2 Chaves Tetra SM,1,FER
63332,177310-0,Cadeado 20 mm,1,FER
63333,7032-0,Cadeado Latão 20mm,1,
63334,130345-0,Cadeado em Latão Vemelho 20 mm -51016410,1,FER
63335,7033-0,Cadeado e 25,1,FER
63336,7034-0,Cadeado e 30,1,FER
63337,177320-0,Cadeado 35 mm,1,FER
63338,7035-0,Cadeado e 35,1,FER
63339,66465-0,Cadeado e 40,1,FER
63340,7036-0,Cadeado e 45,1,FER
63341,177323-0,Cadeado 50 mm,1,FER
63342,73999-0,Cadeado,1,FER
63343,295634-0,Caixa para Ferramentas 12'' 31.5x17x13cm -11593911,1,FER
63344,295637-0,Caixa para Ferramentas 14'' 36.0x19x17cm -11594111,1,FER
63345,7021-0,Caixa de Ferramentas com 3 Gavetas N. 340 - N. 04,1,FER
63346,59667-0,Caixa de Ferramentas com 3 Gavetas N. 350 - N. 05,1,FER
63347,34277-0,Caixa de Ferramentas Azul com 5 Gavetas - 550,1,FER
63348,105150-0,Caixa de Ferramentas Sanfonada Móvel com Rodas 5 Gaveta,1,FER
63349,72822-0,Caixa de Ferramentas com 7 Gavetas N. 507F/750 N.07,1,FER
63350,312459-0,Caixa para Ferramentas Tipo Gabinete 3 Gavetas com 213 Peças -ST09512U,1,FER
63351,105149-0,Caixa de Ferramentas Sanfonada Móvel N507,1,FER
63352,173601-0,Caixa de Ferramentas Plástica 15,1,FER
63353,173603-0,Caixa de Ferramentas Plástica 18,1,FER
63354,173604-0,Caixa de Ferramentas Plástica 21,1,FER
63355,12536-1,Caixa Tipo Sanfona sem Ferramentas 5 Gavetas - 001.007,1,FER
63356,179169-0,Caixa de Ferramentas com 5 Gavetas N. 550R Industrial,1,FER
63357,173605-0,Caixa de Ferramentas Plástica Sanfonada 17,1,FER
63358,126368-0,"Calibre de Folga em Lâmina 300X13X0,05MM",1,AUT
63359,128182-0,Calibre de Folga 5–100 mm 8 Lâminas - 050.470,1,AUT
63360,136855-0,"Calibre de Rosca 0,25–6 mm 52 Lâminas - 050.479",1,AUT
63361,178017-0,Braço para Chuveiro Branco: Praticidade e Estilo para o Seu Banheiro,1,HID
63362,294855-0,Carretel Retrátil para Óleo com 15 Metros Mangueira 1/2'' -60850,1,AUT
63363,293660-0,"Carretel Aberto com Retração Automática e Mangueira 1"" 15 Metros para Óleo Diesel -8438",1,AUT
63364,249411-0,Carretel Retrátil com Mangueira para Ar 15 Metros,1,AUT
63365,59965-0,Carro para Ferramentas 4 Gavetas - 001.042,1,AUT
63366,132596-0,Carrinho de Mão Extraforte Caçamba 65 Litros Metálica Reforçada,1,CON
63367,56485-0,Carro Armazém 400kg - TM3,1,MOV
63368,295676-0,Carrinho para Ferramentas 1 Gaveta e Armário CG 870,1,AUT
63369,173613-0,Carro para Ferramentas 2 Gavetas Gabinete,1,AUT
63370,327658-0,Carro para Ferramentas 4 Bandejas Gabinete,1,AUT
63371,332102-0,Carro para Ferramentas com 5 Gavetas Preto -ST95112G-B,1,AUT
63372,32839-1,Carro para Ferramentas Tanto 3000 - 001.410,1,AUT
63373,173614-0,Carro para Ferramentas 4 Gavetas Gabinete,1,AUT
63374,66695-0,Carro Armazém 180kg - TMA,1,MOV
63375,247230-0,Esteira para Mecânico com Encosto e Porta Ferramentas,1,AUT
63376,28979-1,Esteira com Encosto para Mecânico,1,AUT
63377,173626-0,Catraca Cabo 3/8,1,FER
63378,258442-0,Cavadeira Articulada Cabo Madeira (TRAMONTINA),1,
63379,138782-0,Cavadeira Articulada 77568/813 Vermelha,1,
63380,259494-0,Cavadeira Reta Metálica Cabo 120m,1,
63381,173631-0,Chave Ajustável 10,1,FER
63382,173632-0,Chave Ajustável 12,1,FER
63383,173633-0,Chave Ajustável 15,1,FER
63384,173634-0,Chave Ajustável 18,1,FER
63385,173635-0,Chave Ajustável 24,1,FER
63386,173636-0,Chave Ajustável 4,1,FER
63387,173637-0,Chave Ajustável 6,1,FER
63388,173638-0,Chave Ajustável 8,1,FER
63389,282880-0,"Chave Ajustável Isolada 8"" 1000V VDE",1,FER
63390,246047-0,Chave Ajustável VDE 10 Pol,1,FER
63391,283767-0,"Chave Ajustável Isolada 6"" 1000V VDE",1,FER
63392,307516-0,"Chave Hexagonal Curta 5/8""",1,FER
63393,14004-1,Chave Biela 25B 10 mm - 025.001,1,FER
63394,14006-0,Chave Biela 25B 11 mm - 025.002,1,FER
63395,14008-0,Chave Biela 25B 12 mm - 025.003,1,FER
63396,14010-1,Chave Biela 25B 13 mm - 025.004,1,FER
63397,14012-1,Chave Biela 25B 14 mm - 025.005,1,FER
63398,14014-1,Chave Biela 25B 15 mm - 025.006,1,FER
63399,14016-0,Chave Biela 25B 16 mm - 025.007,1,FER
63400,14018-0,Chave Biela 25B 17 mm - 025.008,1,FER
63401,14020-1,Chave Biela 25B 18 mm - 025.009,1,FER
63402,14021-0,Chave Biela 25B 19 mm - 025.010,1,FER
63403,14003-0,Chave Biela 25B 8 mm - 025.000,1,FER
63404,14099-0,"Chave Canhão Blue 1/2"" - 027.300",1,FER
63405,267544-0,Chave Cabeça Dupla Fenda Cabo N X 2 x 6mm,1,FER
63406,14093-1,"Chave Canhão Blue 1/4"" - 027.240",1,FER
63407,319333-0,"Chave Canhão VDE 10MM (3/8""x5"")",1,FER
63408,173639-0,Chave Canhão 10 X 75 mm,1,FER
63409,319332-0,"Chave Canhão VDE 11MM (7/16""x5"")",1,FER
63410,173640-0,Chave Canhão 11 X 75 mm,1,FER
63411,173641-0,Chave Canhão 12 X 75 mm,1,FER
63412,30235-0,Chave Canhão 13 mm,1,FER
63413,14091-1,"Chave Canhão Blue 3/16"" - 027.220",1,FER
63414,14078-0,Chave Canhão Blue 3 mm - 027.010,1,FER
63415,30226-0,Chave Canhão 4 mm,1,FER
63416,14079-0,Chave Canhão Blue 4 mm - 027.020,1,FER
63417,14080-0,Chave Canhão Blue 5 mm - 027.030,1,FER
63418,173642-0,Chave Canhão 5 X 75 mm,1,FER
63419,14081-1,Chave Canhão Blue 6 mm - 027.040,1,FER
63420,319337-0,"Chave Canhão VDE 6MM (1/4""x5"")",1,FER
63421,173643-0,Chave Canhão 6 X 75 mm,1,FER
63422,319336-0,"Chave Canhão VDE 7MM (9/32""x5"")",1,FER
63423,173644-0,Chave Canhão 7 X 75 mm,1,FER
63424,332761-0,"Chave Canhão PVC 7MM (9/32""x5"")",1,FER
63425,319335-0,"Chave Canhão VDE 8MM (5/16""x5"")",1,FER
63426,173645-0,Chave Canhão 8 X 75 mm,1,FER
63427,332762-0,"Chave Canhão PVC 9MM (11/32""x5"")",1,FER
63428,173646-0,Chave Canhão 9 X 75 mm,1,FER
63429,271937-0,Chave Canhão T Longa Cabo Deslizante 949,1,FER
63430,271938-0,Chave Canhão T Longa Cabo Deslizante 949,1,FER
63431,271946-0,Chave Canhão T Cabo Deslizante 950,1,FER
63432,271947-0,Chave Canhão T Cabo Deslizante 950,1,FER
63433,271948-0,Chave Canhão T Cabo Deslizante 950,1,FER
63434,271939-0,Chave Canhão T Longa Cabo Deslizante 949,1,FER
63435,271949-0,Chave Canhão T Cabo Deslizante 950,1,FER
63436,271950-0,Chave Canhão T Cabo Deslizante 950,1,FER
63437,271951-0,Chave Canhão T Cabo Deslizante 950,1,FER
63438,271941-0,Chave Canhão T Cabo Deslizante 950,1,FER
63439,271942-0,Chave Canhão T Cabo Deslizante 950,1,FER
63440,271943-0,Chave Canhão T Cabo Deslizante 950,1,FER
63441,173627-0,Catraca Cabeça Redonda 3/8,1,FER
63442,173618-0,Catraca Cabeça Redonda 1/2,1,FER
63443,173619-0,Catraca Curta 1/2,1,FER
63444,172942-0,Catraca P/soquete Reversivel 1/2,1,FER
63445,283680-0,"Chave Catraca Reversível com Encaixe de 1/2""",1,FER
63446,21827-0,Catraca P/soquete 1/2,1,FER
63447,173616-0,Catraca Reversível 1/2,1,FER
63448,173621-0,Catraca 1/4,1,FER
63449,173624-0,"Catraca 3/4""",1,FER
63450,173625-0,Catraca 3/8,1,FER
63451,283684-0,"Chave de Catraca Reversível 1/4"" e Um Arco de Catraca de 3°",1,FER
63452,173622-0,"Catraca Cabo 1/4 (Ref ST11906ST, SATA)",1,FER
63453,125134-0,"Catraca para Soquete Reversível 1/4"" Cabeça Redonda",1,FER
63454,173628-0,Catraca Curta 3/8,1,FER
63455,246046-0,Chave Catraca Reversível Isolada VDE 1/2 250mm,1,FER
63456,12597-1,"Chave Combinada 1.1/16"" -002.565",1,FER
63457,12604-1,"Chave Combinada 1.1/2"" -002.572",1,FER
63458,12602-1,"Chave Combinada 1.3/8"" -002.570",1,FER
63459,12600-1,"Chave Combinada 1.1/4"" -002.568",1,FER
63460,12598-1,"Chave Combinada 1.1/8"" -002.566",1,FER
63461,12587-0,"Chave Combinada 1/2"" -002.555",1,FER
63462,21508-0,"Chave Combinada 1/2 (Ref 302505B, BELZER)",1,FER
63463,12583-1,"Chave Combinada 1/4"" -002.551",1,FER
63464,21504-0,"Chave Combinada 1/4 (Ref 302501B, BELZER)",1,FER
63465,21521-1,"Chave Combinada 1.5/16 (Ref 302519B, BELZER)",1,FER
63466,133240-0,"Chave Combinada 1.5/16 (Ref ST40117SC, SATA)",1,FER
63467,133242-0,"Chave Combinada 1.7/16 (Ref ST40119SC, SATA)",1,FER
63468,12558-1,Chave Combinada 10 mm -002.505,1,FER
63469,21479-1,"Chave Combinada 10 mm (Ref 302005B, BELZER)",1,FER
63470,173433-0,"Chave Combinada (Ref 11/16, MAYLE)",1,FER
63471,12590-1,"Chave Combinada 11/16"" -002.558",1,FER
63472,133192-0,"Chave Combinada 10 mm (Ref ST40205SC, SATA)",1,FER
63473,21511-0,"Chave Combinada (Ref 11/16, BELZER)",1,FER
63474,21480-0,"Chave Combinada 11 mm (Ref 302006B, BELZER)",1,FER
63475,12559-0,Chave Combinada 11 mm -002.506,1,FER
63476,173435-0,"Chave Combinada 12 mm (Ref 102007MY, MAYLE)",1,FER
63477,21481-1,"Chave Combinada 12 mm (Ref 302007B, BELZER)",1,FER
63478,12560-0,Chave Combinada 12 mm -002.507,1,FER
63479,12593-1,"Chave Combinada 13/16"" -002.561",1,FER
63480,12561-1,Chave Combinada 13 mm -002.508,1,FER
63481,21482-0,"Chave Combinada 13 mm (Ref 302009B, BELZER)",1,FER
63482,251518-0,Chave Combinada com Catraca Reversível 13MM,1,FER
63483,133195-0,"Chave Combinada 13 mm (Ref ST40208SC, SATA)",1,FER
63484,21483-1,"Chave Combinada 14 mm (Ref 302011B, BELZER)",1,FER
63485,12562-0,Chave Combinada 14 mm -002.509,1,FER
63486,173439-0,"Chave Combinada (Ref 15/16, MAYLE)",1,FER
63487,133196-0,"Chave Combinada 14 mm (Ref ST40209SC, SATA)",1,FER
63488,12595-0,"Chave Combinada 15/16"" -002.563",1,FER
63489,12563-1,Chave Combinada 15 mm -002.510,1,FER
63490,21484-0,"Chave Combinada 15 mm (Ref 302012B, BELZER)",1,FER
63491,12564-0,Chave Combinada 16 mm -002.511,1,FER
63492,21485-1,"Chave Combinada 16 mm (Ref 302013B, BELZER)",1,FER
63493,133198-0,"Chave Combinada 16 mm (Ref ST40211SC, SATA)",1,FER
63494,12565-0,Chave Combinada 17 mm -002.512,1,FER
63495,21486-0,"Chave Combinada 17 mm (Ref 302014B, BELZER)",1,FER
63496,251519-0,Chave Combinada com Catraca Reversível 17MM,1,FER
63497,173443-0,"Chave Combinada 18 mm (Ref 102015MY, MAYLE)",1,FER
63498,21487-1,"Chave Combinada 18 mm (Ref 302015B, BELZER)",1,FER
63499,12566-0,Chave Combinada 18 mm -002.513,1,FER
63500,133200-0,"Chave Combinada 18 mm (Ref ST40213SC, SATA)",1,FER
63501,173444-0,"Chave Combinada 19 mm (Ref 102016MY, MAYLE)",1,FER
63502,12567-0,Chave Combinada 19 mm -002.514,1,FER
63503,21488-0,"Chave Combinada 19 mm (Ref 302016B, BELZER)",1,FER
63504,251522-0,Chave Combinada com Catraca Reversível 19MM,1,FER
63505,21489-1,Chave Combinada 20 mm - BEZER,1,FER
63506,133202-0,"Chave Combinada 20 mm (Ref ST40215SC, SATA)",1,FER
63507,12569-1,Chave Combinada 21 mm -002.516,1,FER
63508,21490-0,Chave Combinada 21 mm - BEZER,1,FER
63509,12570-1,Chave Combinada 22 mm -002.517,1,FER
63510,21491-1,"Chave Combinada 22 mm (Ref 302019B, BELZER)",1,FER
63511,12571-0,Chave Combinada 23 mm -002.518,1,FER
63512,21492-0,"Chave Combinada 23 mm (Ref 302020B, BELZER)",1,FER
63513,173448-0,"Chave Combinada 24 mm (Ref 102021MY, MAYLE)",1,FER
63514,21493-1,"Chave Combinada 24 mm (Ref 302021B, BELZER)",1,FER
63515,12572-0,Chave Combinada 24 mm -002.519,1,FER
63516,22045-0,"Chave Combinada 25 mm (Ref 102022MY, MAYLE)",1,FER
63517,12573-0,Chave Combinada 25 mm -002.520,1,FER
63518,21495-1,"Chave Combinada 26 mm (Ref 302023B, BELZER)",1,FER
63519,12575-0,Chave Combinada 27 mm -002.522,1,FER
63520,12576-0,Chave Combinada 28 mm -002.523,1,FER
63521,70898-0,Chave Combinada 29 mm -002.539,1,FER
63522,12591-1,"Chave Combinada 3/4"" -002.559",1,FER
63523,21506-0,"Chave Combinada 3/8 (Ref 302503B, BELZER)",1,FER
63524,12585-1,"Chave Combinada 3/8"" -002.553",1,FER
63525,12577-0,Chave Combinada 30 mm -002.524,1,FER
63526,12578-0,Chave Combinada 32 mm -002.525,1,FER
63527,133214-0,Chave Combinada 34 mm,1,FER
63528,133215-0,Chave Combinada 35 mm,1,FER
63529,133221-0,Chave Combinada 48 mm,1,FER
63530,12584-1,"Chave Combinada 5/16"" -002.552",1,FER
63531,21505-0,"Chave Combinada 5/16 (Ref 302502B, BELZER)",1,FER
63532,12589-1,"Chave Combinada 5/8"" -002.557",1,FER
63533,133222-0,"Chave Combinada 50 mm (Ref ST40250SC, SATA)",1,FER
63534,21475-1,"Chave Combinada 6 mm (Ref 302001B, BELZER)",1,FER
63535,133188-0,"Chave Combinada 6 mm (Ref ST40201SC, SATA)",1,FER
63536,12594-1,"Chave Combinada 7/8"" -002.562",1,FER
63537,12555-0,Chave Combinada 7 mm -002.502,1,FER
63538,21476-0,"Chave Combinada 7 mm (Ref 302002B, BELZER)",1,FER
63539,21477-1,"Chave Combinada 8 mm (Ref 302003B, BELZER)",1,FER
63540,251514-0,Chave Combinada com Catraca Reversível 8MM,1,FER
63541,173463-0,"Chave Combinada 9/16 (Ref 102506MY, MAYLE)",1,FER
63542,173667-0,Chave Combinada Invertida 9/16,1,FER
63543,21478-0,"Chave Combinada 9 mm (Ref 302004B, BELZER)",1,FER
63544,317707-0,Chave Combinada Angulada 45° 24MM,1,FER
63545,324981-0,Chave Combinada Angulada 45° 30MM,1,FER
63546,324985-0,Chave Combinada Angulada 45° 42MM,1,FER
63547,324987-0,Chave Combinada Angulada 45° 48MM,1,FER
63548,317728-0,Chave Combinada Angulada 45° 9/16,1,FER
63549,251509-0,Chave Combinada Catraca Cabeça Flexível 17MM,1,FER
63550,251510-0,Chave Combinada Catraca Cabeça Flexível 19MM,1,FER
63551,251504-0,Chave Combinada Catraca Cabeça Flexível 12MM,1,FER
63552,251500-0,Chave Combinada com Catraca Cabeça Flexível 10MM,1,FER
63553,251503-0,Chave Combinada Catraca Cabeça Flexível 11MM,1,FER
63554,120833-0,Chave Combinada Speedy com Catraca 11 mm,1,FER
63555,120834-0,Chave Combinada Speedy com Catraca 12 mm,1,FER
63556,206430-0,Chave Combinada Plana com Catraca 12 mm -031.354,1,FER
63557,120836-0,Chave Combinada Speedy com Catraca 14 mm,1,FER
63558,120753-0,Chave Combinada com Catraca Reversível 16mm,1,FER
63559,283776-0,"Chave Combinada 3/4 (Ref 102509MY, MAYLE)",1,FER
63560,330593-0,Chave Combinada Plana com Catraca 7 mm -031.349,1,FER
63561,120830-0,Chave Combinada Speedy com Catraca 8 mm,1,FER
63562,120831-0,Chave Combinada Speedy com Catraca 9 mm,1,FER
63563,251486-0,"Chave Combinada com Catraca 1/2 (Ref ST43104ST, SATA)",1,FER
63564,120713-0,"Chave Combinada com Catraca 10 mm (Ref 9110BT, BELZER)",1,FER
63565,283768-0,Chave Combinada com Catraca 10MM,1,FER
63566,205528-0,Chave Combinada Plana com Catraca 10 mm -031.352,1,FER
63567,120714-0,"Chave Combinada com Catraca 11 mm (Ref 9111BT, BELZER)",1,FER
63568,259704-0,Chave Combinada com Catraca 11MM,1,FER
63569,120716-0,"Chave Combinada com Catraca 13 mm (Ref 9113BT, BELZER)",1,FER
63570,251506-0,Chave Combinada Catraca Cabeça Flexível 13MM,1,FER
63571,283770-0,Chave Combinada com Catraca 13MM,1,FER
63572,283771-0,Chave Combinada com Catraca 14MM,1,FER
63573,120718-0,"Chave Combinada com Catraca 15 mm (Ref 9115BT, BELZER)",1,FER
63574,206433-0,Chave Combinada Plana com Catraca 15 mm -031.357,1,FER
63575,251474-0,Chave Combinada com Catraca 16MM,1,FER
63576,120720-0,"Chave Combinada com Catraca 17 mm (Ref 9117BT, BELZER)",1,FER
63577,251475-0,Chave Combinada com Catraca 17MM,1,FER
63578,251476-0,Chave Combinada com Catraca 18MM,1,FER
63579,120721-0,"Chave Combinada com Catraca 18 mm (Ref 9118BT, BELZER)",1,FER
63580,120722-0,Chave Combinada com Catraca 19 mm,1,FER
63581,251477-0,Chave Combinada com Catraca 19MM,1,FER
63582,251478-0,Chave Combinada com Catraca 21MM,1,FER
63583,120725-0,"Chave Combinada com Catraca 22 mm (Ref 9122BT, BELZER)",1,FER
63584,251479-0,Chave Combinada com Catraca 22MM,1,FER
63585,251480-0,Chave Combinada com Catraca 24MM,1,FER
63586,258883-0,Chave Combinada com Catraca 27MM,1,FER
63587,251488-0,"Chave Combinada com Catraca de 3/4""",1,FER
63588,120730-0,Chave Combinada com Catraca 3/8 3/8,1,FER
63589,251484-0,Chave Combinada com Catraca 3/8,1,FER
63590,251482-0,Chave Combinada com Catraca 30MM,1,FER
63591,251483-0,Chave Combinada com Catraca 32MM,1,FER
63592,120709-0,Chave Combinada com Catraca 6 mm,1,FER
63593,251485-0,"Chave Combinada com Catraca 7/16 (Ref ST43103ST, SATA)",1,FER
63594,283772-0,Chave Combinada com Catraca 6MM,1,FER
63595,120731-0,"Chave Combinada com Catraca 7/16 (Ref 9014BT, BELZER)",1,FER
63596,251508-0,Chave Combinada Catraca Cabeça Flexível 14MM,1,FER
63597,283773-0,Chave Combinada com Catraca 7MM,1,FER
63598,120710-0,Chave Combinada com Catraca 7 mm,1,FER
63599,120711-0,"Chave Combinada com Catraca 8 mm (Ref 9108BT, BELZER)",1,FER
63600,120733-0,"Chave Combinada com Catraca 9/16 (Ref 9018BT, BELZER)",1,FER
63601,251487-0,"Chave Combinada com Catraca 9/16 (Ref ST43105ST, SATA)",1,FER
63602,205529-0,Chave Combinada Plana com Catraca 13 mm -031.355,1,FER
63603,120747-0,Chave Combinada com Catraca Reversível 10mm,1,FER
63604,120748-0,Chave Combinada com Catraca Reversível 11mm,1,FER
63605,251515-0,Chave Combinada com Catraca Reversível 10MM,1,FER
63606,251516-0,Chave Combinada com Catraca Reversível 11MM,1,FER
63607,120750-0,Chave Combinada com Catraca Reversível 13mm,1,FER
63608,120756-0,Chave Combinada com Catraca Reversível 19mm,1,FER
63609,120759-0,"Chave Combinada com Catraca Reversível 24mm (Ref 9624BT, BELZER)",1,FER
63610,120745-0,Chave Combinada com Catraca Reversível 8mm,1,FER
63611,317687-0,Chave Combinada Angulada 45° 1/2,1,FER
63612,317690-0,Chave Combinada Angulada 45° 10MM,1,FER
63613,317692-0,Chave Combinada Angulada 45° 11MM,1,FER
63614,317693-0,Chave Combinada Angulada 45° 12MM,1,FER
63615,317695-0,Chave Combinada Angulada 45° 13MM,1,FER
63616,317697-0,Chave Combinada Angulada 45° (Ref 15/16),1,FER
63617,317698-0,Chave Combinada Angulada 45° 15MM,1,FER
63618,317700-0,Chave Combinada Angulada 45° 17MM,1,FER
63619,317702-0,Chave Combinada Angulada 45° 19MM,1,FER
63620,133205-0,"Chave Combinada 23 mm (Ref ST40218SC, SATA)",1,FER
63621,12579-1,Chave Combinada 36 mm -002.526,1,FER
63622,70899-0,Chave Combinada 38 mm -002.542,1,FER
63623,56902-0,Chave Combinada 55 mm -002.530,1,FER
63624,12580-1,Chave Combinada 41 mm -002.527,1,FER
63625,133219-0,Chave Combinada 42 mm,1,FER
63626,122834-0,Chave Combinada 60 mm,1,FER
63627,133231-0,"Chave Combinada (Ref 11/16, SATA)",1,FER
63628,133229-0,"Chave Combinada 9/16 (Ref ST40106SC, SATA)",1,FER
63629,133230-0,"Chave Combinada 5/8 (Ref ST40107SC, SATA)",1,FER
63630,133243-0,"Chave Combinada 1.1/2 (Ref ST40120SC, SATA)",1,FER
63631,133237-0,"Chave Combinada 1.1/16 (Ref ST40114SC, SATA)",1,FER
63632,133238-0,"Chave Combinada 1.1/8 (Ref ST40115SC, SATA)",1,FER
63633,133236-0,"Chave Combinada 1 (Ref ST40113SC, SATA)",1,FER
63634,133224-0,Chave Combinada 1/4 - SANTA,1,FER
63635,133233-0,"Chave Combinada (Ref 13/16, SATA)",1,FER
63636,133207-0,"Chave Combinada 25 mm (Ref ST40220SC, SATA)",1,FER
63637,133208-0,"Chave Combinada 26 mm (Ref ST40235SC, SATA)",1,FER
63638,133210-0,"Chave Combinada 28 mm (Ref ST40236SC, SATA)",1,FER
63639,133232-0,"Chave Combinada 3/4 (Ref ST40109SC, SATA)",1,FER
63640,133212-0,"Chave Combinada 30 mm (Ref ST40222SC, SATA)",1,FER
63641,133225-0,"Chave Combinada 5/16 (Ref ST40102SC, SATA)",1,FER
63642,133218-0,"Chave Combinada 41 mm (Ref ST40245SC, SATA)",1,FER
63643,133190-0,"Chave Combinada 8 mm (Ref ST40203SC, SATA)",1,FER
63644,318251-0,"Chave Combinada com Catraca 15/16""",1,FER
63645,173666-0,Chave Combinada Invertida 8 mm,1,FER
63646,173668-0,Chave Combinada Invertida 9 mm,1,FER
63647,206434-0,Chave Combinada Plana com Catraca 16 mm -031.358,1,FER
63648,206426-0,Chave Combinada Plana com Catraca 8 mm -031.350,1,FER
63649,120832-0,Chave Combinada Speedy com Catraca 10 mm,1,FER
63650,120839-0,Chave Combinada Speedy com Catraca 17 mm,1,FER
63651,120848-0,Chave Combinada Speedy com Catraca,1,FER
63652,120841-0,Chave Combinada Speedy com Catraca 19 mm,1,FER
63653,120845-0,Chave Combinada Speedy com Catraca 1/2,1,FER
63654,173485-0,Chave de Fenda 3/8 X 6 (MAYLE),1,FER
63655,283777-0,"Chave Biela 15mm (Ref 303015B, BELZER)",1,FER
63656,283789-0,Chave Biela Estriada 8MM,1,FER
63657,283782-0,Chave Biela Estriada 13MM,1,FER
63658,283779-0,Chave Biela Estriada 10MM,1,FER
63659,283783-0,Chave Biela Estriada 14MM,1,FER
63660,283780-0,Chave Biela Estriada 11MM,1,FER
63661,283784-0,Chave Biela Estriada 15MM,1,FER
63662,283785-0,Chave Biela Estriada 16MM,1,FER
63663,283787-0,Chave Biela Estriada 18MM,1,FER
63664,283788-0,Chave Biela Estriada 19MM,1,FER
63665,283786-0,Chave Biela Estriada 17MM,1,FER
63666,283790-0,Chave Biela Estriada 9MM,1,FER
63667,172944-0,"Chave Biela 10mm (Ref 303010B, BELZER)",1,FER
63668,172947-0,"Chave Biela 12mm (Ref 303012B, BELZER)",1,FER
63669,172948-0,"Chave Biela 13mm (Ref 303013B, BELZER)",1,FER
63670,172952-0,"Chave Biela 17mm (Ref 303017B, BELZER)",1,FER
63671,172954-0,"Chave Biela 19mm (Ref 303019B, BELZER)",1,FER
63672,172961-0,"Chave Biela 08mm (Ref 303008B, BELZER)",1,FER
63673,14250-0,Chave de Correia para Troca Filtro 36-1,1,AUT
63674,126440-0,"Chave Correia para Tubo 3/32 a 8"" -032.252",1,AUT
63675,14248-0,Chave de Corrente Leve 211- 4'' Saca Filtro -032210,1,AUT
63676,21400-0,Chave de Fenda 1/2 X 14,1,FER
63677,283796-0,Chave de Fenda PVC 1/2 X 18,1,FER
63678,21388-0,Chave de Fenda 1/4 X 10,1,FER
63679,283798-0,Chave de Fenda PVC 1/4 X 10,1,FER
63680,22138-0,Chave de Fenda 1/4 X 4 (MAYLE),1,FER
63681,21384-0,"Chave de Fenda 1/4 X 4 (Ref 214109BN, BELZER)",1,FER
63682,283800-0,Chave de Fenda PVC 1/4 X 4,1,FER
63683,283755-0,Chave de Fenda Pararela Isolada PVC 1/4 X 4,1,FER
63684,173675-0,"Chave de Fenda 6,0 X 100 mm",1,FER
63685,283801-1,Chave de Fenda PVC 1/4 X 5,1,FER
63686,22139-0,Chave de Fenda 1/4 X 6 (MAYLE),1,FER
63687,173676-0,"Chave de Fenda Crv 1/4x6 6,0 X 150 mm",1,FER
63688,283802-0,Chave de Fenda PVC 1/4 X 6,1,FER
63689,283803-0,Chave de Fenda PVC 1/4 X 8,1,FER
63690,173674-0,"Chave de Fenda 6,0 X 250 mm",1,FER
63691,173677-0,"Chave de Fenda 6,0 X 200 mm",1,FER
63692,283843-0,Chave de Fenda 1/4 X 14,1,FER
63693,283756-0,Chave de Fenda Paralela Isolada PVC,1,FER
63694,283844-0,Chave de Fenda 1/8 X 2,1,FER
63695,283753-0,Chave de Fenda Pararela Isolada PVC 1/8 X 3,1,FER
63696,283808-0,Chave de Fenda PVC 1/8 X 4,1,FER
63697,283809-0,Chave de Fenda PVC 1/8 X 5,1,FER
63698,283758-0,Chave de Fenda Isolada PVC 1/8 X 6,1,FER
63699,173680-0,"Chave de Fenda 3,2 X 150 mm",1,FER
63700,283810-0,Chave de Fenda PVC 1/8 X 6,1,FER
63701,283759-0,Chave de Fenda Isolada PVC 1/8 X 8,1,FER
63702,264502-0,"Chave de Fenda Isolada CR-MO 3,0 X 100mm",1,FER
63703,283811-0,Chave de Fenda PVC 1/8 X 8,1,FER
63704,173681-0,"Chave de Fenda 3,2 X 200 mm",1,FER
63705,246102-0,"Chave de Fenda Isolada CR-MO 2,5 X 75mm",1,FER
63706,283813-0,Chave de Fenda PVC 3/16 X 10,1,FER
63707,173684-0,"Chave de Fenda 5,0 X 75 mm",1,FER
63708,14384-0,"Chave de Fenda 3/16 X 4"" -036.060",1,FER
63709,283815-0,Chave de Fenda PVC 3/16 X 3,1,FER
63710,283760-0,Chave de Fenda Paralela Isolada,1,FER
63711,283816-0,Chave de Fenda PVC 3/16 X 4,1,FER
63712,283817-0,Chave de Fenda PVC 3/16 X 5,1,FER
63713,21383-1,"Chave de Fenda 3/16 X 6 (Ref 214106BN, BELZER)",1,FER
63714,283761-0,Chave de Fenda Paralela Isolada PVC 3/16 X 6,1,FER
63715,283818-0,Chave de Fenda PVC 3/16 X 6,1,FER
63716,173687-0,"Chave de Fenda 5,0 X 200 mm",1,FER
63717,283821-0,Chave de Fenda PVC 3/8 X 12,1,FER
63718,283822-0,Chave de Fenda PVC 3/8 X 14,1,FER
63719,283824-0,Chave de Fenda PVC 3/8 X 6,1,FER
63720,283825-0,Chave de Fenda PVC 3/8 X 8,1,FER
63721,22143-0,Chave de Fenda 5/16 X 10 (MAYLE),1,FER
63722,283827-0,Chave de Fenda PVC 5/16 X 10,1,FER
63723,283828-0,Chave de Fenda PVC 5/16 X 4,1,FER
63724,21391-1,"Chave de Fenda 5/16 X 8 (Ref 214114BN, BELZER)",1,FER
63725,283830-0,Chave de Fenda PVC 5/16 X 6,1,FER
63726,283831-0,Chave de Fenda PVC 5/16 X 8,1,FER
63727,22142-0,Chave de Fenda 5/16 X 8 (MAYLE),1,FER
63728,283819-0,Chave de Fenda PVC 3/16 X 8,1,FER
63729,283829-0,Chave de Fenda PVC 5/16 X 5,1,FER
63730,283792-0,Chave de Fenda de Bater 6 X 150 mm,1,FER
63731,283794-0,Chave de Fenda de Bater 8 X 200 mm,1,FER
63732,283795-0,Chave de Fenda de Bater 8 X 250 mm,1,FER
63733,32933-0,"Chave de Fenda Simples Isolada 6,5 mm -091.811",1,FER
63734,84505-0,Chave de Fenda Paralela Isolada 1/8 X 6,1,FER
63735,283754-0,Chave de Fenda Isolada PVC 1/4 X 10,1,FER
63736,283757-0,Chave de Fenda Isolada PVC 1/4 X 8,1,FER
63737,283847-0,Chave de Fenda com Haste Isolada 1/8 X 3,1,FER
63738,283762-0,Chave de Fenda Isolada PVC 3/16 X 8,1,FER
63739,246104-0,"Chave de Fenda Isolada CR-MO 5,5 X 125mm",1,FER
63740,246105-0,"Chave de Fenda Isolada CR-MO 6,5 X 150mm",1,FER
63741,283763-0,Chave de Fenda Pararela Isolada PVC 5/16 X 10,1,FER
63742,283764-0,Chave de Fenda Isolada PVC 5/16 X 6,1,FER
63743,21409-1,Chave de Fenda com Haste Isolada 1/4 X 6,1,FER
63744,21407-1,Chave de Fenda com Haste Isolada 1/8 X 4,1,FER
63745,21408-0,Chave de Fenda com Haste Isolada 3/16 X 4,1,FER
63746,246103-0,"Chave de Fenda Isolada CR-MO 4,0 X 100mm",1,FER
63747,120540-0,"Chave de Fenda Teste Elétrico 3,5 mm -091.872",1,FER
63748,84511-0,Chave de Fenda Paralela Isolada 5/16 X 7,1,FER
63749,84510-0,Chave de Fenda Paralela Isolada 1/4 X 6,1,FER
63750,22131-0,Chave de Fenda 1/8 X 3 (MAYLE),1,FER
63751,21413-1,Chave de Fenda Cotoco 1/4 X 1 1/2,1,FER
63752,283812-0,Chave de Fenda Toco PVC 3/16 X 1.1/2,1,FER
63753,283826-0,Chave de Fenda Toco PVC 5/16 X 1.1/2,1,FER
63754,21412-0,Chave de Fenda Cotoco 3/16 X 1 1/2,1,FER
63755,207338-0,"Chave Grifo Tipo Americano Heavy Duty 18""",1,FER
63756,207336-0,"Chave Grifo Tipo Americano Heavy Duty 14""",1,FER
63757,207339-0,"Chave Grifo Tipo Americano Heavy Duty 24""",1,FER
63758,207340-0,"Chave Grifo Tipo Americano Heavy Duty 36""",1,FER
63759,260677-0,Chave de Impacto GDS 18V-400 S/bateria,1,FER
63760,254153-0,Chave de Impacto GDX 18V-200 S/bateria,1,FER
63761,220760-0,Chave de Impacto 18V GDX180NM sem Bateria e Carregador,1,FER
63762,264618-0,"Chave de Impacto Pneumática de 1/2"" - Design Compacto",1,FER
63763,264616-0,"Chave de Impacto Pneumática de 1/2"" - Design Clássico",1,FER
63764,319767-0,Chave Impacto Pneu 3/4 173Kg Twin Hammer,1,FER
63765,118046-0,"Chave de Impacto 3/4"" Compact",1,FER
63766,118047-0,Chave de Impacto Longa Pneumática 1 Pol.,1,FER
63767,319768-0,"Chave de Impacto Pneumática 1"" 320kgfm com 4 Soquetes e Maleta",1,FER
63768,259831-0,Chave para Mandril HT S1,1,FER
63769,259832-0,Chave para Mandril 13Mm 1/2 Polegada S02 -HT-2599,1,FER
63770,259833-0,Chave para Mandril S3 16 mm -HT- 2612,1,FER
63771,259836-0,Chave para Mandril HT S4,1,FER
63772,181768-0,"Chave de Partida Trifásica 7,5cv Pdw04-7,5v40 380v 25a",1,FER
63773,181760-0,Chave de Partida Direta PDW5CV 380V,1,FER
63774,181745-0,Chave de Partida Direta 2CV Trifásica 380V 4A,1,FER
63775,14049-1,Chave Roda sem Cabo 27 X 33,1,FER
63776,14040-1,Chave de Roda S/C 27 X 32 mm -026155,1,FER
63777,173493-0,Chave para Tubo 24,1,FER
63778,283857-0,"Chave para Tubo Heavy Duty 36""",1,FER
63779,283858-0,"Chave para Tubo Heavy Duty 48""",1,FER
63780,283852-0,Chave Grifo 10 POL Heavy Duty,1,FER
63781,283853-0,Chave Grifo 12 POL Heavy Duty,1,FER
63782,283855-0,Chave Grifo 18 POL Heavy Duty,1,FER
63783,283856-0,Chave Grifo Heavy Duty 24 Pol.,1,FER
63784,283859-0,Chave Grifo 8 POL Heavy Duty,1,FER
63785,225172-0,"Chave Grifo Tipo Americano 24""",1,FER
63786,117788-0,"Chave Grifo Tipo Americano 36""",1,FER
63787,32686-0,Chave de Vela com Manípulo 21 mm -026.280,1,FER
63788,173465-0,"Chave Estrela 1/2 X 9/16 (Ref 101503MY, MAYLE)",1,FER
63789,12654-1,"Chave Estrela 1/2"" X 9/16"" – -003.553",1,FER
63790,173467-0,"Chave Estrela 10 X 11 (Ref 101003MY, MAYLE)",1,FER
63791,12633-1,Chave Estrela 10 X 11 mm – -003.503,1,FER
63792,133181-0,"Chave Estrela 13/16 X 7/8 (Ref ST42105SC, SATA)",1,FER
63793,173469-0,"Chave Estrela 14 X 15 (Ref 101007MY, MAYLE)",1,FER
63794,12635-1,Chave Estrela 14 X 15 mm – -003.505,1,FER
63795,12636-1,Chave Estrela 16 X 17 mm – -003.506,1,FER
63796,12637-1,Chave Estrela 17 X 19 mm – -003.507,1,FER
63797,12640-1,Chave Estrela 20 X 22 mm – -003.510,1,FER
63798,283837-0,Chave Estrela de Boca 21mm VDE,1,FER
63799,12641-1,Chave Estrela 21 X 23 mm – -003.511,1,FER
63800,12642-1,Chave Estrela 24 X 26 mm – -003.512,1,FER
63801,12645-1,Chave Estrela 27 X 32 mm – -003.515,1,FER
63802,133177-0,Chave Estrela 30x32 mm,1,FER
63803,22088-0,"Chave Estrela 5/8 X (Ref 11/16, MAYLE)",1,FER
63804,283840-0,Chave Estrela Isolada Uma Boca de 6mm,1,FER
63805,12632-1,Chave Estrela 8 X 9 mm – -003.502,1,FER
63806,133157-0,Chave Estrela 9x11 mm,1,FER
63807,120853-0,Chave Estrela com Catraca 10 X 11 mm,1,FER
63808,314533-0,Chave Estrela com Catraca 10 X 11,1,FER
63809,314531-0,Chave Estrela com Catraca 12x13mm,1,FER
63810,314534-0,Chave Estrela com Catraca 17 X 19mm,1,FER
63811,120857-0,Chave Estrela com Catraca 17 X 19 mm,1,FER
63812,120852-0,Chave Estrela com Catraca 8 X 9 mm,1,FER
63813,314532-0,Chave Estrela com Catraca 8 X 9mm,1,FER
63814,133167-0,Chave Estrela 16x17 mm,1,FER
63815,173671-0,Chave Estrela 18x19 mm,1,FER
63816,173672-0,Chave Estrela 20X22MM,1,FER
63817,133174-0,Chave Estrela 23x26 mm,1,FER
63818,133175-0,Chave Estrela 24x27 mm,1,FER
63819,12881-0,"Chave Estrela de Bater 1.1/4"" -010.054",1,FER
63820,12887-0,"Chave Estrela de Bater 1.3/4"" – -010.060",1,FER
63821,12882-0,"Chave Estrela de Bater 1.5/16"" – -010.055",1,FER
63822,172489-0,Chave Estrela de Bater 102 mm – -010.260,1,FER
63823,12878-0,"Chave Estrela de Bater 15/16"" – -010.051",1,FER
63824,12894-0,"Chave Estrela de Bater 2.1/2"" – -010.067",1,FER
63825,12898-0,"Chave Estrela de Bater 2.15/16"" – -010.071",1,FER
63826,12891-0,"Chave Estrela de Bater 2.3/16"" – -010.064",1,FER
63827,12895-0,"Chave Estrela de Bater 2.9/16"" – -010.068",1,FER
63828,132476-0,Chave Estrela de Bater 22 mm – -010.200,1,FER
63829,172387-0,Chave Estrela de Bater 23 mm – -010.201,1,FER
63830,61281-0,Chave Estrela de Bater 25 mm – -010.000,1,FER
63831,12899-0,"Chave Estrela de Bater 3"" – -010.072",1,FER
63832,12858-0,Chave Estrela de Bater 36 mm – -010.005,1,FER
63833,109862-0,Chave Estrela de Bater 40 mm -010.036,1,FER
63834,12860-0,Chave Estrela de Bater 46 mm – -010.007,1,FER
63835,12861-0,Chave Estrela de Bater 50 mm – -010.008,1,FER
63836,12862-0,Chave Estrela de Bater 55 mm – -010.009,1,FER
63837,12866-0,Chave Estrela de Bater 75 mm – -010.013,1,FER
63838,133179-0,"Chave Estrela 1/2 X 9/16 (Ref ST42102SC, SATA)",1,FER
63839,133158-0,Chave Estrela 10x11 mm,1,FER
63840,133160-0,Chave Estrela 11x13 mm,1,FER
63841,133161-0,Chave Estrela 12x13 mm,1,FER
63842,133165-0,Chave Estrela 14x15 mm,1,FER
63843,133166-0,Chave Estrela 14x17 mm,1,FER
63844,133183-0,"Chave Estrela 15/16 X 1 (Ref ST42107SC, SATA)",1,FER
63845,133168-0,Chave Estrela 16x18 mm,1,FER
63846,133169-0,Chave Estrela 17x19 mm,1,FER
63847,133170-0,Chave Estrela 19x21 mm,1,FER
63848,133171-0,Chave Estrela 19x22 mm,1,FER
63849,133172-0,Chave Estrela 21x23 mm,1,FER
63850,133178-0,"Chave Estrela 3/8 X 7/16 (Ref ST42101SC, SATA)",1,FER
63851,133176-0,Chave Estrela 27x30 mm,1,FER
63852,133154-0,Chave Estrela 6x7 mm,1,FER
63853,133182-0,Chave Estrela 7/8 X,1,FER
63854,133155-0,Chave Estrela 8x9 mm,1,FER
63855,133156-0,Chave Estrela 8x10 mm,1,FER
63856,246087-0,Chave Estrela Isolada de Uma Boca 10mm,1,FER
63857,246088-0,Chave Estrela Isolada de Uma Boca 11mm,1,FER
63858,246091-0,Chave Estrela Isolada de Uma Boca 14mm,1,FER
63859,246089-0,Chave Estrela Isolada de Uma Boca 12mm,1,FER
63860,246090-0,Chave Estrela Isolada de Uma Boca 13mm,1,FER
63861,246092-0,Chave Estrela Isolada de Uma Boca 15mm,1,FER
63862,283835-0,Chave Estrela Isolada de Uma Boca 16mm,1,FER
63863,246093-0,Chave Estrela Isolada de Uma Boca 17mm,1,FER
63864,283836-0,Chave Estrela Isolada de Uma Boca 18mm,1,FER
63865,246094-0,Chave Estrela Isolada de Uma Boca 19mm,1,FER
63866,283842-0,Chave Estrela Isolada Uma Boca 7mm,1,FER
63867,283841-0,Chave Estrela Isolada de Uma Boca 8mm,1,FER
63868,283833-0,Chave Estrela Isolada de Uma Boca 9mm,1,FER
63869,21577-1,"Chave Estrela Starter 11 X 13 (Ref 301030B, BELZER)",1,FER
63870,21578-0,Chave Estrela Starter 14 X 16,1,FER
63871,21579-0,Chave Estrela Starter 15 X 17,1,FER
63872,12761-1,Chave Starter Meia Lua 15 X 17mm - 006.003,1,FER
63873,173769-0,Chave E-torx (Ref e10xe12),1,FER
63874,173771-0,Chave E-torx (Ref e20xe24),1,FER
63875,173770-0,Chave E-torx (Ref e14xe18),1,FER
63876,173772-0,Chave E-torx (Ref e6xe8),1,FER
63877,173483-0,Chave de Fenda 1/4 X 5 (MAYLE),1,FER
63878,173484-0,Chave de Fenda 1/8 X 5 (MAYLE),1,FER
63879,22134-0,Chave de Fenda 3/16 X 3,1,FER
63880,22135-0,Chave de Fenda 3/16 X 4 (MAYLE),1,FER
63881,272856-0,"Chave Fenda "" X 5"" Guia Pega Parafuso 1250",1,FER
63882,283738-0,Chave Cabeça Dupla Fenda Cabo N X 1 x 5mm,1,FER
63883,21616-0,Chave Fixa 1.7/16 X 1.5/8,1,FER
63884,133120-0,Chave Fixa 10x12 mm,1,FER
63885,246048-0,Chave Fixa Isolada de Uma Boca 10mm,1,FER
63886,133146-0,Chave Fixa 11/16 X 3/4,1,FER
63887,133121-0,Chave Fixa 11x13 mm,1,FER
63888,246078-0,Chave Fixa Isolada de Uma Boca 12mm,1,FER
63889,133127-0,Chave Fixa 14x17 mm,1,FER
63890,246082-0,Chave Fixa Isolada de Uma Boca 16mm,1,FER
63891,283849-0,Chave Fixa Isolada de Uma Boca 18mm,1,FER
63892,173698-0,Chave Fixa 18x19 mm,1,FER
63893,133132-0,Chave Fixa 19x22 mm,1,FER
63894,173699-0,Chave Fixa 20x22 mm,1,FER
63895,283850-0,Chave Fixa Isolada de Uma Boca 21mm,1,FER
63896,133134-0,Chave Fixa 22x24 mm,1,FER
63897,246085-0,Chave Fixa Isolada de Uma Boca 22mm,1,FER
63898,133135-0,Chave Fixa 23x26 mm,1,FER
63899,246086-0,Chave Fixa Isolada de Uma Boca 24mm,1,FER
63900,133136-0,Chave Fixa 24x27 mm,1,FER
63901,133137-0,Chave Fixa 27x30 mm,1,FER
63902,134423-0,"Chave Fixa 3/8 X 7/16 (Ref 100503MY, MAYLE)",1,FER
63903,133139-0,Chave Fixa 30x34 mm,1,FER
63904,133141-0,Chave Fixa 34x36 mm,1,FER
63905,21601-1,Chave Fixa 36 X 41,1,FER
63906,257945-0,Chave Fixa Isolada de Uma Boca 6mm,1,FER
63907,12825-1,"Chave Fixa de Bater 1.1/8"" – -009.053",1,FER
63908,12838-1,"Chave Fixa de Bater 2.3/8"" – -009.066",1,FER
63909,134424-0,"Chave Fixa 1/2 X 9/16 (Ref 100505MY, MAYLE)",1,FER
63910,134412-0,"Chave Fixa 10 X 11 (Ref 100007MY, MAYLE)",1,FER
63911,134414-0,"Chave Fixa 14 X 15 (Ref 100018MY, MAYLE)",1,FER
63912,134413-0,"Chave Fixa 12 X 13 (Ref 100013MY, MAYLE)",1,FER
63913,117886-0,"Chave Fixa 18 X 19 (Ref 100025MY, MAYLE)",1,FER
63914,134415-0,"Chave Fixa 16 X 17 (Ref 100023MY, MAYLE)",1,FER
63915,134418-0,"Chave Fixa 20 X 22 (Ref 100029MY, MAYLE)",1,FER
63916,134421-0,"Chave Fixa 25 X 28 (Ref 100036MY, MAYLE)",1,FER
63917,134411-0,"Chave Fixa 8 X 9 (Ref 100004MY, MAYLE)",1,FER
63918,134410-0,"Chave Fixa 6 X 7 (Ref 100001MY, MAYLE)",1,FER
63919,173486-0,"Chave Fixa 1/4 X 5/16 (Ref 100502MY, MAYLE)",1,FER
63920,12829-2,"Chave Fixa de Bater 1.1/2"" – -009.057",1,FER
63921,12826-1,"Chave Fixa de Bater 1.1/4"" – -009.054",1,FER
63922,12833-0,"Chave Fixa de Bater 1.13/16"" – -009.061",1,FER
63923,12827-1,"Chave Fixa de Bater 1.5/16"" – -009.055",1,FER
63924,12818-1,Chave Fixa de Bater 100 mm – -009.018,1,FER
63925,12837-1,"Chave Fixa de Bater 2.1/4"" – -009.065",1,FER
63926,12836-1,"Chave Fixa de Bater 2.3/16"" – -009.064",1,FER
63927,12801-1,Chave Fixa de Bater 24 mm – -009.001,1,FER
63928,12805-1,Chave Fixa de Bater 36 mm – -009.005,1,FER
63929,12852-1,"Chave Fixa de Bater 4.1/2"" – -009.080",1,FER
63930,12824-1,"Chave Fixa de Bater 1.1/16"" – -009.052",1,FER
63931,12831-1,"Chave Fixa de Bater 1.11/16"" – -009.059",1,FER
63932,12832-2,"Chave Fixa de Bater 1.3/4"" – -009.060",1,FER
63933,12830-0,"Chave Fixa de Bater 1.5/8"" – -009.058",1,FER
63934,12828-1,"Chave Fixa de Bater 1.7/16"" – -009.056",1,FER
63935,12823-1,"Chave Fixa de Bater 15/16"" – -009.051",1,FER
63936,12839-1,"Chave Fixa de Bater 2.1/2"" – -009.067",1,FER
63937,70940-0,Chave Fixa de Bater 25 mm – -009.000,1,FER
63938,12802-0,Chave Fixa de Bater 27 mm – -009.002,1,FER
63939,61279-0,Chave Fixa de Bater 34 mm – -009.035,1,FER
63940,133144-0,"Chave Fixa 1/2 X 9/16 (Ref ST41103SC, SATA)",1,FER
63941,133142-0,"Chave Fixa 1/4 X 5/16 (Ref ST41101SC, SATA)",1,FER
63942,133122-0,Chave Fixa 12x13 mm,1,FER
63943,133119-0,"Chave Fixa 10x11 mm (Ref ST41302SC, SATA)",1,FER
63944,133148-0,"Chave Fixa 15/16 X 1 (Ref ST41107SC, SATA)",1,FER
63945,133147-0,"Chave Fixa 13/16 X 7/8 (Ref ST41106SC, SATA)",1,FER
63946,133128-0,Chave Fixa 16x17 mm,1,FER
63947,133126-0,Chave Fixa 14x15 mm,1,FER
63948,133130-0,Chave Fixa 17x19 mm,1,FER
63949,133133-0,Chave Fixa 21x23 mm,1,FER
63950,133143-0,"Chave Fixa 3/8 X 7/16 (Ref ST41102SC, SATA)",1,FER
63951,133138-0,Chave Fixa 30x32 mm,1,FER
63952,133115-0,Chave Fixa 6x7 mm,1,FER
63953,133145-0,"Chave Fixa 5/8 X (Ref 11/16, SATA)",1,FER
63954,133116-0,"Chave Fixa 8 X 9 mm (Ref ST41301SC, SATA)",1,FER
63955,133117-0,Chave Fixa 8x10 mm,1,FER
63956,133118-0,Chave Fixa 9x11 mm,1,FER
63957,257944-0,Chave Fixa de Uma Boca VDE 7MM,1,FER
63958,246049-0,Chave Fixa Isolada de Uma Boca 11mm,1,FER
63959,246079-0,Chave Fixa Isolada de Uma Boca 13mm,1,FER
63960,246081-0,Chave Fixa Isolada de Uma Boca 15mm,1,FER
63961,246084-0,Chave Fixa Isolada de Uma Boca 19mm,1,FER
63962,246083-0,Chave Fixa Isolada de Uma Boca 17mm,1,FER
63963,283851-0,Chave Fixa Isolada Uma Boca 8mm,1,FER
63964,283848-0,Chave Fixa Isolada de Uma Boca 9mm,1,FER
63965,207333-0,"Chave Grifo Tipo Americano Heavy Duty 10""",1,FER
63966,207335-0,"Chave Grifo Tipo Americano Heavy Duty 12""",1,FER
63967,206901-0,"Chave Grifo Tipo Americano Heavy Duty 8""",1,FER
63968,29661-0,Chave Torx Plana TX4 E10 X E12 GTX - 024.952,1,FER
63969,272765-0,Chave Hexagonal Cabo Evox,1,FER
63970,272766-0,Chave Hexagonal Cabo Evox,1,FER
63971,272767-0,Chave Hexagonal Cabo Evox,1,FER
63972,273022-0,Chave Hexagonal Cabo Grip,1,FER
63973,272768-0,Chave Hexagonal Cabo Evox,1,FER
63974,273023-0,Chave Hexagonal Cabo Grip,1,FER
63975,272769-0,Chave Hexagonal Cabo Evox,1,FER
63976,69500-0,Chave Hexagonal Abaulada 1/4,1,FER
63977,69478-0,"Chave Hexagonal Abaulada 1,5mm",1,FER
63978,69480-0,"Chave Hexagonal Abaulada 2,5mm",1,FER
63979,272773-0,Chave Hexagonal Abaulada Cabo Evox,1,FER
63980,69481-0,"Chave Hexagonal Abaulada 3,0mm",1,FER
63981,69501-0,Chave Hexagonal Abaulada 5/16,1,FER
63982,272774-0,Chave Hexagonal Abaulada Cabo Evox,1,FER
63983,272775-0,Chave Hexagonal Abaulada Cabo Evox,1,FER
63984,272776-0,Chave Hexagonal Abaulada Cabo Evox,1,FER
63985,273030-0,Chave Hexagonal Abaulada Cabo Grip,1,FER
63986,69488-0,"Chave Hexagonal Abaulada 8,0mm",1,FER
63987,272777-0,Chave Hexagonal Abaulada Cabo Evox,1,FER
63988,273031-0,Chave Hexagonal Abaulada Cabo Grip,1,FER
63989,273205-0,Chave Hexagonal Abaulada Reta Cabo,1,FER
63990,273207-0,Chave Hexagonal Abaulada Reta Cabo,1,FER
63991,273210-0,Chave Hexagonal Abaulada Reta Cabo,1,FER
63992,273208-0,Chave Hexagonal Abaulada Reta Cabo,1,FER
63993,273209-0,Chave Hexagonal Abaulada Reta Cabo,1,FER
63994,273211-0,Chave Hexagonal Abaulada Reta Cabo,1,FER
63995,173701-0,Chave Hexagonal Abaulada Cabo T 10mm,1,FER
63996,173702-0,"Chave Hexagonal Abaulada Cabo T 2,5mm",1,FER
63997,173703-0,Chave Hexagonal Abaulada Cabo T 2mm,1,FER
63998,173704-0,Chave Hexagonal Abaulada Cabo T 3mm,1,FER
63999,173705-0,Chave Hexagonal Abaulada Cabo T 4mm,1,FER
64000,173706-0,Chave Hexagonal Abaulada Cabo T 5mm,1,FER
64001,173708-0,Chave Hexagonal Abaulada Cabo T 7mm,1,FER
64002,173709-0,Chave Hexagonal Abaulada Cabo T 8mm,1,FER
64003,302475-0,"Chave Hexagonal Abaulada 1,5MM",1,FER
64004,302481-0,Chave Hexgonal Abaulada 2MM,1,FER
64005,302432-0,"Chave Hexagonal Abaulada 3/16 (Ref ST84806L, SATA)",1,FER
64006,302439-0,Chave Hexagonal Abaulada 3mm,1,FER
64007,302423-0,"Chave Hexagonal Abaulada 4mm (Ref ST84705L, SATA)",1,FER
64008,302425-0,"Chave Hexagonal Abaulada 6mm (Ref ST84707L, SATA)",1,FER
64009,302424-0,"Chave Hexagonal Abaulada 5mm (Ref ST84706L, SATA)",1,FER
64010,272054-0,Chave Hexagonal Articulável T Cabo Deslizante 953,1,FER
64011,272057-0,Chave Hexagonal Articulável T Cabo Deslizante 953,1,FER
64012,257538-0,Chave Hexagonal Articulável T Cabo Deslizante 953,1,FER
64013,257541-0,Chave Hexagonal Articulável T Cabo Deslizante 953,1,FER
64014,273019-0,Chave Hexagonal Cabo Grip,1,FER
64015,273020-0,Chave Hexagonal Cabo Grip,1,FER
64016,21279-0,"Chave Hexagonal 1,5mm",1,FER
64017,21301-0,Chave Hexagonal 1/8,1,FER
64018,21291-0,Chave Hexagonal 12 mm,1,FER
64019,21300-0,Chave Hexagonal 3/32,1,FER
64020,21307-0,Chave Hexagonal 3/8,1,FER
64021,21306-0,Chave Hexagonal 5/16,1,FER
64022,21302-0,Chave Hexagonal 5/32,1,FER
64023,21299-0,Chave Hexagonal 5/64,1,FER
64024,21288-0,Chave Hexagonal 9 mm,1,FER
64025,302385-0,Chave Hexagonal Curta (Ref 3/16mm),1,FER
64026,302407-0,Chave Hexagonal Curta 3/8,1,FER
64027,302403-0,Chave Hexagonal Curta 5/16,1,FER
64028,311210-0,"Chave Hexagonal Curta 17mm (Ref ST84323L, SATA)",1,FER
64029,302474-0,Chave Hexagonal Curta (Ref 3/32mm),1,FER
64030,21333-0,Chave Hexagonal Longa 9 mm,1,FER
64031,21335-0,Chave Hexagonal Longa 11 mm,1,FER
64032,302139-0,Chave Heganonal Curta 10mm,1,FER
64033,302141-0,Chave Hexagonal Curta 12mm,1,FER
64034,302134-0,"Chave Hexagonal Curta 5mm (Ref ST84311L, SATA)",1,FER
64035,302144-0,"Chave Hexagonal Curta 3mm (Ref ST84309L, SATA)",1,FER
64036,302135-0,"Chave Hexagonal Curta 6mm (Ref ST84312L, SATA)",1,FER
64037,302137-0,Chave Hexagonal Curta 8MM,1,FER
64038,302162-0,"Chave Hexagonal Longa 12mm (Ref ST84510L, SATA)",1,FER
64039,302164-0,"Chave Hexagonal Longa 3 mm (Ref ST84501L, SATA)",1,FER
64040,302152-0,"Chave Hexagonal Longa 4mm (Ref ST84502L, SATA)",1,FER
64041,302154-0,"Chave Hexagonal Longa 6mm (Ref ST84504L, SATA)",1,FER
64042,302155-0,Chave Hexagonal Longa 7MM,1,FER
64043,302156-0,"Chave Hexagonal Longa 8mm (Ref ST84506L, SATA)",1,FER
64044,302153-0,"Chave Hexagonal Longa 5mm (Ref ST84503L, SATA)",1,FER
64045,21346-0,Chave Hexagonal Longa 1/2,1,FER
64046,21327-0,"Chave Hexagonal Longa 3 mm (Ref 220217BR, BELZER)",1,FER
64047,21339-1,Chave Hexagonal Longa 5/32,1,FER
64048,273193-0,Chave Hexagonal Reta Cabo,1,FER
64049,273191-0,Chave Hexagonal Reta Cabo,1,FER
64050,273194-0,Chave Hexagonal Reta Cabo,1,FER
64051,273197-0,Chave Hexagonal Reta Cabo,1,FER
64052,273196-0,Chave Hexagonal Reta Cabo,1,FER
64053,273195-0,Chave Hexagonal Reta Cabo,1,FER
64054,139346-0,Chave Hexagonal T Cabo Deslizante 951,1,FER
64055,173715-0,Chave Hexagonal Cabo T 10MM,1,FER
64056,271954-0,Chave Hexagonal T Cabo Deslizante 951,1,FER
64057,283860-0,Chave Hexagonal Cabo T 3MM,1,FER
64058,131615-0,Chave Hexagonal T Cabo Deslizante 951,1,FER
64059,131741-0,Chave Hexagonal T Cabo Deslizante 951,1,FER
64060,173719-0,Chave Hexagonal Cabo T 4MM,1,FER
64061,271998-0,Chave Hexagonal T Cabo Deslizante Antifaiscante,1,FER
64062,128760-0,Chave Hexagonal T Cabo Deslizante 951,1,FER
64063,173720-0,Chave Hexagonal Cabo T 5 mm,1,FER
64064,130873-0,Chave Hexagonal T Cabo Deslizante 951,1,FER
64065,271999-0,Chave Hexagonal T Cabo Deslizante Antifaiscante,1,FER
64066,173721-0,Chave Hexagonal Cabo T 6 mm,1,FER
64067,173722-0,Chave Hexagonal Cabo T 7MM,1,FER
64068,173723-0,Chave Hexagonal Cabo T 8MM,1,FER
64069,130928-0,Chave Hexagonal T Cabo Deslizante 951,1,FER
64070,21345-1,Chave Hexagonal Longa 7/16,1,FER
64071,21347-1,Chave Hexagonal Longa 9/16,1,FER
64072,307521-0,"Chave Hexagonal Curta 16mm (Ref ST84321L, SATA)",1,FER
64073,309263-0,"Chave Hexagonal Curta 19mm (Ref ST84324L, SATA)",1,FER
64074,302469-0,"Chave Hexagonal Curta 2,5mm (Ref ST84308L, SATA)",1,FER
64075,302466-0,"Chave Hexagonal Curta 2mm (Ref ST84307L, SATA)",1,FER
64076,302419-0,"Chave Hexagonal Longa 1/2""",1,FER
64077,302416-0,"Chave Hexagoanal Longa 1/4""",1,FER
64078,302420-0,"Chave Hexagonal Longa 1/8 (Ref ST84610L, SATA)",1,FER
64079,302418-0,"Chave Hexagonal Longa 3/8"" (Ref ST84606L, SATA)",1,FER
64080,302413-0,"Chave Hexagonal Longa 3/16 (Ref ST84602L, SATA)",1,FER
64081,311188-1,Chave Hexagonal Curta 24MM,1,FER
64082,283864-0,Chave Tork Tipo Reta T30,1,FER
64083,283865-0,Chave Maxtork Reta T-6,1,FER
64084,283866-0,Chave Maxtork Reta T-7,1,FER
64085,283867-0,Chave Maxtork Reta Industrial Cabo T 8,1,FER
64086,21637-0,Chave para Tubo Stillson 12,1,FER
64087,21636-0,Chave para Tubo Stillson 10,1,FER
64088,21640-0,Chave para Tubo Stillson 24,1,FER
64089,21639-0,Chave para Tubo Stillson 18,1,FER
64090,21635-0,Chave para Tubo Stillson 8,1,FER
64091,173491-0,Chave para Tubo 14,1,FER
64092,173494-0,Chave para Tubo 8,1,FER
64093,283876-0,Chave 1/4 X 10,1,FER
64094,283902-0,Chave PVC 1/4 X 5,1,FER
64095,134409-0,Chave 1/4 X 6 (MAYLE),1,FER
64096,283885-0,Chave PVC Isolada 1/4 X 6,1,FER
64097,283901-0,Chave PVC 1/4 X 4,1,FER
64098,22145-0,Chave 1/4 X 5 (MAYLE),1,FER
64099,283903-0,Chave PVC 1/4 X 6,1,FER
64100,283904-0,Chave PVC 1/4 X 8,1,FER
64101,134404-0,Chave 1/8 X 3,1,FER
64102,283906-1,Chave PVC 1/8 X 3,1,FER
64103,134407-0,Chave 1/8 X 4 (MAYLE),1,FER
64104,283908-0,Chave PVC 1/8 X 5,1,FER
64105,283872-0,Chave 1/8 X 6,1,FER
64106,283887-0,Chave Isolada PVC,1,FER
64107,283807-0,Chave de Fenda PVC 1/8 X 3,1,FER
64108,283907-0,Chave PVC 1/8 X 4,1,FER
64109,173728-0,Chave n0 X 200 mm,1,FER
64110,134408-0,Chave 3/16 X 4 (MAYLE),1,FER
64111,283890-0,Chave PVC Isolada 3/16 X 6,1,FER
64112,21416-0,"Chave 3/16 X 3 (Ref 217108BN, BELZER)",1,FER
64113,283912-0,Chave PVC 3/16 X 3,1,FER
64114,67315-0,Chave 3/16 X 5,1,FER
64115,67316-0,Chave 3/16 X 6,1,FER
64116,283917-0,Chave PVC 3/8 X 6,1,FER
64117,283918-0,Chave PVC 3/8 X 8,1,FER
64118,67322-1,Chave 3/8 X 10,1,FER
64119,283877-0,Chave 5/16 X 4,1,FER
64120,283920-0,Chave PVC 5/16 X 6,1,FER
64121,283921-0,Chave PVC 5/16 X 8,1,FER
64122,283899-0,Chave PVC 1/4 X 10,1,FER
64123,283909-0,"Chave 1/8 X 6"" Cabo PVC Translucido",1,FER
64124,283911-0,Chave PVC 3/16 X 10,1,FER
64125,283919-0,Chave PVC 5/16 X 4,1,FER
64126,283916-0,Chave PVC 3/16 X 8,1,FER
64127,283881-0,Chave de Bater 5/16 X 200 mm,1,FER
64128,283879-0,Chave de Bater 1/4 X 150 mm,1,FER
64129,283883-0,Chave PVC Isolada 1/4 X 10,1,FER
64130,283884-0,Chave PVC Isolada 1/4 X 4,1,FER
64131,115865-0,Chave Isolada 1/4 X 4,1,FER
64132,283886-0,Chave PVC Isolada 1/4 X 8,1,FER
64133,115866-0,Chave Isolada 1/4 X 6,1,FER
64134,80639-0,"Chave de Fenda Cruz Isolada 1/8 X 2.3/8"" -35255",1,FER
64135,115861-0,Chave Isolada 1/8 X 5,1,FER
64136,115862-0,Chave Isolada 1/8 X 8,1,FER
64137,115864-0,Chave Isolada 3/16 X 6,1,FER
64138,283889-0,Chave PVC Isolada 3/16 X 4,1,FER
64139,283892-0,Chave PVC Isolada 5/16 X 10,1,FER
64140,283873-0,Chave 1/8 X 8,1,FER
64141,246098-0,Chave Isolada CR-MO Nr. 0 X 60mm,1,FER
64142,246099-0,Chave Isolada CR-MO Nr. 1 X 80mm,1,FER
64143,246100-0,Chave Isolada CR-MO Nr. 2 X 100mm,1,FER
64144,246101-0,Chave Isolada CR-MO Nr. 3 X 150mm,1,FER
64145,173729-0,Chave n1 X 75 mm,1,FER
64146,173741-0,Chave n3 X 200 mm,1,FER
64147,283910-0,Chave Toco PVC 3/16 X 1.1/2,1,FER
64148,283898-0,Chave Toco PVC 1/4 X 1.1/2,1,FER
64149,191180-0,Chave Poligonal Flex Speedy 15 X 17,1,FER
64150,191177-0,Chave Poligonal Flex Speedy 9 X 11,1,FER
64151,314702-0,Jogo de Chave Reta Flexível com Catraca 7PC,1,FER
64152,173742-0,Chave de Roda em Cruz com Encaixe Quadrado 1/2,1,FER
64153,264577-0,Chave Saca Filtro de Óleo 50-130 mm com Corrente -1792,1,AUT
64154,173745-0,Chave Poligonal Aberta 13x14mm,1,FER
64155,173744-0,Chave Poligonal Aberta 10 X 12mm,1,FER
64156,173743-0,Chave Poligonal Aberta 1/2 X 9/16,1,FER
64157,173746-0,Chave Poligonal Aberta 16x17mm,1,FER
64158,120875-0,Chave Poligonal Aberta 16 X 18 mm,1,FER
64159,173747-0,"Chave Poligonal Aberta 3/8 X 7/16 (Ref ST48301SC, SATA)",1,FER
64160,173749-0,"Chave Poligonal Aberta 8x10mm (Ref ST48200SC, SATA)",1,FER
64161,173748-0,"Chave Poligonal Aberta 5/8 X (Ref 11/16, SATA)",1,FER
64162,173750-0,Chave Poligonal Aberta 9x11mm,1,FER
64163,272040-0,Chave Soquete Articulada T Cabo Deslizante Longo 952L,1,FER
64164,272038-0,Chave Soquete Articulada T Cabo Deslizante Longo 952L,1,FER
64165,272037-0,Chave Soquete Articulada T Cabo Deslizante Longo 952L,1,FER
64166,272042-0,Chave Soquete Articulada T Cabo Deslizante Longo 952L,1,FER
64167,272043-0,Chave Soquete Articulada T Cabo Deslizante Longo 952L,1,FER
64168,272041-0,Chave Soquete Articulada T Cabo Deslizante Longo 952L,1,FER
64169,272044-0,Chave Soquete Articulada T Cabo Deslizante Longo 952L,1,FER
64170,272009-0,Chave Soquete Hexagonal T Cabo Deslizante Articulado 952,1,FER
64171,173775-0,Soquete para Vela 1/2 16 mm,1,FER
64172,173776-0,Soquete para Vela 3/8 16 mm,1,FER
64173,173778-0,Soquete para Vela 3/8 21 mm,1,FER
64174,173751-0,Chave Soquete T 10 mm,1,FER
64175,173752-0,Chave Soquete T 11 mm,1,FER
64176,173754-0,Chave Soquete T 13 mm,1,FER
64177,173753-0,Chave Soquete T 12 mm,1,FER
64178,173755-0,Chave Soquete T 14 mm,1,FER
64179,173756-0,Chave Soquete T 17 mm,1,FER
64180,173757-0,Chave Soquete T 19 mm,1,FER
64181,173758-0,Chave Soquete T 8 mm,1,FER
64182,173759-0,Chave Soquete T 9 mm,1,FER
64183,283922-0,Caneta de Teste de Polaridade 6v - 12v - 24v,1,AUT
64184,283924-0,Chave Torx PVC T15,1,FER
64185,283927-0,Chave Torx Reta T27 Cabo PVC Translucido,1,FER
64186,173760-0,Jogo de Chave Torx Tipo Canivete 8 Peças (TT9 a TT40),1,FER
64187,21457-1,Chave Maxtork T-10,1,FER
64188,21446-0,Chave Maxtork l T20,1,FER
64189,21453-1,Chave Maxtork l T55,1,FER
64190,173762-0,Chave Torx Reta T15 X 100 mm,1,FER
64191,173761-0,Chave Torx Reta T10 X 100 mm,1,FER
64192,173763-0,Chave Torx Reta T20 X 100 mm,1,FER
64193,173766-0,Chave Torx Reta T30 X 100 mm,1,FER
64194,173764-0,Chave Torx Reta T25 X 100 mm,1,FER
64195,173765-0,Chave Torx Reta T27 X 100 mm,1,FER
64196,173767-0,Chave Torx Reta T40 X 100 mm,1,FER
64197,283925-0,Chave Torx PVC T20,1,FER
64198,283926-0,Chave Torx PVC T25,1,FER
64199,283928-0,Chave Torx PVC T30,1,FER
64200,283868-0,Chave Maxtork Reta Industrial Cabo T 9,1,FER
64201,241887-0,Chumbador CBA '' X 3. '' Parafuso 5/8,1,FER
64202,237638-0,Cinturão de Segurança Paraquedista CG 700E,1,SEG
64203,277034-0,Clips Cabo Aço Zincado 8016,1,MOV
64204,57130-0,Colher de Pedreiro em Aço 10'',1,
64205,139277-0,Colher Pedreiro 6 Polegadas Cabo Madeira,1,
64206,57129-0,Colher de Pedreiro em Aço 8'',1,
64207,57131-0,Colher Pedreiro 9 Polegadas Cabo Madeira,1,
64208,315746-0,Colher de Pedreiro em Aço 7'',1,
64209,251929-0,"Chave de Impacto 1/4 12V + Parafusadeira/furadeira 3/8 12V + 2 Baterias 2,0Ah + Carregador Bivolt",1,FER
64210,303077-0,Compressor de Ar Profissional CSV 10 Pés 110L 2HP Monofásico,1,FER
64211,207714-0,Compressor de Pistão Pro CSV 10/100 140PSI 2HP 220V Monofásico,1,FER
64212,59420-0,Compressor de Ar Monofásico 3HP 15PCM 200L,1,FER
64213,103755-0,Compressor MSV 20PCM/300L 175PSI 5HP Trifásico,1,FER
64214,68785-0,Compressor CSL 20PCM/200L 175PSI 5HP Trifásico,1,FER
64215,145519-0,Compressor CSV 20 Pés 200 Litros 175 Libras Trifásico,1,FER
64216,109409-0,Compressor Fort MSWV 60PCM/425L 175PSI 15HP Trifásico,1,FER
64217,287717-0,"Motocompressor CSI 8.6/25 Pratiko - 8,6pcm 25L 120psi - 220V",1,FER
64218,207128-0,Compressor de Ar CSD 18/100L 50/60HZ 3HP 4P Monofásico,1,FER
64219,118029-0,Motocompressor de Ar Isento de Óleo/odontológico Silencioso Mono 1HP 5PCM 30 Litros,1,FER
64220,118031-0,"Compressor de Ar Ordontológico CSD 9/30L 50/60HZ 1,5HP",1,FER
64221,193642-0,Compressor Trifásico CSL 3HP 15PCM/200L 140 PSI,1,FER
64222,196585-0,"Guia Espiral Tbi 914833 Vermelha Isolamento 1,0 - 1,2 5,40 m -914833",1,FER
64223,295707-0,Conjunto de Cinto de Segurança com Talabarte (CG 700 + CG 391) -10620110,1,MOV
64224,224811-0,Bomba Hidráulica 30Ton para Prensa,1,AUT
64225,141800-0,Conjunto para Solda Oxigênio/acetileno,1,FER
64226,163971-0,"Corda Multifilamento Trançada 10,0mm X 190mm Cores",1,MOV
64227,280217-0,Cortador de Grama À Gasolina 6 hp 510mm 173cc com Coletor 60 Litros,1,CAS
64228,173784-0,Cortador de Tubos 3 - 16 mm,1,FER
64229,173783-0,Cortador de Tubos 3 - 28 mm,1,FER
64230,241780-0,Cortador de Tubos 6 - 64 mm,1,FER
64231,173782-0,Cortador de Tubos 3 - 31 mm,1,FER
64232,192515-0,Cortador Profissional para Piso Tec 100,1,FER
64233,59765-0,Cortador de Piso Profissional HD 900 Vermelho: Precisão e Desempenho para o Seu Projeto,1,FER
64234,178147-0,Nivelador de Piso Smart 60694 - 50 Unidades,1,
64235,297429-0,Desempenadeira Aço Cabo Madeira: Ferramenta Essencial Acabamentos Perfeitos,1,
64236,297430-0,Desempenadeira Aço 26cm Cabo Madeira,1,
64237,267163-0,Desempenadeira Plástica Base Estriada 18x30cm: Precisão e Versatilidade em Seus Projetos,1,
64238,297471-0,Desempenadeira Plástica 14cm X 27cm Base com EVA,1,
64239,178297-0,Desempenadeira Plástica Base em EVA 18x30cm: Precisão e Qualidade em Cada Aplicação,1,
64240,178298-0,Desempenadeira Plástica Base em Espuma 18x30cm: o Toque Perfeito para Acabamentos Impecáveis,1,
64241,188904-0,Desforcimetro Torque - 9GG,1,AUT
64242,236083-0,Desforcímetro Torqueador TC 78 780kgf - 9GH,1,AUT
64243,318968-0,Desincrustrador Pneumático 19 Agulhas 3MM 3.500BPM,1,FER
64244,177899-0,Detector de Materiais Profissional GMS 120mm,1,CON
64245,266167-0,Macaco Hidráulico Tipo Garrafa,1,AUT
64246,324560-0,"Disco de Corte Abrasivo Inox 4.1/2'' X 1,6MM",1,FER
64247,195703-0,Disco de Corte 4 1/2 X 3/64 X 7/8,1,FER
64248,195705-0,Disco de Corte 7 X 1/16 X 7/8,1,FER
64249,257542-0,"Disco de Desbaste Diamantado Turbo 4.1/2""",1,
64250,21004-0,Disco de Lixa em Fibra Grão 36 180 X 22MM F425,1,FER
64251,124916-0,Disco Champagne A-275 Grão 180,1,FER
64252,221426-0,Disco Serra Circular P/madeira 24 Dentes,1,FER
64253,174347-0,Disco Diamantado Porcelanato 110MM,1,FER
64254,302381-0,"Disco de Corte Diamantado Segmentado 350 X 25,4MM",1,FER
64255,178122-0,Disco Diamantado TURBO ECO 110MM Furo 20MM,1,FER
64256,31627-0,Disco FLAC Evolution R-822 Grão 50 115 X 22,1,FER
64257,324561-0,Disco FLAP Abrasivo Inox 4.1/2'' Grão 40,1,FER
64258,178018-0,Desviador para Ducha de Chuveiro Completo Branco: a Solução Ideal para Seu Banheiro,1,HID
64259,178008-0,Ducha Branca 4 Temperaturas Top Jet,1,HID
64260,178086-0,Ducha Advanced Eletrônica Branca 127V,1,HID
64261,50735-0,"Eletrodo de Solda A13 6013 2,50mm Conarco 18kg -300283",1,FER
64262,306911-0,Eletrodo Revestido 2.50mm Aço Caixa 5 kg WEST ARCO 7018,1,FER
64263,50722-0,"Eletrodo OK 48.04 2,5mm Lata com 17KG",1,FER
64264,50724-0,"Eletrodo 6010 Ok 22.45P 2,50 X 350mm 20Kg",1,FER
64265,73365-0,Eletrodo OK 48.04 2mm E7018 Lata com 10KG,1,FER
64266,50732-0,"Eletrodo OK 48.04 3,25 mm Lata com 18KG",1,FER
64267,50729-0,"Eletrodo OK 46.00 3,25mm Lata com 20KG",1,FER
64268,306913-0,"Eletrodo de Solda A18 7018 4,00mm West Arco 5kg -749783",1,FER
64269,50726-0,Eletrodo OK 22.45 4mm Lata com 20KG,1,FER
64270,50730-0,Eletrodo OK 46.00 E6013 4mm Lata com 20KG,1,FER
64271,196092-0,"Eletrodo P/revestimento Duro OK 83,58 4mm 25KG",1,FER
64272,50740-0,"Eletrodo de Solda A18 7018 4,00mm Conarco 25kg -300543",1,FER
64273,50731-0,Eletrodo OK 46.00 5mm E6013 Lata com 20KG,1,FER
64274,50733-0,Eletrodo OK 48.04 4mm Lata com 25KG,1,FER
64275,140822-0,Eletrodo OK 55.00 5mm Lata com 25KG,1,FER
64276,50734-0,Eletrodo OK 48.04 5mm E7018 Lata com 25kg,1,FER
64277,50728-0,Eletrodo OK 46.00 E6013 2.5mm Lata com 18kg,1,FER
64278,107214-0,"Eletrodo Ok Serralheiro E6013 3,25mm 5Kg",1,FER
64279,139631-0,Enxada Canavieira Goivada Cabo 150cm: Ferramenta Ideal Aplicações,1,
64280,194124-0,Escada de Alumínio Doméstica 4 Degraus,1,CON
64281,194127-0,Escada de Alumínio Doméstica 7 Degraus,1,CON
64282,194126-0,Escada de Alumínio Doméstica 6 Degraus,1,CON
64283,194130-0,Escada Articulada 12 Degraus 3x4 de Alumínio,1,CON
64284,194135-0,Escada de Alumínio Extensível 9 Degraus,1,CON
64285,201054-0,Escada de Alumínio Extensível 15 Degraus,1,CON
64286,248870-0,Esguicho para Engate Rápido com Jato Regulável (TRAMONTINA),1,
64287,189242-0,Retificadeira Direita 1200W 220V,1,FER
64288,251941-0,"Esmerilhadeira Angular GWS 12V-76 de 3"" À Bateria Profissional 12V Brushless sem Bateria",1,FER
64289,199388-0,Esmerilhadeira Angular 4 1/2 220V 900W,1,FER
64290,253148-0,"Esmerilhadeira Angular 7"" 2200W GWS 2200-180 220V",1,FER
64291,253220-0,"Esmerilhadeira Angular 7"" GWS 28-180 2800W 220V",1,FER
64292,253154-0,"Esmerilhadeira Angular 9"" GWS 28-230 220V",1,FER
64293,178138-0,Espaçador Juntapiso 3mm 100 Unidades: Solução Ideal para Instalação de Pisos,1,
64294,178134-0,Espaçador Juntapiso 1mm 100 Unidades: a Solução Ideal para Assentamento de Pisos,1,
64295,178135-0,"Espaçador Juntapiso 1,5mm 100 Unidades: Precisão e Eficiência no Assentamento de Revestimentos",1,
64296,178139-0,Espaçador Juntapiso 4mm 100 Unidades: Precisão e Qualidade para Seu Projeto,1,
64297,178137-0,Espaçador Juntapiso Polipropileno 2mm: Perfeição no Alinhamento de Pisos e Revestimentos,1,
64298,254525-0,Espuma Expansiva de Pu Uso Profissional 480g/500ml,1,CON
64299,124511-0,Esquadro de Aço Inox para Carpinteiro 250mm Uso a 45º,1,CON
64300,124512-0,Esquadro Carpinteiro Cabo Alumínio,1,CON
64301,252146-0,Estante Coletora de Óleo com Funis 1010-CF-R20-G3 20L,1,AUT
64302,66521-0,Esticador Hidráulico (Ref 10TON.),1,AUT
64303,66520-0,Esticador Hidráulico (Ref 6TON.),1,AUT
64304,130754-0,Estilete Exact S 06,1,CON
64305,130751-0,"Estilete S51 9,5mm",1,CON
64306,297669-0,Estilete Hobby – 18 mm,1,
64307,130750-0,Estilete S 07,1,CON
64308,130755-0,Estilete S05 - STARRET,1,CON
64309,9766-1,Estilete Retrátil Exact Plus - STARRET,1,CON
64310,301076-0,Estilete de Segurança Retrátil Exact,1,CON
64311,297668-0,Estilete de Metal Profissional 18mm,1,
64312,197431-0,Estilete Trapezoidal Auto Retrátil de Segurança com Lâmina 18mm,1,CON
64313,13517-1,Extensão para Soquete 1 X 16,1,FER
64314,13516-0,Extensão para Soquete 1 X 8,1,FER
64315,173801-0,Extensão Angular para Soquete 3/8 3,1,FER
64316,173791-0,Extensão Angular para Soquete 1/4 4,1,FER
64317,173799-0,Extensão Angular para Soquete 3/8 10,1,FER
64318,173787-0,Extensão Angular para Soquete 1/2 10,1,FER
64319,136045-0,Extensão de Impacto para Soquete 3/4 10,1,FER
64320,32500-1,Extensão para Solda 200 N.09,1,FER
64321,156943-0,Extensão para Solda 201 N.09,1,FER
64322,173803-0,Extensão Flexível para Soquete 3/8,1,FER
64323,173794-0,"Extensão 3/4"" 4""",1,FER
64324,173786-0,Extensão Angular para Soquete 1/2 5,1,FER
64325,173796-0,"Extensão para Soquete de 16"" com Encaixe 3/4""",1,FER
64326,173795-0,"Extensão para Soquete 8"" com Encaixe 3/4""",1,FER
64327,246045-0,Extensão Isolada - 1/2 X,1,FER
64328,208582-0,Cabo Extensor Telescópico R.1307 30 3mt,1,
64329,273611-0,Extrator Parafuso 1430,1,FER
64330,273612-0,Extrator Parafuso 1430,1,FER
64331,273613-0,Extrator Parafuso 1430,1,FER
64332,273607-0,Extrator Parafuso 1430,1,FER
64333,273606-0,Extrator Parafuso 1430,1,FER
64334,273608-0,Extrator Parafuso 1430,1,FER
64335,246106-0,Faca Curva Desencapadora Cabos VDE,1,FER
64336,22284-0,"Ferro de Solda 80W 220V (Ref WSPI80220, WELLER)",1,FER
64337,149178-0,Filtro De Linha Extensão C/ 5 Tomadas 10A Preto - Margirius,1,ELE
64338,252470-0,Fita Silver Tape DT8 50mm X 50m,1,FER
64339,86107-0,Fita Antiderrapante 50mm X 5m,1,SEG
64340,86108-0,Fita Antiderrapante Safety Fosfore 50mm X 5m,1,SEG
64341,188806-0,Fita Antiderrapante Safety Transparente 50mm X 5m,1,SEG
64342,191302-0,Fita Veda Fresta 19mm X 5m,1,FER
64343,86104-0,Fita Dupla Face Fixa Forte Transparente 12mm X 2,1,FER
64344,70841-0,Fita Dupla Face VHB 4910 12mm X 20m,1,FER
64345,114967-0,Fita Dupla Face VHB 4910 12mm X 5m,1,FER
64346,86105-0,Fita Dupla Face Fixa Forte Transparente 19mm X 2,1,FER
64347,115775-0,Fita Isolante Imperial Cor Vermelho 18mm X 10m,1,FER
64348,58772-0,Fita Isolante Imperial Slim 18mm X 20m,1,FER
64349,58773-0,Fita Isolante Autofusão 19mm X 10m,1,FER
64350,58779-0,Fita Isolante Scotch 19mm X 20m,1,FER
64351,280110-0,Fita Silver Tape 45mm X 25m,1,FER
64352,280111-0,Fita Silver Tape 45mm X 5m (3M),1,FER
64353,42923-0,Fluido de Corte Ecológico 1 Eco 500ml -AY1,1,AUT
64354,301075-0,Fluido de Corte em Splay 300ML P/corte e Perfuração,1,AUT
64355,15433-2,Fluido para Corte N. 1 500ml -AF1,1,AUT
64356,251308-0,Fluxo de Solda Latão e Cobre 250G,1,FER
64357,133805-0,"Fresa de Topo Reto HSS 21,00mm 4 Cortes -17177",1,FER
64358,133806-0,"Fresa de Topo Reto HSS 22,00mm 4 Cortes -17178",1,FER
64359,133807-0,"Fresa de Topo Reto HSS 23,00mm 4 Cortes -17179",1,FER
64360,133872-0,"Fresa Topo Reto HSS 1/2"" 4 Cortes -29603",1,FER
64361,133868-0,"Fresa Topo Reto HSS 1/4"" 4 Cortes -29595",1,FER
64362,133865-0,"Fresa Topo Reto HSS 1"" 6 Cortes -29579",1,FER
64363,133866-0,"Fresa Topo Reto HSS 1/8"" 4 Cortes -29580",1,FER
64364,133791-0,"Fresa Topo Reto HSS 10,00mm 4 Cortes -17163",1,FER
64365,133795-0,Fresa de Topo 12mm -HT,1,FER
64366,133797-0,"Fresa Topo Reto HSS 13,00mm 4 Cortes -17169",1,FER
64367,133798-0,"Fresa Topo Reto HSS 14,00mm 4 Cortes -17170",1,FER
64368,133800-0,"Fresa Topo Reto HSS 16,00mm 4 Cortes -17172",1,FER
64369,133801-0,"Fresa Topo Reto HSS 17,00mm 4 Cortes -17173",1,FER
64370,133802-0,"Fresa Topo Reto Hss 18,00mm 4 Cortes -17174",1,FER
64371,133803-0,"Fresa Topo Reto HSS 19,00mm 4 Cortes -17175",1,FER
64372,133775-0,"Fresa Topo Reto HSS 2,00mm 4 Cortes -17147",1,FER
64373,133804-0,"Fresa Topo Reto HSS 20,00mm 4 Cortes -17176",1,FER
64374,133809-0,"Fresa Topo Reto HSS 25,00mm 4 Cortes -17181",1,FER
64375,133777-0,"Fresa Topo Reto HSS 3,00mm 4 Cortes -17149 HT",1,FER
64376,133854-0,"Fresa Topo Reto HSS 3/16"""" 4 Cortes -29593",1,FER
64377,133863-0,Fresa de Topo 3/4,1,FER
64378,133870-0,"Fresa Topo Reto HSS 3/8"" 4 Cortes -29599",1,FER
64379,133779-0,"Fresa Topo Reto HSS 4,00mm 4 Cortes -17151",1,FER
64380,133781-0,Fresa de Topo 5mm -HT,1,FER
64381,133856-0,"Fresa Topo Reto HSS 5/16"" 4 Cortes -29597",1,FER
64382,133874-0,"Fresa Topo Reto HSS 5/8"" 4 Cortes -29610",1,FER
64383,133783-0,"Fresa Topo Reto HSS 6,00mm 4 Cortes -17155",1,FER
64384,133787-0,"Fresa Topo Reto HSS 8,00mm 4 Cortes -17159",1,FER
64385,133789-0,"Fresa Topo Reto HSS 9,00mm 4 Cortes -17161",1,FER
64386,133873-0,"Fresa Topo Reto HSS 9/16"" 4 Cortes -29605",1,FER
64387,267167-0,Furadeira de Bancada FBM-160 Trifásico,1,FER
64388,265556-1,Furadeira de Bancada FBM-160 Mono,1,FER
64389,137952-0,Furadeira de Coluna Mono FSC25P Pratika,1,FER
64390,267171-0,Furadeira de Coluna FC-250T Trifásico,1,FER
64391,260680-0,Parafusadeira/furadeira de Impacto GSB 18V-150 S/bateria,1,FER
64392,175332-0,Furadeira de Impacto GSB 13 RE Profissional 650W 220V com Maleta,1,FER
64393,175329-0,Furadeira de Impacto 650W 220V GSB 13 RE,1,FER
64394,301922-0,"Furadeira de Impacto GSB 16RE 1/2"" 850W 220V com Kit de Brocas com 10UN",1,FER
64395,207678-0,"Furadeira GSB 450 RE com Impacto 3/8"" 220V 450W",1,FER
64396,249677-0,Furadeira de Impacto com Maleta 10mm,1,FER
64397,193249-0,Furadeira de Impacto 10 6602 570W 220V,1,FER
64398,192645-0,Furadeira de Impacto 220V 10 RE- 6604 570W,1,FER
64399,193478-0,Furadeira/parafusadeira sem Fio Gsr 180 Li Professional 18v,1,FER
64400,199158-0,"Parafusadeira/furadeira a Bateria 10,8V Li-ion 3/8 Pol. com Carregador 2 Bat. e Bolsa",1,FER
64401,279709-0,Parafusadeira/furadeira Angular GWB 12V-10 S/bateria,1,FER
64402,248269-0,Parafusadeira/furadeira com Impacto GSB 18V-50 com Maleta + 2 Baterias -06019H51E0-000,1,FER
64403,220761-0,Parafusadeira/furadeira de Impacto a Bateria 18V sem Bateria e Carregador,1,FER
64404,248268-0,Parafusadeira/furadeira GSB 18V-50 de Impacto À Bateria 18V sem Bateria e sem Carregador,1,FER
64405,195723-0,Parafusadeira/furadeira de Impacto 18V Completa com Maleta,1,FER
64406,249843-0,Furadeira/parafusadeira GSB 120-LI com 23 Acessórios e Bateria,1,FER
64407,246831-0,Parafusadeira/furadeira GSB 120-LI com 1 Carregador + 1 Bateria,1,PAR
64408,249842-0,Parafusadeira/furadeira GSB 120-LI + GDR120-LI Maleta com 1 Carregador + 2 Baterias,1,FER
64409,301924-0,"Parafusadeira/furadeira GSR 7 14 3/8"" 400W 200V Cabo 4M + Bolsa",1,FER
64410,118049-0,"Furadeira Pneumática Reversível 3/8"" (Ref SFFC38, SCHULZ)",1,FER
64411,297596-0,Gabarito Angular Multifunção,1,
64412,12530-1,Caixa Tipo Gabinete 4 Gavetas - 001.001,1,FER
64413,173806-0,Caixa de Ferramentas Tipo Gabinete 6 Gavetas,1,FER
64414,247940-0,Gerador de Energia À Gasolina (Ref TG3100CXR),1,CAS
64415,128565-0,"Gerador de Energia Portátil GM3500 a Gasolina 4T 3,5 Kva Partida Manual Bivolt -40144402",1,FER
64416,197578-0,"Gerador de Energia 201027 a Gasolina 7,2 Kw 420 Cc Bivolt 115/230 v Monofásico 25 l",1,CAS
64417,32157-1,"Gerador de Energia À Gasolina TG12000CXNE 4T 622CC 10,5KVA Monofásico Bivolt",1,CAS
64418,301728-0,Gerador de Energia a Diesel Monofásico TDG6500BXE 5.5kVA com Partida Elétrica,1,CAS
64419,247598-0,Gerador À Diesel Monofásico,1,CAS
64420,295103-0,"Gerador de Energia a Diesel Aberto TDG8500EXP 4T 498CC 7,0 Kva Bivolt Monofásico",1,CAS
64421,177702-0,Grampo de Aperto Rápido 12,1,FER
64422,239374-0,Grampo de Aperto Rápido 6,1,FER
64423,197402-0,Grampo Aperto Rápido 450mm,1,FER
64424,197403-0,Grampo Aperto Rápido 600mm,1,FER
64425,197404-0,Grampo Aperto Rápido 900mm,1,FER
64426,173808-0,"Grampo de Fixação 6""",1,FER
64427,32154-1,Gravador Elétrico 220W,1,FER
64428,175855-0,Guincho Eletrico Monofásico TEC300 sem Caçamba 220V -71000258,1,MOV
64429,207490-0,Guincho Elétrico C/trole Eletrico 300/600kg Mono220v -71000501,1,MOV
64430,175856-0,Guincho de Coluna 500/1000kg HA107-1 -132048,1,MOV
64431,103987-0,Guincho Hidráulico 1T,1,AUT
64432,66525-0,Guincho Hidráulico com Prolongador,1,AUT
64433,257688-0,Haste Magnética Cabo 1/4,1,FER
64434,248963-0,Haste Magnética Flexível Cabo,1,FER
64435,323724-0,Haste para Misturador Elétrico HM-140 600mm -60576,1,CON
64436,254906-0,Máquina de Solda Inversora Handyarc 142i - 220V,1,FER
64437,247697-0,Máquina de Solda Origoarc,1,FER
64438,255300-0,Máquina de Solda Inversora Rogue LHN 202i - 220V,1,FER
64439,255037-0,Máquina de Solda Inversora TIG e Eletrodo Rogue ET 205iP - 200A 220V -743323,1,FER
64440,205483-0,Máquina Inversora de Solda ET-200I Tig AC/DC com Display Digital 200A 220V sem Tocha,1,FER
64441,252182-0,Máquina de Solda Inversora TIG/MMA Rogue LHN ES245i 200A 220V -752315,1,FER
64442,137635-0,"Jogo de Brocas para Metais 1,5 À 10mm C/19 Peças",1,FER
64443,137634-0,Jogo Brocas para Metais 1.5 À 6mm 13 Peças -37262,1,FER
64444,137637-0,Jogo de Broca HT 1/16 a 1/4,1,FER
64445,242711-0,Jogo de Chave de Fenda e de Impacto com Proteção 8 Peças,1,FER
64446,224199-0,Jogo de Chave de Precisão Torx Reta 7 Peças (T5 a T15),1,FER
64447,251512-0,Jogo de Chave Combinada com Catraca Cabeça Flexível 5 Peças,1,FER
64448,283953-0,Jogo de Chave Combinada Espelhada 6 Peças -ST09018SJ,1,FER
64449,173461-0,Jogo de Chave Combinada 8 a 13 5 Peças,1,FER
64450,283946-0,Jogo de Chave Combinada com Catraca Reversível 5 Peças,1,FER
64451,319342-0,Jogo de Alicate 3PC VDE,1,FER
64452,128313-0,Jogo de Alicates para Anéis de Retenção 5 Peças,1,FER
64453,194493-0,Jogo de Chave de Fenda e de Impacto,1,FER
64454,312164-0,"Jogo de Bits de Impacto Duplo Nº2 X 65mm Encaixe 1/4"" com 10 Peças",1,FER
64455,312160-0,"Jogo de Bits de Impacto Hexagonal 3mm X 50mm Encaixe 1/4"" com 10 Peças",1,FER
64456,312161-0,"Jogo de Bits de Impacto Hexagonal 4mm X 50mm Encaixe 1/4"" com 10 Peças",1,FER
64457,312162-0,"Jogo de Bits de Impacto Hexagonal 5mm X 50mm Encaixe 1/4"" com 10 Peças",1,FER
64458,312163-0,"Jogo de Bits de Impacto Hexagonal 6mm X 50mm Encaixe 1/4"" com 10 Peças",1,FER
64459,312153-0,"Jogo de Bits de Impacto Nº1 X 50mm Encaixe 1/4"" com 10 Peças",1,FER
64460,189716-0,Kit de Ponta Bits 27 Peças,1,FER
64461,312133-0,Bit Fenda 3mm X 50mm com 5 Unidades,1,FER
64462,283712-0,Ponta Bit Fenda (c/5pc) 1/4 X 25mm X 4mm,1,FER
64463,128312-0,Jogo de Ponta Bit Elétrico com Adaptador 1/4 - 31 Peças,1,FER
64464,312134-0,Bits Fenda de 5mm X 50mm com 5 Unidades,1,FER
64465,283713-0,"Ponta Bit Fenda (c/5pc) 1/4 X 25mm X 6,5mm",1,FER
64466,312135-0,Bits Fenda de 6mm X 50mm com 5 Unidades,1,FER
64467,173814-0,Jogo de Ponta Bit 1/4 80 Peças,1,FER
64468,173813-0,"Jogo de Bits 1/4"" 30 Peças",1,FER
64469,238004-0,"Ponta Bit Ponta Dupla e Fenda (5pc) 1/4 X 65mm X n2 X 5,5mm",1,FER
64470,283714-0,Ponta Bit Hexagonal (c/5pc) 1/4 X 25mm X 2mm,1,FER
64471,283715-0,Ponta Bit Hexagonal (c/5pc) 1/4 X 25mm X 3mm,1,FER
64472,312143-0,Bit Hexagonal de 3mm X 50mm com 5 Unidades,1,FER
64473,283717-0,Ponta Bit Hexagonal (c/5pc) 1/4 X 25mm X 5mm,1,FER
64474,283716-0,Ponta Bit Hexagonal (c/5pc) 1/4 X 25mm X 4mm,1,FER
64475,312145-0,Bit Hexagonal de 5mm X 50mm com 5 Unidades -ST59355,1,FER
64476,312144-0,Bit Hexagonal de 4mm X 50mm com 5 Unidades,1,FER
64477,283718-0,Ponta Bit Hexagonal (c/5pc) 1/4 X 25mm X 6mm,1,FER
64478,312146-0,Bit Hexagonal de 6mm X 50mm com 5 Unidades,1,FER
64479,283719-0,Ponta Bit Hexagonal (c/5pc) 1/4 X 25mm X 7mm,1,FER
64480,283720-0,Ponta Bit Hexagonal (c/5pc) 1/4 X 25mm X 8mm,1,FER
64481,240803-0,Kit de Pontas e Brocas para Parafusar e Perfurar com 54 Peças e Maleta,1,FER
64482,322587-0,"Jogo de Bits N2 X 50mm Encaixe 1/4"" com 5 Peças (Ref ST59323ST, SATA)",1,FER
64483,312165-0,"Jogo de Bits de Impacto Nº3 X 65mm Encaixe 1/4"" Ponta Dupla com 10 Peças",1,FER
64484,312155-0,"Jogo de Bits de Impacto Nº3 X 50mm Encaixe 1/4"" com 10 Peças",1,FER
64485,322586-0,"Jogo de Bits de Impacto Nº2 X 50mm Encaixe 1/4"" com 10 Peças",1,FER
64486,283721-0,Ponta Bit (c/5pc) 1/4 X 25mm X n0,1,FER
64487,283722-0,Ponta Bit (c/5pc) 1/4 X 25mm X n1,1,FER
64488,283723-0,Ponta Bit (c/5pc) 1/4 X 25mm X n3,1,FER
64489,238002-0,Ponta Bit Ponta Dupla (5pc) 1/4 X 65mm X n1 X n1,1,FER
64490,312136-0,Bit 1-50MM com 5 Peças,1,FER
64491,312138-0,"Jogo de Bits N3 X 50mm Encaixe 1/4"" com 5 Peças",1,FER
64492,307895-0,Jogo de Bits Spline CRV 1/2''11 PÇ com Estojo Dureza 5053 HRC,1,FER
64493,312157-0,"Jogo de Bits Torx de Impacto T20 X 50mm Encaixe 1/4"" com 10 Peças",1,FER
64494,312158-0,"Jogo de Bits Torx de Impacto T25 X 50mm Encaixe 1/4"" com 10 Peças",1,FER
64495,312159-0,"Jogo de Bits Torx de Impacto T30 X 50mm Encaixe 1/4"" com 10 Peças",1,FER
64496,312141-0,"Jogo de Bits Torx T25 X 50mm Encaixe Sextavado 1/4"" com 5 Peças",1,FER
64497,312139-0,"Jogo de Bits Torx T10 X 50mm Encaixe Sextavado 1/4"" com 5 Peças",1,FER
64498,312140-0,"Jogo de Bits Torx T20 X 50mm Encaixe 1/4"" com 5 Peças",1,FER
64499,312142-0,"Jogo de Bits Torx T30 X 50mm Encaixe Sextavado 1/4"" com 5 Peças",1,FER
64500,255825-0,"Jogo de Brocas Aço Rápido 1/16” À 1/2"" com 29 Peças",1,FER
64501,294131-0,"Jogo de Broca Aço Rápido 1,5 a 6,5 13 Peças A002",1,FER
64502,258624-0,"Jogo de Broca Aço Rápido 1,5 a 6,5 19 Peças A100",1,FER
64503,3164-0,Jogo de Broca Aço Rápido 1/16 À 3/8 TB14896 com 21 Peças,1,FER
64504,302229-0,Jogo de Chave Hexagonal Longa 1.5 a 10,1,FER
64505,173712-0,"Jogo de Chave Hexagonal 0,05 a 10 - 1/16 a 3/8",1,FER
64506,133252-0,Jogo de Chave Combinada 1/4 a 3/4,1,FER
64507,251492-0,Jogo de Chave Combinada com Catraca 7 Peças (Ref ST09023SJ),1,FER
64508,251523-0,Jogo de Chave Combinada com Catraca Reversível 8 a 18mm 8 Peças,1,FER
64509,120743-0,Jogo de Chave Combinada com Catraca Curta 10 Peças,1,FER
64510,120774-0,Jogo de Chave Combinada com Catraca Reversível 8-19mm 12 Peças,1,FER
64511,22069-0,Jogo de Chave Combinada 1/4 a 3/4 9 Peças,1,FER
64512,283948-0,Jogo de Chave Combinada com Catraca 12 Peças,1,FER
64513,173669-0,Jogo de Chave Combinada Speedy com Catraca 8-19mm 8 Peças,1,FER
64514,258860-0,Jogo de Chave Combinada com Catraca Speedy de 8-19mm com 12 Peças,1,FER
64515,120741-0,Jogo de Chave Combinada com Catraca 16 Peças,1,FER
64516,150631-0,Jogo de Chave Combinada Speedy com Catraca 8-19mm 6 Peças,1,FER
64517,120850-0,Jogo de Chave Combinada Speedy com Catraca 12 Peças 8,1,FER
64518,174209-0,Jogo de Chave Combinada Speedy x6 8-17mm 7 Peças,1,FER
64519,173693-0,Jogo de Chave de Fenda e 10 Peças,1,FER
64520,173479-0,"Jogo de Chave Estrela 6 a 22 (Ref 101401MY, MAYLE)",1,FER
64521,22100-0,"Jogo de Chave Estrela 1/4 a 1.1/4 (Ref 101902MY, MAYLE)",1,FER
64522,139840-0,Jogo de Chave Quadbox com Bit 8-19 mm,1,FER
64523,173694-0,"Jogo de Chave de Fenda e 6 Peças (Ref ST09303ESJ, SATA)",1,FER
64524,127103-0,Jogo de Chave Fixa 6 a 32,1,FER
64525,22130-0,"Jogo de Chave Fixa 1/4 a 1.1/4 (Ref 100904MY, MAYLE)",1,FER
64526,173487-0,Jogo de Chave Fixa 6 a 17,1,FER
64527,173488-0,Jogo de Chave Fixa 6 a 22,1,FER
64528,69503-0,"Jogo de Chave Hexagonal Abaulada 9 Peças (Ref 220890BR, BELZER)",1,FER
64529,237665-0,"Jogo de Chave Allen Longa 9 Peças 1,5 a 10mm Color",1,FER
64530,21315-0,"Jogo de Chave Hexagonal 1,5 a 6 mm",1,FER
64531,21349-1,Jogo de Chave Hexagonal Longa 3 a 10MM 8 Peças,1,FER
64532,300997-0,"Jogo Chave Hexagonal Curta 1,5 X 10mm 11PC",1,FER
64533,30247-0,Jogo de Chave Maxtork Reta T-10 a T-30,1,FER
64534,324566-0,"Jogo de Chaves Canhão 6 Peças 3/16 a 7/16""",1,FER
64535,325396-0,Jogo de Chaves Canhão 10 Peças,1,FER
64536,317731-0,Jogo de Chave Combinada Curta Catraca 10 À 19mm 10 Peças,1,FER
64537,173670-0,Jogo de Chave Combinada com Soquete Flexível 6 Peças (10 a 19),1,FER
64538,283947-0,Jogo de Chave Combinada Speedy com Catraca 8 Peças,1,FER
64539,133253-0,Jogo de Chave Combinada 1/4 a 7/8,1,FER
64540,251525-0,Jogo de Chave Combinada com Catraca 7 Peças (Ref 8-18mm),1,FER
64541,317722-0,Jogo Chave Combinada Angulada 45º 17 Peças 6 a 41mm,1,FER
64542,22067-0,"Jogo de Chave Combinada 6 a 22 (Ref 102405MY, MAYLE)",1,FER
64543,127293-0,Jogo de Chave Combinada com Catraca 8 a 19,1,FER
64544,22066-0,Jogo de Chave Combinada 6 a 17MM 7 Peças,1,FER
64545,120851-0,Jogo de Chave Combinada Speedy com Catraca 8 Peças 5/16 - 3/4,1,FER
64546,238853-0,Jogo de Chave de Fenda e Isolada 6 Peças,1,FER
64547,314704-0,Jogo de Chave Reta com Catraca 6PC,1,FER
64548,325384-0,Jogo de Chaves de Fendas Isoladas,1,FER
64549,173695-0,Jogo de Chave de Fenda e Serie T 6 Peças,1,FER
64550,283958-0,"Jogo de Chave e Soquete Sextavados e Estriados de 1/2"" com 25PC + Lanterna Dobrável Recaregável de",1,FER
64551,283954-0,Jogo de Chave Estrela com Catraca de 8x9-17x19mm com 6 Peças e 72D,1,FER
64552,173673-0,Jogo de Chave Estrela 8 Peças mm (6 a 22-23),1,FER
64553,324567-0,"Jogo de Chave de Fenda e 6 Peças (Ref ST08044L, SATA)",1,FER
64554,133152-0,Jogo de Chave Fixa 13 Peças mm (6 a 32),1,FER
64555,237664-0,"Jogo de Chave Allen Longa Abaulada 9 Peças 1,5 a 10mm",1,FER
64556,138427-0,Jogo de Chave Hexagonal Abaulada Longa 1/16 a 3/8,1,FER
64557,138431-0,Jogo de Chave Hexagonal Abaulada Longa 1.5 a 10,1,FER
64558,312119-0,"Jogo Chave Hexagonal Curta 1,5 X 10mm 9PC",1,FER
64559,283965-0,Jogo de Chave Hexagonal com 25 Peças,1,FER
64560,173714-0,Jogo de Chave Hexagonal Longa 1/16 a 3/8,1,FER
64561,21321-0,Jogo de Chave Hexagonal 5/32 a 7/8,1,FER
64562,242719-0,Jogo de Chaves Hexagonais Tork Longas CR-V T10-T50 com 9 Peças,1,FER
64563,173710-0,"Jogo de Chave Hexagonal Tipo Canivete 8 Peças 1,5 a 8mm",1,FER
64564,173711-0,Jogo de Chave Hexagonal Tipo Canivete 9 Peças 1/4 a 5/32,1,FER
64565,237662-0,Jogo de Chaves Tork Allen Longa T10 - T50 com 9 Peças,1,FER
64566,283950-0,"Jogo de Chave Hexagonal Tipo Canivete 8 Peças 1,5 a 8MM",1,FER
64567,336512-0,Jogo de Chaves de Fenda e Isolada 6 Peças,1,FER
64568,207273-0,Jogo de Chaves Hexagonais Torx 9 Peças Curta T10 a T50,1,FER
64569,30248-0,Jogo de Chave Maxtork Torx t.7,1,FER
64570,258896-0,Jogo de Chave Torx Reta T8 a T40,1,FER
64571,173804-0,Jogo Extrator Parafuso 5pc,1,FER
64572,252942-0,"Jogo de Ferramentas com 110 Peças (Ref 110002E, MAYLE)",1,FER
64573,283967-0,Jogo de Ferramentas 148 Peças,1,FER
64574,249957-0,Jogo de Ferramentas com 52PC com Catraca Reversível e 5 Acessórios,1,FER
64575,261513-0,"Jogo de Ferramentas com 150 Peças (Ref ST09510L, SATA)",1,FER
64576,283956-0,Kit Jogo de Ferramentas para Oficina com 59 Peças,1,FER
64577,190026-0,Jogo de Ganchos para Vedação 5 Peças -ST9709SJ,1,FER
64578,207314-0,Jogo de Lima Rotativa 5 Peças para Madeira,1,FER
64579,205089-0,Jogo de Macho Man HSS MF 24 X 3 DIN352 com 3 Peças -E100M24NO8,1,AUT
64580,105066-0,Jogo de Macho Manual Ws Aço Liga 1/2 Unc 13Fpp 3 Peças,1,FER
64581,105063-0,Macho Manual com 03 UNC 1/4X20 -22877,1,FER
64582,105062-0,Macho de Aço Cromo 3/16 10-24 NC,1,FER
64583,105061-0,Jogo de Macho Manual 1/2 Ww -22914,1,FER
64584,16973-0,Jogo de Macho Manual Aço Liga 5/32 Unc 32Fpp 3 Peças,1,FER
64585,16935-0,Macho Aço Cromo -22939,1,FER
64586,105047-0,"Macho Aco Liga Metrica Grossa 3Pcs 06X1,00 -22928",1,FER
64587,105046-0,"Macho Aco Liga Metrica Grossa 3Pcs 05X0,80 -22926",1,FER
64588,105051-0,"Jogo Macho Aço Cromo Automotivo 10 X 1,25 mm MF",1,FER
64589,105052-0,"Jogo Macho Aço Cromo HT 12 X 1,25 MF",1,FER
64590,105054-0,Macho Aço Cromo -22957,1,FER
64591,16957-0,"Jogo Macho Aço Cromo HT 18 X 1,5 MF",1,FER
64592,16956-0,Macho Aço Cromo -22958,1,FER
64593,16958-0,Macho Aço Cromo -22960,1,FER
64594,16979-0,Jogo Macho Manual Unc 7/16 X 14 Aço Liga 3 Peças -22880,1,FER
64595,133562-0,Jogo Machos Manuais HSS Aço Rápido 1/2 - 14 BSP -37142,1,FER
64596,250089-0,Jogo de Macho Manual de Aço Rápido M10 X 1.5mm,1,FER
64597,133471-0,"Jogo de Macho Manual 12 X 1,75 mm com 03 Peças -37014",1,FER
64598,133475-0,"Jogo de Macho Manual HSS M20x2,50mm Din 352 3pçs HTOM101 -37018",1,FER
64599,133465-0,Macho Aco Rápido 3x0.50 mm 3 Peças,1,FER
64600,133466-0,"Jogo de Macho Manual 4 X 0,7 mm com 03 Peças -37009",1,FER
64601,133468-0,Macho Aço Rápido 6x1.00 mm 3 Peças,1,FER
64602,133469-0,Macho Aço Rápido 8x1.25 mm 3 Peças,1,FER
64603,133491-0,"Jogo Macho Aço Rápido M10X1,0 MB com 2 Peças",1,FER
64604,133492-0,Jogo de Macho Manual HSS Aço Rápido com 2 PEÇAS,1,FER
64605,133494-0,Jogo de Macho Manual HSS Aço Rápido com 2 Peças,1,FER
64606,133497-0,Macho Manual HSS Aço Rápido -37050,1,FER
64607,133498-0,Jogo de Macho Manual com 2 Peças Aço Rápido HSS m 16x1.5 -37051,1,FER
64608,133500-0,"Jogo de Macho Manual HSS MF20x1,50mm Din 2181 com 2 Peças",1,FER
64609,133490-0,Jogo de Macho Manual Aço Rápido HSS m 8x1.0 2 Peças,1,FER
64610,133509-0,Macho Aco Rápido 1/2 Unc13 3p -37068,1,FER
64611,133514-0,Jogo de Macho Manual com 3 Peças - HSS -37073,1,FER
64612,105049-0,Macho m 10.00 X 1.50 C/3 Peças -22932,1,FER
64613,133512-0,"Jogo de Macho Manual HSS UNC 3/4""x10FPP Din 351 3pçs -37071",1,FER
64614,133507-0,Jogo Macho Manual Hss Aço Rápido 3/8 16f Unc 3 Peças,1,FER
64615,133511-0,"Jogo de Macho Manual HSS UNC 5/8""x11FPP Din 351 3pçs -37070",1,FER
64616,133508-0,"Jogo de Macho Manual HSS 7/16"" X 14 Fios UNC com 3 Peças DIN 351",1,FER
64617,133504-0,Jogo Macho Manual Hss Aço Rápido 3/16 24f Unc 3 Peças,1,FER
64618,133501-0,Macho Aço Rápido -37060,1,FER
64619,133531-0,Kit de Macho Manual 1/2 X 20 D351 -37096,1,FER
64620,133536-0,"Kit de Macho Manual 1"" X 12 Passe 1° 3° D351",1,FER
64621,133529-0,Kit de Macho Manual 3/8 X 24 D351 2 Peças -37094,1,FER
64622,133528-0,Kit de Macho Manual 5/16 X 24 Passe 1º 3º D351 2 Peças,1,FER
64623,133535-0,"Jogo de Macho Manual HSS UNF 7/8""x14FPP Din 351 2 Peças HTOM100B -37100",1,FER
64624,300436-0,Jogo de Macho (hss) m22 X 2.5 Ma 1/2/3 -E100M22NO8,1,AUT
64625,105048-0,"Jogo Macho Manual M8 X 1,25mm Aço Liga WS 3 Peças -22930",1,FER
64626,16931-0,Macho Aço Cromo -22935,1,FER
64627,283968-0,Jogo de Bits Heragonais de 8MM com 42 Peças,1,FER
64628,283969-0,Jogo de Reparo para Pneus sem Câmara,1,FER
64629,73820-0,"Jogo de Saca Pinos 6pcs (Ref 210110BR, BELZER)",1,FER
64630,173829-0,"Jogo de Saca Pinos 6pcs (Ref ST09162SJ, SATA)",1,FER
64631,207345-0,Jogo de Serra Copos de 64 a 127mm para Madeira com 8 Peças,1,FER
64632,192802-0,Jogo de Soquetes e Acessórios Encaixe de 1/2 e 1/4 Pol. com 94 Peças.,1,FER
64633,173926-0,Jogo de Soquete de Impacto Sextavado 1/2 7/16 a 1,1,FER
64634,72665-0,Jogo de Soquete Estriado 18 Pecas Enc 1/2,1,FER
64635,21788-1,Jogo de Soquete Estriado 3/8a1.1/4 Enc 1/2,1,FER
64636,173925-0,Jogo de Soquete com Bits Hexagonais 1/4 1/2,1,FER
64637,21826-0,Jogo de Soquete Sextavado 3/8 a 11/4 Enc 1/2,1,FER
64638,283959-0,"Jogo de Soquetes Sextavados com 44 Peças com Encaixe de 1/4"" e 3/8''",1,FER
64639,174175-0,Jogo de Soquete com Bits Torx 1/4 1/2,1,FER
64640,173843-0,Jogo de Soquetes com Bits Multidentado 1/4 - 1/2 Pol. 18 Peças,1,FER
64641,287458-0,"Jogo de Soquetes de Extração Bolt Biter com Encaixe 1/4"" e 3/8"" de 13 Peças",1,FER
64642,287459-0,Jogo de Soquete de Impacto Extrator - 1/4 a 3/8 - 23 Peças,1,FER
64643,283682-0,"Jogo de Soquete Impacto Parede Fina 1/2"" Longos e Curtos com 26 Peças",1,FER
64644,283681-0,"Jogo de Soquetes de Impacto com Encaixe de 1/2"" Parede Fina Thinwall 10-24mm com 14 Peças",1,FER
64645,173927-0,Jogo de Soquete de Impacto Sextavado 1/2 10 a 24,1,FER
64646,283971-0,"Jogo de Soquetes e Chaves de 1/2"" com 33 Peças",1,FER
64647,174169-0,Jogo de Chave Norte-to e Soquete 35 Peças,1,FER
64648,138053-0,Jogo de Soquetes Estriados de 1/2 Pol + Acessórios e Maleta com 23 Peças,1,FER
64649,173960-0,Jogo de Soquete Sextavado 1/2 10 a 24,1,FER
64650,173964-0,Jogo de Soquete Sextavado 1/2 10 a 32/10 a 19,1,FER
64651,283970-0,"Jogo de Soquetes 3/8"" com Catraca de 14 Peças",1,FER
64652,174066-0,Jogo de Soquete Sextavado 1/4 5/32 a 1/2,1,FER
64653,174135-0,Jogo de Soquete Sextavado 1/2 3/8 a 1 e 8 a 32,1,FER
64654,251574-0,"Jogo de Soquetes Sextavado com 86 Peças com Encaixes de 1/2"" e 1/4""",1,FER
64655,174061-0,Jogo de Soquete Sextavado 1/4 3 5 a 14/8 a 13,1,FER
64656,283962-0,"Jogo de Soquete Sextavado 1/4"" com 20 Peças",1,FER
64657,174178-0,Jogo de Talhadeira,1,CON
64658,174183-0,Jogo de Talhadeira Punção e Saca Pino 5 Peças,1,CON
64659,258687-0,Jogo de Macho Manual de Aço Rápido 14 X 2mm com 3 Peças,1,FER
64660,258689-0,Jogo Macho Manual Canal Reto M20x2.5 DIN352 3 Peças -E100M20NO8,1,AUT
64661,173962-0,Jogo de Soquete Estriado 1/2 (10a32) (Ref ST09203SJ),1,FER
64662,174101-0,Jogo de Soquete Estriado 1/2 (5/16 a 1.1/4),1,FER
64663,283963-0,"Jogo de Soquetes Sextavado de 3/8"" com 23 Peças",1,FER
64664,173961-0,Jogo de Chave e Soquete Estriado e Sextavado 1/2 25 Peças,1,FER
64665,173963-0,Jogo de Soquete Estriado 1/2 (10a32) (Ref ST09090SJ),1,FER
64666,283961-0,"Jogo de Soquetes Sextavado de 1/2"" com 23 Peças",1,FER
64667,174065-0,Jogo de Soquete Sextavado e Bits 1/4 60 Peças,1,FER
64668,174064-0,"Jogo de Soquete Sextavado 1/4"" 3,5 a 14mm 66 Peças",1,FER
64669,21831-0,"Junta Universal para Soquete 1/2 (Ref 204955BX, BELZER)",1,FER
64670,135986-0,Junta Universal de Impacto para Soquete 1/2,1,FER
64671,173809-0,"Junta Universal para Soquete 1/2 (Ref ST13912SC, SATA)",1,FER
64672,173810-0,Junta Universal para Soquete 1/4,1,FER
64673,173811-0,Junta Universal de 3/4 Pol.,1,FER
64674,173812-0,"Junta Universal para Soquete 3/8 (Ref ST12912SC, SATA)",1,FER
64675,307526-0,Kit de Ferramentas 11 Peças,1,FER
64676,340351-0,Jogo de Lamina para Estilete com 10PC (Ref ST93434A),1,CON
64677,247342-0,"Combo Chave de Impacto GDR 120-LI + Parafusadeira GSR 120-LI com 2 Baterias, Carregador Bivolt, Kit Acessórios e Maleta",1,FER
64678,314200-0,Kit para Compressores Hobby 05 Peças,1,
64679,173819-0,Jogo para Chapeador (6 P),1,FER
64680,8564-1,"Lâmina Bimetal para Serra Manual 12"" (Ref BS1224, STARRETT)",1,FER
64681,11163-0,Lâmina de Serra Aço Rápido 10 Dentes,1,FER
64682,11175-1,Serra Máquina Aço Rápido 525x45mm 6 Dentes,1,FER
64683,11145-1,Serra Aço Rápido Rígida,1,FER
64684,22276-0,Lâmina de Serra Manual Bimetal com 24 Dentes,1,FER
64685,11153-0,Serra Máquina Aço Rápido 350x25mm 10 Dentes,1,FER
64686,11239-1,Lâmina para Estilete 9mm com 10PC,1,CON
64687,69128-0,"Jogo de Lâminas Bi-metal para Serra Tico-tico 105 X 9,5 X 1mm com 5 Peças",1,FER
64688,69129-0,Jogo de Lâminas de Serra Tico-tico Bimetal 50mm 24D com 5PC,1,FER
64689,69125-0,Serra Tico-tico Bi-metal com 5 Peças 50mm,1,FER
64690,69127-0,Lâmina de Serra Tico-tico Bi-metal com Encaixe Unificado 50mm 18D com 5 Peças,1,FER
64691,69132-0,Lâmina de Serra Aço 50mm 32 Dentes com 5PC,1,FER
64692,75009-0,"Jogo de Lâminas para Faca para Corte Couro 6""/150mm com 10PC - RS6",1,FER
64693,11231-0,Lâmina para Estilete 10 Peças (Ref KS01R),1,CON
64694,264500-0,Lanterna Dobrável Recaregável de 300LM com Carregador,1,FER
64695,283974-0,Lanterna Telescópica Recarregável de 300LM com Carregador Resistente a Água,1,FER
64696,297673-0,Conheça o Lápis Carpinteiro,1,
64697,173397-0,Lápis Carpinteiro,1,FER
64698,297904-0,Lavadora de Alta Pressão K2 Plus Turbo 1740 PSI 1400 w 220 v,1,FER
64699,85731-0,Lavadora de Alta Pressão HD 6/15 C 220V,1,FER
64700,105219-0,Lavadora de Peças,1,AUT
64701,309489-0,Lente Externa para Máscara de Solda Automatica,1,SEG
64702,58503-0,Lente Retangular Incolor 51Mm X 108Mm,1,SEG
64703,319610-0,"Ligação Reparadora 78510/000 para Mangueira 1/2"" em Plástico",1,
64704,174329-0,Lima Chata Bastarda KF10 Cabo,1,FER
64705,283975-0,Lima Chata Bastarda KF12 sem Cabo,1,FER
64706,240649-0,Lima Chata Bastarda KF6 Cabo,1,FER
64707,116409-0,Lima Chata Bastarda KF8 Cabo,1,FER
64708,253894-0,Lima Chata Murca KF10 sem Cabo,1,FER
64709,283976-0,Lima Chata Murca KF12 sem Cabo,1,FER
64710,283977-0,Lima Chata Murca KF6 - APEX TOOL,1,FER
64711,240313-0,"Lima Chata Murça 8"" Cabo (Ref 3646BC, K&F)",1,FER
64712,49057-0,"Lima Enxada 8"" Cabo KF",1,FER
64713,223242-0,"Lima Facão Destro 8"" sem Cabo",1,FER
64714,22235-0,Lima Grosa Cabinet Regular 10 Pol.,1,FER
64715,22236-0,Lima Grosa Cabinet Regular 12 Pol.,1,FER
64716,283979-0,Lima Meia Cana Bastarda KF10 Cabo,1,FER
64717,283980-0,Lima Meia Cana Bastarda KF6 Cabo,1,FER
64718,22190-0,Lima Meia Cana Bastarda KF8 - APEX TOOL,1,FER
64719,283982-0,"Lima Meia Cana Murca 6"" Cabo",1,FER
64720,22195-0,Lima Meia Cana Murca KF8 Cabo,1,FER
64721,116809-0,"Lima Chata Enxada Multiuso 8"" sem Cabo 8992",1,FER
64722,22163-0,Jogo C/3 Limas Motosserra KF7/32 sem Cabo,1,FER
64723,224378-0,"Lima Redonda Bastarda 8"" Cabo (Ref 11916BC, K&F)",1,FER
64724,206690-0,Lima Rotativa Árvore Arredondada 06 X 18 X 63 X Haste 06mm -39261,1,FER
64725,262475-0,Lima Rotativa Árvore Arredondada HT Hansa 8mm X 19mm X 65mm,1,FER
64726,206687-0,Lima Rotativa Árvore Arredondada 10 X 20 X 65 X Haste 06mm -39263,1,FER
64727,206694-0,Lima Rotativa Arvore Pontiaguda -22776,1,FER
64728,206648-0,Lima Rotativa Arvore Pontiaguda MD 12X25MM -39334,1,FER
64729,206712-0,Lima Rotativa Cônica HT Hansa 10mm X 16mm X 65mm,1,FER
64730,241786-0,Lima Rotativa Cilíndrica com Topo Esférico HT Hansa 8mm X 19mm X 65mm,1,FER
64731,206722-0,Lima Rotativa Cilíndrica com Topo Esférico HT Hansa 10mm X 25mm X 70mm,1,FER
64732,206723-0,Lima Rotativa Cilíndrica com Topo Esférico HT Hansa 12mm X 25mm X 70mm,1,FER
64733,206718-0,Lima Rotativa Cilíndrica com Corte no Topo HT Hansa 12mm X 25mm X 70mm,1,FER
64734,206757-0,Lima Rotativa Esférica HT Hansa 8mm X 7mm,1,FER
64735,252044-0,Lima Rotativa Cilíndrica com Topo Esférico HT Hansa 6mm X 19mm X 50mm,1,FER
64736,22162-0,Jogo C/3 Limas Motosserra KF 3/16 sem Cabo,1,FER
64737,22220-0,Lima Triangular Bastarda 8 Cabo,1,FER
64738,284002-0,Lima Triangular Delgada KF6 Cabo,1,FER
64739,241787-0,Lima Triangular Delgada KF8 sem Cabo APEX TOOL,1,FER
64740,58541-0,Limpador de Bicos para Maçarico com 13 Agulhas,1,FER
64741,254694-0,Limpa Contato 300 ml,1,AUT
64742,297620-0,Conheça a Linha Trançada para Pedreiro 100M,1,
64743,297619-0,Linha Trançada para Pedreiro 50 m – Precisão e Confiabilidade nas Suas Obras,1,
64744,124875-0,Lixa D'água 150 3M,1,
64745,7978-0,Lixadeira de Cinta 7640 900W,1,FER
64746,73012-0,Lixadeira Orbital/oscilante Retangular 190W GSS 23 AE,1,FER
64747,108385-0,Lixadeira Orbital 200W 220V,1,FER
64748,104844-0,Lixadeira Roto-orbital Pneumática 6 Pol. (Ref SFL10),1,FER
64749,118052-0,Lixadeira Roto-orbital Pneumática 6 Pol. (Ref SFLC11),1,FER
64750,258898-0,Luminária Dobrável Recarregável com Carregador,1,FER
64751,136123-0,Luva de Segurança de Malha Pigmentada Antiderrapante de PVC Tamanho 8,1,SEG
64752,249442-0,Luva de Segurança Blue Grip Tamanho g,1,SEG
64753,134626-0,Luva de Segurança Tricotada Branca Tamanho m,1,SEG
64754,136078-0,Macaco Hidráulico para Caixa de Transmissão 650kg,1,AUT
64755,131936-0,Macaco Especial Moleiro com 2 Bombas - 30 Toneladas,1,AUT
64756,23105-0,"Macaco Hidráulico Linha MT com Capacidade de 1,5T",1,AUT
64757,284021-0,Macaco Hidráulico Garrafa 10 Toneladas,1,AUT
64758,284022-0,Macaco Hidráulico Garrafa 16 Toneladas,1,AUT
64759,23123-0,Macaco Hidráulico 2 Toneladas Tipo Garrafa,1,AUT
64760,118418-0,Macaco Garrafa 20 Toneladas,1,AUT
64761,280512-0,"Macaco Hidráulico Garrafa 2 Toneladas (Ref ST97801ASC, SATA)",1,AUT
64762,23112-0,Macaco Hidráulico 32Toneladas Tipo Garrafa,1,AUT
64763,23117-0,Macaco Hidráulico 35T Tipo Garrafa,1,AUT
64764,284025-0,Macaco Hidráulico Garrafa 4 Toneladas,1,AUT
64765,103716-0,Macaco Hidráulico Linha CJ com Capacidade de 50T,1,AUT
64766,284026-0,Macaco Hidráulico Garrafa 50 Toneladas,1,AUT
64767,23125-0,Macaco Hidráulico 6 Toneladas Tipo Garrafa,1,AUT
64768,284027-0,Macaco Hidráulico Garrafa 6 Toneladas,1,AUT
64769,284028-0,Macaco Hidráulico Garrafa 8 Toneladas,1,AUT
64770,23130-0,Macaco Hidráulico 16 Toneladas Tipo Garrafa,1,AUT
64771,284029-0,Macaco Jacaré Rebaixado 2 Toneladas,1,AUT
64772,150585-0,Macaco Garrafa MTO Hidráulico 2 Estágios 12 Toneladas,1,AUT
64773,237014-0,Macaco Hidráulico 500kg para Caixa de Transmissão,1,AUT
64774,150573-0,"Macaco Hidráulico EFT Tipo Garrafa 1,5 TON 3 Estágios",1,AUT
64775,23129-0,Macaco Hidráulico 12 Toneladas Tipo Garrafa,1,AUT
64776,134751-0,Macaco Hidráulico Tipo Garrafa 4 Toneladas,1,AUT
64777,23126-0,Macaco Hidráulico 8 Toneladas Tipo Garrafa,1,AUT
64778,186934-0,Macaco Hidráulico 2T Tipo Jacaré,1,AUT
64779,134752-0,Macaco Hidropneumático com Válvula 30 Ton,1,AUT
64780,82483-0,Maçarico de Aquecimento BMA 1150,1,FER
64781,178248-0,Maçarico de Corte NT 5500,1,FER
64782,128078-0,Maçarico de Corte,1,FER
64783,32493-0,Maçarico de Solda (Ref WH-201N),1,FER
64784,333297-0,Macho para Tubo Aço Rápido NPT 1/2 X 14 -37157,1,FER
64785,303681-0,Macho Máquina Aço Rápido m EX00M6 Canal Helicoidal -EX00M6,1,FER
64786,78145-0,Mala de Ferramentas 18,1,FER
64787,81816-0,Mala de Ferramentas 18 -IW14081,1,FER
64788,173820-0,Bolsa Porta Ferramentas 16,1,FER
64789,173822-0,Maleta de Alumínio 16,1,FER
64790,191495-0,Maleta C/brocas e Ponteiras 110 Peças -43145110,1,FER
64791,238222-0,"Mandril 1/2"" de Rosca com Capacidade de 1,5-13mm 13L com Chave HT",1,FER
64792,259841-0,"Mandril com Chave HT 16 l 5/8"" X 16 Fios",1,FER
64793,259837-0,"Mandril com Chave Ht 10ll 3/8"" X 24 Fios -2623",1,FER
64794,175409-0,Mandril com Chave 16mm B16 16L -2622,1,FER
64795,175408-0,Mandril com Chave Ht 16l b18 -2568,1,FER
64796,60452-0,Mandril com Chave 20 mm B22 para Furadeira 20P,1,FER
64797,60454-0,Mandril com Chave Ht 26p b24 -18498,1,FER
64798,73187-0,Máquina de Cortar Vergalhão Nº 1 -MV082,1,CON
64799,73188-0,Máquina de Cortar Vergalhão Nº2 3/4'',1,CON
64800,311176-0,Máquina de Corte a Plasma Cutmaster 50+ 50A 380/440V Trifásico -749821,1,FER
64801,243035-0,Máquina de Corte de Plasma Handyplasma 45i - 45A 220V,1,FER
64802,254907-0,Máquina de Solda Inversora MMA 160A Handyarc 162I,1,FER
64803,255683-0,Máquina de Solda Mig Smashweld 455 Top Flex Alimentador Externo -742525,1,FER
64804,300476-0,Máquina Inversora de Solda Rustler 455i 420A MIG/MAG 220/380/440V Trifásica,1,FER
64805,300474-0,Máquina Inversora de Solda RUSTLER 4 X 4 300I,1,FER
64806,312229-0,Máquina Inversora de Solda Bantam 2.5 120A,1,FER
64807,123332-0,"Marcador Industrial Amarelo 3mm (Ref 043FQ500, BADEN)",1,CON
64808,121286-0,"Marcador Industrial Branco 3mm (Ref 043FQ101, BADEN)",1,CON
64809,299992-0,Marreta Oitavada 2000G Cabo Fibra,1,FER
64810,297637-0,"Conheça a Marreta Oitavada 1,5 kg",1,
64811,308596-0,Marreta Oitavada 1000g Cabo Madeira,1,FER
64812,308600-0,Marreta Oitavada 2000g Cabo Madeira,1,FER
64813,282733-0,Marreta Quadrada 5000g Cabo Fibra Aço Forjado,1,FER
64814,249167-0,Martelo Demolidor GSH 500 Profissional SDS 1100W 220V com Maleta,1,FER
64815,105341-0,Martelete Perfurador GBH 3-28 DRE 800W 220V,1,FER
64816,101967-0,Martelete Perfurador GBH 2-26 DRE 220V,1,FER
64817,122624-0,"Martelo Perfurador/rompedor 820W 2,7J com Maleta",1,FER
64818,129149-0,Martelo Eletropneumático Rompedor SDS 1859 750W 220V,1,FER
64819,317861-0,Martelo Bola Cabo Fibra (MTX),1,FER
64820,282209-0,Martelo Bola Cabo Febra,1,FER
64821,317862-0,Martelo Bola Cabo Fibra (MTX),1,FER
64822,317863-0,Martelo Bola Cabo Fibra (MTX),1,FER
64823,138436-0,Martelo Borda Plástica 35mm,1,FER
64824,297585-0,Conheça o Martelo de Borracha Preto 40mm,1,
64825,7082-0,Martelo de Borracha Preta Preta 580g,1,FER
64826,46414-0,Martelo Nylon Cabo Madeira 225E 22,1,FER
64827,46418-0,Martelo Nylon Cabo Madeira 225E 40,1,FER
64828,46416-0,Martelo Nylon Cabo Madeira 225E 32,1,FER
64829,273443-0,Martelo Unha Cabo Plástico,1,FER
64830,82564-0,Martelo Demolidor GSH 16-28 1750W 220V,1,FER
64831,119315-0,Martelo Demolidor Rompedor GSH 27 VC 2000W 220V,1,FER
64832,88317-0,Martelete Rompedor GSH 5 Ce 220V,1,FER
64833,179203-0,Martelete Perfurador GBH 12-52 D 220V,1,FER
64834,68786-0,Martelete Perfurador Rompedor GBH 5-40Dce 220V,1,FER
64835,130843-0,"Martelo Perfurador Rompedor SDS GBH 540 D 8,5J 220V 1100W",1,FER
64836,307044-0,Martelo Tipo Unha Cabo Fibra 20mm,1,FER
64837,307045-0,Martelo Tipo Unha Cabo Fibra 25mm,1,FER
64838,307046-0,Martelo Unha Polido Cabo Fibra Emborrachado,1,FER
64839,283635-0,Martelo Tipo Unha Cabo Fibra 27mm,1,FER
64840,58391-0,Máscara de Solda ADVANCED sem Catraca Visor Fixo,1,SEG
64841,220843-0,Máscara de Proteção Respiratória com Válvula PFF2 Dobrável 9822,1,SEG
64842,220846-0,Máscara de Proteção Respiratória Dobrável PFF2 9820,1,SEG
64843,58412-0,Máscara Respiratória Semi Facial CG 306,1,SEG
64844,318992-0,Mini Retífica Pneumática,1,FER
64845,174201-0,Morsa Mecânica com Base Giratória 360° 5,1,AUT
64846,308432-0,"Motor a Gasolina 6,5 hp 4T Eixo Horizontal",1,CAS
64847,68458-0,Multímetro Digital (Ref ET-1400),1,FER
64848,58647-0,Multímetro Digital (Ref ET-1002),1,FER
64849,235512-0,Multimetro Digital ET-1000 - Minipa,1,MED
64850,205239-0,Multímetro Digital LCD com True RMS -ET-2402B,1,FER
64851,137517-0,Multímetro Digital (Ref ET-1605/ET1649),1,FER
64852,312129-0,Multímetro Digital de Bolso DC/AC CAT II 300V,1,FER
64853,190082-0,Nível Laser de Linhas GCL 2-15 com Alcance de Até 15M Profissional com Gancho e Maleta,1,CON
64854,190083-0,Nível a Laser de Linhas Verdes 15M com Pontos GCL 2-15 g com Maleta,1,CON
64855,280284-0,Nível a Laser GLL 2-20G Verde de Linhas Horizontais em 360° com Raio de 10M com Tripé,1,CON
64856,105355-0,Nível a Laser GTL 3 com Alcance de Até 20 Metros,1,CON
64857,118297-0,Nível Laser Rotativo GRL 250 HV,1,CON
64858,280285-0,"Trena Laser GPL 5 g com Alcance de 30 Metros com Bolsa e 2 Baterias 1,5V",1,CON
64859,255391-0,Nível a Laser GLL 3-80G Verde de Linhas Fortes de 360° com Raio de 30M com Maleta e sem Tripé,1,CON
64860,38545-0,Nível Torpedo com Base Magnética,1,CON
64861,131726-0,Óculos de Segurança Leopardo Incolor,1,SEG
64862,58479-0,Óculos de Segurança com Visão Articulada,1,SEG
64863,313907-0,Desengripante Teklub 150g 300ml,1,AUT
64864,10192-0,Anticorrosivo,1,AUT
64865,317207-0,Oleo para Corte e Rosca Rocut 5L,1,AUT
64866,254693-0,Desemngripante 180g 300ml,1,AUT
64867,242046-0,Óleo Lubrificante Desengripante Multiuso Spray 300ML,1,AUT
64868,58579-0,Óleo Silicone Lubrificante Desmoldante para Metal Borracha Plástico 400ml -10073810,1,AUT
64869,149148-0,"Organizador Cabo Espiral 1/2"" 3m Spiraduto 201.052.3",1,ELE
64870,149152-0,"Organizador Cabo Espiral 1"" 3m Spiraduto 201.054.3",1,ELE
64871,149151-0,"Organizador Cabo Espiral 3/4"" 3m Spiraduto 201.053.3",1,CAS
64872,149147-0,"Organizador Cabo Espiral 1/4"" 3m Spiraduto 201.051.3",1,ELE
64873,29411-0,Pá Bico Cabo N3,1,
64874,315504-0,Pá de Bico: a Ferramenta Essencial para Construções e Jardinagem,1,
64875,50559-0,Pá Quadrada Cabo Madeira 71cm (TRAMONTINA),1,
64876,312110-0,"Paquímetro Analogico com Relógio 0-200mm de 8""",1,AUT
64877,44012-0,Paquímetro Digital Universal,1,AUT
64878,307894-0,"Paquímetro Universal Metálico 6"" 150mm",1,AUT
64879,11527-1,Paquímetro em Aço Inox Universal 6''150mm,1,AUT
64880,307047-0,Paquímetro Universal Metálico 8'' 200mm,1,AUT
64881,180745-0,Paquímetro em Aço Inox Universal 12 Pol. 200mm,1,AUT
64882,312121-0,Cavalete para Veículo 3 Toneladas (unidade),1,FER
64883,312122-0,Cavalete para Veículo 6 Toneladas (unidade),1,FER
64884,312120-0,Cavaletes para Veículos 2 Toneladas (unidade),1,FER
64885,190086-0,Parafusadeira Elétrica Drywall 520W 220V 6520,1,FER
64886,135244-0,Picareta Chibanca Cabo 90CM,1,
64887,265718-0,"Pistola de Ar de Alta Precisão 100mm com Entrada de Ar em Bronze de 1/4""",1,FER
64888,240098-0,Pistola de Ar de Alta Precisão 250MM,1,FER
64889,117035-0,"Pistola para Pintura ECO 21 com Bico 1,3mm e Caneca 600ml com Coador sem Regulador",1,AUT
64890,6991-0,Pistola 25A de Alta Pressão para Pintura com Regulador Caudal de Ar de 1.8MM,1,AUT
64891,319776-0,"Pistola de Pintura HVLP 1,4mm",1,AUT
64892,304857-0,Pistola de Pintura Gravitacional com Tanque Alto 1000ml,1,AUT
64893,248926-0,Plaina GHO 12V-20 S/bateria,1,FER
64894,175353-0,Plaina Elétrica GHO 26-82 D 82mm 710W,1,FER
64895,247074-0,Plaina GHO-700 Elétrica 700W com Saco Coletor,1,FER
64896,78150-0,Pochete de Ferramentas com 10 Bolsos,1,FER
64897,119318-0,Politriz Eletrônica GPO 14 CE Profissional,1,FER
64898,262459-0,"Porta Cossinete 1.1/2 X 1/2"" PC-4 -31323",1,FER
64899,58304-0,Porta Eletrodo C-1000 -10062010,1,FER
64900,134753-0,"Prensa Hidráulica 15 Toneladas (Ref P15200, BOVENAU)",1,AUT
64901,118729-0,Protetor para Lima Enxada e Chata para Facão KFpl500 - APEX TOOL,1,FER
64902,188955-0,Kit com 5 Protetores Solar UV Fps 30 com Repelente,1,SEG
64903,188914-0,Kit com 5 Protetores Solar UV FPS 60,1,
64904,108354-0,Kit de Pulverizador Manual 10 Peças,1,CAS
64905,308293-0,Punção de Centro 100 X 4 mm,1,FER
64906,173824-0,Punção 4mm,1,FER
64907,21923-1,Punção de Centro 100 X 4mm,1,FER
64908,308295-0,"Punção 120 X 5,00Mm",1,FER
64909,21924-0,Punção de Centro 120 X 5mm,1,FER
64910,178250-0,Raspador de Rejunte Standard,1,
64911,309567-0,"Rebitador Tipo Alavanca 13 com 5 Pontas 3/32"" a 1/4""",1,FER
64912,224234-0,Rebolo Diamantado Turbo 115mm com Rosca M14,1,FER
64913,21750-0,Redutor para Soquete 1/2 X 3/8,1,FER
64914,143269-0,Refletor Lâmpada Chapa E27,1,CAS
64915,252281-0,Refletor Projetor LED Bivolt Preto FLOODLIGHT PFM,1,CAS
64916,313786-0,Régua de Medição GR 240,1,FER
64917,313787-0,Régua de Medição GR 500,1,FER
64918,302903-0,Regulador de Pressão para Gás GLP 13 kg Handygas 4,1,FER
64919,302904-0,Regulador de Pressão GLP 45,1,FER
64920,303106-0,Regulador de Pressão Acetileno (Ref 405122),1,FER
64921,302900-0,Regulador de Pressão Argônio G30,1,FER
64922,43568-0,"Relógio Comparador 57 X 10 X 0,01",1,AUT
64923,178033-0,Resistência para Chuveiro Bello Banho 5500W 055-J 127V,1,HID
64924,178034-0,"Resistencia Para Torneira, Ducha E Chuveiro 5500W MD/J3/T43 220V",1,HID
64925,178039-0,Resistência para Chuveiro Top Jet 5.500W 3056-E 127V,1,HID
64926,178037-0,Resistência para Chuveiro Top Jet Multitemperaturas 5.500W 3055-Q 127V,1,HID
64927,178052-0,Resistencia Para Aquecedor Versátil Lorenzetti 6400W 220V,1,HID
64928,318964-0,"Retificadeira Pneumática Reta Industrial 1/4"" 1HP 18.000 RPM",1,FER
64929,118053-0,Mini Retífica Pneumática 1/4 Pol.,1,FER
64930,122629-0,Retificadeira GGS 28 CE 650W 220V,1,FER
64931,249997-0,Máquina Retificadora de Solda 450A Trifásica 230/380/440V Origo Arc 455,1,FER
64932,122630-0,Retíficadeira Reta GGS 28 LCE 220V 650W,1,FER
64933,308165-0,Retificadeira Reta GGS 30 LS 750W 220V,1,FER
64934,173828-0,"Lamina Reposição 6,2x18mm | 6,2x22mm",1,FER
64935,173827-0,Lamina Reposição 3 X 18mm,1,FER
64936,139728-0,rolo de Pintura Espuma Amarela 9cm,1,
64937,250464-0,rolo Lã Sintética Antirrespingo Profissional 9CM,1,
64938,126674-0,Minirrolo Pele Carneiro C/cabo Ref. 1346 15cm,1,
64939,192872-0,Lã Pintura Cabo 9cm,1,
64940,138860-0,rolo de Espuma para Pintura Amarelo 15cm: a Ferramenta Ideal para Seus Projetos,1,
64941,118250-0,rolo de Lã Sintética para Pintura 23cm,1,
64942,338475-0,Oleo para Corte e Rosca Rocut 20L,1,AUT
64943,21934-0,Saca Pino Paralelo 150 X 4,1,FER
64944,21935-0,Saca Pino Paralelo 150 X 5,1,FER
64945,21936-1,Saca Pino Paralelo 150 X 6,1,FER
64946,21937-1,Saca Pino Paralelo 150 X 8,1,FER
64947,173831-0,Saca Pino 3mm,1,CON
64948,311204-0,Saca Pino 150 X 3mm,1,CON
64949,173830-0,Saca Pino 150 X 2mm,1,CON
64950,173833-0,Saca Pino 6mm,1,CON
64951,173834-0,Saca Pino 8mm,1,CON
64952,173832-0,Saca Pino 5mm,1,CON
64953,258894-0,Saca Polia com 3 Garras 250mm,1,FER
64954,311205-0,Saca Pino 150 X 4mm,1,CON
64955,173836-0,Saca Polia com 2 Garras Articuláveis,1,FER
64956,14558-0,Saca Polia com 2 Garras Deslizantes -40180,1,FER
64957,173842-0,Saca Polia com 3 Garras Articuláveis 3,1,FER
64958,242714-0,Saca Polia com 3 Garras 12Pol.,1,FER
64959,173840-0,Saca Polia com 3 Garras Articuláveis 6,1,FER
64960,173839-0,Saca Polia com 3 Garras Articuláveis 4,1,FER
64961,14515-1,Saca Polia 2 Garras -040030,1,FER
64962,221515-0,Saca Polia com 2 Garras Articuláveis 4,1,FER
64963,173841-0,Saca Polia com 3 Garras Articuláveis 8,1,FER
64964,14526-0,Saca Polia com 3 Garras 220mm,1,FER
64965,207647-0,Serra Circular GKS 150 1500W + Disco de Serra,1,FER
64966,205759-0,Serra Circular GKS 150 STD 1500W 220V,1,FER
64967,175363-0,Serra Circular GKS 65 GCE 220V 1800W,1,FER
64968,83889-0,"Serra Circular GKS 235 9"" 235mm 2200W 220V",1,FER
64969,142905-0,Serra Circular 5402 1400W,1,FER
64970,284076-0,Serra Copo 102 mm,1,FER
64971,284077-0,Serra Copo 105 mm,1,FER
64972,9647-1,Serra Copo 108MM,1,FER
64973,284078-0,Serra Copo 111 mm,1,FER
64974,9649-1,Serra Copo 121MM,1,FER
64975,284055-0,Serra Copo 14 mm,1,FER
64976,9660-0,Serra Copo 17MM,1,FER
64977,124986-0,Jogo de Serra Copo Fast Cut Industrial 11 Serras + 4 Acessórios,1,FER
64978,284061-0,Serra Copo 22 mm,1,FER
64979,9603-1,Serra Copo 22MM,1,FER
64980,284063-0,Serra Copo 25 mm,1,FER
64981,9609-0,Serra Copo 27MM,1,FER
64982,284064-0,Serra Copo 27 mm,1,FER
64983,284066-0,Serra Copo 30 mm,1,FER
64984,284080-0,Serra Copo 37 mm,1,FER
64985,284081-0,Serra Copo 40 mm,1,FER
64986,9616-0,Serra Copo 41MM,1,FER
64987,100089-0,Serra Copo 56MM,1,FER
64988,284072-0,Serra Copo 57 mm,1,FER
64989,206055-0,Serra Copo Diamantada 60MM,1,FER
64990,206056-0,Serra Copo Diamantada 65MM,1,FER
64991,178258-0,Serra Copo Diamantada 8MM,1,FER
64992,203017-0,"Serra de Corte Policorte para Metal 14"" 355mm 2400W 220V",1,FER
64993,142903-0,Serra Meia Esquadria GCM 10X Profissional,1,FER
64994,11141-0,Lâmina de Serra Máquina Aço Rápido 300x25mm 10 Dentes,1,FER
64995,11152-1,Lâmina de Serra para Máquina Aço Rápido,1,FER
64996,11155-0,Lâmina de Serra Aço Rápido 14 Dentes,1,FER
64997,11169-0,Lâmina de Serra Manual Aço Rapido,1,FER
64998,11172-1,Serra Máquina Aço Rápido 450x32mm 10 Dentes,1,FER
64999,11162-0,Lâmina de Serra Aço Rápido com 6 Dentes,1,FER
65000,11165-0,"Lâmina de Serra Aço Rápido para Aço, Alumínio e Cobre HSS 17""",1,FER
65001,242170-0,Serra de Corte Policorte GCO-220 355mm 2200W para Metal com Disco,1,FER
65002,248348-0,Serra Sabre 29mm 1200W,1,FER
65003,118296-0,Serra Tico Tico GST 90 BE 220V Azul,1,FER
65004,246704-0,Silicone Liquido em Spray 300ml,1,CON
65005,174635-0,Soprador Térmico com Maleta,1,FER
65006,286321-0,Soprador Termico GHG 18V-50 300°/500°C 175 L/MIN sem Bateria e sem Carregador,1,FER
65007,236712-0,Soprador Térmico 1600W 630ºC GHG 20-63 220V,1,FER
65008,245405-0,Soprador Térmico GHG 180 EXP 220V,1,FER
65009,246036-0,Soquete Sextavado VDE 1/2 - 11mm,1,FER
65010,264603-0,"Soquete com Bit Hexagonal 1/2"" de 4mm VDE",1,FER
65011,246096-0,"Soquete Isolado com Bit Hexagonal 6mm com Encaixe 1/2""",1,FER
65012,246097-0,"Soquete com Bit Hexagonal 1/2"" de 8mm VDE",1,FER
65013,264604-0,"Soquete Bit Hexagonal Isolado 1/2"" de 10mm",1,FER
65014,246095-0,"Soquete Isolado com Bit Hexagonal 5mm com Encaixe 1/2""",1,FER
65015,284106-0,Soquete com Bit Hexagonal 1/2 X 50mm X 10 mm,1,FER
65016,284109-0,Soquete com Bit Hexagonal 1/2 X 50mm X 17 mm,1,FER
65017,284107-0,Soquete com Bit Hexagonal 1/2 X 50mm X 12 mm,1,FER
65018,284108-0,Soquete com Bit Hexagonal 1/2 X 50mm X 14 mm,1,FER
65019,284117-0,Soquete com Bit Hexagonal 1/2 X 50mm X 8 mm,1,FER
65020,284096-0,Soquete com Bit Hexagonal Longo 1/2 X 100mm X 12mm,1,FER
65021,284095-0,Soquete com Bit Hexagonal Longo 1/2 X 100mm X 10mm,1,FER
65022,284097-0,Soquete com Bit Hexagonal Longo 1/2 X 100mm X 14mm,1,FER
65023,284100-0,Soquete com Bit Hexagonal Longo 1/2 X 100mm X 5mm,1,FER
65024,284101-0,Soquete com Bit Hexagonal Longo 1/2 X 100mm X 6mm,1,FER
65025,284102-0,Soquete com Bit Hexagonal Longo 1/2 X 100mm X 7mm,1,FER
65026,284103-0,Soquete com Bit Hexagonal Longo 1/2 X 100mm X 8mm,1,FER
65027,284128-0,Soquete com Bit Torx Longo 1/2 X 100mm X t25,1,FER
65028,284127-0,Soquete com Bit Torx Longo 1/2 X 100mm X t20,1,FER
65029,284130-0,Soquete com Bit Torx Longo 1/2 X 100mm X t30,1,FER
65030,284133-0,Soquete com Bit Torx Longo 1/2 X 100mm X t50,1,FER
65031,284132-0,Soquete com Bit Torx Longo 1/2 X 100mm X t45,1,FER
65032,284131-0,Soquete com Bit Torx Longo 1/2 X 100mm X t40,1,FER
65033,284134-0,Soquete com Bit Torx Longo 1/2 X 100mm X t55,1,FER
65034,284135-0,Soquete com Bit Torx Longo 1/2 X 100mm X t60,1,FER
65035,284139-0,Soquete com Bit Torx 1/2 X 50mm X t25,1,FER
65036,284136-0,Soquete com Bit Torx 1/2 X 50mm X t27,1,FER
65037,284140-0,Soquete com Bit Torx 1/2 X 50mm X t30,1,FER
65038,284141-0,Soquete com Bit Torx 1/2 X 50mm X t40,1,FER
65039,284142-0,Soquete com Bit Torx 1/2 X 50mm X t45,1,FER
65040,135967-0,Soquete de Impacto Sextavado 1/2 1,1,FER
65041,136004-0,Soquete de Impacto Sextavado 3/4 27 mm,1,FER
65042,173847-0,Soquete Estriado 1/2 1.1/16,1,FER
65043,173851-0,"Soquete Estriado - 3/4 X 1.1/4""",1,FER
65044,173850-0,Soquete Estriado 1/2 1.1/4,1,FER
65045,173853-0,"Soquete Estriado 3/4"" 1.1/8""",1,FER
65046,173852-0,Soquete Estriado 1/2 1.1/8,1,FER
65047,173855-0,"Soquete Estriado - 3/4 X 1.13/16""",1,FER
65048,173864-0,Soquete Estriado 1/2 1/2,1,FER
65049,173858-0,"Soquete Estriado 3/4"" 1.3/8""",1,FER
65050,173857-0,"Soquete Estriado 1.3/4"" com Encaixe de 3/4""",1,FER
65051,173859-0,"Soquete Estriado 3/4"" 1.5/16""",1,FER
65052,173861-0,"Soquete Estriado - 3/4 X 1.7/16""",1,FER
65053,173845-0,Soquete Estriado 1/2 1,1,FER
65054,173846-0,Soquete Estriado - 3/4 X 1,1,FER
65055,173865-0,Soquete Estriado 1/2 10mm,1,FER
65056,173866-0,Soquete Estriado 1/2 (Ref 11/16),1,FER
65057,173867-0,Soquete Estriado 1/2 11mm,1,FER
65058,173868-0,Soquete Estriado 1/2 12mm,1,FER
65059,173869-0,Soquete Estriado 1/2 (Ref 13/16),1,FER
65060,21754-1,Soquete Estriado 13 Enc 1/2,1,FER
65061,173871-0,Soquete Estriado 1/2 13mm,1,FER
65062,173872-0,Soquete Estriado 1/2 14mm,1,FER
65063,21778-1,Soquete Estriado 15/16 Enc 1/2,1,FER
65064,173873-0,Soquete Estriado 1/2 (Ref 15/16),1,FER
65065,173874-0,"Soquete Estriado - 3/4 X 15/16""",1,FER
65066,173875-0,Soquete Estriado 1/2 15mm,1,FER
65067,173876-0,Soquete Estriado 1/2 16mm,1,FER
65068,173877-0,Soquete Estriado 1/2 17mm,1,FER
65069,173878-0,Soquete Estriado 1/2 18mm,1,FER
65070,173879-0,Soquete Estriado 1/2 19mm,1,FER
65071,173880-0,Soquete Estriado - 3/4 X 19MM,1,FER
65072,173883-0,"Soquete Estriado 2.1/4"" com Encaixe de 3/4",1,FER
65073,173884-0,"Soquete Estriado 3/4"" 2.1/8""",1,FER
65074,173881-0,"Soquete Estriado 2"" com Encaixe de 3/4""",1,FER
65075,173885-0,Soquete Estriado 1/2 20mm,1,FER
65076,173886-0,Soquete Estriado 1/2 21mm,1,FER
65077,173887-0,Soquete Estriado 3/4 X 21MM,1,FER
65078,173888-0,Soquete Estriado 1/2 22mm,1,FER
65079,173889-0,Soquete Estriado - 3/4 X 22MM,1,FER
65080,173890-0,Soquete Estriado 1/2 23mm,1,FER
65081,173891-0,Soquete Estriado - 3/4 X 23MM,1,FER
65082,173892-0,Soquete Estriado 1/2 24mm,1,FER
65083,13216-1,Soquete Estriado - 1/2 X 24MM,1,FER
65084,173893-0,"Soquete Estriado 3/4"" 24mm",1,FER
65085,173894-0,Soquete Estriado - 3/4 X 25MM,1,FER
65086,173895-0,Soquete Estriado - 3/4 X 26MM,1,FER
65087,173896-0,Soquete Estriado 1/2 27mm,1,FER
65088,173897-0,"Soquete Estriado 3/4"" 27mm",1,FER
65089,13219-0,Soquete Estriado - 1/2 X 28MM,1,FER
65090,61445-0,Soquete Sextavado Enc. -.1/2 X 29MM,1,FER
65091,173900-0,Soquete Estriado 1/2 3/4,1,FER
65092,173901-0,"Soquete Estriado 3/4"" com Encaixe de 3/4""",1,FER
65093,173902-0,Soquete Estriado 1/2 3/8,1,FER
65094,21769-0,Soquete Estriado 3/8 Enc 1/2,1,FER
65095,173904-0,"Soquete Estriado 3/4"" 30mm",1,FER
65096,173903-0,Soquete Estriado 1/2 30mm,1,FER
65097,173906-0,Soquete Estriado - 3/4 X 32MM,1,FER
65098,173905-0,Soquete Estriado 1/2 32mm,1,FER
65099,173907-0,Soquete Estriado - 3/4 X 33MM,1,FER
65100,173908-0,Soquete Estriado - 3/4 X 34MM,1,FER
65101,173910-0,"Soquete Estriado 3/4"" 36mm",1,FER
65102,173911-0,"Soquete Estriado 3/4"" 38mm",1,FER
65103,173912-0,Soquete Estriado - 3/4 X 41MM,1,FER
65104,173913-0,"Soquete Estriado 3/4"" 46mm",1,FER
65105,173914-0,Soquete Estriado 1/2 5/16,1,FER
65106,173915-0,Soquete Estriado 1/2 5/8,1,FER
65107,173916-0,Soquete Estriada - 3/4 X 50MM,1,FER
65108,173917-0,Soquete Estriado - 3/4 X 55MM,1,FER
65109,173918-0,Soquete Estriado - 3/4 X 60MM,1,FER
65110,21770-1,Soquete Estriado 7/16 Enc 1/2,1,FER
65111,173919-0,Soquete Estriado 1/2 7/16,1,FER
65112,21777-0,Soquete Estriado 7/8 Enc 1/2,1,FER
65113,173921-0,"Soquete Estriado - 3/4 X 7/8""",1,FER
65114,173920-0,Soquete Estriado 1/2 7/8,1,FER
65115,173922-0,Soquete Estriado 1/2 8mm,1,FER
65116,173923-0,Soquete Estriado 1/2 9/16,1,FER
65117,21772-1,Soquete Estriado 9/16 Enc 1/2,1,FER
65118,284148-0,"Soquete Estriado Longo - 1/2"" X 14MM",1,FER
65119,284150-1,Soquete Estriado Longo - 1/2 X 17MM,1,FER
65120,173005-0,Soquete Estriado Longo Enc 1/2 19mm,1,FER
65121,284152-0,Soquete Estriado Longo - 1/2 X 19MM,1,FER
65122,278883-0,Soquete com Bit Hexagonal 1/2 X 50mm X 6mm,1,FER
65123,135940-0,Soquete de Impacto Sextavado 1/2 10 mm,1,FER
65124,135942-0,Soquete de Impacto Sextavado 1/2 12 mm,1,FER
65125,135966-0,"Soquete de Impacto Sextavado 1/2 (Ref 15/16, SATA)",1,FER
65126,135943-0,Soquete de Impacto Sextavado 1/2 13 mm,1,FER
65127,135947-0,Soquete de Impacto Sextavado 1/2 17 mm,1,FER
65128,135994-0,Soquete de Impacto Sextavado 3/4 17 mm,1,FER
65129,135975-0,"Soquete de Impacto Sextavado Longo 1/2 17mm (Ref ST34410SC, SATA)",1,FER
65130,135949-0,Soquete de Impacto Sextavado 1/2 19 mm,1,FER
65131,135996-0,Soquete de Impacto Sextavado 3/4 19 mm,1,FER
65132,135999-0,Soquete de Impacto Sextavado 3/4 22 mm,1,FER
65133,136028-0,Soquete de Impacto Sextavado Longo 3/4 26mm,1,FER
65134,135955-0,"Soquete de Impacto Sextavado - 1/2 X 29MM (Ref ST34322SC, SATA)",1,FER
65135,136009-0,Soquete de Impacto Sextavado 3/4 32 mm,1,FER
65136,135984-0,"Soquete de Impacto Sextavado Longo 1/2 30mm (Ref ST34423SC, SATA)",1,FER
65137,135985-0,Soquete de Impacto Sextavado Longo 1/2 32mm,1,FER
65138,136052-0,Soquete de Impacto Sextavado 1 40 mm,1,FER
65139,136059-0,Soquete de Impacto Sextavado 1 47 mm,1,FER
65140,136060-0,Soquete de Impacto Sextavado 1 48 mm,1,FER
65141,136065-0,Soquete de Impacto Sextavado 1 53 mm,1,FER
65142,136069-0,Soquete de Impacto Sextavado 1 57 mm,1,FER
65143,135960-0,Soquete de Impacto Sextavado 1/2 9/16,1,FER
65144,135981-0,Soquete de Impacto Sextavado Longo 1/2 26mm,1,FER
65145,136021-0,"Soquete de Impacto Sextavado Longo 3/4 19mm (Ref ST34607SC, SATA)",1,FER
65146,136023-0,"Soquete de Impacto Sextavado Longo 3/4 21mm (Ref ST34609SC, SATA)",1,FER
65147,135970-0,"Soquete de Impacto Sextavado Longo 1/2 12mm (Ref ST34405SC, SATA)",1,FER
65148,136024-0,"Soquete de Impacto Sextavado Longo 3/4 22mm (Ref ST34610SC, SATA)",1,FER
65149,135980-0,"Soquete de Impacto Sextavado Longo 1/2 24mm (Ref ST34417SC, SATA)",1,FER
65150,136034-0,"Soquete de Impacto Sextavado Longo 3/4 32mm (Ref ST34620SC, SATA)",1,FER
65151,136029-0,"Soquete de Impacto Sextavado Longo 3/4 27mm (Ref ST34615SC, SATA)",1,FER
65152,30250-0,Soquete para Vela de 5/8 Pol. com Encaixe de 1/2 Pol.,1,FER
65153,173934-0,Soquete Sextavado 3/4 1.1/2,1,FER
65154,173935-0,Soquete Sextavado 1/2 1.1/4,1,FER
65155,173939-0,"Soquete Sextavado 3/4"" 1.1/8",1,FER
65156,173941-0,"Soquete Sextavado 3/4"" 1.11/16",1,FER
65157,21824-0,Jogo de Soquete Sextavado 10 a 32 Enc 1/2,1,FER
65158,173951-0,Soquete Sextavado 1/2 1/2,1,FER
65159,173944-0,"Soquete Sextavado 3/4"" 1.3/4""",1,FER
65160,173945-0,"Soquete Sextavado 3/4"" 1.3/8""",1,FER
65161,173958-0,Soquete Sextavado 3/8 1/4,1,FER
65162,173946-0,"Soquete Sextavado 3/4"" 1.5/16""",1,FER
65163,173947-0,"Soquete Sextavado 3/4"" 1.5/8""",1,FER
65164,173949-0,"Soquete Sextavado 3/4"" 1.7/8''",1,FER
65165,173966-0,Soquete Sextavado 1/4 10mm,1,FER
65166,173965-0,Soquete Sextavado 1/2 10mm,1,FER
65167,173967-0,Soquete Sextavado 3/8 10mm,1,FER
65168,246035-0,Soquete Sextavado Isolado VDE 1/2 - 10mm,1,FER
65169,173977-0,Soquete Sextavado 1/2 11mm,1,FER
65170,21792-1,Soquete Sextavado Enc - 1/2 X 12,1,FER
65171,246037-0,Soquete Sextavado VDE 1/2 - 12mm,1,FER
65172,173984-0,Soquete Sextavado 1/2 12mm,1,FER
65173,246038-0,Soquete Sextavado VDE 1/2 - 13mm,1,FER
65174,173996-0,Soquete Sextavado 1/4 13mm,1,FER
65175,246039-0,"Soquete Sextavado Isolado CR-V 1/2"" de 14mm",1,FER
65176,174001-0,Soquete Sextavado 1/2 14mm,1,FER
65177,174003-0,Soquete Sextavado 3/8 14mm,1,FER
65178,174002-0,Soquete Sextavado 1/4 14mm,1,FER
65179,174007-0,Soquete Sextavado 3/4'' 15/16'',1,FER
65180,174006-0,Soquete Sextavado 1/2 (Ref 15/16),1,FER
65181,21795-0,Soquete Sextavado 15 Enc 1/2,1,FER
65182,174009-0,Soquete Sextavado 1/2 15mm,1,FER
65183,174010-0,Soquete Sextavado 3/8 15mm,1,FER
65184,174012-0,Soquete Sextavado Longo 3/8 15mm,1,FER
65185,21796-1,Soquete Sextavado 16 Enc 1/2,1,FER
65186,246040-0,"Soquete Bit Hexagonal Isolado 1/2"" de 16mm",1,FER
65187,174014-0,Soquete Sextavado 3/8 16mm,1,FER
65188,174018-0,Soquete Sextavado 3/8 17mm,1,FER
65189,21798-2,Soquete Sextavado 18 Enc 1/2,1,FER
65190,174021-0,Soquete Sextavado 1/2 18mm,1,FER
65191,174022-0,Soquete Sextavado 3/8 18mm,1,FER
65192,21799-0,Soquete Sextavado 19 Enc 1/2,1,FER
65193,174025-0,Soquete Sextavado 1/2 19mm,1,FER
65194,174026-0,Soquete Sextavado - 3/4 X 19MM,1,FER
65195,174027-0,Soquete Sextavado 3/8 19mm,1,FER
65196,174031-0,"Soquete Sextavado 2.1/16"" com Encaixe 3/4""",1,FER
65197,174034-0,Soquete Sextavado 1/2 20mm,1,FER
65198,174035-0,Soquete Sextavado 3/8 20mm,1,FER
65199,174039-0,"Soquete Sextavado 21mm com Encaixe de 3/4""",1,FER
65200,174038-0,Soquete Sextavado 1/2 21mm,1,FER
65201,174040-0,Soquete Sextavado 3/8 21mm,1,FER
65202,174043-0,Soquete Sextavado 1/2 22mm,1,FER
65203,174045-0,Soquete Sextavado 3/8 22mm,1,FER
65204,174048-0,Soquete Sextavado 1/2 23mm,1,FER
65205,174050-0,Soquete Sextavado 1/2 24mm,1,FER
65206,174056-0,Soquete Sextavado 1/2 27mm,1,FER
65207,174057-0,"Soquete Sextavado 27mm com Encaixe 3/4""",1,FER
65208,13179-1,Soquete Sextavado - 1/2 X 28MM,1,FER
65209,174059-0,"Soquete Sextavado 3/4"" de 28mm",1,FER
65210,174060-0,Soquete Sextavado 3/4 29mm,1,FER
65211,174069-0,Soquete Sextavado 1/2 3/4,1,FER
65212,174070-0,Soquete Sextavado - 3/4 X 3/4,1,FER
65213,21696-0,Soquete Sextavado 3/8 Enc 1/4,1,FER
65214,174075-0,Soquete Sextavado 1/4 3/8,1,FER
65215,174074-0,Soquete Sextavado 1/2 3/8,1,FER
65216,174082-0,Soquete Sextavado 3/4 30mm,1,FER
65217,174084-0,Soquete Sextavado 1/2 32mm,1,FER
65218,174085-0,Soquete Sextavado 3/4 32mm,1,FER
65219,174087-0,"Soquete Sextavado 3/4"" de 33mm",1,FER
65220,174091-0,Soquete Sextavado - 3/4 X 36MM,1,FER
65221,174096-0,"Soquete Sextavado - 3/4 X 41MM (Ref ST16418SC, SATA)",1,FER
65222,174097-0,Soquete Sextavado - 3/4 X 46MM,1,FER
65223,174103-0,Soquete Sextavado 1/4 5/16,1,FER
65224,174102-0,Soquete Sextavado 1/2 5/16,1,FER
65225,174107-0,Soquete Sextavado 1/2 5/8,1,FER
65226,174111-0,"Soquete Sextavado 3/4"" de 50mm",1,FER
65227,174112-0,"Soquete Sextavado 3/4"" de 55mm",1,FER
65228,174116-0,Soquete Sextavado 1/4 6mm,1,FER
65229,174117-0,Soquete Sextavado 3/8 6mm,1,FER
65230,21809-0,Soquete Sextavado 7/16 Enc 1/2,1,FER
65231,174121-0,Soquete Sextavado 3/8 7/16,1,FER
65232,174125-0,Soquete Sextavado 1/4 7/32,1,FER
65233,174133-0,Soquete Sextavado 3/8 7mm,1,FER
65234,174132-0,Soquete Sextavado 1/4 7mm,1,FER
65235,174136-0,Soquete Sextavado 1/2 8mm,1,FER
65236,174138-0,Soquete Sextavado 3/8 8mm,1,FER
65237,174137-0,Soquete Sextavado 1/4 8mm,1,FER
65238,174144-0,Soquete Sextavado 3/8 9/16,1,FER
65239,174143-0,Soquete Sextavado 1/2 9/16,1,FER
65240,174149-0,Soquete Sextavado 1/2 9mm,1,FER
65241,173995-0,Soquete Sextavado 1/2 13mm,1,FER
65242,174017-0,Soquete Sextavado 1/2 17mm,1,FER
65243,174127-0,Soquete Sextavado 1/2 7/8,1,FER
65244,173997-0,Soquete Sextavado 3/8 13mm,1,FER
65245,174119-0,Soquete Sextavado 1/2 7/16,1,FER
65246,135983-0,Soquete Sextavado Longo 1/2 29 mm,1,FER
65247,136001-0,Soquete de Impacto Sextavado 3/4 24 mm,1,FER
65248,136030-0,"Soquete de Impacto Sextavado Longo 3/4 28mm (Ref ST34616SC, SATA)",1,FER
65249,135956-0,Soquete de Impacto Sextavado 1/2 30 mm,1,FER
65250,173940-0,Soquete Sextavado Longo 1/2 1.1/8,1,FER
65251,173969-0,Soquete Sextavado Longo - 1/4 X 10MM,1,FER
65252,173970-0,Soquete Sextavado Longo - 3/8 X 10MM,1,FER
65253,173988-0,Soquete Sextavado Longo 1/4 12 mm,1,FER
65254,173993-0,Soquete Sextavado Longo 1/2 (Ref 13/16),1,FER
65255,174004-0,Soquete Sextavado Longo 1/2 14 mm,1,FER
65256,174011-0,Soquete Sextavado Longo - 1/2 X 15MM,1,FER
65257,174015-0,Soquete Sextavado Longo 1/2 16 mm,1,FER
65258,174019-0,Soquete Sextavado Longo 1/2 17 mm,1,FER
65259,174028-0,Soquete Sextavado Longo 1/2 19 mm,1,FER
65260,174053-0,Soquete Sextavado Longo 1/2 24 mm,1,FER
65261,174083-0,Soquete Sextavado Longo 1/2 30 mm,1,FER
65262,174013-0,Painel Transferência Trifásico ATS T8 380 Cabo Conexão,1,CAS
65263,174159-0,Soquete Torx 1/2 e14,1,FER
65264,117728-0,Soquete Longo Tipo Torx,1,FER
65265,254697-0,Graxa Branca 300ml Tekspray -21531000487,1,AUT
65266,284174-0,"Suporte para Serra Copo 32-210mm 1/2""",1,FER
65267,138133-0,Suporte para Mangueira,1,
65268,284172-0,"Suporte para Serra Copo 14-30mm 1/2""",1,FER
65269,129394-0,Talabarte Duplo Y em Fita MOD.,1,SEG
65270,116478-0,Talha Manual 1 Tonelada com Corrente 3 Metros,1,MOV
65271,111121-0,"Talha Manual de Alavanca 3 Toneladas 3,00 Metros",1,MOV
65272,21950-0,Talhadeira SPR 200 X 19 mm,1,FER
65273,308299-0,Talhadeira Reta SPR 250 X 22 mm em Aço Cromo Vanádio,1,FER
65274,21953-0,Talhadeira SPR 300 X 25 mm,1,FER
65275,235516-0,Talhadeira Plus HT 250mm X 20mm - HANSA,1,CON
65276,21938-0,Talhadeira Sextavada 100 X 12 mm,1,FER
65277,21942-0,Talhadeira Sextavada 200 X 19 mm,1,FER
65278,21943-0,Talhadeira Sextavada 225 X 22 mm,1,FER
65279,308306-0,Talhadeira Mecânica 22mm X 225mm,1,FER
65280,21944-0,Talhadeira Sextavada 250 X 22 mm,1,FER
65281,21945-0,Talhadeira Sextavada 300 X 25 mm,1,FER
65282,235885-0,Talhadeira HT 400mm X 25mm - HANSA,1,CON
65283,237962-0,Talhadeira SDS 50 X 400mm - HT,1,FER
65284,177508-0,Talhadeira 25 X (BOSCH),1,CON
65285,289609-0,Talhadeira SDS Plus 40 X 250MM - HT HANSATÉCNICA-41347,1,FER
65286,80795-0,Tasso Recurvado 900g,1,AUT
65287,332401-0,Terminal Pré Isolado Ilhós Simples 2.5mm² 100 Peças,1,ELE
65288,246922-0,Termômetro Digital Infravermelho com Mira a Laser,1,FER
65289,197250-0,Termômetro Digital Infravermelho -50°C a 800°C -MT-350A,1,FER
65290,174189-0,Tesoura Aviação Corte Reto 10,1,AUT
65291,174188-0,Tesoura Aviação Corte Esquerdo 10,1,AUT
65292,174195-0,"Alicate Corta Cabos e Vergalhão 30""",1,CON
65293,174193-0,"Alicate Corta Cabos e Vergalhão 18""",1,CON
65294,174199-0,"Alicate Corta Vergalhão e Cabos 8""",1,CON
65295,174198-0,"Alicate Corta Cabos e Vergalhão 48""",1,CON
65296,73191-0,Tesoura Corta Chapa Nº 3 Cabo,1,AUT
65297,14346-0,Alicate Corta Cabos e Vergalhão 24 - 034.020,1,CON
65298,238266-0,"Corta Vergalhão Power Pivot 24""",1,CON
65299,174192-0,"Alicate Corta Cabos e Vergalhão 14""",1,CON
65300,149127-0,Timer Temporizador Digital Para Trilho DIN Exatron,1,ELE
65301,254546-0,Tinta Spray de Uso Grafite 350ML,1,AUT
65302,254640-0,Tinta Spray 350ml Alta Temperatura Preto Fosco,1,AUT
65303,254544-0,Tinta Spray de Uso Branco Fosco 350ML,1,AUT
65304,254538-0,Tinta Spray de Uso Alumínio 350ML,1,AUT
65305,251161-0,Spray Amarelo 350Ml,1,AUT
65306,254537-0,Spray Branco Brilhante 350Ml -23021006900,1,AUT
65307,254547-0,Tinta Spray de Uso Laranja 350ML,1,AUT
65308,254650-0,Tinta Spray Metálico Prata 350ML,1,AUT
65309,254536-0,Tinta Spray de Uso Preto Brilhante 350ML,1,AUT
65310,254550-0,Tinta Spray de Uso Verde 350ML,1,AUT
65311,254539-0,Tinta Spray de Uso Vermelho 350ML,1,AUT
65312,254543-0,Tinta Spray de Uso Azul Escuro 350ML,1,AUT
65313,314165-0,"Tocha MIG/MAG 150 3,0 Metros Handytorch",1,FER
65314,196574-0,"Tocha de Solda MIG/MAG PRO153 3,0 Metros",1,FER
65315,196578-0,"Tocha de Solda MIG/MAG PRO 353 3,0 Metros",1,FER
65316,196575-0,Tocha para Soldagem MIG/MAG TBI Pro 253 com 3 Metros,1,FER
65317,317523-0,"Tocha Tig SR 26 v TSB 13MM 3,5M -750980",1,FER
65318,197085-0,"Tocha para Solda TIG 3,5 Metros Tbi SR 26V Encaixe de 9mm",1,FER
65319,202921-0,Torneira de Mesa para Banheiro Compact Pressmatic com Arejador Cromado,1,HID
65320,100754-0,Torno de Bancada Industrial N° 12,1,AUT
65321,174202-0,Morsa Mecânica com Base Giratória 360° 6,1,AUT
65322,174203-0,Morsa Mecânica com Base Giratória 360° 8,1,AUT
65323,256898-0,Torno de Bancada Mordente Fixo N°2,1,AUT
65324,256903-0,Torno de Bancada Mordente Fixo N°10,1,AUT
65325,256900-0,Torno de Bancada Mordente Fixo N°4,1,AUT
65326,256901-0,Torno de Bancada Mordente Fixo N°5,1,AUT
65327,235775-0,Torno de Bancada Mordente Fixo N°6,1,AUT
65328,256902-0,Torno de Bancada Nr.8,1,AUT
65329,294056-0,Torno Morsa de Bancada Nº 4,1,AUT
65330,294055-0,Torno de Bancada Fixo N° 3 em Ferro Nodular,1,AUT
65331,178819-0,"Torquês Azulejista Corte Reto 8"": Precisão e Eficiência",1,
65332,205554-0,Torquímetro de Estalo 1/4,1,FER
65333,206366-0,Torquímetro de Estalo 1/2 (Ref 20-100Nm),1,FER
65334,238155-0,"Torquimetro de Estalo de 1"" 200",1,FER
65335,191665-0,Torquímetro de Estalo 1/2 (Ref 68-340nm),1,FER
65336,191853-0,Torquímetro de Estalo 1/2 (Ref 40-200nm),1,FER
65337,314523-0,"Torquímetro Digital Encaixe 3/8"" 10-135 NM",1,FER
65338,314522-0,"Torquímetro Digital 34-340Nm com Encaixe de 1/2""",1,FER
65339,238151-0,"Torquímetro Digital 40-200Nm com Encaixe de 1/2""",1,FER
65340,238152-0,"Torquimetro Digital 34-340Nm com Encaixe de 1/2""",1,FER
65341,193485-0,Torquímetro de Estalo 28 - 210 Nm com Encaixe de 1/2 '',1,FER
65342,200363-0,Torquímetro de Estalo 3/8,1,FER
65343,250000-0,Máquina de Solda Bantam 260 Plus,1,FER
65344,206949-0,Máquina de Solda Bantam,1,FER
65345,202845-0,Máquina Transformadora de Solda Bantam Plus 180A,1,FER
65346,177497-0,Trena a Laser,1,CON
65347,177496-0,Medidor de Distância,1,CON
65348,178700-0,Kit 5 Trenas 5M X 3/4Pol Fita de Aço com Trava de Medição,1,CON
65349,124526-0,Trena de Bolso com Trava,1,
65350,238267-0,Trena Métrica 3M X,1,CON
65351,29587-0,Trena Curta 5M -L516CME,1,CON
65352,22241-0,Trena com Trava 8M X 1 Pol.,1,CON
65353,284178-0,Trena de Medição 2 Metros com Chaveiro,1,CON
65354,224300-0,Trena de Aço Profissional de 5 Metros Emborrachada,1,CON
65355,284180-0,Trena de Aço 5Mx19MM Emborrachada Blister,1,CON
65356,284183-0,Trena de Aço 8 Metros X 25MM com Display Emborrachado,1,CON
65357,247693-0,Trena Longs Fita de Aço 30 Metros X 3/8,1,CON
65358,115869-0,Trena Métrica 5 Metros,1,CON
65359,297849-0,Trena/medidor de Distância a Laser Profissional 50 Metros GLM 50-12 IP54 com Bolsa,1,CON
65360,22255-0,Trena de Fibra de Vidro 10M,1,CON
65361,22257-0,Trena de Fibra de Vidro 30M,1,CON
65362,22258-0,Trena em Fibra de Vidro 50M,1,CON
65363,245740-0,Trena Longa de Aço 20 Metros,1,CON
65364,115870-0,Trena Métrica 8 Metros,1,CON
65365,284038-0,"Roda de Medição 12 Pol. 9.999,9m",1,CON
65366,81832-0,Trena Stardand 5,1,CON
65367,139716-0,"Trincha Simples 1"" Marrom",1,
65368,258283-0,Tripé de Elevação 150,1,CON
65369,286303-0,Tripé BT 160,1,CON
65370,132470-0,Tupia com Base de Imersão 1600W com 4 Pinças,1,FER
65371,178655-0,Tupia 1831 220V 1100W 55MM,1,FER
65372,177089-0,"Vareta de Solda Aço Carbono ESA 12.60 2,40mm Caixa com 5 kg para Aço Macio",1,FER
65373,177090-0,"Vareta de Solda Aço Carbono 12.60 3,20 mm Caixa com 5 kg para Aço Macio",1,FER
65374,254696-0,Vaselina Hidrorrepelente 300 ml 210 GR Spray,1,AUT
65375,119276-0,Fita Vedarosca (Ref 18mmx50m),1,
65376,130856-0,Vibrador de Concreto GVC 22 EX 2200W 220V,1,CON
65377,KIT3463S-1,Cabo Flexivel 750V Antichama,1,ELE
65378,KIT2594S-1,Cabo Flexivel 750V Antichama,1,ELE
65379,620C-1,Cabo Flexivel 750V Antichama,1,ELE
65406,611C-1,Cabo Flexivel 750V Antichama,1,ELE
65407,610C-1,Cabo Flexivel 750V Antichama,1,ELE
65408,609C-1,Cabo Flexivel 750V Antichama,1,ELE
65411,615C-1,Cabo Flexivel 750V Antichama,1,ELE
65412,KIT616C-1,Cabo Flexivel 750V Antichama,1,ELE
65415,621C-1,Cabo Flexivel 750V Antichama,1,ELE
65416,619C-1,Cabo Flexivel 750V Antichama,1,ELE
65419,626C-1,Cabo Flexivel 750V Antichama,1,ELE
65420,625C-1,Cabo Flexivel 750V Antichama,1,ELE
65421,624C-1,Cabo Flexivel 750V Antichama,1,ELE
65422,3793-1,Cabo Flexivel 750V Antichama,1,ELE
65423,3463-2,Cabo Flexivel 750V Antichama,1,ELE
65426,579-1,Cabo Flexivel 750V Antichama,1,ELE
65427,576-1,Cabo Flexivel 750V Antichama,1,ELE
65428,577-1,Cabo Flexivel 750V Antichama,1,ELE
65429,844-1,Cabo Flexivel 750V Antichama,1,ELE
65430,KIT623-1,Cabo Flexivel 750V Antichama,1,ELE
65431,KIT622-1,Cabo Flexivel 750V Antichama,1,ELE
65432,KIT621-1,Cabo Flexivel 750V Antichama,1,ELE
65433,KIT620-1,Cabo Flexivel 750V Antichama,1,ELE
65434,KIT619-1,Cabo Flexivel 750V Antichama,1,ELE
65435,KIT618-1,Cabo Flexivel 750V Antichama,1,ELE
65436,KIT617-1,Cabo Flexivel 750V Antichama,1,ELE
65437,KIT616-1,Cabo Flexivel 750V Antichama,1,ELE
65438,KIT615-1,Cabo Flexivel 750V Antichama,1,ELE
65439,KIT613-1,Cabo Flexivel 750V Antichama,1,ELE
65440,KIT612-1,Cabo Flexivel 750V Antichama,1,ELE
65441,KIT611-1,Cabo Flexivel 750V Antichama,1,ELE
65442,KIT2594-1,Cabo Flexivel 750V Antichama,1,ELE
65443,KIT610-1,Cabo Flexivel 750V Antichama,1,ELE
65444,KIT609-1,Cabo Flexivel 750V Antichama,1,ELE
65445,KIT845-1,Cabo Flexivel 750V Antichama,1,ELE
65446,KIT628-1,Cabo Flexivel 750V Antichama,1,ELE
65447,KIT627-1,Cabo Flexivel 750V Antichama,1,ELE
65448,KIT626-1,Cabo Flexivel 750V Antichama,1,ELE
65449,KIT625-1,Cabo Flexivel 750V Antichama,1,ELE
65450,KIT624-1,Cabo Flexivel 750V Antichama,1,ELE
65451,KIT608-1,Cabo Flexivel 750V Antichama,1,ELE
65452,1802-2,Central De Alarme De Incêndio Convencional 12V Com Bateria Inclusa - 24 SETORES - Segurimax,1,
65453,1794-0,Cabo Flexível HEPR 1kV,1,ELE
65454,1422-0,Cabo Alumínio Multiplex Neutro Isolado,1,ELE
65455,1392-0,Cabo Alumínio Multiplex Neutro Isolado,1,ELE
65456,1256-0,Cabo Fio Flexivel PP 4 Vias,1,ELE
65457,741-0,Cabo Fio Flexivel PP 3 Vias,1,ELE
65458,1212-0,Cabo Fio Flexivel PP 2 Vias,1,ELE
65459,KIT4166-0,Cordão Fio Paralelo,1,ELE
65460,KIT4165-0,Cordão Fio Paralelo,1,ELE
65461,1804-0,Cabo Flexível HEPR 1kV,1,ELE
65462,1660-0,Cabo Flexível HEPR 1kV,1,ELE
65463,1732-0,Cabo Flexível HEPR 1kV,1,ELE
65464,1730-0,Cabo Flexível HEPR 1kV,1,ELE
65465,1410-0,Cabo Flexível HEPR 1kV,1,ELE
65466,1332-0,Cabo Flexível HEPR 1kV,1,ELE
65467,3646-0,Terminal Isolado Fêmea Cabo 100 Unidades,1,ELE
65468,4158-0,Terminal Isolado Fêmea Cabo 100 Unidades,1,ELE
65469,197-0,Terminal Pré Isolado Garfo Cabo 100 Unidades,1,ELE
65470,219-0,Terminal Pré Isolado Fêmea Cabo 100 Unidades,1,ELE
65471,223-0,Terminal Pré Isolado Olhal Cabo 100 Unidades,1,ELE
65472,201-0,Terminal Pré Isolado Pino Agulha Cabo 100 Unidades,1,ELE
65473,2184-0,Luminaria Led Plafon,1,ELE
65474,5682-0,Luminaria Led Plafon,1,ELE
65475,1908-0,Luminaria Led Plafon,1,ELE
65476,1980-0,Luminaria Led Plafon,1,ELE
65477,1850-0,Luminaria Led Plafon,1,ELE
65478,1842-0,Luminaria Led Plafon,1,ELE
65479,1726-0,Luminaria Led Plafon,1,ELE
65480,1560-0,Luminaria Led Plafon,1,ELE
65481,1992-0,Luminaria Led Plafon,1,ELE
65482,1882-0,Luminaria Led Plafon,1,ELE
65483,1982-0,Luminaria Led Plafon,1,ELE
65484,1824-0,Luminaria Led Plafon,1,ELE
65485,1998-0,Luminaria Led Plafon,1,ELE
65486,1848-0,Lampada Bulbo Led Bivolt,1,ELE
65487,1932-0,Lampada Bulbo Led Bivolt,1,ELE
65488,1814-0,Lampada Bulbo Led Bivolt,1,ELE
65489,1928-0,"Lampada Bulbo Led 4, Bivolt",1,ELE
65490,1364-0,Plugue Pino Prensa Cabo Macho 90° 2P 10A Margirius,1,ELE
65491,2170-0,Refletor TR LED Slim Bivolt,1,ELE
65492,1962-0,Luminária Led Spot MR11,1,ELE
65493,SKU-8-62676-0,Lampada Bulbo LED,1,ELE
65494,SKU-8-62677-0,Lampada Bulbo LED,1,ELE
