4012,Geral
4013,Geral
4014,Químicos e Adesivos
4015,Químicos e Adesivos
4018,Instrumentos de Medição
4020,Geral
4021,Geral
4022,Geral
4023,Geral
4025,Geral
4028,Ferramentas
4030,Ferramentas
4032,Ferramentas
4033,Ferramentas
4034,Ferramentas
4035,Ferramentas
4039,Acessórios para Ferramentas
4040,Ferramentas
4041,Ferramentas
4045,Ferramentas
4049,Ferramentas
4051,Ferramentas
4052,Acessórios para Ferramentas
4054,Ferramentas
4074,Geral
4075,Geral
4123,Ferramentas
4124,Ferramentas
4135,Geral
4136,Ferramentas
4137,Geral
4138,Ferramentas
4139,Ferramentas
4140,Ferramentas
4141,Ferramentas
4142,Ferramentas
4143,Ferramentas
4144,Ferramentas
4145,Ferramentas
4149,Material Elétrico
4150,Material Elétrico
4151,Material Elétrico
4155,Geral
4156,Geral
4160,Geral
4161,Geral
4162,Geral
4163,Geral
4167,Geral
4168,Geral
4169,Geral
4170,Geral
4171,Geral
4172,Geral
4173,Geral
4174,Geral
4175,Geral
4176,Geral
4177,Geral
4178,Geral
4179,Geral
4180,Geral
4181,Geral
4182,Geral
4183,Geral
4184,Geral
4185,Geral
4186,Geral
4187,Geral
4188,Geral
4189,Geral
4190,Geral
4191,Geral
4192,Geral
4193,Geral
4194,Geral
4195,Geral
4196,Geral
4197,Geral
4198,Geral
4200,Geral
4201,Geral
4213,Geral
4214,Geral
4216,Geral
4217,Geral
4225,Geral
4226,Geral
4227,Geral
4229,Geral
4230,Geral
4243,Material Elétrico
4246,Geral
4311,Geral
4312,Geral
4313,Geral
4314,Geral
4315,Geral
4381,Geral
4382,Geral
4383,Geral
4384,Geral
4386,Fixação e Aperto
4387,Geral
4389,Geral
4390,Geral
4391,Geral
4392,Geral
4393,Geral
4394,Geral
4396,Geral
4397,Geral
4399,Geral
4400,Geral
4401,Geral
4402,Geral
4403,Geral
4404,Material Elétrico
4405,Geral
4406,Geral
4407,Geral
4408,Geral
4409,Geral
4410,Geral
4411,Geral
4412,Geral
4413,Geral
4414,Geral
4415,Geral
4416,Geral
4417,Geral
4418,Geral
4419,Geral
4420,Geral
4421,Geral
4422,Geral
4423,Geral
4424,Geral
4425,Fixação e Aperto
4426,Fixação e Aperto
4427,Fixação e Aperto
4433,Fixação e Aperto
4434,Fixação e Aperto
4439,Fixação e Aperto
4440,Fixação e Aperto
4441,Fixação e Aperto
4442,Fixação e Aperto
4443,Fixação e Aperto
4444,Fixação e Aperto
4445,Fixação e Aperto
4446,Fixação e Aperto
4447,Fixação e Aperto
4448,Fixação e Aperto
4449,Fixação e Aperto
4450,Fixação e Aperto
4453,Geral
4455,Geral
4456,Geral
4457,Geral
4458,Geral
4459,Geral
4460,Geral
4463,Geral
4464,Geral
4466,Geral
4467,Geral
4468,Geral
4469,Geral
4470,Geral
4471,Geral
4472,Geral
4473,Geral
4475,Geral
4479,Geral
4480,Geral
4481,Geral
4488,Geral
4489,Geral
4490,Geral
4492,Geral
4493,Geral
4494,Geral
4495,Ferramentas
4497,Ferramentas
4515,Geral
4516,Geral
4517,Geral
4518,Geral
4519,Geral
4520,Geral
4567,Ferramentas
4568,Ferramentas
4570,Ferramentas
4572,Ferramentas
4573,Ferramentas
4574,Ferramentas
4575,Ferramentas
4576,Ferramentas
4743,Ferramentas
5309,Geral
9641,Geral
9642,Geral
9643,Geral
9644,Geral
9645,Geral
9646,Geral
9649,Geral
9657,Geral
9658,Geral
9684,Geral
9687,Geral
9688,Geral
9689,Geral
9690,Geral
9691,Geral
9692,Geral
9693,Geral
9694,Geral
9695,Ferramentas
9696,Ferramentas
9697,Geral
9698,Ferramentas
9700,Geral
9707,Geral
9969,Geral
9993,Registros e Válvulas
10070,Registros e Válvulas
10091,Geral
10095,Geral
10240,Tubos e Conexões
10244,Geral
10248,Tubos e Conexões
10250,Registros e Válvulas
10255,Tubos e Conexões
10256,Geral
10259,Tubos e Conexões
10260,Geral
10262,Tubos e Conexões
10266,Geral
10267,Geral
10275,Fixação e Aperto
10288,Instrumentos de Medição
10291,Instrumentos de Medição
10293,Registros e Válvulas
10296,Geral
10298,Tubos e Conexões
10299,Tubos e Conexões
10300,Tubos e Conexões
10301,Tubos e Conexões
10302,Tubos e Conexões
10303,Tubos e Conexões
10304,Tubos e Conexões
10305,Tubos e Conexões
10306,Tubos e Conexões
10307,Tubos e Conexões
10308,Tubos e Conexões
10311,Tubos e Conexões
10313,Tubos e Conexões
10315,Tubos e Conexões
10316,Geral
10318,Tubos e Conexões
10331,Geral
10332,Geral
10341,Geral
10372,Geral
10373,Geral
10376,Geral
10377,Geral
10380,Geral
10381,Geral
10393,Químicos e Adesivos
10396,Químicos e Adesivos
10397,Químicos e Adesivos
10399,Químicos e Adesivos
10403,Químicos e Adesivos
10408,Geral
10416,Geral
10431,Tubos e Conexões
10452,Tubos e Conexões
10453,Tubos e Conexões
10457,Tubos e Conexões
10462,Tubos e Conexões
10464,Geral
10467,Geral
10471,Geral
10473,Geral
10475,Geral
10476,Geral
10478,Geral
10480,Geral
10490,Químicos e Adesivos
10496,Químicos e Adesivos
10497,Químicos e Adesivos
10499,Químicos e Adesivos
10501,Geral
10503,Geral
10505,Químicos e Adesivos
10507,Químicos e Adesivos
10508,Químicos e Adesivos
10511,Químicos e Adesivos
10512,Químicos e Adesivos
10513,Tubos e Conexões
10516,Químicos e Adesivos
10518,Químicos e Adesivos
10519,Químicos e Adesivos
10521,Químicos e Adesivos
10523,Químicos e Adesivos
10529,Químicos e Adesivos
10532,Químicos e Adesivos
10534,Químicos e Adesivos
10537,Químicos e Adesivos
10538,Químicos e Adesivos
10543,Químicos e Adesivos
10546,Geral
10547,Químicos e Adesivos
10549,Geral
10551,Geral
10552,Geral
10553,Geral
10554,Geral
10556,Geral
10559,Geral
10560,Geral
10562,Geral
10566,Registros e Válvulas
10568,Registros e Válvulas
10570,Geral
10571,Geral
10573,Geral
10575,Geral
10577,Registros e Válvulas
10579,Geral
10580,Registros e Válvulas
10581,Registros e Válvulas
10584,Geral
10587,Geral
10589,Geral
10590,Geral
10591,Geral
10593,Geral
10595,Geral
10597,Geral
10600,Geral
10602,Geral
10603,Geral
10606,Geral
10607,Geral
10609,Geral
10610,Geral
10613,Geral
10615,Geral
10618,Geral
10621,Registros e Válvulas
10622,Geral
10624,Tubos e Conexões
10625,Geral
10626,Registros e Válvulas
10629,Geral
10630,Registros e Válvulas
10633,Geral
10634,Geral
10637,Tubos e Conexões
10638,Geral
10643,Tubos e Conexões
10644,Geral
10645,Registros e Válvulas
10646,Geral
10647,Geral
10648,Geral
10651,Geral
10652,Geral
10655,Geral
10656,Geral
10657,Registros e Válvulas
10658,Registros e Válvulas
10659,Geral
10660,Tubos e Conexões
10662,Geral
10663,Geral
10665,Geral
10667,Geral
10669,Geral
10670,Geral
10671,Geral
10673,Geral
10676,Geral
10679,Geral
10680,Geral
10681,Geral
10683,Geral
10684,Geral
10687,Geral
10690,Geral
10691,Geral
10694,Geral
10695,Geral
10697,Geral
10699,Registros e Válvulas
10702,Registros e Válvulas
10703,Químicos e Adesivos
10705,Geral
10706,Químicos e Adesivos
10707,Geral
10708,Geral
10711,Geral
10712,Químicos e Adesivos
10715,Químicos e Adesivos
10718,Geral
10719,Geral
10721,Geral
10724,Geral
10725,Químicos e Adesivos
10727,Químicos e Adesivos
10730,Químicos e Adesivos
10731,Geral
10740,Tubos e Conexões
10742,Geral
10743,Geral
10746,Geral
10751,Geral
10754,Geral
10755,Geral
10756,Material Elétrico
10757,Geral
10760,Geral
10761,Geral
10763,Geral
10766,Geral
10768,Geral
10769,Geral
10771,Geral
10773,Geral
10776,Geral
10778,Geral
10779,Geral
10780,Instrumentos de Medição
10781,Geral
10786,Instrumentos de Medição
10787,Instrumentos de Medição
10792,Instrumentos de Medição
10793,Instrumentos de Medição
10794,Instrumentos de Medição
10797,Instrumentos de Medição
10800,Instrumentos de Medição
10809,Chuveiros e Torneiras
10818,Chuveiros e Torneiras
10823,Registros e Válvulas
10835,Geral
10847,Geral
10848,Geral
10849,Geral
10852,Chuveiros e Torneiras
10853,Chuveiros e Torneiras
10856,Geral
10858,Geral
10879,Tubos e Conexões
10882,Registros e Válvulas
10884,Geral
10891,Geral
10895,Geral
10921,Geral
10931,Instrumentos de Medição
10935,Ferramentas
10939,Ferramentas
10943,Ferramentas
10954,Ferramentas
10960,Ferramentas
10963,Geral
10964,Geral
10965,Geral
10970,Geral
10972,Geral
10973,Geral
10974,Geral
10977,Geral
10978,Geral
10980,Geral
10982,Geral
10985,Geral
10987,Geral
10989,Geral
10990,Geral
10992,Ferramentas
10996,Geral
11003,Geral
11006,Geral
11007,Geral
11008,Geral
11009,Geral
11010,Geral
11011,Geral
11012,Geral
11014,Geral
11062,Tubos e Conexões
11063,Geral
11065,Tubos e Conexões
11069,Tubos e Conexões
11070,Tubos e Conexões
11071,Geral
11074,Geral
11080,Registros e Válvulas
11083,Registros e Válvulas
11087,Registros e Válvulas
11088,Registros e Válvulas
11089,Registros e Válvulas
11090,Registros e Válvulas
11093,Registros e Válvulas
11094,Registros e Válvulas
11096,Registros e Válvulas
11099,Registros e Válvulas
11103,Registros e Válvulas
11105,Registros e Válvulas
11107,Geral
11109,Geral
11112,Geral
11113,Registros e Válvulas
11114,Registros e Válvulas
11117,Registros e Válvulas
11118,Geral
11121,Geral
11124,Geral
11125,Registros e Válvulas
11127,Geral
11129,Registros e Válvulas
11130,Geral
11133,Registros e Válvulas
11134,Registros e Válvulas
11195,Geral
11197,Geral
11198,Geral
11201,Geral
11203,Geral
11204,Geral
11205,Geral
11206,Geral
11209,Geral
11213,Geral
11227,Geral
11230,Geral
11233,Geral
11238,Registros e Válvulas
11240,Registros e Válvulas
11241,Registros e Válvulas
11242,Registros e Válvulas
11245,Registros e Válvulas
11247,Registros e Válvulas
11249,Registros e Válvulas
11251,Registros e Válvulas
11252,Geral
11253,Registros e Válvulas
11257,Geral
11260,Geral
11261,Registros e Válvulas
11263,Tubos e Conexões
11265,Geral
11267,Geral
11268,Geral
11273,Geral
11274,Geral
11275,Geral
11278,Geral
11280,Geral
11281,Geral
11283,Geral
11286,Geral
11287,Tubos e Conexões
11288,Geral
11295,Geral
11296,Tubos e Conexões
11297,Quadros e Caixas
11299,Quadros e Caixas
11300,Quadros e Caixas
11308,Tubos e Conexões
11309,Quadros e Caixas
11311,Quadros e Caixas
11313,Quadros e Caixas
11316,Quadros e Caixas
11317,Quadros e Caixas
11318,Quadros e Caixas
11320,Quadros e Caixas
11324,Quadros e Caixas
11325,Quadros e Caixas
11328,Quadros e Caixas
11330,Quadros e Caixas
11331,Quadros e Caixas
11335,Geral
11338,Geral
11340,Geral
11341,Tubos e Conexões
11343,Tubos e Conexões
11346,Tubos e Conexões
11348,Registros e Válvulas
11349,Geral
11353,Geral
11354,Geral
11355,Tubos e Conexões
11356,Geral
11357,Tubos e Conexões
11360,Geral
11361,Geral
11362,Tubos e Conexões
11363,Geral
11364,Tubos e Conexões
11365,Geral
11366,Tubos e Conexões
11369,Tubos e Conexões
11370,Tubos e Conexões
11373,Tubos e Conexões
11374,Tubos e Conexões
11376,Tubos e Conexões
11377,Tubos e Conexões
11380,Tubos e Conexões
11382,Tubos e Conexões
11384,Tubos e Conexões
11386,Tubos e Conexões
11388,Geral
11391,Geral
11392,Tubos e Conexões
11393,Geral
11396,Tubos e Conexões
11398,Geral
11399,Geral
11412,Geral
11415,Tubos e Conexões
11417,Tubos e Conexões
11434,Quadros e Caixas
11443,Quadros e Caixas
11475,Tubos e Conexões
11478,Tubos e Conexões
11486,Geral
11503,Geral
11506,Tubos e Conexões
11508,Tubos e Conexões
11510,Geral
11512,Geral
11514,Registros e Válvulas
11516,Geral
11530,Geral
11531,Geral
11533,Geral
11535,Químicos e Adesivos
11545,Geral
11547,Geral
11550,Geral
11552,Geral
11554,Geral
11711,Geral
11714,Químicos e Adesivos
11715,Químicos e Adesivos
11718,Químicos e Adesivos
11719,Químicos e Adesivos
11720,Químicos e Adesivos
11724,Químicos e Adesivos
11751,Tubos e Conexões
11753,Tubos e Conexões
11767,Geral
11769,Registros e Válvulas
11774,Geral
11776,Registros e Válvulas
11777,Registros e Válvulas
11780,Geral
11781,Geral
11784,Geral
11785,Registros e Válvulas
11787,Geral
11790,Geral
11791,Registros e Válvulas
11792,Tubos e Conexões
11794,Tubos e Conexões
11846,Registros e Válvulas
11849,Geral
11850,Registros e Válvulas
11853,Registros e Válvulas
11856,Tubos e Conexões
11857,Tubos e Conexões
11859,Tubos e Conexões
11861,Geral
11862,Tubos e Conexões
11879,Geral
11882,Geral
11883,Químicos e Adesivos
11885,Químicos e Adesivos
11889,Químicos e Adesivos
11893,Químicos e Adesivos
11895,Químicos e Adesivos
11897,Químicos e Adesivos
11899,Geral
11901,Geral
11904,Tubos e Conexões
11907,Tubos e Conexões
11908,Tubos e Conexões
11909,Tubos e Conexões
11911,Tubos e Conexões
11913,Tubos e Conexões
11915,Tubos e Conexões
11924,Geral
11925,Geral
11931,Geral
11933,Geral
11935,Geral
11937,Geral
11940,Tubos e Conexões
11941,Tubos e Conexões
11944,Tubos e Conexões
11946,Registros e Válvulas
11947,Geral
11948,Registros e Válvulas
11952,Registros e Válvulas
11953,Geral
11955,Registros e Válvulas
11958,Registros e Válvulas
11959,Registros e Válvulas
11961,Registros e Válvulas
11963,Registros e Válvulas
11965,Registros e Válvulas
11966,Registros e Válvulas
11967,Registros e Válvulas
11972,Geral
11973,Geral
11975,Geral
11977,Geral
11978,Geral
11982,Geral
11983,Geral
11986,Geral
11988,Geral
11990,Geral
11991,Geral
11993,Geral
11996,Geral
11997,Geral
11999,Geral
12002,Geral
12003,Geral
12006,Geral
12007,Geral
12011,Geral
12012,Geral
12014,Geral
12015,Registros e Válvulas
12018,Registros e Válvulas
12019,Registros e Válvulas
12021,Registros e Válvulas
12024,Registros e Válvulas
12032,Químicos e Adesivos
12035,Químicos e Adesivos
12044,Registros e Válvulas
12046,Geral
12048,Registros e Válvulas
12050,Geral
12052,Registros e Válvulas
12054,Registros e Válvulas
12056,Registros e Válvulas
12063,Geral
12066,Geral
12067,Geral
12071,Geral
12072,Registros e Válvulas
12074,Geral
12076,Geral
12078,Geral
12111,Geral
12113,Geral
12116,Geral
12119,Geral
12120,Geral
12121,Geral
12123,Geral
12126,Geral
12127,Geral
12129,Geral
12132,Geral
12135,Geral
12169,Tubos e Conexões
12171,Tubos e Conexões
12174,Tubos e Conexões
12177,Tubos e Conexões
12179,Tubos e Conexões
12182,Tubos e Conexões
12185,Tubos e Conexões
12222,Tubos e Conexões
12223,Tubos e Conexões
12232,Tubos e Conexões
12239,Tubos e Conexões
12244,Geral
12254,Geral
12258,Geral
12313,Químicos e Adesivos
12322,Químicos e Adesivos
12392,Registros e Válvulas
12393,Geral
12396,Geral
12398,Geral
12399,Geral
12401,Geral
12411,Chuveiros e Torneiras
12412,Chuveiros e Torneiras
12413,Chuveiros e Torneiras
12415,Chuveiros e Torneiras
12418,Chuveiros e Torneiras
12419,Chuveiros e Torneiras
12421,Chuveiros e Torneiras
12425,Chuveiros e Torneiras
12426,Chuveiros e Torneiras
12427,Chuveiros e Torneiras
12432,Chuveiros e Torneiras
12436,Chuveiros e Torneiras
12444,Chuveiros e Torneiras
12445,Chuveiros e Torneiras
12446,Chuveiros e Torneiras
12447,Chuveiros e Torneiras
12453,Chuveiros e Torneiras
12456,Chuveiros e Torneiras
12458,Chuveiros e Torneiras
12462,Chuveiros e Torneiras
12464,Chuveiros e Torneiras
12465,Chuveiros e Torneiras
12468,Chuveiros e Torneiras
12470,Chuveiros e Torneiras
12474,Chuveiros e Torneiras
12475,Chuveiros e Torneiras
12476,Chuveiros e Torneiras
12478,Chuveiros e Torneiras
12479,Chuveiros e Torneiras
12481,Chuveiros e Torneiras
12482,Chuveiros e Torneiras
12484,Chuveiros e Torneiras
12485,Chuveiros e Torneiras
12491,Geral
12495,Chuveiros e Torneiras
12497,Chuveiros e Torneiras
12498,Chuveiros e Torneiras
12501,Chuveiros e Torneiras
12503,Chuveiros e Torneiras
12507,Chuveiros e Torneiras
12517,Chuveiros e Torneiras
12518,Chuveiros e Torneiras
12535,Chuveiros e Torneiras
12537,Chuveiros e Torneiras
12541,Chuveiros e Torneiras
12543,Chuveiros e Torneiras
12546,Chuveiros e Torneiras
12548,Chuveiros e Torneiras
12553,Chuveiros e Torneiras
12555,Chuveiros e Torneiras
12558,Chuveiros e Torneiras
12565,Chuveiros e Torneiras
12567,Chuveiros e Torneiras
12568,Chuveiros e Torneiras
12572,Chuveiros e Torneiras
12574,Chuveiros e Torneiras
12578,Chuveiros e Torneiras
12579,Chuveiros e Torneiras
12584,Chuveiros e Torneiras
12586,Chuveiros e Torneiras
12590,Chuveiros e Torneiras
12593,Chuveiros e Torneiras
12596,Chuveiros e Torneiras
12599,Chuveiros e Torneiras
12603,Chuveiros e Torneiras
12605,Chuveiros e Torneiras
12608,Chuveiros e Torneiras
12609,Geral
12612,Geral
12613,Geral
12614,Geral
12617,Geral
12618,Geral
12621,Geral
12622,Geral
12660,Tubos e Conexões
12661,Tubos e Conexões
12664,Tubos e Conexões
12665,Geral
12704,Chuveiros e Torneiras
12726,Tubos e Conexões
12729,Químicos e Adesivos
12731,Químicos e Adesivos
12732,Químicos e Adesivos
12734,Chuveiros e Torneiras
12735,Químicos e Adesivos
12737,Químicos e Adesivos
12738,Geral
12741,Geral
12743,Químicos e Adesivos
12747,Químicos e Adesivos
12748,Químicos e Adesivos
12752,Químicos e Adesivos
12753,Químicos e Adesivos
12755,Químicos e Adesivos
12759,Químicos e Adesivos
12761,Químicos e Adesivos
12763,Químicos e Adesivos
12765,Químicos e Adesivos
12769,Químicos e Adesivos
12772,Químicos e Adesivos
12793,Geral
12795,Geral
12797,Geral
12800,Geral
12801,Geral
12803,Geral
12805,Geral
12807,Geral
12811,Geral
12812,Geral
12814,Geral
12816,Geral
12817,Geral
12820,Geral
12821,Geral
12822,Geral
12845,Geral
12847,Geral
12849,Geral
12851,Químicos e Adesivos
12854,Tubos e Conexões
12855,Químicos e Adesivos
12861,Instrumentos de Medição
12863,Tubos e Conexões
12865,Tubos e Conexões
12866,Ferramentas
12869,Ferramentas
12871,Ferramentas
12879,Tubos e Conexões
12880,Tubos e Conexões
12882,Químicos e Adesivos
12886,Geral
12888,Geral
12890,Geral
12893,Geral
12894,Geral
12896,Geral
12897,Geral
12900,Geral
12901,Geral
12905,Geral
12906,Geral
12908,Geral
12911,Geral
12913,Geral
12914,Geral
12917,Geral
12919,Geral
12922,Geral
12923,Geral
12924,Geral
12925,Geral
12927,Geral
12929,Geral
12932,Geral
12934,Geral
12937,Geral
12939,Geral
12940,Geral
12943,Geral
12945,Geral
12947,Geral
12949,Geral
12951,Geral
12952,Geral
12954,Geral
12957,Geral
12959,Geral
12961,Geral
12963,Geral
12965,Geral
12967,Geral
12969,Geral
12972,Geral
12974,Geral
12975,Geral
12976,Geral
12983,Geral
12984,Geral
12991,Geral
12992,Tubos e Conexões
12995,Tubos e Conexões
12998,Tubos e Conexões
12999,Tubos e Conexões
13002,Tubos e Conexões
13034,Químicos e Adesivos
13036,Geral
13038,Geral
13039,Geral
13040,Registros e Válvulas
13043,Geral
13046,Químicos e Adesivos
13048,Geral
13049,Geral
13051,Geral
13053,Químicos e Adesivos
13056,Químicos e Adesivos
13057,Químicos e Adesivos
13058,Químicos e Adesivos
13060,Químicos e Adesivos
13064,Químicos e Adesivos
13068,Geral
13073,Geral
13074,Geral
13077,Geral
13079,Geral
13081,Geral
13082,Geral
13084,Químicos e Adesivos
13089,Geral
13091,Químicos e Adesivos
13092,Químicos e Adesivos
13093,Geral
13095,Chuveiros e Torneiras
13097,Geral
13099,Químicos e Adesivos
13100,Químicos e Adesivos
13102,Geral
13106,Geral
13108,Geral
13109,Geral
13111,Geral
13112,Tubos e Conexões
13117,Tubos e Conexões
13119,Tubos e Conexões
13123,Geral
13124,Tubos e Conexões
13129,Tubos e Conexões
13132,Tubos e Conexões
13133,Tubos e Conexões
13136,Tubos e Conexões
13138,Tubos e Conexões
13142,Tubos e Conexões
13145,Químicos e Adesivos
13146,Químicos e Adesivos
13148,Químicos e Adesivos
13150,Químicos e Adesivos
13153,Químicos e Adesivos
13155,Químicos e Adesivos
13157,Químicos e Adesivos
13159,Químicos e Adesivos
13161,Químicos e Adesivos
13162,Químicos e Adesivos
13165,Químicos e Adesivos
13182,Geral
13183,Geral
13186,Geral
13188,Instrumentos de Medição
13189,Geral
13191,Instrumentos de Medição
13193,Instrumentos de Medição
13194,Instrumentos de Medição
13197,Instrumentos de Medição
13200,Geral
13201,Instrumentos de Medição
13203,Geral
13205,Instrumentos de Medição
13483,Ferramentas
13485,Ferramentas
13487,Ferramentas
13491,Geral
13493,Geral
13498,Tubos e Conexões
13503,Tubos e Conexões
13505,Tubos e Conexões
13508,Tubos e Conexões
13509,Tubos e Conexões
13512,Tubos e Conexões
13514,Tubos e Conexões
13515,Tubos e Conexões
13518,Tubos e Conexões
13519,Tubos e Conexões
13521,Tubos e Conexões
13522,Tubos e Conexões
13525,Tubos e Conexões
13527,Tubos e Conexões
13528,Tubos e Conexões
13530,Tubos e Conexões
13532,Tubos e Conexões
13533,Tubos e Conexões
13537,Tubos e Conexões
13538,Tubos e Conexões
13540,Tubos e Conexões
13542,Tubos e Conexões
13544,Tubos e Conexões
13546,Tubos e Conexões
13549,Tubos e Conexões
13553,Tubos e Conexões
13557,Tubos e Conexões
13558,Tubos e Conexões
13559,Geral
13563,Tubos e Conexões
13564,Tubos e Conexões
13567,Tubos e Conexões
13568,Tubos e Conexões
13569,Tubos e Conexões
13570,Geral
13574,Tubos e Conexões
13576,Geral
13578,Geral
13579,Tubos e Conexões
13582,Registros e Válvulas
13586,Registros e Válvulas
13592,Geral
13593,Geral
13595,Geral
13598,Registros e Válvulas
13599,Registros e Válvulas
13602,Registros e Válvulas
13603,Geral
13606,Geral
13608,Geral
13609,Geral
13610,Geral
13613,Tubos e Conexões
13616,Tubos e Conexões
13620,Registros e Válvulas
13621,Registros e Válvulas
13622,Registros e Válvulas
13626,Geral
13629,Registros e Válvulas
13630,Registros e Válvulas
13632,Registros e Válvulas
13635,Registros e Válvulas
13636,Registros e Válvulas
13637,Registros e Válvulas
13640,Registros e Válvulas
13643,Ferramentas
13644,Registros e Válvulas
13646,Tubos e Conexões
13650,Tubos e Conexões
13652,Geral
13654,Geral
13657,Geral
13658,Geral
13661,Registros e Válvulas
13663,Geral
13666,Geral
13668,Geral
13669,Geral
13673,Geral
13674,Geral
13675,Geral
13677,Geral
13682,Geral
13685,Geral
13688,Geral
13690,Geral
13692,Geral
13694,Geral
13696,Geral
13698,Geral
13700,Geral
13702,Geral
13703,Geral
13706,Geral
13708,Geral
13709,Geral
13710,Geral
13714,Geral
13716,Geral
13717,Geral
13720,Geral
13721,Geral
13725,Geral
13726,Geral
13727,Geral
13730,Geral
13733,Geral
13734,Geral
13738,Registros e Válvulas
13740,Geral
13741,Registros e Válvulas
13743,Geral
13746,Registros e Válvulas
13748,Geral
13750,Registros e Válvulas
13752,Geral
13755,Acessórios para Ferramentas
13769,Geral
13774,Geral
13775,Geral
13777,Geral
13778,Geral
13782,Geral
13784,Registros e Válvulas
13787,Registros e Válvulas
13788,Registros e Válvulas
13790,Registros e Válvulas
13791,Registros e Válvulas
13794,Geral
13795,Registros e Válvulas
13799,Registros e Válvulas
13800,Geral
13802,Geral
13804,Geral
13808,Químicos e Adesivos
13810,Químicos e Adesivos
13812,Químicos e Adesivos
13815,Químicos e Adesivos
13816,Geral
13819,Geral
13820,Químicos e Adesivos
13874,Geral
13877,Geral
13886,Geral
13895,Geral
13896,Geral
13900,Geral
13902,Geral
13903,Geral
13904,Tubos e Conexões
13905,Geral
13906,Tubos e Conexões
13909,Tubos e Conexões
13910,Tubos e Conexões
13911,Tubos e Conexões
13912,Geral
13913,Tubos e Conexões
13925,Tubos e Conexões
13926,Tubos e Conexões
13927,Tubos e Conexões
13928,Geral
13930,Geral
13936,Geral
13937,Geral
13940,Geral
13942,Geral
13943,Geral
13948,Geral
13959,Tubos e Conexões
13965,Tubos e Conexões
13981,Instrumentos de Medição
13983,Tubos e Conexões
13985,Instrumentos de Medição
13986,Geral
13988,Geral
13994,Geral
13996,Geral
13997,Tubos e Conexões
13998,Geral
13999,Geral
14000,Tubos e Conexões
14001,Geral
14002,Tubos e Conexões
14003,Geral
14006,Geral
14007,Tubos e Conexões
14008,Geral
14009,Geral
14010,Tubos e Conexões
14011,Geral
14013,Geral
14014,Tubos e Conexões
14015,Geral
14017,Geral
14018,Geral
14022,Geral
14023,Tubos e Conexões
14028,Tubos e Conexões
14030,Tubos e Conexões
14032,Tubos e Conexões
14033,Tubos e Conexões
14043,Instrumentos de Medição
14045,Instrumentos de Medição
14048,Instrumentos de Medição
14050,Instrumentos de Medição
14051,Instrumentos de Medição
14052,Geral
14053,Geral
14054,Instrumentos de Medição
14055,Instrumentos de Medição
14056,Geral
14057,Instrumentos de Medição
14058,Instrumentos de Medição
14061,Instrumentos de Medição
14062,Instrumentos de Medição
14066,Instrumentos de Medição
14067,Tubos e Conexões
14068,Instrumentos de Medição
14069,Instrumentos de Medição
14070,Instrumentos de Medição
14071,Instrumentos de Medição
14072,Tubos e Conexões
14073,Tubos e Conexões
14074,Instrumentos de Medição
14075,Tubos e Conexões
14076,Tubos e Conexões
14077,Tubos e Conexões
14078,Instrumentos de Medição
14079,Instrumentos de Medição
14080,Instrumentos de Medição
14081,Tubos e Conexões
14082,Instrumentos de Medição
14083,Tubos e Conexões
14084,Tubos e Conexões
14085,Instrumentos de Medição
14087,Instrumentos de Medição
14090,Instrumentos de Medição
14091,Instrumentos de Medição
14093,Instrumentos de Medição
14098,Instrumentos de Medição
14100,Tubos e Conexões
14105,Geral
14109,Geral
14114,Geral
14125,Geral
14127,Instrumentos de Medição
14128,Geral
14130,Geral
14132,Geral
14146,Geral
14151,Químicos e Adesivos
14156,Geral
14158,Geral
14159,Químicos e Adesivos
14163,Químicos e Adesivos
14164,Geral
14165,Tubos e Conexões
14166,Tubos e Conexões
14168,Tubos e Conexões
14169,Tubos e Conexões
14170,Geral
14171,Geral
14172,Geral
14173,Tubos e Conexões
14175,Geral
14178,Químicos e Adesivos
14180,Químicos e Adesivos
14181,Geral
14188,Geral
14189,Geral
14194,Geral
14198,Químicos e Adesivos
14199,Geral
14201,Geral
14202,Geral
14203,Químicos e Adesivos
14205,Químicos e Adesivos
14207,Químicos e Adesivos
14211,Químicos e Adesivos
14212,Químicos e Adesivos
14213,Químicos e Adesivos
14215,Químicos e Adesivos
14218,Químicos e Adesivos
14221,Geral
14222,Químicos e Adesivos
14223,Químicos e Adesivos
14224,Geral
14226,Geral
14227,Geral
14228,Químicos e Adesivos
14229,Químicos e Adesivos
14230,Químicos e Adesivos
14231,Geral
14232,Geral
14233,Químicos e Adesivos
14234,Geral
14235,Químicos e Adesivos
14236,Químicos e Adesivos
14237,Geral
14238,Químicos e Adesivos
14239,Químicos e Adesivos
14241,Geral
14242,Químicos e Adesivos
14243,Geral
14244,Geral
14245,Geral
14246,Chuveiros e Torneiras
14249,Geral
14250,Geral
14251,Geral
14255,Geral
14256,Geral
14257,Geral
14258,Material Elétrico
14260,Registros e Válvulas
14261,Geral
14262,Químicos e Adesivos
14263,Lubrificantes e Aerossóis
14267,Geral
14271,Registros e Válvulas
14272,Geral
14273,Geral
14274,Tubos e Conexões
14276,Geral
14277,Registros e Válvulas
14278,Registros e Válvulas
14279,Geral
14282,Geral
14283,Geral
14284,Geral
14285,Químicos e Adesivos
14286,Geral
14287,Geral
14288,Geral
14289,Geral
14290,Geral
14291,Geral
14292,Registros e Válvulas
14293,Registros e Válvulas
14295,Geral
14296,Geral
14297,Geral
14298,Registros e Válvulas
14299,Geral
14300,Geral
14301,Registros e Válvulas
14303,Geral
14305,Geral
14306,Geral
14308,Geral
14309,Geral
14310,Registros e Válvulas
14311,Geral
14312,Geral
14313,Geral
14314,Geral
14315,Geral
14316,Geral
14317,Geral
14318,Geral
14319,Geral
14322,Geral
14327,Geral
14328,Geral
14330,Geral
14331,Geral
14332,Geral
14337,Geral
14340,Geral
14341,Geral
14342,Geral
14345,Geral
14346,Geral
14349,Geral
14351,Geral
14352,Geral
14355,Geral
14357,Geral
14358,Químicos e Adesivos
14359,Geral
14361,Químicos e Adesivos
14364,Geral
14366,Geral
14368,Geral
14369,Tubos e Conexões
14372,Geral
14374,Geral
14376,Tubos e Conexões
14378,Tubos e Conexões
14380,Tubos e Conexões
14383,Tubos e Conexões
14384,Tubos e Conexões
14399,Geral
14400,Geral
14402,Geral
14404,Geral
14405,Geral
14406,Geral
14409,Geral
14412,Geral
14414,Geral
14415,Geral
14417,Geral
14419,Geral
14422,Geral
14424,Geral
14426,Geral
14427,Geral
14431,Geral
14433,Geral
14434,Geral
14444,Geral
14451,Geral
14455,Geral
14456,Registros e Válvulas
14457,Registros e Válvulas
14458,Geral
14459,Registros e Válvulas
14460,Geral
14461,Geral
14462,Geral
14463,Geral
14464,Registros e Válvulas
14465,Registros e Válvulas
14466,Geral
14467,Geral
14468,Registros e Válvulas
14470,Registros e Válvulas
14471,Registros e Válvulas
14472,Geral
14473,Registros e Válvulas
14475,Registros e Válvulas
14476,Registros e Válvulas
14477,Geral
14478,Geral
14479,Geral
14480,Geral
14481,Geral
14482,Geral
14483,Geral
14484,Geral
14485,Geral
14486,Registros e Válvulas
14487,Geral
14488,Geral
14489,Geral
14491,Geral
14494,Registros e Válvulas
14496,Geral
14500,Geral
14501,Geral
14514,Geral
14516,Material Elétrico
14518,Material Elétrico
14546,Geral
14558,Geral
14563,Geral
14568,Instrumentos de Medição
14569,Geral
14571,Geral
14573,Geral
14576,Geral
14578,Geral
14580,Geral
14582,Geral
14584,Geral
14586,Geral
14588,Geral
14590,Geral
14592,Geral
14594,Geral
14595,Geral
14597,Geral
14600,Geral
14601,Geral
14602,Geral
14603,Geral
14604,Geral
14606,Geral
14608,Geral
14609,Geral
14611,Geral
14612,Geral
14613,Geral
14614,Geral
14615,Geral
14616,Geral
14617,Geral
14620,Geral
14621,Geral
14622,Geral
14623,Geral
14625,Tubos e Conexões
14626,Geral
14627,Geral
14628,Tubos e Conexões
14629,Tubos e Conexões
14630,Geral
14631,Geral
14632,Tubos e Conexões
14633,Geral
14634,Tubos e Conexões
14635,Geral
14636,Tubos e Conexões
14637,Geral
14638,Tubos e Conexões
14639,Geral
14640,Tubos e Conexões
14641,Geral
14642,Tubos e Conexões
14643,Tubos e Conexões
14644,Geral
14645,Geral
14646,Tubos e Conexões
14647,Tubos e Conexões
14648,Geral
14649,Geral
14650,Tubos e Conexões
14651,Tubos e Conexões
14652,Geral
14653,Geral
14654,Tubos e Conexões
14655,Geral
14656,Geral
14657,Geral
14658,Geral
14659,Geral
14660,Geral
14661,Geral
14662,Geral
14663,Geral
14664,Geral
14665,Geral
14666,Geral
14668,Geral
14670,Geral
14671,Geral
14672,Geral
14673,Geral
14675,Geral
14676,Geral
14678,Geral
14680,Geral
14682,Geral
14684,Geral
14685,Geral
14688,Geral
14689,Geral
14690,Geral
14691,Geral
14692,Geral
14693,Geral
14694,Geral
14695,Geral
14696,Geral
14697,Geral
14698,Geral
14699,Geral
14700,Geral
14701,Geral
14702,Geral
14703,Geral
14704,Geral
14705,Geral
14706,Geral
14707,Geral
14708,Geral
14709,Geral
14710,Geral
14711,Geral
14712,Geral
14713,Geral
14714,Geral
14715,Geral
14716,Geral
14717,Geral
14718,Geral
14719,Geral
14720,Geral
14721,Geral
14723,Geral
14724,Geral
14725,Geral
14726,Geral
14727,Geral
14728,Geral
14729,Geral
14730,Geral
14731,Geral
14732,Geral
14733,Geral
14734,Geral
14736,Geral
14738,Geral
14739,Geral
14740,Geral
14741,Geral
14743,Geral
14744,Geral
14747,Geral
14748,Geral
14751,Geral
14753,Geral
14754,Geral
14755,Geral
14759,Geral
14761,Geral
14762,Geral
14763,Geral
14766,Geral
14768,Geral
14769,Geral
14772,Geral
14774,Geral
14778,Geral
14779,Geral
14780,Geral
14782,Geral
14784,Geral
14786,Geral
14790,Geral
14792,Geral
14794,Geral
14795,Geral
14797,Geral
14798,Geral
14801,Geral
14803,Geral
14804,Geral
14807,Geral
14809,Geral
14811,Geral
14813,Geral
14815,Geral
14816,Geral
14818,Geral
14820,Geral
14822,Geral
14824,Geral
14826,Geral
14829,Geral
14830,Geral
14832,Geral
14834,Geral
14837,Geral
14838,Geral
14840,Geral
14844,Geral
14845,Geral
14847,Geral
14848,Geral
14850,Geral
14852,Geral
14853,Geral
14855,Geral
14859,Geral
14860,Geral
14862,Geral
14863,Geral
14866,Geral
14868,Geral
14869,Geral
14872,Geral
14873,Geral
14876,Geral
14878,Geral
14880,Geral
14882,Geral
14883,Geral
14885,Geral
14887,Geral
14888,Geral
14892,Geral
14893,Geral
14896,Geral
14898,Geral
14900,Geral
14901,Geral
14905,Geral
14906,Geral
14907,Geral
14912,Geral
14915,Geral
14917,Geral
14919,Geral
14921,Geral
14924,Geral
14925,Geral
14928,Geral
14930,Geral
14931,Geral
14933,Geral
14934,Geral
14937,Geral
14938,Geral
14939,Geral
14943,Geral
14945,Geral
14947,Geral
14949,Geral
14952,Geral
14954,Geral
14955,Geral
14958,Geral
14960,Geral
14962,Geral
14995,Geral
14996,Geral
14999,Químicos e Adesivos
15001,Químicos e Adesivos
15003,Geral
15005,Geral
15007,Geral
15009,Geral
15010,Geral
15064,Geral
15068,Geral
15070,Geral
15082,Geral
15095,Material Elétrico
15099,Material Elétrico
15101,Material Elétrico
15103,Material Elétrico
15106,Material Elétrico
15107,Material Elétrico
15109,Material Elétrico
15118,Geral
15123,Geral
15124,Geral
15126,Geral
15128,Geral
15130,Geral
15132,Geral
15135,Geral
15136,Geral
15139,Geral
15140,Geral
15143,Geral
15144,Geral
15145,Geral
15148,Geral
15150,Geral
15152,Geral
15153,Geral
15155,Geral
15157,Geral
15164,Geral
15168,Geral
15171,Geral
15178,Geral
15183,Material Elétrico
15184,Material Elétrico
15185,Material Elétrico
15190,Geral
15192,Geral
15194,Geral
15196,Geral
15198,Geral
15201,Geral
15204,Geral
15206,Geral
15208,Geral
15210,Geral
15212,Geral
15213,Geral
15217,Geral
15219,Geral
15222,Geral
15223,Geral
15227,Geral
15229,Geral
15230,Geral
15231,Geral
15233,Geral
15235,Geral
15237,Geral
15239,Geral
15242,Geral
15244,Geral
15245,Geral
15248,Geral
15250,Geral
15251,Geral
15253,Geral
15255,Geral
15261,Geral
15267,Geral
15271,Geral
15272,Geral
15275,Geral
15278,Geral
15284,Geral
15296,Geral
15597,Geral
15599,Geral
15603,Geral
15632,Geral
15642,Geral
15645,Geral
15646,Geral
15684,Geral
15685,Instrumentos de Medição
15686,Geral
15688,Material Elétrico
15689,Material Elétrico
15690,Geral
15691,Geral
15692,Geral
15693,Instrumentos de Medição
15694,Material Elétrico
15695,Geral
15696,Instrumentos de Medição
15697,Instrumentos de Medição
15698,Instrumentos de Medição
15699,Material Elétrico
15700,Geral
15701,Instrumentos de Medição
15703,Instrumentos de Medição
15704,Geral
15705,Instrumentos de Medição
15706,Material Elétrico
15707,Material Elétrico
15708,Instrumentos de Medição
15709,Instrumentos de Medição
15710,Material Elétrico
15711,Instrumentos de Medição
15712,Material Elétrico
15713,Instrumentos de Medição
15714,Geral
15715,Material Elétrico
15716,Tubos e Conexões
15717,Material Elétrico
15719,Material Elétrico
15720,Material Elétrico
15721,Material Elétrico
15722,Tubos e Conexões
15723,Tubos e Conexões
15725,Tubos e Conexões
15726,Material Elétrico
15728,Material Elétrico
15729,Tubos e Conexões
15730,Material Elétrico
15731,Geral
15732,Material Elétrico
15733,Geral
15734,Material Elétrico
15735,Geral
15736,Material Elétrico
15737,Geral
15738,Geral
15739,Material Elétrico
15740,Geral
15741,Geral
15742,Geral
15743,Geral
15745,Geral
15746,Geral
15747,Registros e Válvulas
15748,Geral
15749,Registros e Válvulas
15750,Geral
15751,Geral
15754,Registros e Válvulas
15756,Geral
15757,Geral
15759,Geral
15760,Material Elétrico
15761,Geral
15762,Material Elétrico
15763,Geral
15764,Material Elétrico
15765,Geral
15766,Material Elétrico
15767,Material Elétrico
15768,Geral
15769,Geral
15770,Geral
15771,Geral
15772,Geral
15773,Geral
15775,Geral
15776,Geral
15777,Geral
15780,Geral
15781,Geral
15783,Geral
15787,Registros e Válvulas
15791,Registros e Válvulas
15792,Geral
15793,Registros e Válvulas
15796,Tubos e Conexões
15797,Registros e Válvulas
15798,Geral
15799,Registros e Válvulas
15800,Geral
15801,Geral
15802,Geral
15803,Registros e Válvulas
15804,Geral
15805,Geral
15806,Registros e Válvulas
15807,Geral
15808,Geral
15809,Registros e Válvulas
15810,Geral
15811,Geral
15812,Geral
15813,Geral
15814,Geral
15815,Geral
15816,Registros e Válvulas
15817,Registros e Válvulas
15818,Registros e Válvulas
15819,Geral
15820,Registros e Válvulas
15821,Geral
15822,Geral
15823,Registros e Válvulas
15824,Registros e Válvulas
15825,Geral
15826,Geral
15827,Registros e Válvulas
15828,Registros e Válvulas
15831,Registros e Válvulas
15832,Geral
15833,Registros e Válvulas
15834,Geral
15835,Geral
15837,Registros e Válvulas
15838,Geral
15839,Geral
15840,Registros e Válvulas
15841,Geral
15842,Registros e Válvulas
15843,Registros e Válvulas
15845,Geral
15847,Instrumentos de Medição
15848,Registros e Válvulas
15849,Geral
15850,Instrumentos de Medição
15851,Instrumentos de Medição
15852,Registros e Válvulas
15853,Instrumentos de Medição
15854,Geral
15855,Registros e Válvulas
15857,Registros e Válvulas
15859,Registros e Válvulas
15861,Registros e Válvulas
15865,Registros e Válvulas
15866,Geral
15868,Registros e Válvulas
15869,Registros e Válvulas
15871,Geral
15874,Geral
15876,Geral
15878,Geral
15879,Geral
15881,Geral
15883,Geral
15885,Geral
15887,Geral
15889,Geral
15891,Químicos e Adesivos
15892,Químicos e Adesivos
15893,Químicos e Adesivos
15898,Químicos e Adesivos
15899,Químicos e Adesivos
15902,Químicos e Adesivos
15904,Geral
15905,Quadros e Caixas
15907,Tubos e Conexões
15908,Quadros e Caixas
15911,Tubos e Conexões
15915,Tubos e Conexões
15916,Tubos e Conexões
15917,Tubos e Conexões
15919,Tubos e Conexões
15921,Tubos e Conexões
15923,Tubos e Conexões
15925,Químicos e Adesivos
15927,Tubos e Conexões
15929,Geral
15930,Geral
15933,Geral
15938,Geral
15939,Geral
15964,Quadros e Caixas
15967,Quadros e Caixas
15969,Quadros e Caixas
15971,Quadros e Caixas
15973,Geral
15975,Geral
15977,Geral
15979,Geral
15981,Geral
15983,Geral
15986,Geral
15988,Geral
15989,Geral
15990,Geral
15993,Geral
15995,Geral
15996,Geral
15999,Geral
16001,Geral
16002,Geral
16004,Tubos e Conexões
16008,Tubos e Conexões
16010,Tubos e Conexões
16011,Geral
16013,Geral
16018,Geral
16019,Geral
16021,Geral
16022,Geral
16026,Geral
16027,Geral
16028,Geral
16032,Geral
16033,Geral
16035,Tubos e Conexões
16036,Tubos e Conexões
16039,Tubos e Conexões
16040,Tubos e Conexões
16043,Tubos e Conexões
16045,Geral
16046,Tubos e Conexões
16048,Geral
16051,Geral
16052,Tubos e Conexões
16055,Geral
16057,Geral
16059,Geral
16061,Geral
16062,Geral
16064,Tubos e Conexões
16066,Tubos e Conexões
16068,Tubos e Conexões
16070,Geral
16073,Geral
16075,Geral
16076,Geral
16078,Geral
16081,Tubos e Conexões
16084,Geral
16086,Geral
16087,Geral
16089,Geral
16090,Tubos e Conexões
16091,Tubos e Conexões
16092,Geral
16093,Tubos e Conexões
16095,Geral
16096,Geral
16098,Tubos e Conexões
16100,Geral
16101,Tubos e Conexões
16102,Geral
16104,Geral
16105,Geral
16106,Tubos e Conexões
16107,Tubos e Conexões
16109,Geral
16110,Geral
16111,Geral
16112,Geral
16113,Geral
16114,Geral
16115,Registros e Válvulas
16117,Geral
16118,Geral
16119,Geral
16121,Geral
16123,Geral
16124,Geral
16126,Geral
16128,Geral
16130,Geral
16133,Geral
16135,Geral
16136,Geral
16139,Geral
16140,Geral
16142,Geral
16143,Geral
16147,Geral
16149,Geral
16150,Geral
16151,Geral
16154,Geral
16155,Geral
16158,Geral
16159,Geral
16163,Geral
16164,Geral
16166,Geral
16168,Geral
16171,Geral
16172,Geral
16176,Geral
16177,Geral
16178,Geral
16180,Geral
16181,Geral
16184,Geral
16187,Geral
16188,Geral
16190,Geral
16191,Geral
16192,Geral
16196,Geral
16197,Geral
16200,Geral
16201,Geral
16204,Geral
16207,Geral
16208,Geral
16211,Geral
16250,Fixação e Aperto
16253,Geral
16254,Fixação e Aperto
16258,Geral
16259,Químicos e Adesivos
16261,Químicos e Adesivos
16262,Químicos e Adesivos
16265,Químicos e Adesivos
16266,Químicos e Adesivos
16267,Químicos e Adesivos
16271,Químicos e Adesivos
16272,Químicos e Adesivos
16275,Químicos e Adesivos
16276,Químicos e Adesivos
16278,Químicos e Adesivos
16280,Químicos e Adesivos
16282,Químicos e Adesivos
16283,Químicos e Adesivos
16285,Químicos e Adesivos
16289,Químicos e Adesivos
16290,Químicos e Adesivos
16291,Químicos e Adesivos
16295,Químicos e Adesivos
16297,Químicos e Adesivos
16299,Químicos e Adesivos
16300,Químicos e Adesivos
16303,Químicos e Adesivos
16304,Químicos e Adesivos
16306,Químicos e Adesivos
16309,Químicos e Adesivos
16310,Químicos e Adesivos
16313,Químicos e Adesivos
16314,Geral
16315,Químicos e Adesivos
16316,Material Elétrico
16317,Químicos e Adesivos
16318,Químicos e Adesivos
16319,Químicos e Adesivos
16322,Químicos e Adesivos
16323,Químicos e Adesivos
16327,Químicos e Adesivos
16329,Químicos e Adesivos
16330,Químicos e Adesivos
16333,Geral
16336,Químicos e Adesivos
16337,Químicos e Adesivos
16338,Químicos e Adesivos
16345,Químicos e Adesivos
16354,Químicos e Adesivos
16355,Químicos e Adesivos
16357,Químicos e Adesivos
16358,Químicos e Adesivos
16362,Químicos e Adesivos
16363,Químicos e Adesivos
16366,Químicos e Adesivos
16367,Químicos e Adesivos
16369,Químicos e Adesivos
16370,Químicos e Adesivos
16373,Químicos e Adesivos
16376,Químicos e Adesivos
16377,Químicos e Adesivos
16378,Químicos e Adesivos
16379,Geral
16380,Geral
16382,Químicos e Adesivos
16383,Químicos e Adesivos
16384,Químicos e Adesivos
16385,Químicos e Adesivos
16386,Geral
16387,Geral
16388,Químicos e Adesivos
16389,Geral
16391,Geral
16392,Geral
16393,Químicos e Adesivos
16395,Químicos e Adesivos
16396,Químicos e Adesivos
16397,Químicos e Adesivos
16398,Geral
16399,Químicos e Adesivos
16401,Geral
16402,Geral
16403,Químicos e Adesivos
16404,Químicos e Adesivos
16406,Geral
16408,Geral
16410,Geral
16412,Geral
16414,Geral
16417,Geral
16418,Geral
16434,Químicos e Adesivos
16435,Químicos e Adesivos
16438,Químicos e Adesivos
16440,Químicos e Adesivos
16441,Químicos e Adesivos
16444,Químicos e Adesivos
16445,Químicos e Adesivos
16446,Químicos e Adesivos
16449,Químicos e Adesivos
16450,Químicos e Adesivos
16452,Químicos e Adesivos
16453,Químicos e Adesivos
16458,Geral
16459,Químicos e Adesivos
16461,Químicos e Adesivos
16462,Químicos e Adesivos
16466,Ferramentas
16467,Geral
16468,Químicos e Adesivos
16470,Ferramentas
16473,Geral
16475,Geral
16476,Geral
16477,Geral
16478,Geral
16479,Geral
16480,Geral
16481,Geral
16483,Geral
16484,Geral
16485,Geral
16486,Geral
16487,Geral
16488,Geral
16489,Geral
16490,Geral
16491,Geral
16492,Geral
16493,Geral
16494,Geral
16495,Geral
16497,Geral
16499,Geral
16501,Geral
16504,Geral
16505,Geral
16506,Geral
16508,Geral
16509,Chuveiros e Torneiras
16510,Geral
16512,Chuveiros e Torneiras
16514,Geral
16515,Geral
16517,Geral
16518,Geral
16520,Geral
16525,Geral
16549,Geral
16551,Chuveiros e Torneiras
16554,Chuveiros e Torneiras
16564,Geral
16566,Geral
16567,Geral
16570,Geral
16572,Geral
16575,Geral
16577,Geral
16579,Geral
16580,Geral
16583,Geral
16588,Lubrificantes e Aerossóis
16590,Geral
16591,Geral
16593,Geral
16596,Geral
16604,Geral
16605,Geral
16617,Geral
16621,Geral
16625,Geral
16626,Geral
16627,Geral
16629,Geral
16632,Geral
16633,Geral
16638,Geral
16639,Geral
16640,Geral
16641,Geral
16644,Geral
16645,Geral
16728,Geral
16841,Geral
16842,Geral
16845,Geral
16847,Geral
16848,Geral
16849,Geral
16853,Geral
16856,Geral
16857,Geral
16859,Geral
16861,Geral
16864,Geral
16865,Geral
16866,Geral
16868,Geral
16870,Geral
16871,Geral
16874,Geral
16876,Geral
16879,Geral
16880,Geral
16882,Geral
16885,Geral
16887,Geral
16888,Geral
16891,Geral
16892,Tubos e Conexões
16912,Tubos e Conexões
16915,Tubos e Conexões
16919,Tubos e Conexões
16921,Tubos e Conexões
16923,Tubos e Conexões
16925,Tubos e Conexões
16926,Tubos e Conexões
16929,Tubos e Conexões
16930,Tubos e Conexões
16932,Tubos e Conexões
16935,Geral
16937,Geral
16939,Tubos e Conexões
16942,Tubos e Conexões
16945,Tubos e Conexões
16946,Tubos e Conexões
16949,Geral
16950,Registros e Válvulas
16952,Registros e Válvulas
16955,Registros e Válvulas
16957,Geral
16960,Registros e Válvulas
16964,Geral
16965,Geral
16966,Geral
16969,Geral
16971,Geral
16974,Químicos e Adesivos
16975,Químicos e Adesivos
16978,Químicos e Adesivos
16979,Químicos e Adesivos
17010,Registros e Válvulas
17013,Registros e Válvulas
17014,Registros e Válvulas
17016,Registros e Válvulas
17018,Registros e Válvulas
17021,Registros e Válvulas
17023,Registros e Válvulas
17025,Registros e Válvulas
17026,Geral
17029,Tubos e Conexões
17032,Tubos e Conexões
17033,Tubos e Conexões
17047,Químicos e Adesivos
17048,Químicos e Adesivos
17050,Tubos e Conexões
17053,Químicos e Adesivos
17056,Tubos e Conexões
17058,Tubos e Conexões
17061,Químicos e Adesivos
17064,Químicos e Adesivos
17068,Geral
17073,Geral
17076,Tubos e Conexões
17077,Registros e Válvulas
17080,Tubos e Conexões
17081,Tubos e Conexões
17084,Geral
17089,Geral
17091,Registros e Válvulas
17092,Tubos e Conexões
17096,Geral
17097,Tubos e Conexões
17098,Tubos e Conexões
17099,Registros e Válvulas
17103,Tubos e Conexões
17105,Tubos e Conexões
17108,Tubos e Conexões
17110,Químicos e Adesivos
17112,Químicos e Adesivos
17113,Geral
17115,Geral
17116,Geral
17118,Quadros e Caixas
17120,Quadros e Caixas
17122,Geral
17124,Geral
17126,Geral
17130,Geral
17133,Geral
17134,Geral
17136,Registros e Válvulas
17143,Geral
17145,Geral
17146,Geral
17149,Geral
17150,Geral
17153,Geral
17154,Geral
17157,Geral
17159,Geral
17160,Registros e Válvulas
17163,Geral
17164,Geral
17165,Geral
17169,Geral
17172,Geral
17174,Geral
17176,Geral
17178,Geral
17179,Geral
17180,Geral
17183,Geral
17185,Geral
17189,Registros e Válvulas
17191,Registros e Válvulas
17195,Tubos e Conexões
17197,Tubos e Conexões
17199,Tubos e Conexões
17200,Tubos e Conexões
17203,Tubos e Conexões
17204,Tubos e Conexões
17206,Tubos e Conexões
17209,Tubos e Conexões
17210,Tubos e Conexões
17214,Tubos e Conexões
17223,Tubos e Conexões
17225,Tubos e Conexões
17227,Tubos e Conexões
17230,Tubos e Conexões
17231,Tubos e Conexões
17232,Tubos e Conexões
17238,Tubos e Conexões
17239,Tubos e Conexões
17240,Tubos e Conexões
17243,Tubos e Conexões
17245,Tubos e Conexões
17247,Tubos e Conexões
17250,Tubos e Conexões
17251,Tubos e Conexões
17259,Geral
17263,Tubos e Conexões
17273,Tubos e Conexões
17275,Tubos e Conexões
17278,Tubos e Conexões
17280,Tubos e Conexões
17281,Tubos e Conexões
17283,Tubos e Conexões
17285,Tubos e Conexões
17287,Tubos e Conexões
17288,Tubos e Conexões
17292,Tubos e Conexões
17338,Tubos e Conexões
17341,Tubos e Conexões
17342,Tubos e Conexões
17343,Tubos e Conexões
17345,Tubos e Conexões
17356,Geral
17358,Geral
17359,Geral
17365,Tubos e Conexões
17367,Tubos e Conexões
17369,Tubos e Conexões
17371,Tubos e Conexões
17372,Tubos e Conexões
17375,Tubos e Conexões
17379,Geral
17380,Geral
17382,Geral
17385,Tubos e Conexões
17387,Tubos e Conexões
17391,Tubos e Conexões
17403,Tubos e Conexões
17404,Tubos e Conexões
17408,Tubos e Conexões
17413,Tubos e Conexões
17414,Tubos e Conexões
17416,Tubos e Conexões
17417,Tubos e Conexões
17418,Tubos e Conexões
17422,Tubos e Conexões
17423,Tubos e Conexões
17424,Tubos e Conexões
17425,Tubos e Conexões
17428,Tubos e Conexões
17438,Tubos e Conexões
17446,Tubos e Conexões
17450,Tubos e Conexões
17451,Tubos e Conexões
17453,Tubos e Conexões
17455,Tubos e Conexões
17463,Tubos e Conexões
17484,Tubos e Conexões
17487,Químicos e Adesivos
17489,Geral
17491,Químicos e Adesivos
17493,Geral
17494,Geral
17498,Geral
17499,Geral
17500,Geral
17504,Geral
17505,Geral
17507,Geral
17509,Geral
17512,Geral
17513,Geral
17515,Geral
17516,Geral
17520,Geral
17523,Geral
17536,Geral
17537,Geral
17539,Geral
17541,Geral
17543,Químicos e Adesivos
17737,Material Elétrico
17738,Material Elétrico
17740,Material Elétrico
17742,Material Elétrico
17743,Material Elétrico
17746,Material Elétrico
17751,Material Elétrico
17753,Material Elétrico
17754,Material Elétrico
17767,Material Elétrico
17769,Material Elétrico
17773,Material Elétrico
17774,Material Elétrico
17776,Material Elétrico
17779,Material Elétrico
17781,Material Elétrico
17782,Material Elétrico
17783,Material Elétrico
17787,Material Elétrico
17802,Material Elétrico
17815,Material Elétrico
17819,Material Elétrico
17821,Material Elétrico
17823,Material Elétrico
17824,Material Elétrico
17827,Material Elétrico
17836,Material Elétrico
17840,Fixação e Aperto
17843,Material Elétrico
17845,Material Elétrico
17848,Material Elétrico
17850,Material Elétrico
17854,Material Elétrico
17856,Material Elétrico
17858,Material Elétrico
17859,Material Elétrico
17862,Material Elétrico
17865,Material Elétrico
17866,Material Elétrico
17867,Material Elétrico
17870,Material Elétrico
17872,Material Elétrico
17873,Material Elétrico
17877,Material Elétrico
17879,Material Elétrico
17880,Material Elétrico
17881,Material Elétrico
17883,Material Elétrico
17886,Material Elétrico
17889,Material Elétrico
17890,Material Elétrico
17891,Material Elétrico
17892,Registros e Válvulas
17893,Registros e Válvulas
17894,Material Elétrico
17895,Registros e Válvulas
17896,Material Elétrico
17897,Geral
17898,Material Elétrico
17899,Geral
17900,Material Elétrico
17901,Geral
17902,Material Elétrico
17903,Geral
17904,Material Elétrico
17905,Material Elétrico
17906,Registros e Válvulas
17907,Registros e Válvulas
17908,Material Elétrico
17909,Material Elétrico
17910,Registros e Válvulas
17911,Registros e Válvulas
17912,Material Elétrico
17913,Geral
17914,Material Elétrico
17915,Geral
17916,Geral
17917,Material Elétrico
17918,Geral
17919,Material Elétrico
17920,Material Elétrico
17921,Geral
17922,Material Elétrico
17924,Material Elétrico
17925,Geral
17926,Material Elétrico
17927,Geral
17928,Material Elétrico
17929,Material Elétrico
17930,Geral
17931,Material Elétrico
17934,Material Elétrico
17935,Químicos e Adesivos
17936,Material Elétrico
17938,Material Elétrico
17940,Material Elétrico
17942,Material Elétrico
17944,Material Elétrico
17946,Material Elétrico
17950,Material Elétrico
17951,Material Elétrico
17952,Material Elétrico
17954,Material Elétrico
17956,Material Elétrico
17958,Material Elétrico
17961,Material Elétrico
17964,Material Elétrico
17965,Material Elétrico
17966,Material Elétrico
17970,Material Elétrico
17971,Material Elétrico
17972,Material Elétrico
17974,Material Elétrico
17977,Material Elétrico
17978,Material Elétrico
17980,Material Elétrico
17982,Material Elétrico
17985,Material Elétrico
17986,Material Elétrico
17988,Material Elétrico
17991,Material Elétrico
17992,Material Elétrico
17994,Material Elétrico
17997,Material Elétrico
17998,Material Elétrico
18000,Material Elétrico
18002,Material Elétrico
18004,Material Elétrico
18007,Material Elétrico
18008,Material Elétrico
18010,Material Elétrico
18012,Material Elétrico
18014,Material Elétrico
18017,Material Elétrico
18018,Material Elétrico
18019,Material Elétrico
18021,Material Elétrico
18024,Material Elétrico
18025,Material Elétrico
18028,Material Elétrico
18029,Material Elétrico
18032,Material Elétrico
18034,Material Elétrico
18035,Material Elétrico
18037,Material Elétrico
18040,Material Elétrico
18042,Material Elétrico
18044,Material Elétrico
18046,Material Elétrico
18047,Material Elétrico
18050,Material Elétrico
18051,Material Elétrico
18055,Material Elétrico
18056,Material Elétrico
18058,Material Elétrico
18059,Material Elétrico
18062,Material Elétrico
18065,Material Elétrico
18067,Material Elétrico
18069,Material Elétrico
18070,Material Elétrico
18072,Material Elétrico
18074,Material Elétrico
18075,Material Elétrico
18078,Material Elétrico
18080,Material Elétrico
18082,Material Elétrico
18083,Material Elétrico
18087,Material Elétrico
18088,Material Elétrico
18089,Material Elétrico
18092,Material Elétrico
18094,Material Elétrico
18096,Material Elétrico
18097,Material Elétrico
18098,Material Elétrico
18102,Material Elétrico
18103,Material Elétrico
18107,Material Elétrico
18109,Material Elétrico
18110,Material Elétrico
18111,Material Elétrico
18114,Material Elétrico
18115,Material Elétrico
18116,Material Elétrico
18118,Material Elétrico
18122,Material Elétrico
18125,Material Elétrico
18127,Material Elétrico
18128,Material Elétrico
18130,Material Elétrico
18131,Material Elétrico
18135,Material Elétrico
18137,Material Elétrico
18140,Material Elétrico
18141,Material Elétrico
18142,Material Elétrico
18145,Material Elétrico
18146,Material Elétrico
18148,Material Elétrico
18150,Material Elétrico
18151,Material Elétrico
18154,Material Elétrico
18155,Material Elétrico
18169,Material Elétrico
18175,Fixação e Aperto
18178,Fixação e Aperto
18180,Fixação e Aperto
18182,Material Elétrico
18213,Geral
18223,Registros e Válvulas
18226,Registros e Válvulas
18231,Geral
18232,Geral
18235,Geral
18247,Registros e Válvulas
18248,Geral
18251,Geral
18252,Geral
18255,Geral
18257,Geral
18261,Geral
18263,Geral
18268,Geral
18281,Registros e Válvulas
18308,Geral
18318,Geral
18319,Geral
18322,Geral
18324,Geral
18326,Geral
18328,Geral
18330,Geral
18332,Geral
18334,Geral
18335,Ferramentas
18339,Geral
18342,Geral
18348,Geral
18350,Geral
18364,Geral
18388,Geral
18390,Geral
18391,Geral
18406,Geral
18411,Geral
18415,Geral
18416,Geral
18418,Geral
18421,Geral
18430,Geral
18432,Geral
18434,Geral
18438,Geral
18439,Geral
18445,Geral
18450,Geral
18453,Geral
18454,Geral
18456,Geral
18465,Geral
18478,Geral
18480,Geral
18485,Instrumentos de Medição
18486,Geral
18491,Geral
18493,Geral
18502,Instrumentos de Medição
18508,Geral
18509,Geral
18512,Geral
18515,Geral
18516,Geral
18520,Geral
18524,Geral
18525,Geral
18527,Geral
18529,Geral
18530,Geral
18531,Geral
18535,Geral
18536,Geral
18540,Geral
18541,Geral
18542,Geral
18544,Geral
18549,Tubos e Conexões
18550,Tubos e Conexões
18552,Tubos e Conexões
18554,Geral
18555,Tubos e Conexões
18556,Geral
18557,Tubos e Conexões
18558,Tubos e Conexões
18561,Geral
18562,Tubos e Conexões
18563,Tubos e Conexões
18564,Tubos e Conexões
18568,Tubos e Conexões
18570,Tubos e Conexões
18571,Tubos e Conexões
18573,Tubos e Conexões
18575,Tubos e Conexões
18577,Tubos e Conexões
18578,Tubos e Conexões
18580,Geral
18581,Tubos e Conexões
18583,Tubos e Conexões
18584,Tubos e Conexões
18587,Geral
18592,Geral
18599,Geral
18601,Geral
18616,Geral
18693,Geral
18698,Geral
18761,Geral
18772,Tubos e Conexões
18773,Tubos e Conexões
18774,Geral
18775,Geral
18776,Tubos e Conexões
18778,Geral
18779,Geral
18780,Geral
18783,Geral
18784,Geral
18786,Tubos e Conexões
18789,Tubos e Conexões
18790,Tubos e Conexões
18792,Tubos e Conexões
18794,Tubos e Conexões
18797,Tubos e Conexões
18798,Tubos e Conexões
18799,Geral
18803,Tubos e Conexões
18804,Tubos e Conexões
18805,Geral
18807,Tubos e Conexões
18808,Geral
18809,Tubos e Conexões
18811,Tubos e Conexões
18813,Tubos e Conexões
18814,Geral
18815,Tubos e Conexões
18816,Tubos e Conexões
18820,Tubos e Conexões
18821,Tubos e Conexões
18823,Tubos e Conexões
18824,Tubos e Conexões
18825,Tubos e Conexões
18826,Geral
18828,Material Elétrico
18829,Tubos e Conexões
18830,Material Elétrico
18831,Tubos e Conexões
18832,Geral
18833,Tubos e Conexões
18836,Tubos e Conexões
18837,Tubos e Conexões
18838,Tubos e Conexões
18841,Tubos e Conexões
18844,Geral
18848,Geral
18849,Geral
18853,Geral
18854,Geral
18855,Geral
18859,Geral
18860,Geral
18862,Geral
18866,Geral
18867,Geral
18872,Geral
18874,Geral
18875,Geral
18893,Geral
18894,Geral
18926,Geral
18927,Geral
18928,Material Elétrico
18929,Geral
18930,Material Elétrico
18931,Geral
18932,Geral
18933,Material Elétrico
18934,Geral
18935,Material Elétrico
18937,Registros e Válvulas
18939,Geral
18941,Registros e Válvulas
18944,Registros e Válvulas
18946,Geral
18947,Registros e Válvulas
18949,Registros e Válvulas
18950,Registros e Válvulas
18954,Registros e Válvulas
18955,Geral
18957,Registros e Válvulas
18958,Registros e Válvulas
18960,Registros e Válvulas
18961,Material Elétrico
18962,Material Elétrico
18963,Geral
18964,Geral
18965,Geral
18967,Geral
18970,Registros e Válvulas
18972,Geral
18973,Registros e Válvulas
18974,Registros e Válvulas
18975,Geral
18976,Registros e Válvulas
18977,Registros e Válvulas
18978,Geral
18979,Geral
18980,Geral
18981,Geral
18983,Registros e Válvulas
18984,Registros e Válvulas
18986,Registros e Válvulas
18989,Geral
18990,Geral
18991,Geral
18994,Químicos e Adesivos
18998,Tubos e Conexões
19001,Tubos e Conexões
19002,Químicos e Adesivos
19008,Geral
19011,Geral
19012,Geral
19014,Geral
19016,Geral
19019,Químicos e Adesivos
19020,Químicos e Adesivos
19022,Químicos e Adesivos
19023,Geral
19026,Químicos e Adesivos
19028,Químicos e Adesivos
19029,Químicos e Adesivos
19030,Químicos e Adesivos
19031,Químicos e Adesivos
19035,Geral
19036,Químicos e Adesivos
19037,Químicos e Adesivos
19038,Químicos e Adesivos
19039,Geral
19040,Geral
19041,Químicos e Adesivos
19042,Geral
19043,Químicos e Adesivos
19044,Geral
19045,Químicos e Adesivos
19046,Químicos e Adesivos
19047,Geral
19048,Químicos e Adesivos
19049,Geral
19050,Geral
19051,Químicos e Adesivos
19052,Geral
19053,Químicos e Adesivos
19054,Químicos e Adesivos
19055,Geral
19056,Geral
19057,Geral
19058,Químicos e Adesivos
19059,Químicos e Adesivos
19060,Geral
19061,Químicos e Adesivos
19062,Geral
19063,Geral
19064,Químicos e Adesivos
19065,Químicos e Adesivos
19066,Químicos e Adesivos
19067,Geral
19068,Geral
19069,Material Elétrico
19070,Material Elétrico
19071,Geral
19072,Químicos e Adesivos
19073,Geral
19074,Geral
19075,Geral
19076,Geral
19077,Geral
19078,Geral
19079,Geral
19080,Geral
19081,Geral
19082,Geral
19083,Geral
19084,Geral
19085,Geral
19086,Geral
19087,Geral
19088,Material Elétrico
19089,Geral
19090,Geral
19091,Geral
19092,Material Elétrico
19093,Geral
19094,Geral
19095,Geral
19097,Material Elétrico
19098,Geral
19099,Geral
19100,Geral
19101,Geral
19102,Geral
19103,Geral
19104,Geral
19105,Material Elétrico
19106,Geral
19107,Material Elétrico
19108,Material Elétrico
19109,Material Elétrico
19110,Geral
19111,Geral
19112,Geral
19113,Geral
19114,Geral
19135,Geral
19136,Geral
19137,Geral
19138,Geral
19139,Geral
19140,Geral
19141,Geral
19142,Geral
19143,Geral
19144,Geral
19145,Geral
19146,Geral
19147,Geral
19148,Geral
19149,Geral
19150,Geral
19151,Geral
19152,Geral
19153,Geral
19154,Geral
19155,Geral
19156,Geral
19157,Geral
19158,Geral
19159,Geral
19160,Geral
19161,Geral
19162,Geral
19164,Geral
19170,Geral
22345,Ferramentas
22349,Geral
22356,Geral
22359,Geral
22442,Ferramentas
22515,Instrumentos de Medição
22520,Instrumentos de Medição
22521,Geral
22523,Geral
22524,Geral
22525,Geral
22526,Geral
22527,Geral
22528,Geral
22530,Geral
22531,Geral
22532,Geral
22533,Geral
22534,Geral
22535,Geral
22536,Geral
22538,Geral
22539,Geral
22837,Geral
22838,Geral
22843,Geral
22844,Geral
22850,Geral
22855,Geral
22856,Geral
22857,Geral
22858,Geral
22859,Geral
22860,Geral
22864,Geral
22866,Geral
22867,Geral
22868,Geral
22869,Geral
22871,Geral
22873,Geral
22874,Geral
22875,Geral
22876,Geral
22878,Geral
22879,Geral
22881,Geral
22882,Ferramentas
22886,Geral
22887,Geral
22912,Ferramentas
22978,Geral
22979,Geral
22985,Material Elétrico
22991,Geral
22992,Geral
22999,Geral
23000,Geral
23003,Geral
23004,Geral
23008,Geral
23014,Quadros e Caixas
23015,Quadros e Caixas
23016,Quadros e Caixas
23017,Quadros e Caixas
23021,Quadros e Caixas
23022,Quadros e Caixas
23024,Quadros e Caixas
23026,Quadros e Caixas
23027,Quadros e Caixas
23028,Quadros e Caixas
23029,Quadros e Caixas
23030,Quadros e Caixas
23031,Quadros e Caixas
23032,Quadros e Caixas
23033,Quadros e Caixas
23034,Quadros e Caixas
23035,Quadros e Caixas
23036,Quadros e Caixas
23037,Quadros e Caixas
23038,Quadros e Caixas
23039,Quadros e Caixas
23040,Quadros e Caixas
23042,Quadros e Caixas
23044,Quadros e Caixas
23045,Quadros e Caixas
23066,Geral
23067,Geral
23073,Geral
23204,Geral
23205,Geral
23307,Geral
23352,Geral
23353,Geral
23354,Geral
23355,Geral
23356,Geral
23357,Instrumentos de Medição
23358,Instrumentos de Medição
23359,Instrumentos de Medição
23360,Geral
23362,Geral
23363,Geral
23672,Geral
23674,Geral
23678,Acessórios para Ferramentas
23682,Acessórios para Ferramentas
23686,Acessórios para Ferramentas
23687,Geral
23688,Acessórios para Ferramentas
23689,Acessórios para Ferramentas
23691,Geral
23692,Geral
23696,Geral
23698,Geral
23700,Geral
23701,Instrumentos de Medição
23702,Geral
23703,Acessórios para Ferramentas
23705,Geral
23707,Geral
23709,Acessórios para Ferramentas
23719,Geral
23725,Geral
23726,Geral
23731,Geral
23736,Geral
23744,Geral
23745,Geral
23747,Geral
23750,Geral
23751,Geral
23752,Geral
23755,Geral
23756,Geral
23757,Geral
23758,Geral
23759,Geral
23760,Geral
23761,Geral
23762,Geral
23763,Geral
23766,Geral
23767,Acessórios para Ferramentas
23784,Geral
23785,Geral
23790,Acessórios para Ferramentas
23793,Instrumentos de Medição
23794,Instrumentos de Medição
23796,Acessórios para Ferramentas
23797,Geral
23798,Geral
23799,Geral
23801,Geral
23802,Geral
23805,Instrumentos de Medição
23807,Geral
23808,Instrumentos de Medição
23810,Instrumentos de Medição
23811,Acessórios para Ferramentas
23812,Acessórios para Ferramentas
23813,Geral
23814,Geral
23815,Acessórios para Ferramentas
23817,Geral
23818,Geral
23820,Geral
23827,Geral
23828,Geral
23829,Geral
23830,Geral
23831,Geral
23833,Geral
23837,Geral
23838,Geral
23839,Geral
23840,Geral
23841,Geral
23842,Geral
23843,Geral
23844,Geral
23845,Geral
23846,Geral
23847,Geral
23848,Geral
23849,Geral
23850,Geral
23852,Geral
23857,Geral
23858,Geral
23859,Geral
23860,Geral
23861,Geral
23862,Geral
23863,Geral
23864,Geral
23865,Geral
23867,Geral
23868,Geral
23871,Geral
23873,Geral
23874,Instrumentos de Medição
23875,Geral
23876,Geral
23877,Geral
23878,Geral
23882,Geral
23884,Geral
23885,Geral
23887,Geral
23888,Geral
23889,Geral
23890,Geral
23891,Geral
23892,Geral
23893,Geral
23894,Geral
23895,Geral
23896,Geral
23897,Geral
23898,Geral
23899,Geral
23900,Geral
23901,Geral
23902,Geral
23903,Geral
23905,Geral
23910,Geral
23911,Geral
23912,Geral
23922,Geral
23923,Geral
23925,Instrumentos de Medição
23927,Geral
23935,Geral
23945,Geral
23946,Geral
23947,Geral
23948,Geral
23950,Geral
23951,Geral
23952,Geral
23956,Geral
23957,Geral
23962,Geral
23969,Geral
23971,Geral
23972,Geral
23973,Geral
23984,Geral
23987,Geral
23989,Geral
23992,Geral
24109,Geral
24114,Geral
24116,Geral
24118,Geral
24120,Geral
24122,Geral
24131,Geral
24135,Geral
24466,Geral
24471,Geral
24472,Geral
24474,Geral
24475,Geral
24476,Geral
24477,Geral
24479,Geral
24480,Geral
24481,Geral
24483,Geral
24484,Geral
24485,Geral
24490,Geral
24493,Geral
24496,Geral
24498,Geral
24503,Geral
24509,Geral
24511,Geral
24512,Geral
24513,Geral
24514,Geral
24517,Geral
24523,Geral
24532,Geral
24533,Geral
24534,Geral
24535,Geral
24536,Geral
24537,Geral
24538,Geral
24539,Geral
24540,Geral
24541,Geral
24542,Geral
24543,Geral
24544,Geral
24545,Geral
24546,Geral
24547,Geral
24549,Geral
24638,Geral
24641,Geral
24642,Geral
24643,Geral
24644,Geral
24645,Geral
24646,Geral
24647,Instrumentos de Medição
24648,Geral
24656,Geral
24657,Geral
24658,Geral
24659,Geral
24660,Geral
24661,Geral
24662,Geral
24663,Geral
24665,Geral
24666,Geral
32374,Material Elétrico
32388,Geral
32392,Registros e Válvulas
32393,Geral
32394,Geral
32395,Geral
32396,Geral
32397,Geral
32399,Geral
32400,Geral
32401,Geral
32403,Geral
32404,Geral
32405,Geral
32407,Geral
32408,Geral
32409,Geral
32410,Geral
32411,Geral
32412,Geral
32413,Geral
32414,Geral
32415,Geral
32416,Geral
32417,Geral
32418,Geral
32419,Geral
32420,Geral
32421,Geral
32422,Geral
32423,Geral
32424,Geral
32425,Geral
32426,Geral
32427,Geral
32428,Geral
32429,Geral
32430,Geral
32431,Geral
32432,Geral
32433,Geral
32434,Geral
32435,Geral
32436,Geral
32437,Geral
32438,Geral
32439,Geral
32440,Geral
32441,Geral
32442,Geral
32443,Geral
32444,Geral
32445,Geral
32446,Geral
32447,Geral
32448,Geral
32449,Geral
32450,Geral
32451,Geral
32452,Geral
32453,Geral
32454,Geral
32455,Geral
32456,Geral
32457,Geral
32458,Geral
32459,Geral
32460,Geral
32461,Geral
32462,Geral
32463,Geral
32464,Geral
32465,Geral
32466,Geral
32467,Geral
32468,Geral
32469,Geral
32470,Geral
32471,Geral
32472,Geral
32473,Geral
32474,Geral
32475,Geral
32476,Geral
32477,Geral
32478,Geral
32479,Geral
32480,Geral
32482,Geral
32523,Geral
32610,Geral
32627,Geral
32628,Geral
32629,Geral
32701,Geral
32702,Geral
32707,Geral
32708,Geral
32709,Geral
32710,Geral
32711,Geral
32712,Geral
32713,Geral
32714,Geral
32715,Geral
32716,Geral
32717,Geral
32718,Geral
32719,Geral
32720,Geral
32721,Geral
32722,Geral
32723,Geral
32724,Geral
32725,Geral
32726,Geral
32727,Geral
32728,Geral
32729,Geral
32730,Geral
32731,Geral
32732,Geral
32733,Geral
32734,Geral
32735,Geral
32736,Geral
32737,Geral
32738,Geral
32739,Geral
32740,Geral
32741,Geral
32742,Geral
32743,Geral
32744,Geral
32745,Geral
32746,Geral
32747,Geral
32748,Geral
32749,Geral
32750,Geral
32751,Geral
32752,Geral
32753,Geral
32757,Geral
32761,Geral
32763,Geral
32764,Geral
32767,Geral
32777,Geral
32778,Geral
32811,Registros e Válvulas
32823,Geral
32824,Geral
32827,Geral
32829,Geral
32830,Geral
32831,Geral
32832,Geral
32833,Geral
32834,Geral
32835,Geral
32836,Geral
32837,Geral
32838,Geral
32839,Geral
32840,Geral
32842,Geral
32843,Geral
32852,Geral
32854,Geral
32856,Geral
32858,Geral
32859,Geral
32862,Geral
32865,Geral
32866,Geral
32867,Geral
32869,Geral
32870,Geral
32872,Geral
32876,Geral
32894,Geral
32896,Geral
32897,Geral
32899,Geral
32900,Ferramentas
32901,Material Elétrico
32904,Geral
32959,Geral
32962,Geral
32964,Geral
32967,Geral
32983,Geral
32984,Geral
32985,Geral
32986,Geral
32987,Geral
32988,Geral
32989,Geral
32990,Geral
32991,Geral
32992,Geral
32993,Geral
32994,Geral
32995,Geral
32996,Geral
32999,Geral
33000,Geral
33001,Geral
33002,Instrumentos de Medição
33003,Geral
33004,Instrumentos de Medição
33005,Instrumentos de Medição
33006,Geral
33007,Instrumentos de Medição
33008,Instrumentos de Medição
33009,Instrumentos de Medição
33010,Instrumentos de Medição
33011,Instrumentos de Medição
33012,Geral
33013,Instrumentos de Medição
33014,Instrumentos de Medição
33015,Geral
33016,Instrumentos de Medição
33017,Instrumentos de Medição
33018,Instrumentos de Medição
33019,Geral
33020,Instrumentos de Medição
33021,Instrumentos de Medição
33022,Instrumentos de Medição
33023,Instrumentos de Medição
33024,Instrumentos de Medição
33025,Instrumentos de Medição
33026,Instrumentos de Medição
33027,Geral
33028,Geral
33029,Instrumentos de Medição
33030,Instrumentos de Medição
33031,Instrumentos de Medição
33032,Instrumentos de Medição
33033,Instrumentos de Medição
33034,Instrumentos de Medição
33035,Geral
33036,Geral
33037,Instrumentos de Medição
33038,Instrumentos de Medição
33040,Instrumentos de Medição
33041,Instrumentos de Medição
33042,Instrumentos de Medição
33043,Instrumentos de Medição
33044,Instrumentos de Medição
33045,Instrumentos de Medição
33046,Geral
33047,Instrumentos de Medição
33048,Instrumentos de Medição
33049,Geral
33050,Instrumentos de Medição
33051,Instrumentos de Medição
33052,Instrumentos de Medição
33053,Instrumentos de Medição
33054,Instrumentos de Medição
33055,Geral
33056,Instrumentos de Medição
33057,Instrumentos de Medição
33059,Instrumentos de Medição
33060,Instrumentos de Medição
33061,Instrumentos de Medição
33062,Instrumentos de Medição
33063,Instrumentos de Medição
33064,Instrumentos de Medição
33065,Instrumentos de Medição
33066,Instrumentos de Medição
33067,Instrumentos de Medição
33069,Instrumentos de Medição
33071,Instrumentos de Medição
33165,Geral
33168,Geral
33169,Geral
33170,Geral
33171,Geral
33172,Geral
33173,Geral
33174,Geral
33175,Geral
33176,Geral
33177,Geral
33178,Geral
33179,Geral
33180,Geral
33184,Geral
33317,Geral
33319,Geral
33320,Geral
33322,Geral
33324,Geral
33325,Geral
33328,Geral
33329,Geral
33330,Geral
33331,Geral
33333,Geral
33334,Geral
33335,Geral
33336,Geral
33337,Geral
33338,Geral
33339,Geral
33340,Geral
33341,Geral
33342,Geral
33343,Geral
33344,Geral
33346,Geral
33349,Geral
33559,Mangueiras
33560,Tubos e Conexões
33562,Tubos e Conexões
33563,Tubos e Conexões
33566,Geral
33568,Material Elétrico
33589,Parafuso
33590,Parafuso
33592,Geral
33593,Registros e Válvulas
33594,Registros e Válvulas
33598,Geral
33599,Geral
33600,Geral
33601,Geral
33602,Geral
33603,Geral
33604,Registros e Válvulas
33605,Registros e Válvulas
33607,Registros e Válvulas
33608,Material Elétrico
33611,Geral
33613,Ferramentas
33614,Geral
33615,Geral
33616,Geral
33617,Instrumentos de Medição
33618,Geral
33619,Geral
33624,Geral
33626,Geral
33627,Geral
33628,Geral
33629,Geral
33630,Geral
33631,Geral
33632,Mangueiras
33633,Geral
33634,Geral
33640,Geral
33643,Geral
33647,Geral
33649,Geral
33650,Geral
33651,Geral
33652,Registros e Válvulas
33653,Material Elétrico
33654,Material Elétrico
33655,Material Elétrico
33656,Material Elétrico
33657,Material Elétrico
33658,Material Elétrico
33659,Material Elétrico
33660,Material Elétrico
33661,Material Elétrico
33662,Material Elétrico
33663,Material Elétrico
33664,Material Elétrico
33665,Material Elétrico
33666,Material Elétrico
33667,Material Elétrico
33668,Material Elétrico
33669,Material Elétrico
33670,Material Elétrico
33671,Material Elétrico
33672,Material Elétrico
33673,Geral
33674,Geral
33679,Geral
33684,Instrumentos de Medição
33698,Material Elétrico
33704,Material Elétrico
33705,Geral
33707,Material Elétrico
33710,Ferramentas
33713,Ferramentas
33716,Geral
33718,Geral
33722,Material Elétrico
33724,Material Elétrico
33726,Geral
33728,Geral
33729,Material Elétrico
33730,Geral
33731,Geral
33732,Geral
33733,Geral
33734,Material Elétrico
33735,Material Elétrico
33736,Material Elétrico
33737,Material Elétrico
33738,Material Elétrico
33739,Material Elétrico
33740,Material Elétrico
33741,Material Elétrico
33742,Instrumentos de Medição
33744,Geral
33745,Geral
33746,Geral
33747,Geral
33748,Tubos e Conexões
33753,Instrumentos de Medição
33754,Geral
33755,Material Elétrico
33756,Geral
33757,Material Elétrico
33758,Material Elétrico
33759,Geral
33931,Geral
33934,Geral
33936,Material Elétrico
33937,Geral
33939,Material Elétrico
33943,Geral
33944,Geral
33945,Geral
33947,Geral
33949,Geral
33955,Geral
34012,Geral
34013,Geral
34014,Ferramentas
34015,Geral
34016,Ferramentas
34017,Ferramentas
34018,Ferramentas
34019,Ferramentas
34020,Ferramentas
34021,Ferramentas
34022,Ferramentas
34023,Ferramentas
34024,Ferramentas
34025,Ferramentas
34026,Ferramentas
34027,Ferramentas
34028,Ferramentas
34029,Ferramentas
34030,Ferramentas
34031,Ferramentas
34032,Ferramentas
34033,Ferramentas
34034,Ferramentas
34035,Ferramentas
34036,Ferramentas
34037,Ferramentas
34197,Geral
34199,Geral
34200,Geral
34204,Geral
34206,Geral
34209,Geral
34211,Geral
34212,Geral
34213,Ferramentas
34214,Ferramentas
34215,Ferramentas
34216,Ferramentas
34217,Ferramentas
34218,Ferramentas
34219,Ferramentas
34220,Ferramentas
34221,Ferramentas
34222,Ferramentas
34223,Ferramentas
34224,Ferramentas
34225,Ferramentas
34226,Ferramentas
34227,Geral
34228,Geral
34229,Geral
34230,Geral
34231,Geral
34232,Geral
34233,Geral
34262,Tubos e Conexões
34263,Tubos e Conexões
34264,Tubos e Conexões
34265,Tubos e Conexões
34269,Tubos e Conexões
34270,Tubos e Conexões
34271,Tubos e Conexões
34273,Tubos e Conexões
34274,Tubos e Conexões
34275,Tubos e Conexões
34279,Geral
34423,Ferramentas
34713,Geral
34727,Geral
34728,Geral
34729,Geral
34730,Geral
34731,Geral
34732,Geral
34733,Geral
34734,Geral
34735,Geral
34736,Geral
34737,Geral
34738,Geral
34739,Lubrificantes e Aerossóis
34740,Lubrificantes e Aerossóis
34741,Lubrificantes e Aerossóis
34742,Geral
34743,Geral
34744,Geral
34746,Geral
34751,Geral
34752,Geral
34753,Geral
34754,Lubrificantes e Aerossóis
34755,Geral
34762,Geral
34766,Geral
34772,Geral
34773,Geral
34774,Geral
34775,Geral
34790,Geral
34792,Geral
34798,Tubos e Conexões
34817,Tubos e Conexões
34819,Tubos e Conexões
34821,Ferramentas
34831,Tubos e Conexões
34832,Geral
34833,Geral
34834,Geral
34835,Geral
34838,Geral
34839,Registros e Válvulas
34840,Registros e Válvulas
34842,Registros e Válvulas
34843,Registros e Válvulas
34844,Registros e Válvulas
34845,Registros e Válvulas
34846,Registros e Válvulas
34847,Registros e Válvulas
34849,Geral
34850,Geral
34858,Químicos e Adesivos
34951,Geral
34953,Geral
34956,Instrumentos de Medição
34957,Geral
34958,Instrumentos de Medição
34959,Instrumentos de Medição
34960,Instrumentos de Medição
34962,Geral
34963,Instrumentos de Medição
34966,Lubrificantes e Aerossóis
34968,Lubrificantes e Aerossóis
34970,Lubrificantes e Aerossóis
34971,Lubrificantes e Aerossóis
34972,Lubrificantes e Aerossóis
34973,Lubrificantes e Aerossóis
34974,Lubrificantes e Aerossóis
34975,Lubrificantes e Aerossóis
34976,Lubrificantes e Aerossóis
34977,Lubrificantes e Aerossóis
34978,Lubrificantes e Aerossóis
34979,Lubrificantes e Aerossóis
34980,Lubrificantes e Aerossóis
34981,Lubrificantes e Aerossóis
34982,Lubrificantes e Aerossóis
34983,Lubrificantes e Aerossóis
34984,Lubrificantes e Aerossóis
34986,Lubrificantes e Aerossóis
34987,Lubrificantes e Aerossóis
34988,Lubrificantes e Aerossóis
34989,Lubrificantes e Aerossóis
34990,Lubrificantes e Aerossóis
34992,Lubrificantes e Aerossóis
34993,Lubrificantes e Aerossóis
34994,Lubrificantes e Aerossóis
34995,Lubrificantes e Aerossóis
34996,Lubrificantes e Aerossóis
34998,Geral
34999,Geral
35004,Geral
35008,Geral
35011,Geral
35012,Geral
35014,Geral
35015,Geral
35016,Geral
35019,Geral
35020,Geral
35021,Geral
35023,Geral
35025,Geral
35030,Geral
35032,Geral
35033,Geral
35035,Geral
35038,Geral
35039,Geral
35040,Geral
35041,Geral
35042,Geral
35043,Geral
35044,Geral
35046,Geral
35047,Geral
35049,Geral
35050,Fixação e Aperto
35051,Geral
35052,Geral
35054,Geral
35056,Geral
35057,Geral
35058,Instrumentos de Medição
35060,Instrumentos de Medição
35061,Instrumentos de Medição
35062,Geral
35065,Instrumentos de Medição
35066,Geral
35067,Geral
35072,Geral
35076,Geral
35080,Geral
35081,Geral
35082,Geral
35083,Geral
35084,Geral
35085,Geral
35086,Geral
35087,Geral
35088,Geral
35089,Geral
35090,Geral
35091,Geral
35092,Geral
35093,Geral
35094,Geral
35095,Geral
35096,Geral
35097,Geral
35098,Geral
35108,Geral
35111,Geral
35447,Geral
35455,Geral
35458,Geral
35832,Geral
35840,Geral
35842,Geral
35843,Geral
35851,Geral
35857,Geral
35860,Geral
35861,Geral
35862,Geral
35881,Geral
35887,Geral
35888,Geral
35889,Geral
35900,Geral
35902,Geral
35903,Geral
35912,Geral
35913,Geral
35914,Geral
35918,Geral
35920,Geral
35928,Geral
35938,Geral
35948,Geral
35957,Geral
35958,Geral
35959,Geral
35961,Geral
35962,Geral
35963,Geral
35964,Geral
35967,Geral
35968,Geral
35969,Geral
35982,Geral
36008,Geral
36010,Geral
36012,Geral
36014,Geral
36015,Geral
36016,Geral
36018,Geral
36019,Geral
36021,Geral
36022,Geral
36035,Geral
36041,Geral
36048,Geral
36049,Geral
36315,Geral
36322,Geral
36323,Geral
36324,Geral
36325,Geral
36326,Geral
36327,Geral
36332,Geral
36339,Registros e Válvulas
36342,Geral
36343,Geral
36344,Geral
36345,Geral
36347,Geral
36348,Geral
36349,Geral
36350,Geral
36351,Geral
36352,Geral
36353,Geral
36354,Geral
36355,Geral
36356,Material Elétrico
36357,Geral
36358,Geral
36359,Geral
36360,Geral
36388,Geral
36390,Geral
36392,Chuveiros e Torneiras
36393,Instrumentos de Medição
36394,Instrumentos de Medição
36395,Instrumentos de Medição
36396,Instrumentos de Medição
36397,Geral
36398,Instrumentos de Medição
36399,Instrumentos de Medição
36400,Geral
36401,Geral
36403,Instrumentos de Medição
36404,Instrumentos de Medição
36405,Geral
36417,Geral
36418,Geral
36420,Geral
36421,Geral
36423,Geral
36424,Geral
36425,Geral
36426,Geral
36427,Geral
36429,Geral
36430,Geral
36432,Geral
36433,Geral
36434,Geral
36435,Material Elétrico
36436,Geral
36437,Material Elétrico
36438,Material Elétrico
36439,Geral
36440,Material Elétrico
36441,Material Elétrico
36442,Material Elétrico
36443,Material Elétrico
36444,Material Elétrico
36586,Geral
36587,Geral
36628,Geral
36629,Geral
36630,Geral
36631,Geral
36632,Geral
36633,Geral
36634,Geral
36635,Geral
36636,Geral
36638,Geral
36651,Geral
36653,Geral
36654,Geral
36656,Geral
36657,Geral
36658,Geral
36659,Geral
36660,Geral
36661,Geral
36662,Geral
36691,Geral
36706,Geral
36708,Geral
36709,Geral
36710,Geral
36711,Geral
36712,Geral
36713,Geral
36714,Geral
36715,Geral
36716,Geral
36717,Geral
36719,Tubos e Conexões
36720,Tubos e Conexões
36724,Tubos e Conexões
36730,Tubos e Conexões
36733,Tubos e Conexões
36735,Tubos e Conexões
36740,Tubos e Conexões
36747,Tubos e Conexões
36748,Tubos e Conexões
36753,Tubos e Conexões
36769,Lubrificantes e Aerossóis
36770,Lubrificantes e Aerossóis
36771,Lubrificantes e Aerossóis
36772,Lubrificantes e Aerossóis
36944,Geral
36947,Instrumentos de Medição
36948,Instrumentos de Medição
36957,Instrumentos de Medição
36959,Geral
36960,Geral
36961,Geral
36962,Geral
36965,Geral
36966,Geral
36968,Geral
36969,Geral
36970,Instrumentos de Medição
36976,Geral
36977,Geral
36979,Geral
36980,Geral
36982,Geral
36983,Geral
36984,Geral
36985,Instrumentos de Medição
36988,Geral
36989,Geral
36991,Geral
36992,Geral
36994,Geral
36997,Geral
37002,Geral
37003,Geral
37005,Geral
37006,Geral
37007,Geral
37008,Geral
37009,Geral
37023,Geral
37026,Geral
37027,Geral
37028,Geral
37029,Geral
37030,Geral
37032,Geral
37033,Geral
37034,Geral
37035,Geral
37038,Geral
37039,Geral
37040,Geral
37041,Geral
37043,Geral
37046,Geral
37047,Geral
37050,Geral
37053,Geral
37055,Geral
37058,Geral
37068,Geral
37071,Geral
37081,Geral
37088,Geral
37104,Geral
37237,Geral
37249,Geral
37271,Geral
37294,Geral
37298,Geral
37607,Geral
37609,Geral
37610,Geral
37611,Geral
37612,Geral
37613,Geral
37615,Geral
37616,Geral
37681,Geral
37734,Geral
37735,Geral
37736,Geral
37737,Geral
37742,Geral
37774,Geral
37776,Geral
37780,Geral
37781,Geral
37782,Geral
37784,Químicos e Adesivos
37785,Químicos e Adesivos
37786,Químicos e Adesivos
37787,Químicos e Adesivos
37789,Químicos e Adesivos
37807,Instrumentos de Medição
37809,Instrumentos de Medição
37811,Instrumentos de Medição
37815,Instrumentos de Medição
37816,Instrumentos de Medição
37817,Instrumentos de Medição
37819,Instrumentos de Medição
37820,Instrumentos de Medição
37823,Instrumentos de Medição
37828,Instrumentos de Medição
37832,Instrumentos de Medição
37833,Instrumentos de Medição
37834,Instrumentos de Medição
37835,Instrumentos de Medição
37836,Instrumentos de Medição
37837,Instrumentos de Medição
37838,Instrumentos de Medição
37839,Instrumentos de Medição
37840,Instrumentos de Medição
37841,Instrumentos de Medição
37842,Instrumentos de Medição
37843,Instrumentos de Medição
37844,Instrumentos de Medição
37845,Instrumentos de Medição
37846,Instrumentos de Medição
37847,Instrumentos de Medição
37848,Instrumentos de Medição
37851,Instrumentos de Medição
37855,Instrumentos de Medição
37872,Geral
37873,Geral
37874,Geral
37876,Geral
37877,Geral
37878,Geral
37879,Geral
37880,Geral
37881,Geral
37882,Geral
37883,Geral
37890,Geral
37894,Ferramentas
37895,Geral
37902,Geral
37904,Geral
37905,Geral
37906,Geral
37907,Geral
37908,Geral
37909,Geral
37910,Geral
37911,Geral
37912,Geral
37913,Geral
37915,Geral
37916,Geral
37917,Geral
37918,Geral
37919,Geral
37921,Geral
37922,Geral
37923,Geral
37924,Geral
37925,Geral
37926,Geral
37927,Geral
37928,Geral
37929,Geral
37930,Geral
37931,Geral
37933,Geral
37934,Geral
37959,Geral
37961,Geral
37964,Geral
37965,Geral
37966,Geral
37967,Geral
37968,Geral
37969,Geral
37970,Geral
37971,Geral
37972,Geral
37973,Geral
37974,Geral
37975,Geral
37976,Geral
37977,Geral
37978,Geral
37979,Geral
37980,Geral
37981,Geral
37982,Geral
37983,Geral
37984,Geral
37985,Geral
37986,Geral
37987,Geral
37988,Geral
37989,Geral
37990,Geral
37991,Geral
37992,Geral
37993,Geral
37994,Geral
37995,Geral
37996,Geral
37997,Geral
37998,Geral
37999,Geral
38006,Geral
38007,Geral
38009,Geral
38032,Ferramentas
38033,Ferramentas
38051,Ferramentas
38053,Ferramentas
38054,Ferramentas
38058,Ferramentas
38068,Acessórios para Ferramentas
38070,Ferramentas
38073,Acessórios para Ferramentas
38083,Acessórios para Ferramentas
38084,Ferramentas
38085,Ferramentas
38088,Ferramentas
38090,Ferramentas
38091,Ferramentas
38096,Ferramentas
38100,Ferramentas
38101,Ferramentas
38102,Acessórios para Ferramentas
38103,Acessórios para Ferramentas
38104,Acessórios para Ferramentas
38105,Ferramentas
38109,Acessórios para Ferramentas
38117,Ferramentas
38120,Ferramentas
38123,Ferramentas
38128,Acessórios para Ferramentas
38129,Ferramentas
38130,Ferramentas
38133,Acessórios para Ferramentas
38140,Acessórios para Ferramentas
38141,Ferramentas
38144,Ferramentas
38145,Ferramentas
38146,Ferramentas
38147,Ferramentas
38148,Ferramentas
38149,Ferramentas
38150,Ferramentas
38153,Ferramentas
38156,Ferramentas
38160,Acessórios para Ferramentas
38161,Geral
38163,Geral
38164,Ferramentas
38165,Geral
38171,Instrumentos de Medição
38177,Geral
38186,Geral
38203,Geral
38204,Geral
38205,Geral
38206,Geral
38207,Geral
38208,Geral
38209,Geral
38210,Geral
38211,Geral
38212,Geral
38214,Geral
38375,Geral
38392,Geral
38395,Geral
38410,Geral
38411,Geral
38417,Geral
38429,Geral
38436,Geral
38443,Geral
38445,Material Elétrico
38446,Geral
38448,Geral
38453,Material Elétrico
38455,Material Elétrico
38456,Material Elétrico
38457,Geral
38459,Geral
38470,Geral
38471,Geral
38472,Geral
38473,Registros e Válvulas
38474,Geral
38475,Geral
38476,Geral
38477,Geral
38478,Geral
38480,Geral
38481,Geral
38489,Geral
38490,Geral
38491,Geral
38493,Geral
38496,Geral
38497,Geral
38498,Material Elétrico
38500,Material Elétrico
38501,Fixação e Aperto
38502,Geral
38505,Geral
38506,Geral
38507,Geral
38509,Geral
38510,Fixação e Aperto
38511,Geral
38512,Geral
38513,Geral
38514,Geral
38515,Geral
38516,Geral
38517,Geral
38518,Geral
38520,Geral
38522,Geral
38523,Geral
38565,Geral
38585,Geral
38588,Geral
38597,Ferramentas
38603,Registros e Válvulas
38606,Acessórios para Ferramentas
38607,Acessórios para Ferramentas
38608,Acessórios para Ferramentas
38609,Acessórios para Ferramentas
38610,Acessórios para Ferramentas
38611,Acessórios para Ferramentas
38612,Acessórios para Ferramentas
38614,Acessórios para Ferramentas
38651,Ferramentas
38652,Ferramentas
38661,Ferramentas
38690,Ferramentas
38691,Ferramentas
38692,Geral
38693,Ferramentas
38694,Geral
38697,Geral
38699,Geral
38700,Geral
38701,Geral
38702,Geral
38703,Geral
38704,Ferramentas
38705,Geral
38802,Material Elétrico
38803,Geral
38804,Geral
38869,Geral
38870,Geral
38871,Geral
38872,Geral
38873,Geral
38875,Geral
38877,Geral
38878,Geral
38879,Geral
38880,Geral
38881,Geral
38882,Geral
38883,Geral
38884,Geral
38885,Geral
38886,Geral
38887,Geral
38888,Geral
38890,Material Elétrico
38893,Geral
38894,Geral
38896,Material Elétrico
38897,Material Elétrico
38902,Geral
38904,Geral
38908,Geral
38911,Geral
38915,Material Elétrico
38916,Material Elétrico
38917,Material Elétrico
38927,Geral
38929,Geral
38930,Geral
38931,Geral
38932,Geral
38933,Geral
38934,Geral
38935,Geral
38938,Geral
38941,Geral
38942,Geral
38943,Geral
38944,Geral
38945,Geral
38948,Geral
38949,Geral
38950,Geral
38981,Geral
38985,Geral
38988,Geral
38990,Geral
38991,Geral
39011,Geral
39013,Geral
39015,Geral
39016,Geral
39017,Geral
39021,Geral
39023,Geral
39024,Geral
39043,Geral
39045,Geral
39047,Geral
39048,Geral
39049,Geral
39050,Geral
39051,Geral
39052,Geral
39053,Geral
39054,Geral
39056,Geral
39057,Geral
39058,Geral
39059,Geral
39060,Geral
39061,Geral
39064,Geral
39066,Geral
39067,Geral
39071,Geral
39072,Geral
39073,Geral
39080,Geral
39081,Geral
39082,Geral
39083,Geral
39084,Ferramentas
39085,Geral
39086,Geral
39089,Geral
39090,Geral
39092,Geral
39102,Geral
39127,Ferramentas
39130,Ferramentas
39131,Geral
39133,Geral
39134,Geral
39136,Geral
39139,Geral
39141,Geral
39142,Geral
39144,Geral
39157,Geral
39158,Geral
39164,Geral
39166,Geral
39167,Geral
39168,Geral
39169,Geral
39170,Geral
39172,Geral
39173,Geral
39177,Tubos e Conexões
39178,Tubos e Conexões
39179,Tubos e Conexões
39180,Tubos e Conexões
39181,Tubos e Conexões
39182,Geral
39183,Tubos e Conexões
39184,Tubos e Conexões
39185,Geral
39186,Geral
39187,Geral
39188,Geral
39189,Geral
39190,Geral
39191,Geral
39192,Geral
39193,Geral
39194,Geral
39197,Geral
39207,Tubos e Conexões
39209,Instrumentos de Medição
39211,Instrumentos de Medição
39212,Instrumentos de Medição
39215,Geral
39217,Geral
39218,Geral
39219,Geral
39220,Geral
39221,Geral
39222,Geral
39223,Geral
39226,Geral
39227,Geral
39229,Geral
39230,Geral
39231,Geral
39232,Geral
39233,Geral
39234,Geral
39235,Geral
39236,Geral
39237,Geral
39239,Geral
39240,Instrumentos de Medição
39241,Geral
39242,Geral
39243,Geral
39245,Instrumentos de Medição
39246,Instrumentos de Medição
39247,Instrumentos de Medição
39248,Instrumentos de Medição
39250,Instrumentos de Medição
39251,Instrumentos de Medição
39252,Instrumentos de Medição
39253,Instrumentos de Medição
39254,Instrumentos de Medição
39255,Instrumentos de Medição
39256,Instrumentos de Medição
39259,Instrumentos de Medição
39261,Instrumentos de Medição
39277,Instrumentos de Medição
39280,Instrumentos de Medição
39281,Instrumentos de Medição
39282,Instrumentos de Medição
39283,Instrumentos de Medição
39284,Instrumentos de Medição
39285,Instrumentos de Medição
39286,Instrumentos de Medição
39287,Instrumentos de Medição
39288,Instrumentos de Medição
39289,Instrumentos de Medição
39290,Instrumentos de Medição
39291,Geral
39292,Químicos e Adesivos
39300,Geral
39361,Material Elétrico
39432,Geral
39433,Geral
39434,Geral
39437,Geral
40133,Geral
40137,Geral
40139,Geral
40141,Geral
40142,Geral
40143,Geral
40144,Geral
40145,Geral
40147,Geral
40603,Geral
40605,Geral
40606,Geral
40607,Geral
40608,Geral
40609,Geral
40610,Geral
40611,Geral
40612,Geral
40613,Geral
40614,Geral
40615,Geral
40616,Geral
40617,Geral
40618,Geral
40619,Geral
40620,Geral
40621,Geral
40622,Geral
40623,Geral
40624,Geral
40625,Geral
40626,Geral
40627,Geral
40628,Geral
40629,Geral
40630,Geral
40631,Geral
40632,Geral
40633,Geral
40634,Geral
40635,Geral
40636,Geral
40637,Geral
40638,Geral
40639,Geral
40640,Geral
40641,Material Elétrico
40642,Geral
40643,Material Elétrico
40644,Material Elétrico
40645,Material Elétrico
40646,Material Elétrico
40647,Material Elétrico
40648,Material Elétrico
40649,Material Elétrico
40651,Material Elétrico
40653,Material Elétrico
40654,Material Elétrico
40655,Material Elétrico
40658,Material Elétrico
40659,Material Elétrico
40660,Material Elétrico
40661,Material Elétrico
40662,Material Elétrico
40663,Material Elétrico
40665,Material Elétrico
40666,Material Elétrico
40667,Material Elétrico
40669,Material Elétrico
40670,Material Elétrico
40671,Material Elétrico
40672,Material Elétrico
40673,Material Elétrico
40674,Material Elétrico
40675,Material Elétrico
40676,Material Elétrico
40677,Material Elétrico
40678,Material Elétrico
40679,Material Elétrico
40680,Material Elétrico
40681,Material Elétrico
40682,Material Elétrico
40683,Material Elétrico
40696,Geral
40699,Geral
40700,Geral
40701,Geral
40702,Geral
40703,Geral
40704,Geral
40705,Geral
40707,Geral
40708,Geral
40710,Geral
40713,Geral
40715,Geral
40716,Geral
40717,Geral
40718,Geral
40719,Geral
40720,Geral
40721,Geral
40723,Geral
40724,Geral
40725,Geral
40727,Geral
40728,Geral
40729,Geral
40730,Lubrificantes e Aerossóis
40736,Geral
40740,Geral
40742,Geral
40753,Geral
40754,Geral
40755,Geral
40757,Geral
40758,Geral
40760,Geral
40761,Geral
40762,Geral
40774,Material Elétrico
40778,Instrumentos de Medição
40780,Geral
40782,Geral
40784,Geral
40785,Geral
40787,Geral
40788,Geral
40790,Geral
40791,Geral
40792,Geral
40793,Geral
40800,Geral
40801,Geral
40803,Geral
40804,Geral
40805,Geral
40809,Geral
40812,Geral
40815,Geral
40816,Geral
40820,Geral
40821,Geral
40822,Geral
40823,Geral
40825,Geral
40826,Geral
40830,Geral
40841,Registros e Válvulas
40842,Geral
40844,Geral
40846,Geral
40847,Geral
40848,Geral
40850,Geral
40851,Geral
40852,Geral
40856,Geral
40857,Geral
40859,Geral
40861,Geral
40863,Geral
40864,Geral
40865,Geral
40866,Geral
40869,Geral
40870,Geral
40871,Geral
40873,Geral
40874,Geral
40875,Geral
40876,Geral
40877,Geral
40878,Geral
40879,Geral
40880,Geral
40881,Geral
40883,Geral
40884,Geral
40885,Geral
40886,Geral
40888,Geral
40889,Geral
40891,Geral
40892,Geral
40894,Geral
40895,Geral
40896,Geral
40897,Geral
40898,Geral
40899,Geral
40900,Geral
40901,Geral
40902,Geral
40903,Geral
40904,Geral
40905,Geral
40906,Geral
40907,Geral
40908,Geral
40909,Geral
40910,Geral
40911,Geral
40912,Geral
40914,Geral
40919,Geral
40921,Material Elétrico
40935,Fixação e Aperto
40938,Geral
40939,Geral
40940,Geral
40943,Geral
40947,Geral
40951,Geral
40953,Geral
40955,Fixação e Aperto
40956,Fixação e Aperto
40957,Geral
40971,Fixação e Aperto
40972,Fixação e Aperto
40973,Fixação e Aperto
40974,Fixação e Aperto
40975,Fixação e Aperto
40976,Fixação e Aperto
40977,Fixação e Aperto
40994,Fixação e Aperto
40995,Fixação e Aperto
40996,Fixação e Aperto
40997,Fixação e Aperto
40998,Fixação e Aperto
40999,Fixação e Aperto
41000,Fixação e Aperto
41003,Fixação e Aperto
41016,Fixação e Aperto
41017,Fixação e Aperto
41021,Fixação e Aperto
41023,Fixação e Aperto
41024,Fixação e Aperto
41025,Fixação e Aperto
41027,Fixação e Aperto
41028,Fixação e Aperto
41029,Fixação e Aperto
41031,Fixação e Aperto
41034,Fixação e Aperto
41036,Fixação e Aperto
41037,Fixação e Aperto
41038,Fixação e Aperto
41039,Fixação e Aperto
41052,Fixação e Aperto
41055,Fixação e Aperto
41060,Fixação e Aperto
41061,Fixação e Aperto
41062,Fixação e Aperto
41063,Fixação e Aperto
41064,Fixação e Aperto
41065,Fixação e Aperto
41067,Fixação e Aperto
41068,Fixação e Aperto
41072,Fixação e Aperto
41074,Fixação e Aperto
41075,Fixação e Aperto
41079,Fixação e Aperto
41080,Fixação e Aperto
41083,Fixação e Aperto
41086,Fixação e Aperto
41088,Fixação e Aperto
41089,Fixação e Aperto
41091,Fixação e Aperto
41092,Fixação e Aperto
41093,Fixação e Aperto
41095,Fixação e Aperto
41096,Fixação e Aperto
41097,Fixação e Aperto
41098,Fixação e Aperto
41099,Fixação e Aperto
41100,Fixação e Aperto
41101,Fixação e Aperto
41103,Fixação e Aperto
41108,Fixação e Aperto
41112,Fixação e Aperto
41115,Fixação e Aperto
41116,Fixação e Aperto
41117,Fixação e Aperto
41119,Fixação e Aperto
41122,Fixação e Aperto
41139,Fixação e Aperto
41140,Fixação e Aperto
41192,Geral
41193,Geral
41194,Geral
41195,Geral
41196,Geral
41197,Geral
41198,Geral
41200,Geral
41215,Geral
41216,Geral
41217,Geral
41219,Geral
41221,Geral
41224,Geral
41230,Geral
41231,Geral
41232,Geral
41233,Geral
41234,Geral
41235,Geral
41237,Geral
41240,Geral
41241,Geral
41242,Geral
41243,Geral
41244,Geral
41245,Geral
41246,Geral
41247,Geral
41248,Geral
41249,Geral
41251,Geral
41252,Geral
41254,Geral
41255,Instrumentos de Medição
41256,Geral
41257,Geral
41262,Geral
41264,Geral
41265,Geral
41266,Geral
41267,Geral
41268,Geral
41269,Geral
41270,Geral
41271,Geral
41272,Geral
41273,Geral
41274,Geral
41275,Geral
41276,Geral
41277,Geral
41278,Geral
41279,Geral
41280,Geral
41281,Geral
41282,Geral
41283,Geral
41284,Geral
41285,Geral
41286,Geral
41287,Geral
41288,Geral
41289,Geral
41290,Geral
41291,Geral
41292,Geral
41294,Tubos e Conexões
41304,Geral
41305,Geral
41306,Geral
41308,Geral
41309,Geral
41310,Geral
41311,Geral
41316,Instrumentos de Medição
41317,Instrumentos de Medição
41321,Instrumentos de Medição
41324,Geral
41336,Geral
41337,Geral
41345,Geral
41348,Geral
41349,Geral
41356,Geral
41358,Instrumentos de Medição
41359,Geral
41360,Geral
41363,Instrumentos de Medição
41365,Geral
41367,Material Elétrico
41401,Geral
41403,Geral
41404,Geral
41405,Geral
41406,Geral
41407,Geral
41408,Geral
41410,Geral
41414,Geral
41419,Instrumentos de Medição
41420,Geral
41441,Material Elétrico
41442,Material Elétrico
41443,Material Elétrico
41445,Material Elétrico
41447,Material Elétrico
41448,Material Elétrico
41449,Material Elétrico
41451,Material Elétrico
41452,Material Elétrico
41453,Material Elétrico
41454,Material Elétrico
41455,Material Elétrico
41456,Material Elétrico
41459,Geral
41460,Geral
41461,Material Elétrico
41462,Material Elétrico
41463,Material Elétrico
41464,Material Elétrico
41465,Material Elétrico
41466,Material Elétrico
41467,Material Elétrico
41468,Material Elétrico
41469,Geral
41470,Material Elétrico
41471,Material Elétrico
41473,Material Elétrico
41485,Geral
41486,Geral
41497,Geral
41498,Geral
41499,Geral
41501,Geral
41502,Geral
41504,Geral
41505,Geral
41506,Geral
41507,Geral
41508,Geral
41509,Geral
41510,Geral
41516,Geral
41517,Geral
41518,Geral
41519,Geral
41520,Geral
41521,Geral
41522,Geral
41523,Geral
41524,Geral
41525,Geral
41528,Geral
41540,Ferramentas
41541,Ferramentas
41545,Ferramentas
41573,Ferramentas
41574,Ferramentas
41575,Ferramentas
41589,Ferramentas
41593,Ferramentas
41594,Geral
41595,Geral
41601,Ferramentas
41629,Geral
41630,Geral
41631,Geral
41632,Geral
41633,Geral
41635,Geral
41650,Ferramentas
41663,Geral
41664,Geral
41665,Geral
41666,Geral
41840,Material Elétrico
41841,Material Elétrico
41842,Material Elétrico
41843,Material Elétrico
41844,Material Elétrico
41845,Material Elétrico
41846,Material Elétrico
41847,Material Elétrico
41848,Material Elétrico
41849,Material Elétrico
41850,Material Elétrico
41851,Material Elétrico
41852,Material Elétrico
41853,Material Elétrico
41854,Material Elétrico
41855,Material Elétrico
41856,Material Elétrico
41857,Material Elétrico
41858,Material Elétrico
41859,Material Elétrico
41860,Material Elétrico
41861,Material Elétrico
41862,Material Elétrico
41863,Material Elétrico
41864,Material Elétrico
41897,Ferramentas
41905,Ferramentas
41908,Ferramentas
41918,Ferramentas
41926,Ferramentas
41927,Ferramentas
41933,Ferramentas
41936,Ferramentas
41937,Ferramentas
41939,Ferramentas
41962,Ferramentas
41965,Ferramentas
41969,Ferramentas
41974,Ferramentas
41975,Ferramentas
41976,Ferramentas
41977,Ferramentas
41978,Ferramentas
41983,Ferramentas
41991,Ferramentas
41993,Ferramentas
42000,Geral
42003,Geral
42244,Ferramentas
42245,Ferramentas
42282,Ferramentas
42293,Ferramentas
42303,Ferramentas
42340,Ferramentas
42364,Ferramentas
42365,Ferramentas
42366,Ferramentas
42413,Ferramentas
42416,Ferramentas
42419,Ferramentas
42420,Parafuso
42457,Ferramentas
42466,Ferramentas
42494,Ferramentas
42497,Ferramentas
42502,Ferramentas
42527,Ferramentas
42569,Ferramentas
42584,Ferramentas
42586,Geral
42622,Geral
42624,Geral
42626,Geral
42629,Geral
42641,Geral
42646,Geral
42649,Geral
42653,Geral
42654,Geral
42656,Material Elétrico
42659,Ferramentas
42660,Parafuso
42661,Parafuso
42673,Parafuso
42682,Geral
42683,Geral
42706,Geral
42710,Geral
42713,Geral
42714,Geral
42741,Geral
42754,Geral
42789,Geral
42791,Geral
42794,Geral
42799,Geral
42800,Geral
42801,Geral
42802,Geral
42808,Fixação e Aperto
42816,Material Elétrico
42817,Material Elétrico
42843,Fixação e Aperto
42844,Fixação e Aperto
42845,Geral
42846,Geral
42863,Acessórios para Ferramentas
42865,Acessórios para Ferramentas
42873,Geral
42879,Geral
43334,Geral
43348,Geral
43349,Instrumentos de Medição
43351,Instrumentos de Medição
43352,Instrumentos de Medição
43353,Instrumentos de Medição
43354,Instrumentos de Medição
43355,Instrumentos de Medição
43356,Instrumentos de Medição
43357,Instrumentos de Medição
43358,Instrumentos de Medição
43359,Instrumentos de Medição
43360,Instrumentos de Medição
43361,Instrumentos de Medição
43362,Instrumentos de Medição
43363,Instrumentos de Medição
43364,Instrumentos de Medição
43365,Instrumentos de Medição
43366,Instrumentos de Medição
43367,Instrumentos de Medição
43368,Instrumentos de Medição
43369,Instrumentos de Medição
43370,Instrumentos de Medição
43371,Instrumentos de Medição
43372,Instrumentos de Medição
43373,Instrumentos de Medição
43375,Instrumentos de Medição
43376,Ferramentas
43377,Parafuso
43379,Parafuso
43380,Parafuso
43381,Parafuso
43382,Parafuso
43383,Parafuso
43384,Parafuso
43385,Parafuso
43386,Parafuso
43387,Parafuso
43388,Parafuso
43389,Geral
43390,Geral
43391,Geral
43392,Geral
43393,Geral
43394,Geral
43395,Geral
43396,Geral
43397,Geral
43398,Geral
43399,Geral
43400,Geral
43401,Geral
43402,Geral
43403,Geral
43404,Geral
43405,Geral
43406,Geral
43407,Geral
43408,Geral
43409,Geral
43410,Geral
43411,Geral
43412,Geral
43413,Geral
43414,Geral
43415,Geral
43416,Geral
43417,Geral
43418,Geral
43419,Geral
43420,Geral
43421,Geral
43422,Geral
43423,Geral
43424,Geral
43425,Geral
43426,Geral
43427,Geral
43428,Geral
43429,Geral
43430,Geral
43431,Geral
43463,Geral
43464,Geral
43465,Geral
43467,Geral
43468,Geral
43484,Geral
43486,Instrumentos de Medição
43490,Geral
43492,Geral
43499,Geral
43501,Geral
43503,Geral
43504,Geral
43505,Geral
43506,Geral
43507,Geral
43508,Geral
43509,Geral
43510,Geral
43515,Geral
43516,Geral
43517,Geral
43518,Geral
43519,Geral
43520,Geral
43524,Geral
43536,Geral
43544,Geral
43547,Geral
43552,Geral
43553,Geral
43585,Ferramentas
43586,Ferramentas
43700,Soquetes e Bocais
43704,Soquetes e Bocais
43775,Soquetes e Bocais
43804,Soquetes e Bocais
43873,Soquetes e Bocais
43878,Geral
43879,Geral
43883,Geral
43884,Geral
43885,Geral
43891,Geral
43894,Geral
43898,Geral
43903,Geral
43913,Material Elétrico
43914,Geral
43916,Geral
43917,Tubos e Conexões
43938,Geral
43943,Geral
43947,Geral
44070,Geral
44072,Geral
44075,Geral
44078,Geral
44079,Geral
44125,Geral
44127,Geral
44133,Químicos e Adesivos
44135,Material Elétrico
44136,Material Elétrico
44137,Material Elétrico
44138,Material Elétrico
44139,Material Elétrico
44140,Material Elétrico
44141,Material Elétrico
44142,Material Elétrico
44143,Material Elétrico
44144,Material Elétrico
44145,Material Elétrico
44146,Material Elétrico
44174,Geral
44175,Geral
44184,Geral
44185,Lubrificantes e Aerossóis
44186,Químicos e Adesivos
44189,Geral
44190,Geral
44191,Geral
44195,Ferramentas
44196,Geral
44198,Lubrificantes e Aerossóis
44200,Geral
44201,Geral
44202,Geral
44203,Geral
44204,Geral
44205,Geral
44206,Geral
44207,Geral
44209,Ferramentas
44214,Geral
44215,Geral
44216,Ferramentas
44217,Geral
44218,Ferramentas
44220,Lubrificantes e Aerossóis
44221,Ferramentas
44230,Geral
44242,Material Elétrico
44250,Químicos e Adesivos
44253,Geral
44267,Geral
44287,Lubrificantes e Aerossóis
44290,Geral
44301,Químicos e Adesivos
44317,Químicos e Adesivos
44318,Geral
44329,Geral
44332,Químicos e Adesivos
44343,Geral
44345,Geral
44352,Geral
44355,Geral
44360,Material Elétrico
44382,Geral
44408,Tubos e Conexões
44409,Tubos e Conexões
44412,Geral
44420,Geral
44421,Geral
44424,Geral
44425,Geral
44426,Geral
44427,Geral
44430,Geral
44433,Geral
44438,Material Elétrico
44440,Material Elétrico
44443,Geral
44448,Geral
44451,Geral
44452,Instrumentos de Medição
44456,Acessórios para Ferramentas
44458,Acessórios para Ferramentas
44482,Geral
44488,Instrumentos de Medição
44491,Instrumentos de Medição
44492,Instrumentos de Medição
44498,Geral
44499,Geral
44504,Geral
44507,Geral
44508,Geral
44512,Geral
44514,Geral
44515,Geral
44516,Geral
44518,Geral
44519,Geral
44522,Geral
44524,Geral
44526,Instrumentos de Medição
44533,Geral
44534,Geral
44537,Geral
44538,Soquetes e Bocais
44595,Geral
44597,Geral
44601,Geral
44615,Geral
44620,Geral
44621,Geral
44622,Geral
44623,Geral
44625,Geral
44665,Fixação e Aperto
44688,Instrumentos de Medição
44689,Geral
44695,Mangueiras
44716,Geral
44720,Material Elétrico
44721,Material Elétrico
44726,Geral
44728,Geral
44729,Geral
44741,Geral
44744,Geral
44746,Geral
44747,Geral
44750,Geral
44751,Geral
44753,Geral
44757,Geral
44759,Geral
44760,Geral
44764,Geral
44771,Geral
44775,Geral
44779,Ferramentas
44782,Chuveiros e Torneiras
44787,Geral
44789,Geral
44790,Acessórios para Ferramentas
44791,Geral
44792,Geral
44794,Geral
44795,Geral
44805,Instrumentos de Medição
44807,Instrumentos de Medição
44809,Geral
44810,Geral
44815,Geral
44818,Geral
44825,Instrumentos de Medição
44827,Instrumentos de Medição
44828,Geral
44829,Instrumentos de Medição
44830,Geral
44831,Geral
44833,Geral
44834,Geral
44835,Geral
44836,Geral
44837,Geral
44838,Geral
44841,Geral
44843,Geral
44844,Geral
44845,Geral
44848,Instrumentos de Medição
44849,Instrumentos de Medição
44850,Instrumentos de Medição
44852,Acessórios para Ferramentas
44869,Acessórios para Ferramentas
44872,Acessórios para Ferramentas
44874,Acessórios para Ferramentas
44876,Acessórios para Ferramentas
44877,Acessórios para Ferramentas
44878,Acessórios para Ferramentas
44879,Acessórios para Ferramentas
45074,Acessórios para Ferramentas
45075,Acessórios para Ferramentas
45076,Acessórios para Ferramentas
45077,Acessórios para Ferramentas
45078,Acessórios para Ferramentas
45080,Tubos e Conexões
45081,Tubos e Conexões
45085,Acessórios para Ferramentas
45086,Acessórios para Ferramentas
45087,Acessórios para Ferramentas
45090,Acessórios para Ferramentas
45092,Geral
45093,Acessórios para Ferramentas
45094,Acessórios para Ferramentas
45095,Acessórios para Ferramentas
45096,Acessórios para Ferramentas
45097,Acessórios para Ferramentas
45098,Acessórios para Ferramentas
45099,Acessórios para Ferramentas
45100,Acessórios para Ferramentas
45101,Acessórios para Ferramentas
45110,Acessórios para Ferramentas
45111,Acessórios para Ferramentas
45112,Acessórios para Ferramentas
45113,Acessórios para Ferramentas
45114,Acessórios para Ferramentas
45115,Acessórios para Ferramentas
45117,Acessórios para Ferramentas
45130,Registros e Válvulas
45131,Registros e Válvulas
45132,Acessórios para Ferramentas
45133,Acessórios para Ferramentas
45134,Acessórios para Ferramentas
45136,Acessórios para Ferramentas
45138,Acessórios para Ferramentas
45201,Acessórios para Ferramentas
45202,Acessórios para Ferramentas
45332,Geral
45337,Instrumentos de Medição
45339,Geral
45347,Geral
45349,Geral
45395,Geral
45398,Geral
45399,Geral
45400,Geral
45420,Geral
45425,Geral
45429,Geral
45431,Geral
45435,Geral
45437,Geral
45438,Geral
45440,Geral
45479,Geral
45480,Geral
45482,Geral
45483,Geral
45485,Geral
45487,Geral
45605,Geral
45606,Geral
45607,Geral
45608,Geral
45609,Geral
45610,Geral
45612,Geral
45613,Geral
45614,Geral
45615,Geral
45616,Geral
45617,Geral
45619,Geral
45622,Geral
45624,Geral
45626,Geral
45627,Geral
45629,Geral
45630,Geral
45644,Geral
45645,Instrumentos de Medição
45646,Geral
45647,Geral
45648,Geral
45649,Geral
45650,Geral
45651,Geral
45653,Geral
45657,Geral
45658,Geral
45660,Geral
45662,Geral
45664,Geral
45669,Geral
45670,Geral
45672,Geral
45676,Geral
45678,Geral
45679,Geral
45680,Geral
45682,Geral
45683,Geral
45684,Geral
45685,Geral
45686,Geral
45690,Geral
46332,Geral
46335,Geral
46336,Geral
46338,Geral
46340,Geral
46341,Geral
46342,Geral
46343,Geral
46344,Geral
46345,Geral
46347,Geral
46348,Geral
46351,Geral
46353,Geral
46354,Geral
46358,Geral
46359,Geral
46362,Geral
46363,Geral
46364,Geral
46369,Lubrificantes e Aerossóis
46370,Lubrificantes e Aerossóis
46374,Instrumentos de Medição
46375,Instrumentos de Medição
46384,Geral
46385,Geral
46386,Geral
46387,Geral
46388,Geral
46389,Geral
46390,Geral
46391,Geral
46392,Geral
46393,Material Elétrico
46394,Geral
46396,Geral
46397,Geral
46400,Geral
46402,Geral
46403,Geral
46405,Geral
46728,Geral
46729,Instrumentos de Medição
46730,Geral
46733,Geral
46735,Geral
46737,Geral
46748,Geral
46753,Geral
46755,Geral
46756,Geral
46758,Geral
46759,Geral
46761,Geral
46768,Geral
46772,Geral
46816,Geral
46817,Geral
46835,Geral
46837,Geral
46841,Geral
46842,Geral
46844,Geral
46845,Geral
46846,Geral
46849,Geral
46852,Geral
46853,Geral
46854,Geral
46873,Geral
46874,Geral
46879,Geral
46881,Geral
46882,Geral
46883,Geral
46884,Geral
46885,Geral
46887,Geral
46895,Geral
46899,Geral
46900,Geral
46901,Geral
46902,Geral
46903,Geral
46904,Geral
46905,Geral
46907,Geral
46908,Geral
46912,Geral
46922,Geral
46925,Geral
46929,Geral
46932,Geral
46945,Geral
46950,Geral
46951,Geral
46953,Geral
46954,Geral
46955,Geral
46956,Geral
46957,Geral
46970,Geral
46975,Geral
46979,Geral
46980,Geral
46981,Geral
46982,Geral
46984,Geral
46988,Geral
46989,Geral
46990,Geral
46991,Geral
46992,Geral
46993,Geral
46994,Geral
46995,Geral
46998,Geral
47000,Geral
47035,Geral
47036,Geral
47037,Geral
47038,Geral
47039,Geral
47040,Geral
47041,Geral
47042,Geral
47043,Geral
47044,Geral
47045,Geral
47046,Geral
47047,Geral
47052,Geral
47055,Geral
47056,Geral
47058,Geral
47059,Geral
47061,Geral
47063,Geral
47064,Geral
47065,Geral
47066,Geral
47068,Geral
47080,Geral
47089,Geral
47092,Geral
47094,Geral
47095,Geral
47096,Geral
47097,Geral
47098,Geral
47118,Geral
47120,Geral
47122,Geral
47129,Geral
47130,Geral
47131,Geral
47132,Geral
47134,Geral
47135,Material Elétrico
47136,Material Elétrico
47138,Geral
47139,Geral
47143,Geral
47144,Geral
47146,Geral
47148,Material Elétrico
47149,Geral
47150,Geral
47152,Geral
47153,Geral
47154,Geral
47155,Geral
47156,Geral
47157,Geral
47158,Geral
47160,Geral
47161,Instrumentos de Medição
47164,Geral
47165,Geral
47167,Geral
47168,Geral
47171,Geral
47386,Geral
47387,Geral
47406,Geral
47407,Geral
47408,Geral
47410,Geral
48185,Geral
48186,Geral
48189,Geral
48199,Geral
48201,Geral
48202,Geral
48203,Geral
48209,Geral
48210,Geral
48223,Geral
48234,Geral
48235,Geral
48238,Geral
48240,Geral
48243,Geral
48280,Geral
48293,Geral
48295,Geral
48296,Geral
48298,Geral
48392,Geral
48394,Geral
48398,Geral
48401,Tubos e Conexões
48404,Tubos e Conexões
48405,Tubos e Conexões
48407,Tubos e Conexões
48409,Tubos e Conexões
48530,Registros e Válvulas
48532,Geral
48533,Registros e Válvulas
48534,Geral
48535,Geral
48558,Geral
48560,Geral
48561,Geral
48562,Geral
48605,Geral
48608,Geral
48609,Mangueiras
48610,Mangueiras
48611,Mangueiras
48612,Geral
48613,Geral
48614,Geral
48615,Geral
48617,Geral
48619,Material Elétrico
48620,Geral
48621,Geral
48622,Geral
48623,Material Elétrico
48626,Geral
48629,Ferramentas
48631,Geral
48632,Geral
48635,Geral
48636,Geral
48639,Geral
48656,Geral
48674,Material Elétrico
48676,Material Elétrico
48677,Material Elétrico
48678,Material Elétrico
48679,Material Elétrico
48680,Material Elétrico
48681,Material Elétrico
48682,Material Elétrico
48683,Material Elétrico
48684,Material Elétrico
48685,Material Elétrico
48686,Material Elétrico
48687,Material Elétrico
48688,Material Elétrico
48689,Material Elétrico
48690,Material Elétrico
48691,Material Elétrico
48692,Material Elétrico
48693,Material Elétrico
48694,Material Elétrico
48695,Material Elétrico
48696,Material Elétrico
48697,Material Elétrico
48698,Material Elétrico
48699,Material Elétrico
48700,Material Elétrico
48701,Material Elétrico
48702,Material Elétrico
48703,Material Elétrico
48704,Material Elétrico
48705,Material Elétrico
48706,Material Elétrico
48707,Material Elétrico
48708,Material Elétrico
48709,Material Elétrico
48710,Material Elétrico
48711,Material Elétrico
48712,Material Elétrico
48713,Material Elétrico
48714,Material Elétrico
48715,Material Elétrico
48716,Material Elétrico
48717,Material Elétrico
48718,Material Elétrico
48719,Material Elétrico
48720,Material Elétrico
48721,Material Elétrico
48722,Material Elétrico
48723,Material Elétrico
48724,Material Elétrico
48725,Geral
48726,Material Elétrico
48729,Geral
48731,Geral
48735,Geral
48746,Geral
48747,Geral
48750,Geral
48751,Geral
48752,Geral
48754,Geral
48755,Geral
48756,Geral
48757,Geral
48758,Geral
48759,Geral
48760,Geral
48761,Geral
48762,Geral
48763,Geral
48764,Geral
48766,Geral
48768,Geral
48770,Geral
48966,Geral
48968,Geral
48984,Geral
48991,Geral
49028,Geral
49045,Geral
49046,Geral
49060,Geral
49064,Geral
49065,Geral
49075,Geral
49082,Geral
49085,Geral
49086,Geral
49089,Geral
49090,Geral
49091,Geral
49092,Geral
49093,Geral
49105,Geral
49106,Geral
49688,Químicos e Adesivos
49693,Geral
49694,Geral
49695,Geral
49697,Material Elétrico
49844,Geral
49846,Geral
49847,Geral
49848,Instrumentos de Medição
49849,Instrumentos de Medição
49853,Geral
49855,Geral
49856,Geral
49857,Geral
49858,Geral
49860,Geral
49862,Geral
49865,Geral
49866,Geral
49868,Geral
49869,Instrumentos de Medição
49870,Geral
49885,Geral
49925,Instrumentos de Medição
49927,Geral
49928,Geral
50478,Instrumentos de Medição
50480,Geral
50483,Instrumentos de Medição
50496,Geral
50505,Geral
50506,Geral
50520,Geral
50522,Geral
50523,Fixação e Aperto
50524,Fixação e Aperto
50525,Geral
50527,Geral
50532,Geral
50534,Geral
50549,Material Elétrico
50550,Material Elétrico
50551,Material Elétrico
50553,Material Elétrico
50554,Material Elétrico
50555,Material Elétrico
50556,Material Elétrico
50557,Material Elétrico
50558,Material Elétrico
50559,Material Elétrico
50560,Material Elétrico
50561,Material Elétrico
50562,Material Elétrico
50563,Material Elétrico
50564,Material Elétrico
50565,Material Elétrico
50566,Material Elétrico
50567,Material Elétrico
50568,Material Elétrico
50569,Material Elétrico
50570,Material Elétrico
50571,Material Elétrico
50572,Material Elétrico
50574,Material Elétrico
50575,Material Elétrico
50579,Geral
50580,Geral
50581,Geral
50582,Geral
50583,Geral
50593,Geral
50599,Geral
50605,Geral
50610,Geral
50614,Geral
50628,Geral
50634,Geral
50635,Geral
50636,Geral
50637,Geral
50638,Geral
50644,Geral
50645,Geral
50646,Geral
50649,Geral
50655,Geral
50660,Geral
50661,Geral
50662,Instrumentos de Medição
50664,Geral
50692,Geral
50693,Geral
50694,Geral
50695,Geral
50696,Geral
50700,Geral
50701,Geral
50702,Geral
50704,Geral
50705,Geral
50706,Geral
50709,Geral
50769,Instrumentos de Medição
50979,Material Elétrico
50983,Material Elétrico
51112,Geral
51115,Geral
51116,Geral
51143,Material Elétrico
51145,Material Elétrico
51146,Material Elétrico
51148,Material Elétrico
51150,Geral
51151,Geral
51153,Geral
51154,Geral
51156,Geral
51163,Geral
51164,Geral
51166,Geral
51168,Geral
51176,Geral
51179,Geral
51183,Geral
51184,Geral
51185,Geral
51186,Geral
51187,Geral
51188,Geral
51191,Geral
51193,Geral
51195,Geral
51196,Geral
51197,Geral
51199,Geral
51200,Geral
51201,Geral
51202,Geral
51204,Geral
51206,Geral
51207,Geral
51225,Geral
51226,Geral
51227,Geral
51228,Geral
51241,Geral
51242,Geral
51243,Geral
51244,Geral
51245,Geral
51246,Geral
51247,Geral
51248,Geral
51249,Geral
51284,Geral
51285,Geral
51290,Geral
51291,Geral
51292,Geral
51293,Geral
51294,Geral
51295,Geral
51296,Geral
51297,Geral
51298,Geral
51299,Geral
51300,Geral
51301,Geral
51302,Geral
51303,Geral
51304,Geral
51305,Geral
51306,Geral
51307,Geral
51308,Geral
51309,Ferramentas
51310,Ferramentas
51319,Material Elétrico
51320,Material Elétrico
51321,Material Elétrico
51322,Material Elétrico
51323,Material Elétrico
51327,Material Elétrico
51328,Material Elétrico
51329,Material Elétrico
51330,Material Elétrico
51331,Material Elétrico
51332,Material Elétrico
51333,Material Elétrico
51334,Material Elétrico
51335,Material Elétrico
51336,Material Elétrico
51338,Material Elétrico
51339,Material Elétrico
51340,Material Elétrico
51343,Material Elétrico
51344,Material Elétrico
51346,Material Elétrico
51349,Material Elétrico
51351,Ferramentas
51352,Ferramentas
51353,Ferramentas
51354,Ferramentas
51355,Ferramentas
51356,Ferramentas
51357,Ferramentas
51358,Ferramentas
51359,Ferramentas
51360,Ferramentas
51361,Ferramentas
51362,Ferramentas
51363,Ferramentas
51364,Ferramentas
51365,Ferramentas
51366,Ferramentas
51367,Ferramentas
51368,Ferramentas
51369,Ferramentas
51370,Ferramentas
51371,Ferramentas
51374,Ferramentas
51376,Ferramentas
51377,Ferramentas
51378,Geral
51379,Geral
51383,Material Elétrico
51390,Acessórios para Ferramentas
51391,Geral
51394,Instrumentos de Medição
51397,Instrumentos de Medição
51503,Geral
51504,Geral
51657,Geral
51658,Geral
51659,Geral
51660,Geral
51661,Geral
51662,Geral
51663,Geral
51664,Geral
51665,Geral
51666,Geral
51667,Geral
51668,Geral
51669,Geral
51670,Geral
51671,Geral
51672,Geral
51673,Geral
51674,Geral
51675,Geral
51676,Geral
51677,Geral
51678,Geral
51679,Geral
51680,Geral
51681,Geral
51682,Geral
51873,Geral
51875,Geral
51876,Geral
51877,Geral
51878,Geral
51879,Geral
51880,Geral
51881,Geral
51882,Geral
51883,Geral
51885,Ferramentas
51897,Geral
51898,Geral
51899,Geral
51900,Geral
51907,Geral
51910,Geral
51911,Geral
51912,Geral
51913,Geral
51916,Geral
51987,Geral
51988,Instrumentos de Medição
51989,Geral
51991,Instrumentos de Medição
51992,Geral
51993,Geral
51994,Geral
51996,Geral
51997,Geral
51998,Geral
51999,Geral
52000,Geral
52002,Geral
52036,Geral
52037,Geral
52063,Geral
52065,Geral
52067,Geral
52456,Ferramentas
52457,Geral
52458,Ferramentas
52460,Registros e Válvulas
52464,Ferramentas
52479,Geral
52481,Geral
52495,Acessórios para Ferramentas
52498,Geral
52564,Geral
52567,Geral
52571,Geral
52572,Geral
52576,Geral
52583,Geral
52585,Geral
52591,Geral
52593,Geral
52594,Geral
52595,Geral
52596,Geral
52597,Geral
52598,Geral
52599,Geral
52600,Geral
52601,Geral
52602,Geral
52603,Geral
52604,Geral
52605,Geral
52606,Geral
52607,Geral
52608,Geral
52609,Geral
52610,Geral
52611,Geral
52612,Geral
52613,Geral
52614,Geral
52615,Geral
52616,Geral
52617,Geral
52618,Geral
52619,Geral
52620,Geral
52621,Geral
52622,Geral
52624,Geral
52625,Geral
52626,Geral
52627,Geral
52633,Geral
52741,Geral
52743,Geral
52744,Geral
52745,Geral
52754,Material Elétrico
52757,Geral
52759,Geral
52760,Geral
52761,Geral
52762,Geral
52763,Geral
52764,Geral
52765,Geral
52766,Geral
52767,Geral
52768,Geral
52769,Geral
52770,Geral
52771,Geral
52772,Geral
52773,Geral
52774,Geral
52775,Geral
52779,Geral
52780,Geral
52781,Geral
52785,Geral
52786,Geral
52939,Geral
52943,Geral
52944,Geral
52945,Geral
52946,Geral
52948,Geral
52949,Geral
52950,Geral
52951,Geral
52953,Geral
52954,Geral
52955,Geral
52956,Geral
52958,Geral
52959,Geral
52963,Geral
52965,Geral
52970,Geral
52972,Instrumentos de Medição
52973,Geral
52974,Geral
52976,Geral
52977,Geral
52978,Geral
52989,Geral
52991,Geral
52994,Geral
52995,Geral
53003,Geral
53004,Geral
53005,Acessórios para Ferramentas
53007,Material Elétrico
53008,Material Elétrico
53009,Material Elétrico
53010,Material Elétrico
53011,Material Elétrico
53012,Material Elétrico
53013,Material Elétrico
53014,Material Elétrico
53015,Material Elétrico
53016,Material Elétrico
53017,Material Elétrico
53018,Material Elétrico
53019,Material Elétrico
53020,Material Elétrico
53021,Material Elétrico
53022,Material Elétrico
53023,Material Elétrico
53024,Material Elétrico
53026,Material Elétrico
53029,Geral
53030,Geral
53041,Geral
53042,Geral
53043,Geral
53044,Geral
53045,Geral
53046,Instrumentos de Medição
53063,Geral
53064,Geral
53065,Geral
53066,Geral
53068,Geral
53069,Geral
53070,Geral
53071,Geral
53072,Geral
53073,Geral
53074,Geral
53076,Geral
53077,Geral
53078,Geral
53079,Geral
53080,Geral
53082,Geral
53100,Geral
53103,Geral
53104,Geral
53113,Geral
53116,Geral
53118,Geral
53119,Geral
53120,Geral
53121,Geral
53130,Geral
53133,Geral
53141,Geral
53142,Geral
53160,Geral
53163,Geral
53164,Geral
53165,Geral
53166,Geral
53167,Geral
53168,Geral
53169,Geral
53170,Geral
53171,Geral
53172,Geral
53173,Geral
53174,Geral
53175,Geral
53176,Geral
53177,Geral
53178,Geral
53179,Geral
53180,Geral
53181,Geral
53182,Geral
53183,Geral
53184,Geral
53185,Geral
53188,Geral
53205,Geral
53206,Geral
53207,Geral
53211,Geral
53215,Geral
53217,Geral
53223,Geral
53225,Geral
53229,Geral
53235,Geral
53240,Geral
53243,Geral
53250,Geral
53251,Tubos e Conexões
53252,Tubos e Conexões
53253,Tubos e Conexões
53254,Tubos e Conexões
53255,Tubos e Conexões
53256,Tubos e Conexões
53257,Tubos e Conexões
53258,Tubos e Conexões
53259,Tubos e Conexões
53262,Geral
53266,Geral
53275,Geral
53279,Geral
53280,Geral
53281,Geral
53282,Geral
53283,Geral
53286,Geral
53291,Registros e Válvulas
53294,Geral
53295,Geral
53296,Geral
53298,Geral
53534,Geral
53537,Geral
53538,Geral
53542,Material Elétrico
53543,Material Elétrico
53544,Geral
53545,Geral
53546,Geral
53547,Geral
53548,Geral
53549,Geral
53550,Geral
53551,Geral
53555,Geral
53575,Geral
53577,Geral
53580,Geral
53584,Geral
53585,Material Elétrico
53586,Geral
53587,Geral
53588,Geral
53589,Geral
53590,Geral
53591,Geral
53592,Geral
53593,Geral
53594,Geral
53595,Geral
53596,Geral
53597,Geral
53598,Geral
53599,Geral
53600,Geral
53601,Geral
53602,Geral
53603,Geral
53604,Geral
53605,Geral
53606,Geral
53607,Geral
53608,Geral
53609,Geral
53610,Geral
53611,Geral
53612,Geral
53613,Geral
53614,Geral
53615,Geral
53616,Geral
53617,Geral
53618,Geral
53621,Geral
53624,Geral
53625,Geral
53626,Geral
53670,Geral
53671,Material Elétrico
53672,Geral
53673,Geral
53674,Geral
53675,Geral
53676,Geral
53677,Geral
53678,Geral
53679,Geral
53681,Geral
53683,Geral
53684,Geral
53685,Geral
53686,Geral
53687,Geral
53688,Geral
53696,Geral
53697,Geral
53698,Geral
53699,Geral
53700,Geral
53702,Geral
53703,Geral
53708,Geral
53709,Geral
53737,Geral
53761,Geral
53762,Geral
53763,Geral
53764,Geral
53779,Geral
53785,Geral
53787,Geral
53788,Geral
53791,Geral
53852,Geral
53853,Geral
53855,Geral
53856,Geral
53857,Geral
53859,Geral
53862,Geral
53863,Geral
53865,Geral
53866,Geral
53879,Geral
53887,Geral
53888,Geral
54144,Instrumentos de Medição
54146,Instrumentos de Medição
54147,Instrumentos de Medição
54148,Instrumentos de Medição
54149,Instrumentos de Medição
54150,Instrumentos de Medição
54155,Material Elétrico
54156,Material Elétrico
54157,Material Elétrico
54158,Material Elétrico
54159,Material Elétrico
54194,Geral
54198,Geral
54199,Geral
54200,Geral
54201,Geral
54203,Geral
54204,Geral
54208,Geral
54209,Fixação e Aperto
54211,Geral
54212,Geral
54213,Geral
54219,Geral
54220,Geral
54222,Geral
54224,Geral
54232,Geral
54237,Geral
54239,Geral
54244,Geral
54256,Geral
54259,Geral
54260,Geral
54262,Geral
54280,Geral
54281,Geral
54282,Geral
54330,Geral
54333,Geral
54334,Geral
54335,Geral
54336,Geral
54337,Geral
54338,Geral
54339,Geral
54340,Geral
54341,Geral
54342,Geral
54412,Geral
54414,Geral
54425,Geral
54426,Geral
54427,Geral
54428,Geral
54429,Geral
54430,Geral
54431,Geral
54432,Geral
54433,Geral
54434,Geral
54435,Geral
54436,Geral
54437,Geral
54438,Geral
54439,Geral
54440,Geral
54441,Geral
54442,Geral
54444,Geral
54445,Geral
54446,Geral
54448,Geral
54449,Geral
54450,Geral
54451,Geral
54452,Geral
54469,Geral
54472,Geral
54476,Geral
54478,Geral
54479,Geral
54481,Geral
54483,Geral
54484,Geral
54485,Geral
54486,Geral
54487,Geral
54488,Geral
54515,Geral
54518,Geral
54520,Geral
54521,Geral
54522,Geral
54523,Geral
54525,Geral
54526,Geral
54528,Geral
54530,Geral
54531,Geral
54533,Geral
54537,Geral
54539,Geral
54540,Geral
54541,Geral
54542,Geral
54543,Material Elétrico
54544,Material Elétrico
54545,Material Elétrico
54546,Material Elétrico
54549,Geral
54550,Geral
54552,Geral
54553,Instrumentos de Medição
54554,Instrumentos de Medição
54555,Instrumentos de Medição
54556,Instrumentos de Medição
54558,Geral
54567,Geral
54568,Geral
54569,Geral
54582,Geral
54618,Geral
54619,Geral
54620,Geral
54621,Geral
54622,Geral
54623,Geral
54624,Geral
54626,Geral
54627,Geral
54628,Geral
54629,Químicos e Adesivos
54630,Químicos e Adesivos
54635,Geral
54637,Químicos e Adesivos
54638,Químicos e Adesivos
54639,Químicos e Adesivos
54642,Geral
54643,Geral
54644,Químicos e Adesivos
54652,Geral
54654,Geral
54659,Geral
54660,Geral
54662,Material Elétrico
54663,Geral
54665,Material Elétrico
54676,Geral
54685,Geral
54686,Geral
54689,Geral
54690,Geral
54692,Geral
54693,Geral
54694,Geral
54695,Geral
54696,Geral
54697,Geral
54698,Geral
54699,Geral
54700,Geral
54702,Geral
54703,Geral
54704,Geral
54705,Geral
54706,Geral
54707,Geral
54712,Geral
54713,Geral
54715,Geral
54717,Geral
54719,Geral
54720,Químicos e Adesivos
54721,Geral
54722,Geral
54731,Geral
54738,Geral
54742,Geral
54744,Geral
54746,Geral
54747,Geral
54750,Geral
54751,Geral
54754,Geral
54755,Geral
54756,Geral
54758,Geral
54759,Geral
54762,Geral
54764,Geral
54766,Geral
54770,Geral
54771,Geral
54773,Geral
54774,Geral
54776,Geral
54778,Geral
54779,Geral
54780,Geral
54782,Geral
54783,Geral
54784,Geral
54785,Geral
54786,Geral
54787,Geral
54788,Geral
54789,Geral
54790,Geral
54791,Geral
54792,Geral
54793,Geral
54795,Geral
54796,Geral
54797,Geral
54798,Geral
54799,Geral
54800,Geral
54801,Geral
54802,Geral
54813,Geral
54826,Geral
54827,Geral
54828,Geral
54831,Material Elétrico
54833,Geral
54835,Geral
54838,Geral
54848,Quadros e Caixas
54852,Quadros e Caixas
54853,Quadros e Caixas
54854,Quadros e Caixas
54857,Quadros e Caixas
54858,Quadros e Caixas
54859,Quadros e Caixas
54860,Quadros e Caixas
54861,Quadros e Caixas
54862,Quadros e Caixas
54863,Quadros e Caixas
54864,Quadros e Caixas
54865,Quadros e Caixas
54866,Quadros e Caixas
54867,Quadros e Caixas
54868,Quadros e Caixas
54869,Quadros e Caixas
54870,Quadros e Caixas
54871,Quadros e Caixas
54872,Quadros e Caixas
54874,Quadros e Caixas
54875,Quadros e Caixas
54879,Quadros e Caixas
54880,Quadros e Caixas
54881,Quadros e Caixas
54882,Quadros e Caixas
54883,Quadros e Caixas
54884,Quadros e Caixas
54885,Quadros e Caixas
54886,Quadros e Caixas
54887,Quadros e Caixas
54888,Quadros e Caixas
54889,Quadros e Caixas
54890,Quadros e Caixas
54891,Quadros e Caixas
54892,Quadros e Caixas
54893,Quadros e Caixas
54894,Quadros e Caixas
54895,Quadros e Caixas
54896,Quadros e Caixas
54897,Quadros e Caixas
54898,Quadros e Caixas
54899,Quadros e Caixas
54900,Quadros e Caixas
54901,Quadros e Caixas
54902,Quadros e Caixas
54903,Quadros e Caixas
54904,Quadros e Caixas
54905,Geral
54906,Geral
54907,Geral
54908,Geral
54909,Geral
54910,Geral
54911,Geral
54912,Geral
54913,Geral
54914,Geral
54915,Geral
54919,Geral
54920,Acessórios para Ferramentas
54926,Geral
54928,Geral
54932,Geral
54933,Geral
54934,Geral
54935,Geral
54936,Geral
54937,Geral
54938,Geral
54939,Geral
54940,Geral
54941,Geral
54942,Geral
54943,Geral
54944,Geral
54965,Geral
54967,Geral
54969,Fixação e Aperto
54971,Geral
54972,Geral
54974,Geral
54975,Geral
54979,Geral
54989,Geral
54990,Fixação e Aperto
54991,Geral
54995,Fixação e Aperto
54996,Geral
54997,Geral
54998,Fixação e Aperto
54999,Fixação e Aperto
55000,Fixação e Aperto
55002,Geral
55003,Geral
55012,Fixação e Aperto
55013,Fixação e Aperto
55014,Fixação e Aperto
55015,Fixação e Aperto
55016,Fixação e Aperto
55017,Fixação e Aperto
55018,Fixação e Aperto
55019,Fixação e Aperto
55020,Fixação e Aperto
55021,Fixação e Aperto
55022,Fixação e Aperto
55023,Fixação e Aperto
55024,Fixação e Aperto
55025,Fixação e Aperto
55026,Fixação e Aperto
55027,Geral
55028,Geral
55029,Geral
55030,Geral
55031,Geral
55032,Geral
55043,Geral
55045,Geral
55052,Geral
55059,Ferramentas
55190,Geral
55194,Geral
55195,Geral
55196,Geral
55197,Geral
55198,Geral
55199,Geral
55200,Geral
55201,Geral
55202,Geral
55203,Geral
55204,Geral
55205,Geral
55206,Geral
55207,Geral
55208,Geral
55209,Geral
55210,Geral
55227,Geral
55243,Geral
55245,Geral
55247,Geral
55248,Geral
55280,Geral
55284,Geral
55287,Geral
55289,Geral
55299,Geral
55305,Geral
55306,Geral
55308,Geral
55311,Geral
55312,Geral
55314,Geral
55315,Geral
55316,Geral
55317,Geral
55318,Geral
55319,Geral
55320,Geral
55322,Geral
55323,Geral
55324,Geral
55325,Geral
55326,Geral
55327,Geral
55328,Geral
55329,Geral
55330,Geral
55331,Geral
55332,Geral
55333,Geral
55334,Geral
55335,Geral
55336,Geral
55337,Geral
55338,Geral
55339,Geral
55340,Geral
55341,Geral
55343,Geral
55546,Geral
55549,Geral
55550,Geral
55551,Geral
55552,Geral
55553,Geral
55554,Geral
55555,Geral
55560,Geral
55564,Geral
55565,Geral
55570,Geral
55571,Geral
55572,Geral
55574,Geral
55575,Geral
55577,Geral
55578,Geral
55632,Geral
55644,Geral
55646,Geral
55647,Geral
55652,Geral
55656,Geral
55657,Geral
55659,Geral
55671,Geral
55673,Ferramentas
55674,Geral
55680,Ferramentas
55682,Ferramentas
55683,Ferramentas
55684,Ferramentas
55685,Ferramentas
55686,Ferramentas
55687,Ferramentas
55688,Ferramentas
55689,Ferramentas
55690,Ferramentas
55691,Ferramentas
55692,Ferramentas
55693,Ferramentas
55694,Ferramentas
55695,Material Elétrico
55697,Geral
55698,Geral
55699,Ferramentas
55700,Ferramentas
55701,Geral
55702,Geral
55703,Geral
55704,Ferramentas
55705,Ferramentas
55707,Geral
55709,Ferramentas
55711,Geral
55721,Tubos e Conexões
55722,Tubos e Conexões
55723,Tubos e Conexões
55724,Tubos e Conexões
55725,Tubos e Conexões
55726,Tubos e Conexões
55727,Tubos e Conexões
55728,Tubos e Conexões
55729,Tubos e Conexões
55730,Tubos e Conexões
55731,Tubos e Conexões
55732,Tubos e Conexões
55733,Ferramentas
55734,Tubos e Conexões
55736,Tubos e Conexões
55745,Geral
55747,Geral
55748,Geral
55751,Geral
55752,Geral
55826,Geral
55827,Geral
55830,Geral
55839,Geral
55840,Geral
55841,Geral
55842,Geral
55843,Geral
55844,Geral
55845,Geral
55846,Geral
55847,Geral
55854,Geral
55856,Geral
55857,Geral
55861,Geral
55863,Geral
55865,Geral
55866,Geral
55867,Geral
55868,Geral
55869,Geral
55870,Geral
55871,Geral
55872,Geral
55899,Geral
55914,Geral
55915,Geral
55916,Geral
55917,Geral
55918,Geral
55919,Geral
55986,Geral
55987,Geral
55988,Geral
55990,Geral
55992,Geral
56002,Geral
56003,Geral
56004,Geral
56005,Geral
56006,Geral
56007,Geral
56008,Geral
56009,Geral
56011,Geral
56018,Geral
56076,Geral
56077,Geral
56078,Tubos e Conexões
56079,Geral
56080,Geral
56081,Tubos e Conexões
56083,Tubos e Conexões
56084,Geral
56086,Geral
56089,Geral
56090,Tubos e Conexões
56091,Geral
56093,Geral
56096,Geral
56097,Geral
56098,Geral
56100,Geral
56101,Geral
56102,Tubos e Conexões
56103,Geral
56104,Tubos e Conexões
56120,Geral
56122,Geral
56124,Tubos e Conexões
56126,Tubos e Conexões
56127,Tubos e Conexões
56130,Tubos e Conexões
56131,Tubos e Conexões
56132,Geral
56133,Geral
56134,Geral
56135,Geral
56136,Geral
56137,Geral
56138,Geral
56140,Geral
56142,Geral
56143,Geral
56144,Geral
56145,Geral
56146,Geral
56147,Geral
56149,Geral
56150,Geral
56151,Geral
56152,Geral
56153,Geral
56154,Geral
56155,Geral
56156,Geral
56157,Geral
56158,Geral
56159,Instrumentos de Medição
56160,Geral
56161,Instrumentos de Medição
56162,Instrumentos de Medição
56163,Lubrificantes e Aerossóis
56164,Lubrificantes e Aerossóis
56165,Geral
56166,Geral
56167,Geral
56168,Geral
56169,Geral
56170,Geral
56171,Geral
56172,Ferramentas
56173,Geral
56174,Geral
56175,Ferramentas
56176,Geral
56177,Geral
56183,Geral
56184,Geral
56185,Geral
56186,Geral
56187,Geral
56211,Geral
56487,Geral
56490,Material Elétrico
56494,Químicos e Adesivos
56496,Geral
56497,Geral
56499,Geral
56500,Geral
56501,Geral
56502,Geral
56503,Geral
56504,Geral
56505,Geral
56506,Geral
56507,Geral
56508,Geral
56509,Geral
56510,Geral
56511,Geral
56512,Geral
56513,Geral
56514,Geral
56516,Geral
56518,Geral
56519,Geral
56520,Geral
56521,Geral
56522,Geral
56523,Geral
56524,Geral
56525,Geral
56526,Geral
56527,Geral
56528,Geral
56529,Instrumentos de Medição
56554,Geral
56559,Geral
57410,Geral
57425,Geral
57434,Geral
57436,Geral
57449,Geral
57451,Geral
57457,Químicos e Adesivos
57458,Químicos e Adesivos
57459,Químicos e Adesivos
57460,Químicos e Adesivos
57461,Químicos e Adesivos
57462,Químicos e Adesivos
57463,Químicos e Adesivos
57464,Químicos e Adesivos
57465,Químicos e Adesivos
57466,Químicos e Adesivos
57467,Químicos e Adesivos
57468,Químicos e Adesivos
57469,Químicos e Adesivos
57470,Químicos e Adesivos
57471,Químicos e Adesivos
57472,Químicos e Adesivos
57473,Químicos e Adesivos
57480,Químicos e Adesivos
57481,Químicos e Adesivos
57482,Químicos e Adesivos
57483,Químicos e Adesivos
57484,Químicos e Adesivos
57486,Químicos e Adesivos
57488,Geral
57492,Geral
57493,Geral
57495,Geral
57496,Geral
57497,Geral
57498,Material Elétrico
57499,Geral
57500,Geral
57502,Geral
57503,Geral
57504,Geral
57505,Geral
57506,Geral
57508,Geral
57510,Geral
57511,Instrumentos de Medição
57512,Instrumentos de Medição
57513,Instrumentos de Medição
57514,Geral
57517,Instrumentos de Medição
57518,Geral
57519,Geral
57521,Instrumentos de Medição
57522,Geral
57523,Geral
57525,Tubos e Conexões
57526,Geral
57530,Geral
57531,Geral
57532,Geral
57533,Geral
57534,Geral
57535,Geral
57536,Geral
57544,Geral
57546,Geral
57547,Geral
57549,Geral
57550,Geral
57563,Geral
57566,Geral
57575,Geral
57576,Geral
57577,Geral
57578,Geral
57580,Geral
57583,Geral
59627,Geral
59631,Geral
59632,Geral
59634,Geral
59636,Geral
59637,Geral
59642,Geral
59645,Geral
59646,Geral
59653,Geral
59655,Geral
59662,Geral
59663,Geral
59674,Material Elétrico
59681,Geral
59683,Geral
59684,Geral
59686,Geral
59687,Geral
59688,Geral
59699,Geral
59700,Geral
59701,Geral
59702,Geral
59703,Geral
59704,Geral
59705,Material Elétrico
59706,Geral
59707,Geral
59709,Geral
59710,Geral
59711,Geral
59714,Material Elétrico
59716,Geral
59717,Geral
59718,Geral
59719,Geral
59721,Geral
59722,Geral
59723,Geral
59724,Geral
59725,Geral
59726,Geral
59727,Geral
59728,Geral
59729,Geral
59730,Geral
59731,Geral
59732,Geral
59733,Geral
59734,Instrumentos de Medição
59735,Geral
59736,Geral
59737,Instrumentos de Medição
59738,Instrumentos de Medição
59740,Instrumentos de Medição
59741,Instrumentos de Medição
59742,Instrumentos de Medição
59743,Geral
59744,Instrumentos de Medição
59745,Instrumentos de Medição
59746,Geral
59748,Instrumentos de Medição
59749,Instrumentos de Medição
59750,Instrumentos de Medição
59757,Geral
59758,Instrumentos de Medição
59759,Geral
59764,Material Elétrico
59770,Geral
59771,Geral
59772,Geral
59773,Geral
59788,Acessórios para Ferramentas
59789,Material Elétrico
59792,Geral
59800,Instrumentos de Medição
59801,Geral
59802,Geral
59803,Geral
59804,Geral
59805,Geral
59806,Geral
59807,Geral
59809,Geral
59813,Geral
59816,Tubos e Conexões
59829,Material Elétrico
59831,Geral
59833,Geral
59834,Geral
59835,Geral
59836,Geral
59837,Geral
59838,Geral
59839,Geral
59840,Geral
59841,Geral
59842,Geral
59843,Geral
59844,Geral
59845,Geral
59846,Geral
59847,Geral
59848,Geral
59849,Geral
59850,Geral
59851,Geral
59852,Geral
59853,Geral
59854,Geral
59857,Geral
59858,Geral
59859,Geral
59863,Geral
59865,Geral
59867,Geral
59874,Geral
59882,Geral
59883,Geral
59884,Instrumentos de Medição
59886,Instrumentos de Medição
59888,Geral
59889,Geral
59890,Geral
59891,Geral
59892,Geral
59893,Geral
59894,Geral
59895,Geral
59896,Geral
59897,Geral
59898,Geral
59899,Geral
59900,Geral
59901,Geral
59903,Geral
59904,Geral
59905,Geral
59906,Geral
59907,Geral
59908,Geral
59924,Geral
59926,Geral
59927,Geral
59928,Geral
59929,Geral
59930,Geral
59931,Geral
59932,Geral
59933,Geral
59934,Geral
59935,Geral
59936,Geral
59937,Geral
59939,Geral
59940,Geral
59943,Geral
59944,Geral
59945,Geral
59946,Geral
59947,Geral
59948,Geral
59949,Geral
59950,Geral
59952,Geral
59953,Geral
59955,Geral
59956,Geral
59958,Geral
59959,Geral
59960,Geral
59964,Geral
59966,Geral
59967,Geral
59968,Geral
59969,Geral
59971,Geral
59972,Geral
59974,Geral
59975,Geral
59976,Geral
59978,Geral
59980,Geral
59981,Geral
59983,Geral
60001,Geral
60002,Geral
60004,Geral
60005,Geral
60006,Geral
60007,Geral
60008,Geral
60010,Geral
60011,Geral
60012,Geral
60019,Geral
60024,Geral
60033,Geral
60034,Geral
60035,Geral
60041,Geral
60042,Geral
60048,Geral
60050,Geral
60064,Geral
60076,Geral
60114,Geral
60116,Geral
60117,Geral
60145,Geral
60170,Geral
60172,Geral
60182,Geral
60185,Geral
60187,Geral
60190,Geral
60198,Geral
60199,Geral
60212,Geral
60214,Geral
60222,Geral
60223,Geral
60224,Geral
60225,Geral
60226,Geral
60257,Material Elétrico
60258,Geral
60259,Geral
60262,Material Elétrico
60264,Material Elétrico
60265,Quadros e Caixas
60314,Geral
60327,Geral
60331,Geral
60336,Geral
60337,Geral
60338,Geral
60339,Geral
60340,Geral
60349,Geral
60351,Geral
60354,Geral
60355,Geral
60356,Geral
60358,Geral
60359,Geral
60360,Geral
60361,Geral
60362,Geral
60363,Geral
60364,Geral
60365,Geral
60366,Geral
60367,Geral
60368,Geral
60369,Geral
60370,Geral
60371,Geral
60372,Geral
60373,Geral
60375,Geral
60380,Geral
60391,Geral
60392,Geral
60394,Geral
60401,Geral
60614,Geral
60615,Geral
60616,Geral
60617,Geral
60618,Geral
60619,Geral
60620,Geral
60621,Geral
60622,Geral
60623,Geral
60624,Geral
60625,Geral
60626,Geral
60641,Geral
60689,Geral
60692,Geral
60695,Geral
60696,Geral
60697,Geral
60698,Geral
60699,Geral
60700,Geral
60701,Geral
60702,Geral
60704,Geral
60705,Geral
60706,Geral
60707,Geral
60708,Geral
60709,Geral
60710,Geral
60711,Geral
60712,Geral
60713,Geral
60715,Geral
60718,Geral
60738,Geral
60746,Geral
60747,Geral
60751,Geral
60759,Geral
60762,Geral
60764,Geral
60768,Geral
60769,Geral
60770,Geral
60773,Geral
60774,Geral
60778,Geral
60779,Geral
60781,Geral
60782,Geral
60783,Geral
60788,Geral
60790,Geral
60793,Geral
60795,Geral
60796,Geral
60797,Geral
60799,Geral
60801,Geral
60802,Geral
60803,Geral
60804,Geral
60805,Geral
60810,Geral
60812,Geral
60813,Geral
60843,Geral
60845,Geral
60847,Geral
60848,Geral
60856,Geral
60859,Geral
60865,Geral
60867,Geral
60868,Geral
60869,Geral
60876,Geral
60880,Geral
60881,Geral
60891,Geral
60894,Geral
60901,Geral
60906,Geral
60909,Geral
60918,Instrumentos de Medição
60922,Material Elétrico
60923,Geral
60924,Geral
60926,Geral
60927,Geral
60928,Instrumentos de Medição
60930,Geral
60931,Geral
60932,Geral
60933,Geral
60934,Instrumentos de Medição
60939,Geral
60943,Geral
60944,Geral
61001,Geral
61002,Geral
61003,Geral
61005,Geral
61007,Geral
61009,Lubrificantes e Aerossóis
61010,Químicos e Adesivos
61015,Geral
61016,Geral
61017,Geral
61018,Geral
61020,Geral
61022,Geral
61023,Geral
61024,Geral
61025,Geral
61026,Geral
61030,Geral
61031,Geral
61035,Geral
61036,Geral
61037,Geral
61040,Geral
61133,Geral
61191,Geral
61199,Geral
61201,Geral
61202,Geral
61203,Geral
61204,Geral
61205,Geral
61206,Geral
61207,Geral
61208,Geral
61209,Geral
61210,Geral
61211,Geral
61215,Geral
61224,Geral
61226,Geral
61229,Geral
61275,Geral
61292,Geral
61293,Geral
61295,Geral
61296,Geral
61312,Geral
61651,Geral
61652,Geral
61653,Geral
61654,Geral
61656,Geral
61658,Geral
61659,Geral
61661,Geral
61663,Geral
61664,Instrumentos de Medição
61667,Instrumentos de Medição
61669,Geral
61670,Instrumentos de Medição
61671,Geral
61672,Geral
61673,Geral
61675,Geral
61676,Geral
61677,Instrumentos de Medição
61678,Instrumentos de Medição
61679,Instrumentos de Medição
61681,Geral
61694,Geral
61695,Geral
61697,Geral
61702,Acessórios para Ferramentas
61705,Geral
61707,Geral
61709,Geral
61710,Geral
61711,Geral
61712,Geral
61713,Geral
61714,Geral
61715,Geral
61716,Geral
61717,Geral
61718,Geral
61719,Geral
61720,Geral
61721,Geral
61722,Material Elétrico
61728,Material Elétrico
61733,Material Elétrico
61734,Material Elétrico
61736,Geral
61737,Geral
61738,Geral
61741,Geral
61742,Geral
61743,Geral
61744,Geral
61941,Material Elétrico
61944,Material Elétrico
61945,Material Elétrico
61946,Material Elétrico
61947,Geral
61948,Material Elétrico
61949,Geral
61950,Geral
61952,Tubos e Conexões
61953,Tubos e Conexões
61954,Tubos e Conexões
61955,Tubos e Conexões
61956,Tubos e Conexões
61957,Tubos e Conexões
61958,Tubos e Conexões
61959,Tubos e Conexões
61960,Tubos e Conexões
61961,Tubos e Conexões
61962,Tubos e Conexões
61963,Tubos e Conexões
61964,Tubos e Conexões
61965,Tubos e Conexões
61966,Tubos e Conexões
61967,Tubos e Conexões
61969,Tubos e Conexões
61970,Tubos e Conexões
61971,Tubos e Conexões
61972,Tubos e Conexões
61973,Tubos e Conexões
61975,Tubos e Conexões
61976,Tubos e Conexões
61977,Geral
61987,Material Elétrico
61988,Geral
61991,Geral
61994,Geral
61995,Geral
61996,Geral
61997,Geral
61998,Geral
61999,Geral
62001,Geral
62004,Geral
62008,Geral
62009,Geral
62011,Geral
62013,Geral
62014,Geral
62015,Geral
62016,Geral
62017,Geral
62018,Geral
62020,Geral
62023,Geral
62066,Geral
62067,Geral
62071,Tubos e Conexões
62072,Geral
62073,Geral
62074,Instrumentos de Medição
62076,Geral
62078,Geral
62079,Material Elétrico
62110,Geral
62111,Geral
62112,Geral
62113,Geral
62114,Geral
62115,Geral
62117,Geral
62118,Geral
62119,Geral
62120,Geral
62121,Geral
62122,Geral
62123,Geral
62124,Geral
62125,Geral
62126,Geral
62127,Geral
62128,Geral
62129,Geral
62130,Geral
62132,Geral
62133,Geral
62134,Geral
62135,Geral
62137,Geral
62138,Geral
62140,Geral
62142,Geral
62143,Geral
62144,Geral
62145,Geral
62146,Geral
62148,Geral
62149,Geral
62150,Geral
62152,Geral
62154,Geral
62155,Geral
62163,Geral
62164,Geral
62165,Geral
62166,Geral
62184,Geral
62205,Geral
62208,Geral
62239,Geral
62243,Geral
62248,Tubos e Conexões
62250,Geral
62251,Geral
62252,Tubos e Conexões
62253,Geral
62254,Geral
62255,Geral
62256,Geral
62257,Geral
62258,Geral
62259,Geral
62282,Tubos e Conexões
62284,Tubos e Conexões
62286,Tubos e Conexões
62287,Geral
62292,Geral
62293,Geral
62294,Geral
62295,Geral
62296,Geral
62297,Geral
62298,Geral
62299,Geral
62300,Geral
62301,Geral
62302,Geral
62303,Geral
62304,Geral
62305,Geral
62306,Geral
62307,Geral
62308,Geral
62309,Geral
62310,Geral
62311,Geral
62312,Geral
62313,Geral
62314,Geral
62315,Geral
62316,Geral
62317,Geral
62318,Geral
62320,Geral
62321,Geral
62324,Geral
62325,Instrumentos de Medição
62326,Geral
62327,Instrumentos de Medição
62328,Geral
62335,Tubos e Conexões
62336,Material Elétrico
62358,Geral
62359,Geral
62361,Geral
62362,Geral
62366,Geral
62390,Instrumentos de Medição
62418,Geral
