id,nome,marca
4012,Esponja Mágica com 3 Unidades Melamina Limpeza Pesada,TEKBOND
4013,Esponja Rovlies com 10 un,ROTHENBERGER
4020,Estante Modulada com 108 Gavetas N3 Azul,PRESTO
4021,"Estante Modulada com 49 Gavetas N 3,5 e 7 Azul",PRESTO
4022,Estante Modulada com 54 Gavetas N5 Azul,PRESTO
4023,Esteira com Encosto para Mecânico,MARCON
4025,Esteira para Mecânico com Encosto e Porta Ferramentas,RIOSUL
4074,Extensão de 60cm para Perfurador de Solo,VULCAN
4075,Extensão de Impacto - 1 X,LDR2
4135,Fechadura Concept Espelhada Externa 403E Cromada,PADO
4137,"Fecho Portão 86,5mm Zincado",SOPRANO
4155,Filtro de Ar com Elemento FS0070-U 3/4 BSP,SCHULZ
4156,"Filtro de Ar e Lubrificador com Proteção 1/2"" -3363",BREMEN
4160,Filtro e Regulador de Ar 1/2 Pol.,PDR
4161,Filtro e Regulador de Ar 1/4 Pol.,PDR
4162,Filtro Regulador de Ar Centurium DDA 1/2 Pol. com Protetor,ARPREX
4163,"Filtro Regulador e Lubrificador 1/4"" 7,25-116 PSI 650 L/min",BOZZA
4167,Fita Antiderrapante 50mm X 5m,3M
4168,Fita Antiderrapante Preta 50mm X 5m,TEKBOND
4169,Fita Antiderrapante Safety Fosfore 50mm X 5m,3M
4170,Fita Antiderrapante Safety PVC TR 50mm X 5m,3M
4171,Fita Antiderrapante Safety Transparente 50mm X 5m,3M
4172,Fita Crepe 18MM X 50M,TEKBOND
4173,Fita Crepe 24MM X 50M,TEKBOND
4174,Fita Crepe 48MM X 50M,TEKBOND
4175,"Fita de Aço Perfurada Âncora 17mm X 0,40mm X 30m",ANCORA
4176,Fita de Demarcação Amarela 48MM X 15M,TEKBOND
4177,Fita de Demarcação Vermelha 48MM X 15M,TEKBOND
4178,Fita de Embalagem 48mm X 50m,3M
4179,Fita de Embalagem Tartan 48mm X 50m,3M
4180,Fita de Sinalização 70mm X 200m,3M
4181,Fita Duct Tape 50MM X 10M,CARBOGRAFITE
4182,Fita Dupla Face 12mm X 20mm -21121001220,TEKBOND
4183,"Fita Dupla Face 19MM X 1,5M",TEKBOND
4184,Fita Dupla Face 4494 19mm X 5m,3M
4185,"Fita Dupla Face Espuma 12mm X 1,5m",TEKBOND
4186,Fita Dupla Face Fixa Forte 12mm X 2,3M
4187,"Fita Dupla Face Fixa Forte 24mm X 1,5m",3M
4188,"Fita Dupla Face Fixa Forte Banheiro 24mm X 1,5m",3M
4189,"Fita Dupla Face Fixa Forte Cozinha 24mm X 1,5m",3M
4190,"Fita Dupla Face Fixa Forte Espuma 12mm X 1,5m",3M
4191,Fita Dupla Face Fixa Forte Extrema 24mm X 2m,3M
4192,Fita Dupla Face Fixa Forte Transparente 12mm X 2,3M
4193,Fita Dupla Face Fixa Forte Transparente 19mm X 2,3M
4194,Fita Dupla Face Fixa Forte Transparente 24mm X 2,3M
4195,Fita Dupla Face IG 110wf 19mm X 20m,3M
4196,Fita Dupla Face IG 110wf 19mm X 5M,3M
4197,Fita Dupla Face VHB 4910 12mm X 20m,3M
4198,Fita Dupla Face VHB 4910 12mm X 5m,3M
4200,Fita Dupla Face VHB 4910 25mm X 20m,3M
4201,"Fita Dupla Face VHB 4910 9,5mm X 20m",3M
4213,"Fita Métrica Adesiva 3 Metros (Ref FAL3M, LUFKIN)",LUFKIN
4214,Fita Silver Tape 45mm X 25m,3M
4216,Fita Silver Tape DT8 50mm X 50m,3M
4217,Fita Transparente PP AA 48 X 50 MTS,ADERE
4225,Fixa Rolamento 160 Verde 50 GR,TEKBOND
4226,Fixa Rolamento 166 Cinza 50 GR,TEKBOND
4227,Fluido de Corte Ecológico 1 Eco 500ml -AY1,QUIMATIC
4229,Fluído de Corte Nº 11 500ml -AJ1,QUIMATIC
4230,Fluido para Corte N. 1 500ml -AF1,QUIMATIC
4246,Formao 1.1/4'' -327114,MAX
4311,Funil de Polietileno Amarelo com Extensão Flexível 135mm -2101,BREMEN
4312,Funil de Polietileno com Extensão Flexível -2102,BREMEN
4313,Funil de Polietileno Duas Curvas -2103,BREMEN
4314,Funil em Polietileno Amarelo Flexível 135MM -2101,BREMEN
4315,Funil Polietileno Reto 135mm -2117,BREMEN
4381,Gancho de Rede para Chumbar,MAX
4382,Gancho Multiuso Encartelado,MAX
4383,"Gancho Olhal com Trava 1,0TON",CARBOSTORM
4384,Gancho para Rede de Parede,MAX
4387,Garra Negativa 500a Bronze -Wps0383,DELTAPLUS
4389,Gaveta Plástica N.7 Azul Organizador Empilhável,PRESTO
4390,Gaveta Plástica Preta N3,PRESTO
4391,Gaveta Plástica Tamanho N 3 Azul - N3,PRESTO
4392,Gaveta Plástica Tamanho N 5 Azul - N5,PRESTO
4393,Gaxeta de Algodão Quadrada 1/4 Ensebada 1kg -122,OSTENFERRAGENS
4394,Gaxeta de Algodão Quadrada 5/16 Ensebada 1Kg -123,OSTENFERRAGENS
4396,Gerador À Diesel Monofásico,TOYAMA
4397,Gerador a Gasolina 4T 110/220V 2.2Kva S2500MG Monofásico,SCHULZ
4399,"Gerador a Gasolina Monofásico 1,0 Kva 4T",TOYAMA
4400,"Gerador a Gasolina Monofásico 2,2 Kva 4T",TOYAMA
4401,"Gerador a Gasolina Monofásico 6,5 Kva Partida Manual",TOYAMA
4402,"Gerador a Gasolina Monofásico 9,0 Kva Partida Elétrica",TOYAMA
4403,"Gerador À Gasolina VG3800 4T 208CC 7HP 3,00kva Bivolt com Partida Manual",VULCAN
4405,"Gerador de Energia 201027 a Gasolina 7,2 Kw 420 Cc Bivolt 115/230 v Monofásico 25 l",TOYAMA
4406,"Gerador de Energia a Diesel Aberto TDG8500EXP 4T 498CC 7,0 Kva Bivolt Monofásico",TOYAMA
4407,"Gerador de Energia a Diesel com Corrente Alternada 4,6Kva 418 CC 380V Trifásico com Partida Elétrica",SCHULZ
4408,Gerador de Energia a Diesel Monofásico TDG6500BXE 5.5kVA com Partida Elétrica,TOYAMA
4409,Gerador de Energia À Diesel (Ref TDG7000CXE),TOYAMA
4410,Gerador de Energia À Diesel (Ref TDG8000CXE),TOYAMA
4411,"Gerador de Energia À Gasoina TG8000CXEV 371014 6,5KW",TOYAMA
4412,"Gerador de Energia À Gasolina 2T Partida Manual 0,90kVA",VULCAN
4413,"Gerador de Energia À Gasolina 3,0KVA 4T BIVOLT",SCHULZ
4414,Gerador de Energia À Gasolina (Ref TF1200CXW2),TOYAMA
4415,"Gerador de Energia À Gasolina TG12000CXNE 4T 622CC 10,5KVA Monofásico Bivolt",TOYAMA
4416,Gerador de Energia À Gasolina (Ref TG2500CXH),TOYAMA
4417,Gerador de Energia À Gasolina (Ref TG3100CXR),TOYAMA
4418,Gerador de Energia À Gasolina (Ref TG3100CXV),TOYAMA
4419,Gerador de Energia À Gasolina (Ref TG3800CX-XP),TOYAMA
4420,"Gerador de Energia Portátil GM3500 a Gasolina 4T 3,5 Kva Partida Manual Bivolt -40144402",CSM
4421,Grampeador e Pinador Elétrico 220V,STANLEY
4422,Grampeador para Caixa de Papelão 15 a 18mm -PRO-618,PDR
4423,Grampeador Pinador 16 a 40mm -PRO-621,PDR
4424,Grampeador Pneumático,LDR2
4453,Gravador Elétrico 220W,DREMEL
4455,Graxeira Reta Nf Rf -120010015,CISBRA
4456,"Guia Espiral Amarela 3,4m 1,2 - 1,6",ESAB
4457,"Guia Espiral com Isolação 5,4m 0,8mm - 1,0mm",ESAB
4458,"Guia Espiral com Isolação Amarela 5,4M 1,2-1,6",ESAB
4459,"Guia Espiral com Isolação para a Tocha 3,4M 1,0-1,2",ESAB
4460,"Guia Espiral Tbi 914833 Vermelha Isolamento 1,0 - 1,2 5,40 m -914833",ESAB
4463,Guincho de Coluna 500/1000kg HA107-1 -132048,MOTOMIL
4464,Guincho Elétrico C/trole Eletrico 300/600kg Mono220v -71000501,CSM
4466,Guincho Eletrico Monofásico TEC300 sem Caçamba 220V -71000258,CSM
4467,Guincho Hidráulico 1T,BOVENAU
4468,Guincho Hidraúlico 2 TON,RIBEIRO
4469,Guincho Hidráulico 2 Toneladas,BOVENAU
4470,Guincho Hidráulico 3 Toneladas com Prolongador,RIBEIRO
4471,Guincho Hidraúlico 500 kg,RIBEIRO
4472,Guincho Hidráulico com Prolongador,MARCON
4473,Guincho Hidráulico G3000E com Prolongador e Roda de Ferro 3T -G3000E,BOVENAU
4475,Guincho Hidráulico sem Prolongador 1Ton,BOVENAU
4479,Haste P/telha 1/4 X 150,CISER
4480,Haste P/telha Dobrada 1/4 X 100,METALURGICA
4481,Haste para Misturador Elétrico HM-140 600mm -60576,CORTAG
4488,Isolador Tocha MIG (Ref MC440),OXIMIG
4489,Isolador Tocha MIG (Ref TD401),OXIMIG
4490,Jaqueta Aço Zinco e Cone para Chumbador Cb ÂNCORA-JC38,ANCORA
4492,Jaqueta e Cone para Chumbador CBA 1/4' -520022,WALSYWA
4493,Jaqueta e Cone para Chumbador CBA 5/16 -520065,WALSYWA
4494,Jogo 20 Pontas para Parafusar com Estojo Magnético e Extensor Articulável Alto Impacto,DEWALT
4515,Jogo de 15 Pontas para Parafusar com Estojo Magnetico,DEWALT
4516,Jogo de 16 Peças para Parafusar com Guia Magnetica,DEWALT
4517,Jogo de 20 Pontas para Parafusar com Estojo,DEWALT
4518,Jogo de 29 Peças para Parafusadeira com Estojo,DEWALT
4519,Jogo de 37 Peças para Parafusadeira com Estojo,DEWALT
4520,Jogo de Acessórios Compact Kit P/pintura com 3 Peças,SCHULZ
5309,Lona Preta 8x50 20KG,LONAX
9641,"Trincha 519/714 1.1/2""",CONDOR
9642,"Trincha 519/714 1/2""",CONDOR
9643,"Trincha 519/714 1""",CONDOR
9644,"Trincha 519/714 2""",CONDOR
9645,"Trincha 519/714 3/4""",CONDOR
9646,"Trincha 714 3"" -85495",CONDOR
9649,Tripe para Laser Encaixe de 5/8 (1 Peça),DEWALT
9657,Valvula Corta Chama Maçarico Ox,BARBOSA
9658,Valvula Corta Chama Regulador,BARBOSA
9684,Vassourão Gari Profissional 40cm,MAX
9687,Vassourão Tipo Piaçava 60cm,ODIM
9688,Vazador de 7mm 3VN,EDA
9689,Vazador de 8mm 3VO,EDA
9690,Vazador de 9mm 3VP,EDA
9691,Veda Escape Bisnaga 100g,ORBI QUIMICA
9692,Veda Juntas 190 Roxo de 15g,TEKBOND
9693,Veda Juntas Roxo 190 250g,TEKBOND
9694,Veda Rosca Branco 050 50gr,TEKBOND
9697,"Verruma para Arco 6,0Mm X 125mm",IRWIN
9700,Vibrador de Imersão Pendular 32mm 4 Metros,CSM
9707,Vulcanizador para Câmara de Automóveis V300,EMEB
9969,10 Unidades - Origens Angelim,TETO VINÍLICO
10091,Acabamento para Canto Externo PVC Branco,FORTLEV
10095,Acabamento para Canto Interno PVC Branco,FORTLEV
10244,Acabamento Tipo Moldura 6MT Sanca,FORTLEV
10256,Acionador de Caixa Acoplada Dual Flush Preto Fosco,CENSI
10260,Acoplamento para Fogão sem Forno com Anel 74,REFRACON
10266,Adaptador Benjamim Branco,MAR-GIRIUS
10267,Adaptador Benjamim Cinza,MAR-GIRIUS
10296,Acoplador Caixa 20x12 - 32x16 - 40x16 - 50x20,Pial
10316,Acoplador Industrial 16A 2P+T 200/250V 6H IP44 Azul,Steck
10331,Acoplamento 2P+T 16A 110/130V 4H Amarelo IP44 N-3054 NEWKON,Steck
10332,Acoplamento Industrial Blindado 3P+T+N 380/440V 63A 6H IP67,Steck
10341,Acupuntura Automotiva AFT 60,Planatc
10372,Adaptador Angular para Parafusadeira 2 em 1 Comp 90° MAXFIT DWAMRA,Dewalt
10373,"Adaptador Angular para Parafusadeira 1/4"" 14 Peças",Dewalt
10376,"Adaptador Angular 1/4"" para Parafusadeira",Milwaukee
10377,Adaptador Angular para Parafusadeira 4 em 1 Compacto/flex 90° DWAMRASET,Dewalt
10380,Adaptador Benjamim Plugue T 2P+T 10A Branco,Margirius
10381,"Adaptador Angular Universal 1/4"" 57Nm 0614 900 0",Wurth
10408,Adaptador Cado para Veiculos Antigos,Raven
10416,Adaptador Conefit 10 DIN 6535 HA,Prototyp
10464,Aquecedor Digital para Banheira de Hidromassagem de 5000W 220V,OURO FINO
10467,Aquecedor Elétrico Maxi Ultra,LORENZETTI
10471,Aquecedor Elétrico para Banheira Super Hidro Digital,CARDAL
10473,Aquecedor Elétrico para Banheira Super Hidro 2,CARDAL
10475,Aquecedor Individual Elétrico 4 Temperaturas,CARDAL
10476,Aquecedor Eletrônico Branco a Gás 1600D GLP,LORENZETTI
10478,"Adaptador de Pinça 1/4"" X 3mm",Puma
10480,Aquecedor Versátil 127V/5500W Branco Next,LORENZETTI
10501,Argamassa AC2 Flexível Cinza 20kg: o Aliado Perfeito para Seu Projeto,IMAR
10503,Argamassa Interna e Externa ACIII Cinza 20kg,IMAR
10546,Argila Líder 18kg,LIDER
10549,Armário/balcão Branco Suspenso Mônaco em MDF,RORATO
10551,Armário de Banheiro Porta Reversível de Sobrepor Preto 30x37,ASTRA
10552,Armário Plástico de Banheiro de Sobrepor com Porta Reversível 30x37cm,ASTRA
10553,Armário Preto e Branco Suspenso Mônaco em MDF,RORATO
10554,Adaptador M14 para Politriz,Puma
10556,Armário Texturizado com Espelho + Balcão Branco Suspenso Modena,RORATO
10559,Adaptador P/teste do Sistema de Arrefecimento P/veículos VW Até 86,Raven
10560,Arremate PVC Tipo F Castanho 6m,ARAFORROS
10562,Arremate PVC Tipo F Preto 6m,ARAFORROS
10570,Assento de Vaso Sanitário Close PP Boss Branco,INCEPA
10571,Assento Softclose PP Thema Branco,INCEPA
10573,Assento Softclose Universal Polipropileno Branco,INCEPA
10575,Assento Infantil Branco Oval PP,INCEPA
10579,Assento para Vaso Sanitário PP Fit/versato/stylus,LORENZETTI
10584,Assento Sanitário Almofadado Fit Versato TVT/K Preto,ASTRA
10587,Assento Sanitário Almofadado Oval Cinza Claro: Conforto e Estilo em Seu Banheiro,ASTRA
10589,Assento Sanitário Almofadado Thema Biscuit: Conforto e Estilo para Seu Banheiro,ASTRA
10590,Adaptador para Manômetro 700 Bar GA2,Enerpac
10591,Assento Sanitário Almofadado Thema Branco: Conforto e Estilo em Cada Detalhe,ASTRA
10593,Assento Sanitário Almofadado Thema Petro TTHK,ASTRA
10595,Assento Sanitário Almofadado TPK Verde 5,ASTRA
10597,Assento Sanitário Almofadado Convencional Branco: o Toque Final de Conforto e Higiene,ASTRA
10600,Assento Sanitário Almofadado Fit TVTK Branco: Conforto e Qualidade para Seu Banheiro,ASTRA
10602,Assento Sanitário Almofadado Oval 8: Conforto e Elegância para Seu Banheiro,ASTRA
10603,Assento Sanitário Almofadado Oval Calypso Branco 01,ASTRA
10606,Assento Sanitário Almofadado Oval Cinza 1,ASTRA
10607,Assento Sanitário Almofadado Oval Salmão 1,ASTRA
10609,Assento Sanitário Branco Close Oval,ASTRA
10610,Assento Sanitário Gelo Almofadado,ASTRA
10613,Assento Sanitário Oval Almofadado 5,ASTRA
10615,Assento Sanitário Oval Anatômico Branco,ASTRA
10618,Assento Sanitário Pergamon Almofadado Fit,ASTRA
10622,Assento Sanitário Convencional Almofadado TPK Verde 3,ASTRA
10625,Assento Sanitário Preto 01 Oval Almofadado,ASTRA
10629,"Assento Sanitário Elevado com Tampa e Trava 7,5cm",ASTRA
10633,Assento Sanitário PP Close Thema Plus Biscuit,INCEPA
10634,Assento Sanitário Universal Eco PP Biscuit,INCEPA
10638,Assento Sanitário Infantil Branco TPIC/K,ASTRA
10644,Assento Sanitário Oval Almofadado 3 em 1 com Fechamento Suave e Fácil Remoção,ASTRA
10646,Adaptador para Termopar Tipo K -20 a +500 °C 0590 0002,Testo
10647,Assento Sanitário Oval Almofadado Caramelo 1,ASTRA
10648,Assento Sanitário Oval Almofadado TPK Caramelo 2,ASTRA
10651,Assento Sanitário Oval Almofadado TPK Verde 6,ASTRA
10652,Assento Sanitário Redutor Infantil Panda,ASTRA
10655,Adaptador Ponteira 2.5mm X 18mm para Dispensador Peristáltico EQ PU20,Loctite
10656,Adaptador Ponteira 1.6mm X 18mm para Dispensador Peristáltico EQ PU20,Loctite
10659,Adaptador Ponteira 3.2mm X 18mm para Dispensador Peristáltico EQ PU20,Loctite
10662,Azuelejo Ártico Brilhante 32x60cm,INCESA
10663,Azulejo Artico Cetim Acetinado 32x60cm,INCESA
10665,Azulejo Originale Bianco Retificado Acetinado 32x60cm: Elegância e Versatilidade para Seus Ambientes,BIANCOGRES
10667,"Adaptador Rosca Interna 1/4"" SAE 22-A",Tapmatic
10669,"Azulejo Balance Quitan Acetinado 43,2x91cm",CEUSA
10670,Azulejo Originale Nude Retificado Acetinado 32x60cm,BIANCOGRES
10671,Azulejo Tradizionale Beige Brilhante Retificado 32x60 cm,BIANCOGRES
10673,"Azulejo Joaquina Acetinado Branco 43,2X91cm",CEUSA
10676,"Azulejo Joaquina Brilhante 43,2X91cm",CEUSA
10679,Azulejo Ludo Black Acetinado 32x59cm,INCEPA
10680,"Azulejo Sofitel Piramide 2977 43,2x91cm",CEUSA
10681,Azulejo Ins Ludo White Acetinado 32x59cm,INCEPA
10683,Azulejo Plus Seattle White Acetinado 30x60cm,INCEPA
10684,Azulejo Plus White Acetinado 30x60cm,INCEPA
10687,"Azulejo Jazz DGR Matte 33,3x100cm",PORTINARI
10690,"Azulejo Jazz WH Matte 33,3x100cm",PORTINARI
10691,Azulejo Cubic STEEL Cobre Metalizado 30x60cm,ROCA
10694,Azulejo Rig Legno Retificado Acetinado 32x60cm,BIANCOGRES
10695,Azulejo London Trace Gray Acetinado 30x60cm,ROCA
10697,Azulejo Tradizionale Bianco Brilhante Retificado 32x60cm,BIANCOGRES
10705,Bacia Europa Redondo Cimento Decorativo 20x55x55cm,JAPI
10707,Adaptador Universal para Teste do Sistema de Arrefecimento,Raven
10708,Balde Plástico Preto: Resistência e Versatilidade para o Dia a Dia,CORTAG
10711,Balde de Plástico para Obra Preto 12L,VARIADOS
10718,Conheça o Balde Granffino Pedras Naturais Cinza Claro,HYDRONORTH
10719,Conheça o Balde Granffino Pedras Naturais Cinza Escuro,HYDRONORTH
10721,Conheça o Balde Granffino Pedras Naturais Marrocos,HYDRONORTH
10724,Conheça o Balde Granffino Pedras Naturais Palha,HYDRONORTH
10731,Balde Textura Riscada 23kg,EUCATEX
10742,Bandeja em Metal Cobre 24cm,MART
10743,Bandeja em Metal Dourada 24 cm,MART
10746,Banheira Acrilbath Dupla Topline 170x115cm Top Line,OURO FINO
10751,Banheira Hidromassagem Dupla Cristal 170cmx110cm 220V,OURO FINO
10754,Descubra a Experiência Única da Banheira Mavie Imersão 165x69 Branco,OURO FINO
10755,Banheira Cristal com Hidromassagem 150x80cm Branca,OURO FINO
10757,Barra de Apoio Branca em PVC 40cm,ASTRA
10760,Barra de Apoio em Alumínio Cromado de Parede Talita Oca 30cm,METAIS TALITA
10761,Barra de Apoio Preta em PVC 40cm,ASTRA
10763,Barra de Apoio Reta Inox 60cm: Segurança e Estilo em Cada Detalhe,ASTRA
10766,Barra de Apoio Reta Inox 40cm: Segurança e Funcionalidade em Espaços Modernos,ASTRA
10768,Barra de Apoio Reta Inox 70cm: Segurança e Conforto no Seu Dia a Dia,ASTRA
10769,Barra de Apoio Reta Inox 80cm: Segurança e Conforto em Ambientes Funcionais,ASTRA
10771,Barra de Apoio Talita Alumínio 50cm 1.1/4,METAIS TALITA
10773,Barra de Apoio Reta em PVC 60cm Branca,ASTRA
10776,Barra de Apoio Talita Alumínio 80cm 1. 1/4,METAIS TALITA
10778,Barra de Apoio Talita de Alumínio Cromada 45° Graus 60cm,METAIS TALITA
10779,"Barra Metalon Cida 20x20mm 1,20mm 6M",GERAL
10781,"Barra Metalon Cida 20x20cm 0,90mm 6 Metros",GERAL
10835,Base Plástica para Ombrelone Guarda Sol: Estabilidade e Proteção para Seus Momentos ao Ar Livre,MOR
10847,Batedeira Chef SM02 127V Preta,ARNO
10848,Batedor para Argamassa 40cm,CORTAG
10849,Batedeira Chef SM02 127V Vermelha,ARNO
10856,Biodigestor 1.500L Preto,TECNIPAR
10858,Biodigestor 750L Preto,TECNIPAR
10884,Botão Pneumático ABS Cromado,OURO FINO
10891,Braseiro de Embutir 64 55x40cm,REFRACON
10895,Braseiro de Embutir 74 61x18cm,REFRACON
10921,"Aerógrafo com Bico 0,3mm Ação Simples ALFA 4",Arprex
10963,Aguarrás 5L,Itaqua
10964,Agulha Aplicadora 12.7mm Calibre 15 Ambar 50 Peças,Loctite
10965,Agulha Aplicadora 12.7mm Calibre 18 Verde 50 Peças,Loctite
10970,Agulha Aplicadora 12.7mm Calibre 20 Rosa 50 Peças,Loctite
10972,Agulha Aplicadora 12.7mm Calibre 25 Vermelha 50 Peças,Loctite
10973,Agulha Aplicadora 25.4mm Calibre 18 Verde 50 Peças,Loctite
10974,Agulha Aplicadora 38mm Calibre 15 Ambar 50 Peças,Loctite
10977,Agulha Aplicadora 38mm Calibre 18 Verde 50 Peças,Loctite
10978,Agulha Aplicadora 38mm Calibre 20 Rosa 50 Peças,Loctite
10980,Agulha Aplicadora Cônica 30mm Calibre 16 Cinza 50 Peças,Loctite
10982,Agulha Aplicadora Cônica 30mm Calibre 18 Verde 50 Peças,Loctite
10985,Agulha Aplicadora Cônica 30mm Calibre 20 Rosa 50 Peças,Loctite
10987,Agulha Aplicadora Cônica 30mm Calibre 22 Azul 50 Peças,Loctite
10989,Agulha de Fluído DEX 1.8mm para,Devilbiss
10990,Agulha de Fluído FX 1.1MM para,Devilbiss
10996,Agulha Fluido 1.2mm,Devilbiss
11003,Alagardor para Pinos em Aço Rápido Din 9A 12.00mm Canal Reto 1:50 5501,Indaco
11006,Alagardor para Pinos em Aço Rápido Din 9A 4.00mm Canal Reto 1:50 5501,Indaco
11007,Agulhas para Desincrustador Pneumático 3mm X 180mm com 100 Peças,Sigma Tools
11008,Alagardor para Pinos em Aço Rápido Din 9A 10.00mm Canal Reto 1:50 5501,Indaco
11009,Alagardor para Pinos em Aço Rápido Din 9A 5.00mm Canal Reto 1:50 5501,Indaco
11010,Alagardor para Pinos em Aço Rápido Din 9B 10.00mm Canal Helicoidal 1:50 5502,Indaco
11011,Alagardor para Pinos em Aço Rápido Din 9A 6.00mm Canal Reto 1:50 5501,Indaco
11012,Alagardor para Pinos em Aço Rápido Din 9B 5.00mm Canal em Helicoidal 1:50 5502,Indaco
11014,Alagardor para Pinos em Aço Rápido Din 9B 8.00mm Canal Helicoidal 1:50 5502,Indaco
11063,Cabeceira de Calha 30 Moldada Par E/D,ONDAPLUV
11071,Cabeceira P/calha Moldura 25,RAFER
11074,Cabeceira P/calha Moldura 30,RAFER
11107,Cabide Hotels Black Matte,ROCA
11109,Cabide Trend Brushed,LORENZETTI
11112,Cabide de Parede de Banheiro Way Cromado,LORENZETTI
11118,Cabide Preto Loren Loft: Elegância e Funcionalidade para o Seu Banheiro,LORENZETTI
11121,Cabide Simples de Gancho Valle Metais Black,VALLEMETAL
11124,Cabide Simples Soul em Aço Escovado,KROMMA
11127,Cabide Simples Loren Vogue Cromado,LORENZETTI
11130,Cabide Tempo Rg,ROCA
11195,Cachepot 11883 em Cimento Terracota 15cm,MART
11197,Cachepot 12855 em Cimento Terracota com Suporte 13 cm,MART
11198,Cachepot 12870 Rose Cerâmica 10cm,MART
11201,Cachepot 13453 em Cimento Preto 15 cm,MART
11203,Cachepot 13470 em Cimento Preto 14cm,MART
11204,Cachepot Branco Cerâmica 13cm,MART
11205,Cachepot 13502 em Cimento 13x15cm,MART
11206,Cachepot 13480 em Cimento Gato Terracota 10X10cm,MART
11209,Cadeado Haste Longa,PADO
11213,Cadeado Latão 20mm,PADO
11227,Cadeira de Aço Alta Azul Marine Xadrez,MOR
11230,Cadeira de Aço Oliva Alta Verde Xadrez,MOR
11233,Cadeira Poltrona Boa Vista Preta Antares,ANTARES PLASTICOS
11252,Caixa Acoplada para Vaso Sanitário Ecoflush TP Calipso Branca 3/6L,INCEPA
11257,Caixa Acoplada para Vaso Sanitário Ecoflush Thema Branco 3/6L,INCEPA
11260,Caixa Azul para Massa 20L,AFORT
11265,Caixa D'água de Polietileno (Ref 250LTS),FORTLEV
11267,Caixa D'água de Polietileno 750L,FORTLEV
11268,Caixa D'água de Polietileno 1.000L,FORTLEV
11273,Caixa D'água de Polietileno 150 Litros,FORTLEV
11274,Caixa D'água de Polietileno 100L,FORTLEV
11275,Caixa D'água de Polietileno 2.000L,FORTLEV
11278,Caixa D'água de Polietileno 3.000 Litros,FORTLEV
11280,Caixa D'água de Polietileno 310L,FORTLEV
11281,Caixa D'água de Polietileno 500L: Armazenamento Seguro e Eficiente,FORTLEV
11283,Caixa D'água de Polietileno,FORTLEV
11286,Caixa D'água Polietileno 1.500 Litros,FORTLEV
11288,Caixa de Descarga Branca 9Lts - Eficiência e Durabilidade,ASTRA
11295,Caixa de Gordura com Tampa Oculta Invisivel,ASTRA
11335,Caixa de Sobrepor 1 Posto Branco C/suporte 75x75mm,SLEEK
11338,Caixa de Sobrepor 2 Postos Branco C/suporte 75x75mm,SLEEK
11340,Caixa D’água de Polietileno 10.000L,FORTLEV
11349,Caixa para Acoplar Art 50560 Ecoflush 3/6 Litros Branca,INCEPA
11353,Caixa para Acoplar Ecoflush Boss 89570 Branco,INCEPA
11354,"Alavnca Redonda Corrugada 1"" 1800 Metros 105",Costa
11356,Caixa para Vaso Acoplado Ecoflush 3/6 Litros Boss Onix,INCEPA
11360,Álcool Gel 70% 500ml 2558 CLIVÊ,Clive
11361,Álcool Gel 70% 60ml 38661 CLIVÊ,Clive
11363,Álcool Líquido 70% 5 Litros Bombona 40654 CLIVÊ,Clive
11365,Álcool Gel 70% Bombona 5 Litros CLIVÊ,Clive
11388,Cal Hidratada Especial para Pintura 7kg,ICAL
11391,Calafetador Bisnaga Híbrido 400g,SANTA LUZIA
11393,Calço para Telha Ondulada Onda Leve Branco,AFORT
11398,Calha Galvanizada de,RAFER
11399,Calha Galvanizada Moldura 25cm C/6M,RAFER
11412,Cantoneira Externa Fiji 3×20 cm,ATLAS
11486,Calha Galvanizada Moldura 30cm C/6M,RAFER
11503,"Cantoneira Alumínio 3/4"" 3 Metros",NOVO HORIZONTE
11510,Carro de Mão com Pneu e Câmara de Ar 60L,METALOSA
11512,Carro de Mão Metalforte M20,METALOSA
11516,Catela Dobradiça 3.1/2,TOLEMAT
11530,Chapa Galvanizada N26 30cm,RAFER
11531,Chapéu Chinês 304 em Inox 9'',REFRACON
11533,Chapéu Chines Inox 304 5 Polegadas,REFRACON
11545,Churrasqueira Mesclada,REFRACON
11547,Churrasqueira Mini Mesclada,REFRACON
11550,Churrasqueira Pré-moldada Natural,REFRACON
11552,Churrasqueira Pré-moldada Predial 74cm Natural,REFRACON
11554,Churrasqueira Predial Ref:64,REFRACON
11711,Cimento de Alta Resistência CPIII RS 50kg,CSN
11767,Colher para Pedreiro Reta n°8,CORTAG
11774,Coluna para Pia de Banheiro Eros Branca,INCEPA
11780,Coluna para Pia de Banheiro Suspensa Hall Branca,ROCA
11781,Coluna para Pia de Banheiro Suspensa Nexo Branca,ROCA
11784,Coluna para Pia de Banheiro Suspenso Thema Biscuit,INCEPA
11787,Coluna de Mármore Sintético para Tanque Gelo,RORATO
11790,Coluna Marmore Sintetico para Tanque Preto,RORATO
11849,Conjunto de Fixação para Bacia Cromado,INCEPA
11861,Conjunto Vaso e Prato Match 45 Cimento Queimado,JAPI
11879,Copo 13659 em Cimento 10cm Porta Objetos,MART
11882,Copo em Cerâmica Porta Objetos 8cm,MART
11899,Corda Multiuso 6mmx10m: Resistência e Versatilidade para o Dia a Dia,CORTAG
11901,"Corda Multiuso – 6,0 mm X 20 m",CORTAG
11924,Cotovelo de 45° em Latão N14 15mm,FORUSI
11925,Cotovelo de 45° em Latão N14 22mm,FORUSI
11931,Cotovelo de 90° em Latão N10 15x1/2,FORUSI
11933,Cotovelo de 90° em Latão N10 22x3/4,FORUSI
11935,Cotovelo de 90° em Latão N12 15mm,FORUSI
11937,Cozinha Compacta Amanda 4 Peças em Branco e Preto,ITATIAIA
11947,Cuba Apoio Branca 50x36cm,INCEPA
11953,Cuba Apoio P4 Branco,INCEPA
11972,Cuba de Apoio Boss de Louça 45x39cm Branca,INCEPA
11973,Cuba de Apoio Quadrada Loft Q5 Branca 35cm,INCEPA
11975,Cuba de Apoio Redonda Basic R1 Branca 35cm,INCEPA
11977,"Cuba de Apoio Retangular com Mesa 60x 41,5cm Branca",INCEPA
11978,"Cuba de Apoio Oval 54x37,5cm Ruy Ohtak Stone",ROCA
11982,Cuba de Apoio T2 Branca: Elegância e Praticidade para o Seu Banheiro,ROCA
11983,"Cuba de Apoio Redonda Branca 37x37x12,5cm",ROCA
11986,"Cuba de Apoio Redonda sem Mesa Platinum Branco 42,5x42,5Cm",INCEPA
11988,Cuba de Apoio T6: Sofisticação e Qualidade para o Seu Banheiro,ROCA
11990,Cuba de Apoio Retangular Branco Matte 45x42cm P6 Platinum,INCEPA
11991,Conheça a Cuba de Apoio Retangular Branca 80x42cm,ROCA
11993,Cuba de Apoio Retangular Platinum P7 Branca 51x36cm,INCEPA
11996,Cuba de Apoio Retangular Preto ONIX 45x42cm P6 Platinum,INCEPA
11997,Cuba de Apoio Óptica Branco 35cm,ROCA
11999,Cuba de Apoio Redonda Óptica Branca 35cm,ROCA
12002,Cuba de Apoio T1: Sofisticação e Durabilidade em Um Único Produto,ROCA
12003,Cuba de Apoio T3: Beleza e Resistência para o Seu Banheiro,ROCA
12006,Cuba de Apoio T4: Sofisticação e Inovação em Todos os Detalhes,ROCA
12007,Cuba de Apoio T5: a Escolha Perfeita para Um Banheiro Moderno e Durável,ROCA
12011,"Cuba de Apoio T7: Sofisticação, Durabilidade e Inovação",ROCA
12012,Cuba de Apoio T8: Elegância e Inovação para o Seu Banheiro,ROCA
12014,Cuba de Apoio T9 Branca 40x40Cm,ROCA
12046,Cuba de Semiencaixe 40X40 cm T10 Branca: a Perfeição em Design e Funcionalidade,ROCA
12050,Cuba de Sobrepor/embutir Óptica PQ41 41X41cm Branca,ROCA
12063,Cuba de Vidro Canoa 2382 50x27 12mm Incolor,BERGAN
12066,Cuba Champagne Apoio Platinum com Mesa P6 45x42cm,INCEPA
12067,Cuba Apoio cm P6 45X42cm,INCEPA
12071,Cuba Oval de Apoio Ruy Ohtak Branca,ROCA
12074,Cuba Redonda de Apoio Ruy Ohtak Branco 35cm,ROCA
12076,Cuba Sobrepor/embutir 330x330mm Optica PQ33 Branco,ROCA
12078,Descubra a Cuba Thema para Banheiro de Apoio Louça Retangular 50x36cm Preta,INCEPA
12111,Cumeeira Colonial Marfim Articulada Inferior PVC,PRECON
12113,Cumeeira Colonial Marfim Articulada Superior PVC,PRECON
12116,Cumeeira Espigão Articulado Colonial Cerâmica Inferior,PRECON
12119,Cumeeira Espigão Articulado Colonial Cerâmica Superior,PRECON
12120,Cumeeira Espigão Articulado Colonial Marfim Inferior,PRECON
12121,Cumeeira Espigão Articulado Colonial Marfim Superior,PRECON
12123,Cumeeira Lateral Lisa Cerâmica,PRECONVC
12126,Cumeeira PVC Central Articulada Coluna Inferior 23015016 88cm,PRECONVC
12127,Cumeeira PVC Central Articulada Coluna Superior 23015015 88cm,PRECONVC
12129,Cumeeira PVC Central Plan Cerâmica 23015091 56x88cm,PRECONVC
12132,Cumeeira PVC Triangular Marfim,PRECONVC
12135,Cumeeira Triangular Colonial Cerâmica,PRECON
12244,Curva de Transposição em Latão 15mm,FORUSI
12254,Curva Inox 45° 304 5 Polegadas,REFRACON
12258,Curva Inox 45° 304 9 Polegadas,REFRACON
12393,Distanciador Circular Universar EC/20 Verde 51X20mm Unidade,ASTRA
12396,Dobradiça de Aço 3 1/2 Flo,TOLEMAT
12398,Dobradiça de Ferro Oxidado 3.1/2 X 2.3/8,PAGE
12399,Dobradiça de Aço 3.1/2mm Cromado,TOLEMAT
12401,Dobradiça de Aço 3mm Flo,TOLEMAT
12491,Distanciador Tipo Pino/torre E10/1520 10X15X20mm Unidade,ASTRA
12609,Duto 25x25x50 Natural,REFRACON
12612,Duto Revestido Corte Natural 30×30×40 para Churrasqueira,REFRACON
12613,Duto Revestido Mesclado 30x30x40cm,REFRACON
12614,Duto Revestido Mesclado 25x25x40cm,REFRACON
12617,Duto Revestido Natural 25x25x40cm,REFRACON
12618,Duto Revestido Natural 30x30x40cm,REFRACON
12621,Elemento Filtrante para Filtro de Entrada,FORTLEV
12622,Elemento Filtrante Blindado,ACQUABIOS
12665,Emenda para Forro PVC Tipo H 6m Branco,FORTLEV
12738,Esmalte Brilhante Peg Pinte Marrom Conhaque,EUCATEX
12741,"Esmalte Brilhante Peg Pinte Tabaco 3,6L",EUCATEX
12793,Espaçador Slim 1mm Pacote com 100 Peças Azul,CORTAG
12795,Espaçador Juntapiso 4mm 100 Unidades: Precisão e Qualidade para Seu Projeto,CORTAG
12797,Espaçador Juntapiso 5mm 100 Unidades: Precisão e Eficiência no Assentamento,CORTAG
12800,"Espaçador Juntapiso 1,5mm 100 Unidades: Precisão e Eficiência no Assentamento de Revestimentos",CORTAG
12801,Espaçador Juntapiso 1mm 100 Unidades: a Solução Ideal para Assentamento de Pisos,CORTAG
12803,Espaçador Juntapiso 3mm 100 Unidades: Solução Ideal para Instalação de Pisos,CORTAG
12805,Espaçador Juntapiso Polipropileno 2mm: Perfeição no Alinhamento de Pisos e Revestimentos,CORTAG
12807,Espaçador Nivela Piso Cunha Slim Granel Pacote com 1000 un,CORTAG
12811,"Espaçador Nivela Piso Slim 1,5 mm Granel Pacote com 1000 un",CORTAG
12812,Espaçador Nivela Piso Slim 2 mm Granel Pacote com 1000 un,CORTAG
12814,"Espaçador Nivela Piso Smart 1,5MM Pacote com 100 Unidades",CORTAG
12816,Espaçador Nivela Piso Smart 2mm 100 Unidades: Precisão e Agilidade no Assentamento de Pisos,CORTAG
12817,Espaçador Nivela Piso Smart 1MM Pacote com 100 Unidades,CORTAG
12820,Espaçador Nivelador Slim 2mm 100 un,CORTAG
12821,"Espaçador Smart 1,5 mm - Granel 500 un",CORTAG
12822,"Espaçador Smart 2,0 mm - Granel 500 un",CORTAG
12845,Espelho 11730 em Metal Preto 98cm,MART
12847,Esponja Multiuso: Versatilidade e Eficiência para Qualquer Tipo de Limpeza,CORTAG
12849,Espreguiçadeira Pitangui Antares Branca,ANTARES PLASTICOS
12886,Fechadura Berlin Externa Cromada M80,HAGA
12888,Fechadura Brava Antique Banheiro Espelho 280,HAGA
12890,Fechadura Brava Antique Interna Espelho 280,HAGA
12893,Fechadura Brava - Banheiro - Roseta Cromado 40 mm,HAGA
12894,Fechadura Brava Externa Cromada Cilindro 121,HAGA
12896,Fechadura Brava Interna Cromada Roseta 527,HAGA
12897,Fechadura Brava Externa Espelho 280 Prata,HAGA
12900,Fechadura Brava Interna Espelho 280 Prata,HAGA
12901,Fechadura Brava – Espelho 280 – Banheiro 40mm,HAGA
12905,Fechadura Click Oxidada Interna,HAGA
12906,Fechadura Click para Banheiro,HAGA
12908,Fechadura Digital de Embutir TFCS01 Preto Fosco,Taschibra
12911,Fechadura Click Externa,HAGA
12913,Fechadura Externa Mari Cromada 40mm,PADO
12914,Fechadura Quadra Interna Cromado,HAGA
12917,Conheça a Fechadura Pratika Externa,HAGA
12919,Fechadura Quadra Roseta Aço Inox e Alumínio,HAGA
12922,Fechadura Quadra Roseta Externa,HAGA
12923,Fechadura Interna Click Cromada Espelho 280,HAGA
12924,Fechadura Interna Mari Cromada 40mm,PADO
12925,Fechadura para Portão de Sobrepor 332,HAGA
12927,Fechadura Nápole Bico de Papagaio Fume 2606,HAGA
12929,Fechadura Pratika Oxi Interno,HAGA
12932,Fechadura Pratika Oxi para Banheiro,HAGA
12934,Fechadura Tek Cromada P/banheiro Espelho 282,HAGA
12937,Fechadura Tek Externa,HAGA
12939,Fechadura Tek Interna,HAGA
12940,"Filete Alufit Nº1 Ouro Polido em Aluminio 9,5x300cm",MOZAIK
12943,"Filete Alufit Nº1 Prata Brilhante em Aluminio 9,5x300cm",MOZAIK
12945,"Filete Alufit Nº1 Preto Polido em Aluminio 9,5x300cm",MOZAIK
12947,"Filete Alufit Nº1 Preto Matte em Aluminio 9,5x300cm",MOZAIK
12949,"Filete Alufit Nº1 Rose em Aluminio 9,5x300cm",MOZAIK
12951,"Filete Alufit Nº1 Rose Matte em Aluminio 9,5x300cm",MOZAIK
12952,"Filete J em Aço Inox Polido 0,5x120cm",MOZAIK
12954,Filete J Inox Preto Brilhante 5x11x120cm,MOZAIK
12957,"Filete l Inox Polido 1,5x120cm",MOZAIK
12959,"Filete P Aço Inox Escovado 1,25x120cm",MOZAIK
12961,"Filete P Aço Inox Polido FIP12010 12,5x120cm",MOZAIK
12963,"Filete P Preto em Aço Inox 1,25x120cm",MOZAIK
12965,Filete PP1 Ouro Matte em Aço Inox 1x120cm,MOZAIK
12967,Filete PP1 Ouro Polido em Aço Inox 10x120cm,MOZAIK
12969,Filete PP1 Polido em Aço Inox 10x1200mm,MOZAIK
12972,Filete v Inox Microtexturizado 12x12x120 cm,MOZAIK
12974,Filete PP1 Preto em Aço Inox 10x1200mm,MOZAIK
12975,Filtro Acqua 230 Branco,ACQUABIOS
12976,Filtro 200 Branco,ACQUABIOS
12983,Filtro para Caixa D'água,FORTLEV
12984,Filtro para Piscina 2200L/H 220V,MOR.
12991,Fita Acrílica 45mmx50m Transparente,CORTAG
13036,Fixação para Vaso e Mictório 10x90mm,CENSI
13038,Fixa Tudo Branco 400g,UNIPEGA
13039,Conheça o Fixa Cuba Cartuho 280ML Branco,UNIPEGA
13043,Fixador de Cal Sachê,JUNTALIDER
13048,"Forro PVC 200x8,0mm 4 Metros Branco",FORTLEV
13049,"Forro PVC 200x8,0mm 6 Metros Branco",FORTLEV
13051,Fossa Séptica 1.500 l de Esgoto por Dia,FORTLEV
13068,Gabarito Angular Multifunção,CORTAG
13073,"Gabinete de Cozinha Tóquio Off White 116,2cm",RORATO
13074,"Gabinete Toquio 116,2cm Preto",RORATO
13077,Gabinete Toquio 116cm Branco,RORATO
13079,Gabinete para Cozinha Tóquio Cerejeira,RORATO
13081,Aguarraz 5 Litros,Farben
13082,Thinner 5 Litros,Farben
13089,Gancho de Rede Preto - 1 Unidade,TOLEMAT
13093,Galão Thinner Acabamento 7000 5 l,Farben
13097,Gaveta Gourmet Inox Vidro Jateado 74,REFRACON
13102,"Grelha Aço Galvanizado 15x50cm C/caixilho 1,5mm",RONCONI
13106,"Grelha Aço Galvanizado 20x100cm C/caixilho 1,5mm",RONCONI
13108,"Grelha Aço Galvanizado 20x50cm C/caixilho 1,5mm",RONCONI
13109,"Grelha Aço Galvanizado 20x20cm C/caixilho 1,5mm",RONCONI
13111,Grelha 1118-A 304 com Caixilho 10x10cm,DINOX
13123,Grelha Hidráulica Redonda Inox 15CM 123 sem Caixilho,MOLDENOX
13182,Isolante Térmico em Polietileno 15mm C/2M,FORUSI
13183,Isolante Térmico em Polietileno 22mm C/2M,FORUSI
13186,Isolante Térmico em Polietileno 28mm C/2M,FORUSI
13189,Isolante Térmico em Polietileno 35mm C/2M,FORUSI
13200,Janela de Correr em Alumínio Duas Folhas Móveis 100x150cm,MGM
13203,Janela de Correr em Alumínio 100x100cm,MGM
13491,Jogo de Panelas Clove 5 Peças Antiaderente com Tampa em Vidro,BRINOX
13493,Jogo de Panelas Garlic 7 Peças Antiaderente Vermelho com Tampa em Vidro,BRINOX
13559,Junção de Esgoto de Redução 100x75m,AMANCO
13570,Junta de Dilatação 17x3mm C/2 MTS,CORTAG
13576,Kit 3 Nichos Decorare Branco,PRAT-K
13578,Kit 3 Nichos Decorare Preto,PRAT-K
13592,"Kit de Bacia Convencional, Assento Termofixo e Itens de Instalação Nexo Beige",ROCA
13593,"Kit Bacia Convencional, Assento Termofixo Softclose e Itens de Instalação Matte Black",INCEPA
13595,Kit Banheiro Acessório 5 Peças 9020 Stander Quadra Talita,METAIS TALITA
13603,"Kit Banheiro Suspenso Branco 55,4cm",RORATO
13606,"Kit Banheiro Suspenso Gianduia 55,4cm",RORATO
13608,"Kit Bergamo Suspenso 63,5cm Branco",RORATO
13609,Kit Boss com Caixa Acoplada Bacia e Assento Branco Matte,INCEPA
13610,"Kit Banheiro Suspenso Nogal 55,4cm",RORATO
13626,Kit Instalação Telha para Telha Colonial Cerâmica 3 1/2,PRECON
13652,Kit Debba com Caixa Acoplada e Assento Branco Brilhante,ROCA
13654,Kit de Vedação 20 Peças para Telha de PVC Cerâmica,PRECONVC
13657,Kit Descarga/mecanismo Completo para Caixa Acoplada Pop Flux & Pneumático,CENSI
13658,Kit Descarga/mecanismo Completo para Caixa Acoplada Pop Flux & Dual Flush,CENSI
13663,Kit Gabinete de Banheiro Treviso com Pia 63cm,RORATO
13666,Kit Giratório para Churrasqueira com 04 Espetos em Aço Inox 430,REFRACON
13668,Kit Giratório para Churrasqueira com 05 Espetos em Aço Inox 430,REFRACON
13669,"Kit Bacia com Caixa, Assento Termofixo com Queda Amortecida Boss Matte Black – Sofisticação e Conforto para Banheiros Modernos",INCEPA
13673,Conheça o Kit Boss Vaso Sanitário Convencional com Assento Sanitário Branco,INCEPA
13674,Conheça o Kit Bacia Convencional e Assento Termofixo Boss,INCEPA
13675,Kit C/vaso e Caixa Acoplada Boss Stone,INCEPA
13677,"Kit Modena Armário Suspenso Nogal 2 Gavetas 59,5cm",RORATO
13682,Kit para Instalação de Aquecedor a Gás,CENSI
13685,Kit Porta com Batente Neblina 215cm X 85cm - Mogno,MGM
13688,Kit Porta de Madeira Direita e Batente Neblina Mogno 217x75cm,MGM
13690,Kit Porta de Madeira Esquerda e Batente Neblina Mogno 217x65cm,MGM
13692,Porta Neblina Mogno 217x75cm Esquerda: Estilo e Qualidade para Seu Espaço,MGM
13694,Conheça o Kit Completo 3 1/2 Cerâmico com 10 Unidades,PRECON
13696,Conheça o Kit para Vedação e Fixação de Telhas,PRECON
13698,Kit Nexo Bacia Convencional + Assento + Kit Instalação Branco,ROCA
13700,Kit com Caixa Acoplada e Assento Nexo Branco,ROCA
13702,Kit Amelia Lavanderia com Tanque Gelo,RORATO
13703,"Kit Bergamo Suspenso 63,5cm Nogal",RORATO
13706,Kit Lavanderia Amelia com Tanque 110x55 cm Gelo,RORATO
13708,Kit Lavanderia Amelia com Tanque 110x55cm Preto,RORATO
13709,"Kit Napole Suspenso 59,5cm Branco",RORATO
13710,"Kit Lavanderia Amelia com Tanque 61,5x61 Preto",RORATO
13714,"Kit Napole Suspenso 59,5cm Nogal",RORATO
13716,"Kit Napole Suspenso 59,5x58,5x29cm Preto",RORATO
13717,Kit Siena Suspenso 39cm Branco,RORATO
13720,"Kit Siena Suspenso 55,5 cm Preto",RORATO
13721,Kit Siena Suspenso 39cm Preto,RORATO
13725,"Kit Turim Suspenso 55,5cm Branco",RORATO
13726,Kit Trevisa C/espelheira e Pia Mármore Gianduia Quinto 63cm,RORATO
13727,"Kit Siena Suspenso 55,5cm Branco",RORATO
13730,"Kit Turim Suspenso 55,5cm Nogal",RORATO
13733,Kit Thema Bacia Convencional + Itens de Instalação Preto – Qualidade e Estilo para Seu Banheiro,INCEPA
13734,Kit Bacia Convencional + Itens de Instalação Thema: Eficiência e Praticidade,INCEPA
13740,Kit Vaso Sanitário com Caixa Acoplada + Assento Boss,INCEPA
13743,Kit Vaso Sanitário com Caixa Acoplada Debba Square e Acessórios,ROCA
13748,Kit Vaso Sanitário Thema Branca Brilhante Completo para Instalação,INCEPA
13752,Kit Vedação e Fixação para Caixa Acoplada,CENSI
13769,Conheça o Lápis Carpinteiro,CORTAG
13774,Conheça a Lata Aguarraz,Farben
13775,Conheça a Lata Querosene,Farben
13777,Lata Thinner 5000 900ml – Desempenho Superior em Diluição e Limpeza,Farben
13778,Conheça a Lata Thinner 7000,Farben
13782,Latão Acrílica Peg e Pinte Neve 18L,EUCATEX
13794,Lavatório Plástico Branco 36x26cm,ASTRA
13800,Leito de Secagem (FORTLEV),FORTLEV
13802,Leito de Secagem para Biodigestor,ACQUALIMP
13804,Leito de Secagem (TECNIPAR),TECNIPAR
13816,Conheça a Linha Trançada para Pedreiro 100M,CORTAG
13819,Linha Trançada para Pedreiro 50 m – Precisão e Confiabilidade nas Suas Obras,CORTAG
13874,"Lixeira Inox com Aro 3,2L",BRINOX
13877,Lixeira Inox Cromado com Pedal e Balde Ágata 30L,MOR
13886,Lona Leve Azul 3x2m,AQUATOOLS
13895,Alinhador de Correia Laser TKBA 21,Skf
13896,Alimentador de Arame Mig para Fabricator 500I FEED 364,Esab
13900,Alinhador de Polia Laser TKBA 11,Skf
13902,Alinhador de Polia Laser TKBA 40,Skf
13903,Alinhador Laser para Eixos Display LCD TKSA 31,Skf
13905,Alisadora de Concreto 6.5HP 4A 900mm 3600RPM Gasolina (desmontado),Toyama
13912,Almotolia Metálica de 300ml com Bico Flexível,Sparta
13928,Almotólia para Oléo 500ml com Bico Rigido 2500,Bozza
13930,Almotólia para Oléo 750ml com Bico Rigido e Flexivel,Jactoil
13936,Almotolia Plástica de 500ml Transparente 0005 GG,Gg
13937,Almotolia Plástica de 250ml Transparente 0004 GG,Gg
13940,Amortecedor Calço P 700KG 100x100x25MM,Vibrastop
13942,"Amortecedor de Vibração 3/8""",Vibrastop
13943,Amortecedor Nivelador de Vibração Tradicional Intermediário 5/8'',Vibrastop
13948,Analisador de Gases de Combustão 310 II,Testo
13986,Anel Capa Ar (Ref MBC-368),Devilbiss
13988,Anel Capa Ar (Ref SGK-0023),Devilbiss
13994,"Anel de Ancoragem 0,60cm com Olhal CG 1985",Carbografite
13996,"Anel de Ancoragem 0,60cm com Proteção CG 1983",Carbografite
13998,"Anel de Ancoragem 0,60cm sem Proteção CG 1983",Carbografite
13999,"Anel de Ancoragem 0,80cm com Olhal CG 1985",Carbografite
14001,"Anel de Ancoragem 0,80cm com Proteção CG 1983",Carbografite
14003,"Anel de Ancoragem 0,80cm sem Proteção CG 1983",Carbografite
14006,"Anel de Ancoragem 1,20cm com Proteção CG 1983",Carbografite
14008,"Anel de Ancoragem 1,20cm com Olhal CG 1985",Carbografite
14009,"Anel de Ancoragem 1,20cm sem Proteção CG 1983",Carbografite
14011,"Anel de Ancoragem 1,50cm com Olhal CG 1985",Carbografite
14013,"Anel de Ancoragem 1,50cm com Proteção CG 1983",Carbografite
14015,"Anel de Ancoragem 1,50cm sem Proteção CG 1983",Carbografite
14017,"Anel de Ancoragem 2,00cm com Olhal CG 1985",Carbografite
14018,"Anel de Ancoragem 2,00cm com Proteção CG 1983",Carbografite
14022,"Anel de Ancoragem 2,00cm sem Proteção CG 1983",Carbografite
14052,Luva em Latão N1 15mm,FORUSI
14053,Luva em Latão N12 22mm,FORUSI
14056,Luva em Latão N1 28mm,FORUSI
14105,Anel Trava Interno 62x2,Ati Brasil
14109,Anemômetro de Molinete com Hélice Portátil -10 a +50 °C,Testo
14114,Anemômetro de Molinete Portátil com Hélice -10 a +50 °C,Testo
14125,Anemômetro Digital de Molinete Telescópio -20 a +50 °C 416,Testo
14128,Anemômetro Digital Portátil 100mm -20 a +50 °C com Hélice 417,Testo
14130,Anemômetro Digital Portátil 16mm -10 a +50 °C com Hélice 416,Testo
14132,Anemômetro Molinete com Bluetooth -20 a +60 °C 410i,Testo
14146,Anti Respingo 1 Litro Biodegradavel,Carbografite
14156,Anti Respingo 20 Litros Biodegradável,Walter Abrasivos
14158,"Anti Respingo 20 Litros Biodegradavel (Ref 53W217, Walter Abrasivos)",Walter Abrasivos
14164,Anti Respingo 20 Litros e,Walter Abrasivos
14170,Anti Respingo 5 Litros Biodegradavel,Walter Abrasivos
14171,Anti Respingo 50 Litros Biodegradavel (Ref 10216210),Carbografite
14172,Anti Respingo com Borrifador 500ml Off Spatter,Carbografite
14175,Anti Respingo 50 Litros Biodegradavel (Ref 10493410),Carbografite
14181,Máquina de Assentar Piso: Agilidade e Precisão com a,CORTAG
14188,Anti Respingo Ecológico 20 Litros,Carbografite
14189,Anti Respingo em Gel Lata 200gr e,Walter Abrasivos
14194,Antirrespingo a Base de Água 500ml ALLSTEEL,Walter Abrasivos
14199,"Aparador Cerca 24"" 1.0CV 23CC Gasolina HS 82R",Stihl
14201,Massa Acrílica 25kg,EUCATEX
14202,"Massa Acrílica Galão 5,8kg",EUCATEX
14221,Aplicador 55ml HYSOL,Loctite
14224,Massa Niveladora Branca 90 Gramas,SANTA LUZIA
14226,Aplicador de Detergente,Karcher
14227,Aplicador de Detergente Snow Foam 1000ML para HD e HDS 6.394-668.0,Karcher
14231,Aplicador de Detergente Snow Foam 300ml 9.302-054.0,Karcher
14232,Aplicador de Detergente Snow Foam M22 1000 ml 9.313-174.0,Karcher
14234,Aplicador de Detergente Snow Foam TR Advanced 3 1000ML 4.112-065.0,Karcher
14237,Massa Plástica Branca 400g,MASSAFIX
14241,Massa Plástica Cinza 400g,MASSAFIX
14243,Maxi Aquecedor Ultra Elétrico,LORENZETTI
14244,Massa Plástica Preta 400 g,MASSAFIX
14245,Aplicador Manual,Ancora
14249,Mecanismo de Entrada para Caixa Acoplada Master Flux,CENSI
14250,Aplicador Manual Cartucho Duplo 50ml,Loctite
14251,Mecanismo de Saída para Caixa Acoplada Pneumático,CENSI
14255,Aplicador para Anti Respingo E- NOZZIE 53L121 E- NOZZLE,Walter Abrasivos
14256,Aplicador Manual Peristáltico,Loctite
14257,Mesa Desmontável Redonda Mariana Antares Branca,ANTARES PLASTICOS
14261,Mesa Plástica Bela Vista Branca 70x70cm,MOR
14267,"Minibomba de Circulação TP40 G4 127V - Potência, Versatilidade e Conforto para Sua Rede Hidráulica",KOMECO
14272,Aquecedor de Indução para Rolamentos TIH,Skf
14273,Apontador para Lápis Carpinteiro,Irwin
14276,Aquecedor Indutivo para Rolamentos TIH,Skf
14279,Misturador Monocomando de Mesa para Lavatório Bica Alta Ona Preto Matte,ROCA
14282,Misturador Monocomando de Mesa para Lavatório Bica Alta Ona Cromado,ROCA
14283,Aquecedor Indutivo para Rolamentos TWIM,Skf
14284,Misturador Monocomando de Mesa para Lavatório Bica Alta Ona Rose,ROCA
14286,Misturador Monocomando de Mesa para Lavatório Bica Baixa Ona Cromado,ROCA
14287,Misturador Monocomando de Mesa para Lavatório Bica Baixa Ona Rose,ROCA
14288,Arame Farpado Gir 500 Metros,Gerdau
14289,Misturador Monocomando de Mesa para Lavatório Bica Baixa Ona Preto Matte,ROCA
14290,Arame Galvanizado 10 Metros Bitola 18,Fixtil
14291,Arame Galvanizado 5 Metros Bitola 16,Fixtil
14295,Arame MIG 1mm 18KG,Gerdau
14296,Misturador Monocomando Lavatório de Mesa para Cuba de Apoio – 2877 C72,LORENZETTI
14297,"Arame Mig Arco Submerso 2,4mm 30kg EM12K OK AUTROD 12.20",Esab
14299,Arame Mig de Aço Carbono 2.4mm 30Kg OK AUTROD 12.10,Esab
14300,"Arame Mig Sólido 0,8mm 15kg",Gerdau
14303,Arame Mig Sólido 0.8mm 5kg,Lynus
14305,Misturador Monofuro Gourmet Cromado 067 C100,METAIS TALITA
14306,"Arame MIG Sólido 0,8mm com 5Kg Aço ER70S-6 722623 OK AUTROD 12.51",Esab
14308,"Arame Mig Sólido 0,9mm 18kg",Gerdau
14309,Arame Mig Solido 1.0 mm 18Kg,Esab
14311,"Arame MIG Sólido 1,00mm com 18Kg Aço ER70S-6 OK AUTROD 12.51",Esab
14312,Módulo Campainha Cigarra 127v,SLEEK
14313,Arame Mig Sólido 1.2mm 18Kg Baixa Liga OK ARISTOROD 13.26,Esab
14314,Modulo Cego Preto Ebony Clean,SLEEK
14315,"Arame Mig Sólido 1,2mm 18Kg ER70S-6 OK AUTROD 12.51",Esab
14316,"Arame Mig Sólido 1,2mm 18kg",Gerdau
14317,Módulo Cego com 2 Unidades 1604,SLEEK
14318,Módulo Dimmer Rotativo de Potência Branco,SLEEK
14319,"Arame MIG Sólido ER-CU Cobre Puro 1,2mm (BOB 15kg) CUPRO 98",Tecbras
14322,Arame MIG Sólido ER70S-6 1.0mm Bobina 15Kg S6,Esab
14327,Módulo Luz Emergência Bivolt 3 Leds,SLEEK
14328,"Arame MIG Sólido ER70S-6 Aço 1,00mm (bobina 18kg) WEST ARCO 70S6",Esab
14330,Módulo P/churrasqueira Predial Natural 64x25cm,REFRACON
14331,"Arame MIG Sólido ER70S-6 Aço 1,20mm Bobina 18kg WEST ARCO 70S6",Esab
14332,Módulo P/churrasqueira Predial Natural 74x25cm,REFRACON
14337,Modulo Pulsador Minuteria,SLEEK
14340,"Arame Mig Sólido Inox ER309L 1,20mm 15Kg OK AUTROD 309L",Esab
14341,"Arame Mig Sólido Inox ER309LSI 1,2mm 15Kg OK AUTROD",Esab
14342,"Arame Mig Sólido sem Gás 0,8mm 1kg",Noll
14345,Arame MIG Tubular 0.8mm Aço Bobina com 4.5Kg CORESHIELD 15,Esab
14346,Arame Mig Tubular 1.2mm 16Kg Baixa Liga OK TUBROD 81 NI1 ULTRA,Esab
14349,Arame MIG Tubular 1.20mm 15Kg 749486 OK TUBROD 71,Esab
14351,Arame MIG Tubular 1.2mm Aço rolo com 16Kg DUAL SHIELD 7100 LH,Esab
14352,"Arame Mig Tubular 1,2mm 16kg OK TUBROD 71 ULTRA",Esab
14355,Arame MIG Tubular 1.2mm Inox Bobina com 12.5Kg SHIELD-BRIGHT 309L,Esab
14357,Arame MIG Tubular 1.6mm Inox Bobina com 12.5Kg SHIELD-BRIGHT 309L,Esab
14359,Arame Mig Tubular Aço Inox 1.2mm 12.5Kg SHIELD-BRIGHT 316,Esab
14364,Nicho Kids Duplo Branco 56x28x20cm,PRAT-K
14366,Nicho Kids em MDP Branco 28x28x20cm,PRAT-K
14368,Nicho Kids Triplo Branco 80x28x20cm,PRAT-K
14372,Niple Duplo em Latão N127 3/4'',FORUSI
14374,Niple Duplo em Latão N.127 1/2,FORUSI
14399,Nivela Piso Cunha Slim com 100 Peças,CORTAG
14400,"Nivela Piso Slim 1,5mm Pacote com 100 Peças Vermelho",CORTAG
14402,Nivelador de Piso Smart 60694 - 50 Unidades,CORTAG
14404,Niveladores de Rosca para Piso 50 Unidades,NIVELMAX
14405,Número Residencial 0 15cm,DECORE
14406,Número Residencial 1 15cm,DECORE
14409,Número Residencial 1 20cm,DECORE
14412,Número Residencial 2 15cm,DECORE
14414,Número Residencial 2 20cm,DECORE
14415,Número Residencial 3 15cm,DECORE
14417,Número Residencial 4 15cm,DECORE
14419,Número Residencial 4 20cm,DECORE
14422,Número Residencial 5 15cm,DECORE
14424,Número Residencial 6 15cm,DECORE
14426,Número Residencial 6 20cm,DECORE
14427,Número Residencial 7 15cm,DECORE
14431,Número Residencial 7 20cm,DECORE
14433,Número Residencial 9 15cm,DECORE
14434,Número Residencial 8 15cm,DECORE
14444,Painel Flat - 18W - Deluxe By,AVANT
14451,Papel de Parede Vinílico Classic 2,EVOLUX
14455,Papel de Parede Vinílico Tijolos,EVOLUX
14458,Armário Compacto para Ferramentas com 2 Portas 3 Prateleiras e 3 Gavetas (Ref AM-75),Marcon
14460,Armário Compacto para Ferramentas com 2 Portas 3 Prateleiras e 3 Gavetas (Ref AM-76),Marcon
14461,Papeleira com Tampa Talita Stander,METAIS TALITA
14462,Armário Compacto para Ferramentas com 2 Portas e 2 Prateleiras,Marcon
14463,Armário Compacto para Ferramentas com 2 Portas Visores de Vidro e 2 Prateleiras,Marcon
14466,Armário Corta Fogo 1000X1000X450MM Vermelho para Líquidos Inflamáveis,Tekin
14467,Armário Corta Fogo 2000X1000X450MM Vermelho para Líquidos Inflamáveis,Tekin
14472,Armário de Parede para Ferramentas AR-5,Marcon
14477,Armário de Parede para Ferramentas com 2 Portas,Marcon
14478,Armário de Parede para Ferramentas com 3 Gavetas NA-1,Nocram
14479,Armário de Parede para Ferramentas com 3 Prateleiras 650x230x980mm NA-3,Nocram
14480,Papeleira Loft 2020 Rose,LORENZETTI
14481,Papeleira Loren Loft Preto,LORENZETTI
14482,Armário de Parede para Ferramentas com Persiana de PVC AM-6,Marcon
14483,Armário de Parede para Ferramentas com Chapa Perfurada e Porta de Vidro,Marcon
14484,Papeleira Loren Vogue Cromada,LORENZETTI
14485,Papeleira de Parede de Banheiro Way 2020 C30 Cromado,LORENZETTI
14487,Armário de Parede para Ferramentas Multiuso AR-2,Marcon
14488,Armário de Parede para Ferramentas Painel Perfurado AM-9,Marcon
14489,Papeleira Tempo,ROCA
14491,Papeleira Tempo Titanium Black,ROCA
14496,Armário Multiuso 8 Portas Quadruplo,Nilko
14500,Armário Multiuso de 2 Portas,Nilko
14501,Armário para Componente Porta com Visor + 66 Caixas Numero 3,Marcon
14514,Armário para Ferramentas 5 Bandejas e Visor de Vidro,Marcon
14546,Pé de Cabra Liso,SÃO ROMÃO
14558,Armário para Ferramentas com 2 Portas 1 Prateleira em Aço,Fercar
14563,Peneira Aro Plástico: a Solução Ideal para Areia e Arroz,COMEP
14569,Perfil de Transição Dzero Inox Escovado,MOZAIK
14571,Perfil Plastilon Novaforma 6M 20x30cm,NOVII
14573,"Conheça o Perfil Redutor Eucaflor Tecno Nº10 1,80m",EUCAFLOOR
14576,"Conheça o Perfil T Eucaflor Tecno Nº10 3,7x180cm",EUCAFLOOR
14578,Persiana Horizontal Off PVC 140x130cm,EVOLUX
14580,"Persiana Horizontal PVC Off Branca 1,40x1,30m",EVOLUX
14582,"Persiana Horizontal PVC Off Preto 1,40X1,30m",EVOLUX
14584,Persiana Premier Horizontal 120x160 Preta,EVOLUX
14586,Persiana Premier Horizontal 120x160 Branca,EVOLUX
14588,"Persiana Rolô Toucher Branco Translúcida 1,20X1,40m",EVOLUX
14590,"Persiana Horizontal Premier 25mm Chumbo 1,40x1,60m",EVOLUX
14592,"Persiana Horizontal Premier 1,20X1,60m",EVOLUX
14594,"Persiana Horizontal Premier 1,40x1,60m",EVOLUX
14595,"Persiana Horizontal Premier Chumbo 1,20x1,60m",EVOLUX
14597,Persiana Premier PVC 140x160cm Branco,EVOLUX
14600,"Persiana Rolô Rainbow Zebra Branca 1,20x1,60m",EVOLUX
14601,Armário para Ferramentas com 3 Gavetas Azul,Fercar
14602,Armário para Ferramentas com 4 Gavetas e Porta de Aço AM-2,Marcon
14603,"Persiana Rolô Rainbow Zebra Preta 1,20x1,60m",EVOLUX
14604,"Persiana Rolô Solar Screen Champagne 1,20x1,60m",EVOLUX
14606,Persiana Rolô Solar: Praticidade e Sofisticação para Todos os Ambientes,EVOLUX
14608,"Persiana Rolô Solar Screen Champagne 1,40x1,60m",EVOLUX
14609,Armário para Ferramentas com 4 Prateleiras,Fercar
14611,"Persiana Rolô Solar Screen Champagne 1,60x1,60m",EVOLUX
14612,"Persiana Toucher Rolô Translucida 1,40X1,40m",EVOLUX
14613,Pia de Cozinha Preta com Cuba 120x55cm,RORATO
14614,Armário para Ferramentas com 5 Gavetas e Porta de Aço,Marcon
14615,Armário para Ferramentas com 5 Gavetas 2 Bandejas e Porta de Vidro,Marcon
14616,Pia de Cozinha Roralit Gelo 120x55cm,RORATO
14617,Pia de Cozinha Roralit Travertino 120x55cm,RORATO
14620,Pia Plus Inox com Concreto 120x53cm,
14621,Armário para Ferramentas com Persiana e Chapa Perfurada AM-7,Marcon
14622,Armário para Ferramentas com Porta Cones ISO 40 e 2 Portas de Acrílico,Marcon
14623,"Pia Roralit Monaco Marmore Sintetico 64x45,5cm Branco",RORATO
14626,Armário para Ferramentas com Porta Cones ISO 40 e Porta de Vidro,Marcon
14627,Armário para Ferramentas com Porta de Aço e Vidro,Marcon
14630,Armário para Ferramentas com Porta de Aço Fechadura Eletrônica,Marcon
14631,Armário para Ferramentas com Porta de Visor Vidro,Marcon
14633,Armário para Ferramentas com Portas de Aço (Ref AM-11),Marcon
14635,Armário para Ferramentas com Portas de Aço (Ref AM-13),Marcon
14637,Armário para Ferramentas com Portas de Aço (Ref AM-71),Marcon
14639,Armário para Ferramentas com Portas de Aço (Ref AM-79),Marcon
14641,Armário para Ferramentas com Portas de Aço e Vidro,Marcon
14644,Armário para Ferramentas com Portas de Aço Visor Vidro e 5 Prateleiras Line,Marcon
14645,Armário para Ferramentas com Prateleira e Gancho 650x230x980mm NA-2,Nocram
14648,Armário para Ferramentas Compact 4 Bandejas,Marcon
14649,Armário para Ferramentas Compacto com 2 Bandejas e 2 Portas de Aço,Marcon
14652,Armário para Ferramentas Compacto com 4 Bandejas e Porta de Vidro,Marcon
14653,Armário para Ferramentas Compacto Porta de Vidro com 2 Prateleiras e Caixas,Marcon
14655,Armário para Ferramentas de 2 Portas com 5 Prateleiras,Marcon
14656,Piscina Feijão P1010041 100 Litros Rosa,AFORT
14657,Armário para Ferramentas de 2 Portas com Visores de Vidro com 30 Caixas Número 30,Marcon
14658,Piscina Feijão Polietileno 100 Litros,AFORT
14659,Piscina Feijão Polietileno,AFORT
14660,Armário para Ferramentas de 2 Portas e 5 Prateleiras 1200x500x1680mm Azul,Fercar
14661,Piscina Feijão de Polietileno Azul 50L,AFORT
14662,Piscina Feijão Polietileno 500L,AFORT
14663,Armário para Ferramentas de 5 Prateleiras e 7 Gavetas 1200x500x1680mm Azul,Fercar
14664,Armário para Ferramentas de 2 Portas Visor de Viro e 5 Prateleiras 1200x500x1680mm Azul,Fercar
14665,Armário para Ferramentas de 5 Prateleiras e 7 Gavetas 2 Portas Visor de Vidro 1200x500x1680 Azul,Fercar
14666,Piso Acetinado PHD70570R Speciale Retificado 74x74cm,INOUT
14668,Piscina 400 Litros Azul,MOR.
14670,Piso Acetinado PHD86070R Andromeda 86x86cm,INOUT
14671,Piso Acetinado Retificado PHD70500R 74x74cm,INOUT
14672,Armário para Ferramentas Hobby 2 Gavetas e Visor de Vidro AR-3,Marcon
14673,Piso Acetinado Tivolly VAC375018A 75x75cm,VIVENCE
14675,Armário para Ferramentas Porta de Vidro,Marcon
14676,Piso Acetinado Gris VAC391005 90x90cm,VIVENCE
14678,Piso Acetinado HD 170085 Ladrilhado 58x58cm,VIVENCE
14680,Piso Dry Retificado 27x110cm com Estética Natural e Aplicação Versátil,INOUT
14682,Piso Andromeda PHD86430R Drytech In Out 86x86cm,INOUT
14684,Piso Antideslizante 170048 58x58cm,VIVENCE
14685,Piso Antideslizante 170037 Madeira 58x58cm,VIVENCE
14688,Armário Porta-componente Grande,Marcon
14689,Piso Apollo Hard RU 575016 75x75cm,MARMOGRES
14690,Piso Campestre MRU 518007 18x113cm,MARMOGRES
14691,Armário Roupeiro 8 Portas,Marcon
14692,Armário Porta-componentes com 40 Caixas Número 5,Marcon
14693,Piso Cerâmica Urban Avela Acetinado 75x75cm,VIVENCE
14694,Piso Cerâmica Rodes Acetinado 74x74cm,INOUT
14695,Armário Roupeiro Aço de 1 Porta e com 5 Prateleiras,Marcon
14696,Armário Roupeiro com 1 Porta,Marcon
14697,Piso Cerâmico Acetinado VPC 58050 58x58cm: Estilo e Funcionalidade para o Seu Ambiente,VIVA
14698,Piso Cerâmico Polido PPI70900R 74x74cm: Beleza Atemporal com Brilho Sofisticado,INCEFRA
14699,Armário Roupeiro com 2 Portas,Marcon
14700,Piso Cerâmico Interno Polido Speciale PPI70060R 74x74cm,INOUT
14701,Piso Cerâmico Lamparquet MRE 18x113cm: Beleza e Funcionalidade para Seus Espaços,VIVENCE
14702,Piso Cerâmico Lyon Gris SD 56x113cm: Design e Qualidade para Seus Ambientes,VIVENCE
14703,Armário Roupeiro de 4 Portas,Marcon
14704,Armário Roupeiro de 2 Compartimentos com Portas e 4 Prateleiras,Marcon
14705,Armário Roupeiro com 8 Portas,Marcon
14706,Piso Cerâmica Polido Stellar MPR 56x113cm,MARMOGRES
14707,Piso Cerâmico Nude Acetinado Solari 75x75cm,VIVENCE
14708,Armário Roupeiro Duplo com 4 Portas (Ref AM-66),Marcon
14709,Armário Roupeiro Duplo com 4 Portas (Ref AM-67),Marcon
14710,Piso Cerâmico Polido Tiffany 56x113: Sofisticação para Seus Ambientes,VIVENCE
14711,Armário Roupeiro Duplo com 4 Portas (Ref AM-90),Marcon
14712,Piso Cerâmico Puglia Grigio 90x90cm,MARMOGRES
14713,Armário Roupeiro Duplo de 4 Portas,Marcon
14714,Piso Cerâmico Retificado Evidence Crema 75x75cm,VIVENCE
14715,Armário Roupeiro Grande de 2 Portas com 2 Compartimentos,Marcon
14716,Armário Roupeiro Duplo de 8 Portas,Marcon
14717,Piso Cerâmico Retificado Fuji Solf Touch 86x86cm,INOUT
14718,Piso Cerâmico Toronto Grigio 90x90cm: a Elegância Que Seu Ambiente Merece,VIVENCE
14719,Armário Roupero com 4 Portas,Marcon
14720,Piso Cerâmico Boulevard 90x90cm,VIVENCE
14721,Piso Gris 591006 90x90cm,MARMOGRES
14723,Armário Vertical com Painel Perfurado,Marcon
14724,Piso Citta Grigio Granilhado Retificado 75x75cm,MARMOGRES
14725,Piso Copan Ru 375024 75x75cm,VIVENCE
14726,Armário Vertical com Porta 72 Suportes para Cones ISO 40,Marcon
14727,Armário Vertical com Porta Componente 80 Caixas Número 3,Marcon
14728,Piso Dublin MPR574011 74x74cm,MARMOGRES
14729,Armário Vertical com Porta Componentes 48 Caixas Número 5,Marcon
14730,Armário Vertical com Porta Cone para 84 Cones ISO 30,Marcon
14731,Piso Gran Ônix Bianco 56x113cm,MARMOGRES
14732,Piso HD em Mármore Cerâmico Estilo Pedra 557008 58x58cm,MARMOGRES
14733,Armário Vertical com Porta de 10 Bandejas com Divisórias,Marcon
14734,Piso HD Gotejado 557014 58x58cm,MARMOGRES
14736,Piso Polido Retificado Branco 74x74cm,INCEFRA
14738,Armário Vertical Porta Cone com 60 Cones ISO 50,Marcon
14739,Piso Polido Retificado 74x74cm,INCEFRA
14740,Aro de Alumínio 3.5X8,Nove54
14741,Piso Ret 56x113 Aurora Polido,INCOPISOS
14743,Piso Acetinado Retificado 27x110cm,INOUT
14744,Piso Amadeirado,INOUT
14747,Piso Polido Retificado 86x86cm,INOUT
14748,Piso Amadeirado Dry Tech Retificado 27x110cm,INOUT
14751,Piso Retificado Fuji Drytech 86x86cm,INOUT
14753,Piso para Área Interna/externa Acetinado Retificado 27x110 Honey,INOUT
14754,Piso Retificado para Área Externa 27x110cm Honey Dry Tech,INOUT
14755,Piso Madeira Acetinado,INOUT
14759,Piso Mocha Mousse Acetinado Retificado 27x110cm,INOUT
14761,Piso Acetinado 74x74cm,INOUT
14762,Piso Poseidon Touch PHD86000R 86x86cm,INOUT
14763,Piso Zesu Retificado 27x110cm,INOUT
14766,Piso Urano Touch Acetinado 86x86cm,INOUT
14768,Piso Laminado Clicado Prime Click Carvalho Maiorca,EUCAFLOOR
14769,Piso Laminado Clicado Prime Click Carvalho Rustic,EUCAFLOOR
14772,Piso Laminado Clicado Prime Click Nogueira Natural,EUCAFLOOR
14774,Piso Laminado Click Elegance Carvalho Chamonix,EUCAFLOOR
14778,"Piso Laminado Prime Click Cappuccino 135,7 X 21,7 cm",EUCAFLOOR
14779,Piso Laminado New Elegance Carvalho Chamonix,EUCAFLOOR
14780,"Piso Laminado Prime Click Valência 21,7x135,7cm",EUCAFLOOR
14782,Piso Laminado New Elegance Click Freijó Âmbar,EUCAFLOOR
14784,Piso Laminado New Evidence Click Veneto,EUCAFLOOR
14786,Piso Laminado Prime Click Italian Noce,EUCAFLOOR
14790,Piso Madeira Antideslizante 557012 58x58cm,MARMOGRES
14792,Piso Calacatta Panda Polido 56x113cm,MARMOGRES
14794,Piso Campestre Acetinado 18x113cm,MARMOGRES
14795,Piso Rústico Cumaru Nature 46x113cm,MARMOGRES
14797,Ascensor de Punho Direito CG 5300,Carbografite
14798,Piso de Parede Fregio Naturalle Acetinado 39x75cm,MARMOGRES
14801,Piso Gran Venatto Polido Black 56x113cm,MARMOGRES
14803,Piso para Área Interna Lancelot Polido 56x113cm,MARMOGRES
14804,Piso Acetinado,MARMOGRES
14807,Piso PHD27140R Zesu Drytec 27x110cm,INOUT
14809,Piso PHD86660R Retificado 86x86cm,INOUT
14811,Piso Polido Gran Onix Bianco 56x113cm,MARMOGRES
14813,Piso Polido Maltha Ocre 74x74cm,VIVENCE
14815,Piso Polido Oceane VRP 313.000 56x113cm,VIVENCE
14816,Piso Polido Retificado PPI86250R 86x86cm,INOUT
14818,Piso Polido Retificado PPI86290R 86x86cm,INOUT
14820,Piso Polido Sevilha Gray 56x113cm,VIVENCE
14822,Piso Pulpis Gray MPR574007 74x74cm,MARMOGRES
14824,Piso R70502 Retificado Brilhante 70x70cm,ROCHA FORTE
14826,Piso Retificado Acetinado Concret Gray 75x75cm,MARMOGRES
14829,Piso Retificado Brilhante RT76160 Firenze Lux 76x76cm,EMBRAMACO
14830,Piso Retificado Dry Tech Turim PHD71480R 74x74?cm,INCEFRA
14832,Piso Retificado Esparta Dry Tech 27x110cm,INCEFRA
14834,Piso Retificado Acetinado 74x74cm,INOUT
14837,Piso Retificado Reinaldo Acetinado 74x74cm,INOUT
14838,Piso Retificado Madagascar VRU375019A 75x75cm,VIVENCE
14840,Piso Retificado PHD86160R Drytech 86x86cm,INOUT
14844,Piso Retificado Pólux PHD86150R Dry Tech 86x86cm,INOUT
14845,Piso para Áreas Internas Molhadas 20x20cm,ROCA
14847,Piso para Piscina 20x20cm,ROCA
14848,Piso Uno Fold Acetinado MT 20x20cm,ROCA
14850,Piso Savona Acetinado Retificado (Ref PHD71470R),INCEFRA
14852,Piso Savona Acetinado Retificado (Ref PHD71520R),INCEFRA
14853,"Piso Vinilico Polido Acetinado Trento Biancorgres 23,8x15cm",BIANCOGRES
14855,Piso Vinílico Abruzzo Acetinado 19x130cm,BIANCOGRES
14859,Piso Vinílico Vita Vernazza Acetinado 19x130cm,BIANCOGRES
14860,"Piso Vinílico Familiare Jatobá 22,8x121,9cm",DETALLI
14862,Piso Vinílico LVT Vita Colonna 19x130cm,BIANCOGRES
14863,Piso Vinílico Marmorizado Carrara 61x61cm,DETALLI
14866,Piso Vinílico Vita Athenna 19x130cm,BIANCOGRES
14868,Piso Cerâmica HD Cimentício Acetinado 58x58cm,VIVA
14869,Piso Vinílico Vita Ferrara Acetinado 19x130cm,BIANCOGRES
14872,Piso Cerâmico VPC Decorado Acetinado Externo 58x58: Estilo e Resistência para Seus Espaços,VIVA
14873,Piso Cerâmica HD Marmorizada Brilhante 58x58cm,VIVA
14876,Piso VPC Brillhante Branco 58055 58x58: Beleza e Sofisticação em Cada Detalhe,VIVA
14878,Piso Pedra 58x58cm,VIVA
14880,Piso VPC Cerâmico Cimentício Externo 58550 58x58: Resistência e Estilo para Ambientes Externos,VIVA
14882,Piso Ambiente HD Acetinado 58x58cm,VIVENCE
14883,Piso Armani Black 56x113cm,VIVENCE
14885,Piso Brilhante Retificado 56x56cm,VIVENCE
14887,Piso Calacata Oro Acetinado 75x75cm,VIVENCE
14888,Piso Calacata Sublime Acetinado 56x113cm,VIVENCE
14892,Piso Acetinado Diamond Ice 90x90,VIVENCE
14893,Piso Capuccino Crema Acetinado 75x75cm,VIVENCE
14896,Piso Gran Solari Polido Nude 56x113cm,VIVENCE
14898,Piso Nature Amendoa Acetinado 18x113cm,VIVENCE
14900,Piso Servilha Gray 56x113cm,VIVENCE
14901,Piso Solari Nude Polido 74x74cm,VIVENCE
14905,Piso Acetinado Urban Grafite 75x75cm,VIVENCE
14906,Piso Urban Greice Acetinado 75x75cm,VIVENCE
14907,Piso Urban Silver Acetinado 75x75cm,VIVENCE
14912,Placa 4x2 1P Horizontal Ebony Clean,SLEEK
14915,Placa 4x2 2P Horizontal Ebony Clean,SLEEK
14917,Placa Clean 4x4 6 Postos Preto Fosco Ebony Clean,
14919,Placa de Porcelana PL4810 30x30cm,JATOBA
14921,Placa de Porcelana PL8402 30x30cm,JATOBA
14924,Placa de Porcelana PL8166 30x30cm,JATOBA
14925,Placa de Porcelana PL8410 30x30cm,JATOBA
14928,Placa de Porcelana PL8420 30x30cm,JATOBA
14930,Placa de Porcelana PL8470 30x30cm,JATOBA
14931,Placa Ebony 4x2 1 Posto com Suporte,SLEEK
14933,Placa Ebony 4x2 1 Posto Horizontal,SLEEK
14934,Placa Ebony 4x2 2 Posto Separados com Suporte,SLEEK
14937,Placa Ebony 4x2'' 3 Posto com Suporte,SLEEK
14938,Placa Ebony 4x2'' Cega com Suporte,SLEEK
14939,Placa Ebony 4x4 2 Postos Horizontal,SLEEK
14943,Placa Ebony 4x4 6 Postos com Suporte,SLEEK
14945,Placa 2 Postos 16025 Branca 4x2cm,SLEEK
14947,Placa 4x2cm com 1 Posto Horizontal e Suporte Branca,SLEEK
14949,Placa 3 Postos 16023 Branca 4x2cm,SLEEK
14952,Placa 4x2cm com 2 Postos Horizontais Separados e Suporte Branca,SLEEK
14954,Placa 4x4cm com 4 Postos Horizontais Separados e Suporte Branca,SLEEK
14955,Placa Cega 16022 Branca 4x4cm,SLEEK
14958,Placa Cega 4x2cm e Suporte Branca,SLEEK
14960,Placa Postos 160021 Branca 2 4x4cm,SLEEK
14962,Placa: a Escolha Ideal para Postos de Combustível,SLEEK
14995,Poltrona Bela Vista Branca: Conforto e Estilo para Seu Espaço - bistro,MOR
14996,Poltrona Bela Vista Branca: Conforto e Estilo para Seu Espaço - bela vista,MOR
15003,"Polyfort Massaplic para Azulejos 1,5kg",PULVITEC
15005,Polyfort Massaplic para Azulejos 5kg,PULVITEC
15007,Ponteiro Redondo 3/4X10'',SÃO ROMÃO
15009,Polyfort Massaplic para Azulejos 700g,PULVITEC
15010,Ponteiro SDS Plus 14x250mm,AQUATOOLS
15064,Assentador de Telão,Viluz
15068,Ativador Adesão 150 ml 7649,Loctite
15070,Ativador para Adesão Âmbar 150 ml 7471,Loctite
15082,Auto Escova para Lavadoras 9.302.051.0,Karcher
15118,Avental Barbeiro de Raspa com Emendas com Mangas CA,Zanel
15123,"Avental de Raspa com Costura 60cm X 1,00m CA 19515 9002 SÃO MANOEL",Sao Manoel
15124,Avental de Raspa Barbeiro com Mangas g CA 17816 9006,Sao Manoel
15126,Avental de Raspa com Forro e Mangas 120/70 CA,Zanel
15128,Avental de Raspa com Mangote + Luva + Perneira de Raspa SÃO MANOEL,Sao Manoel
15130,Avental de Raspa Frontal 120 X 60 cm CA 17816 9004,Sao Manoel
15132,"Avental de Raspa sem Costura 1,2m com Perneira de Raspa e Luva de Raspa Média SÃO MANOEL",Sao Manoel
15135,"Avental de Raspa sem Costura 60cm X 1,00m CA 19515 9001 SÃO MANOEL",Sao Manoel
15136,"Avental de Raspa sem Costura 60cm X 1,2m CA 19515 9003 SÃO MANOEL",Sao Manoel
15139,Avental de Raspa sem Mangas Tipo Açougueiro (soldador) com Costura 120x60cm CA,Zanel
15140,Avental de Raspa sem Mangas Tipo Açougueiro (soldador) com Costura 60cmx1.00mt CA,Zanel
15143,Avental de Raspa sem Mangas Tipo Açougueiro (soldador) sem Costura 120x60cm CA,Zanel
15144,Avental de Raspa sem Mangas Tipo Açougueiro (soldador) sem Costura 60cmx1.00mt CA,Zanel
15145,"Avental em Raspa 1,00 X 0,60 m sem Costura",Carbografite
15148,Avental de Raspa Tipo Barbeiro com Emendas e Gola CA,Zanel
15150,"Avental PVC Forrado 1,20 X 0,65m Branco 69",Brasopolis
15152,"Avental PVC Forrado 1,20 X 0,65m Preto 87",Brascamp
15153,Avental Raspa sem Costura com Luva de Raspa 20cm e Perneira de Raspa com Velcro SÃO MANOEL,
15155,"Avental Trevira Laranja/preto 1,20 X 0,70m",Plastcor
15157,"Avental Vinil 1,20x0,70m Incolor 112",Brasopolis
15164,Bacia Redonda 6 Litros 2036,Lupus
15168,Badame para Acanelar Interno 1616 Aço FAI 1616 DP30,Souza Fer
15171,Badame para Acanelar Interno 2020 Aço FAI 2020 DP30,Souza Fer
15178,Balanceadora de Rodas Manual Monofásica Azul MR50,Ribeiro
15190,Balancim 0.4 a 1.0kg 1.6mt Industrial (mola),Chicago
15192,Balancim 0.5 a 3.0 kg Industrial P-3,Draw
15194,Balancim 1.0 a 2.0kg 1.6mt Industrial (mola),Chicago
15196,Balancim Capacidade de 0.3 kg a 0.8 kg SB - 600,Carbografite
15198,Balancim Capacidade de 0.5 kg a 1.50 kg SB - 1.5K,Carbografite
15201,Balancim Capacidade de 0.6 kg a 1.50 kg SB,Carbografite
15204,Balancim Capacidade de 0.8 kg a 2.0 kg,Carbografite
15206,Balancim Capacidade de 1.00 kg a 2.00 kg SB,Carbografite
15208,Balancim Capacidade de 1.5 kg a 3.00 kg SB,Carbografite
15210,Balancim Capacidade de 1.5 kg a 3.00 kg SB - 3K,Carbografite
15212,Balancim Capacidade de 5.00 kg a 9.00 kg SB - 9K,Carbografite
15213,Balancim Capacidade de 3.00 kg a 5.00 kg SB - 5K,Carbografite
15217,Balancim Capacidade de 9.00 kg a 15.0 kg SB - 15K,Carbografite
15219,Balancim Industrial 0.6 a 3kg,Sigma Tools
15222,Balancim Industrial 2 kg a 5 kg P5,Draw
15223,Balancim Industrial 17 kg a 23 kg P23,Draw
15227,Balancim Industrial 22 kg a 28 kg P25,Draw
15229,Balancim Industrial 27kg a 34kg P-30,Draw
15230,Balancim Industrial 3.0 a 5.0kg,Sigma Tools
15231,Balancim Industrial 5.0 a 9.0kg,Sigma Tools
15233,Balancim Industrial 9 kg a 12 kg P12,Draw
15235,Balancim Industrial 7 kg a 10 kg P10,Draw
15237,Balancim Industrial de Mola 4 kg a 8 kg para Ferramentas Pneumáticas P-8,Draw
15239,Balancim para Ferramentas Pneumáticas 1.5 a 3.0 kg LBS2,Schulz
15242,Balancim para Ferramentas Pneumáticas 0.6 a 1.5 kg LBS1,Schulz
15244,Balancim para Ferramentas Pneumáticas 3.0 a 5.0 kg,Carbografite
15245,"Balancim para Ferramentas Pneumáticas 5,0 a 9,0 kg",Puma
15248,Balancim para Ferramentas Pneumáticas de 0.6 a 1.5kg,Puma
15250,Balancim para Ferramentas Pneumáticas de 3.0 a 5.0kg,Puma
15251,Balancim para Ferramentas Pneumáticas de 1.5 a 3.0kg,Puma
15253,Balancim para Ferramentas Pneumáticas HSB-1 (300-1200G),Carbografite
15255,Balancim Profissional 3.0 a 5.0kg,Sigma Tools
15261,Balde de Nylon 300x350mm,Carbografite
15267,Balde de Lona 350mm X 300mm CG 435,Carbografite
15271,Balde Graduado 10 Litros com Bico Bicromatizado,Lubefer
15272,Balde Graduado com Bico Bicromatizado 20 Litros,Lubefer
15275,Balde Graduado em Aço Inox 20 Litros,Lupus
15278,Balde Métalico para Concreto 10 Litros,Nove54
15284,Balde para Mistura e Transporte Graduado de 20 Litros Transparente 6681,Bremen
15296,Balômetro Teste Vazamento de Ar -20 a +60 °C 420,Testo
15597,Bandaca de Trabalho Multiuso,Cortag
15599,Bandagem Industrial Taperepair 10cm X 9m TR2,Tapmatic
15603,"Bandagem Industrial Taperepair 5cm X 3,6m TR1",Tapmatic
15632,Banqueta em Alumínio com 2 Degraus,Alulev
15642,Banqueta Industrial em Alumínio com 2 Degraus (Ref BI-401),Alulev
15645,Banqueta Industrial em Alumínio com 2 Degraus (Ref BI-501),Alulev
15646,Banqueta Isolante Fibra de Vidro 30cm 50 KVA,Cogumelo
15684,Barra Roscada 1/2'' X 1 Metro UNC Zincada,Ancora
15686,"Porta Angelim Lisa 210X60X3,5cm",DIFLADI
15690,"Porta Angelim Lisa 210x70x3,5 cm",DIFLADI
15691,"Porta Angelim Lisa 210X80X3,5cm",DIFLADI
15692,Barra Roscada 1/4'' X 3 Metros UNC Zincada,Ancora
15695,Barra Roscada 5/16'' X 1 Metro UNC Zincada,Ancora
15700,Barramento Neutro Azul,Steck
15704,Barramento Neutro com Suporte Azul 8 Ligações 89mm SBN8,Steck
15714,Porta de Madeira C/batente de Aço Neblina Mogno 217x65cm Direita,MGM
15731,Porta Laminada Direita 210x63x6cm,RAMASSOL
15733,Porta Laminada Direita Preto Primer Completa 210x83x6cm,RAMASSOL
15735,Porta Laminada Esquerda 210x73x6cm,RAMASSOL
15737,Porta Laminada Esquerda Preto Primer Completa 210x83x6cm,RAMASSOL
15738,Porta Laminada Direita 210x73x6cm,RAMASSOL
15740,Porta Neblina Mogno 217x85cm Esquerda: Elegância e Durabilidade para Seu Espaço,MGM
15741,Barramento 10T Verde,Steck
15742,Barramento com Suporte Verde 8 Ligações 89mm SBT8,Steck
15743,Porta Laminada Esquerda 63cm,RAMASSOL
15745,Porta Mista Xadrez 215X83X6cm Esquerda,RAMASSOL
15746,"Base Borracha Cone Pirulito 2,1kg 70.000.131",Plastcor
15748,Barreira Pantográfica para Isolação de Área,Carbografite
15750,"Base com Velcro 6"" para Lixadeiras Pneumáticas sem Furos PC6P",Puma
15751,Porta Papel Higiênico Soul Aço Escovado,KROMMA
15756,Porta PVC Sanfonada Marmorizado 210x72,PERMATTI
15757,Porta PVC Sanfonada Marmorizado 210x97,PERMATTI
15759,Porta PVC Sanfonada Mogno Liso 210x60,PERMATTI
15761,Porta Sanfonada Marmorizado PVC 210x60cm,PERMATTI
15763,Porta PVC Sanfonada Mogno Liso 210x97,PERMATTI
15765,Porta Sanfonada Marmorizado PVC 210x85cm,PERMATTI
15768,Base Fusível NH T000/T00 160A 690V,Siemens
15769,Porta Sanfonada Mogno PVC 210x72cm,PERMATTI
15770,Porta Sanfonada em PVC Branca 210x97cm,PERMATTI
15771,Porta Sanfonada PVC Branca 210x72cm,PERMATTI
15772,Base Giratória para Morsa Hidráulica HS-150 HS-6,Btfixo
15773,Porta Sanfonada Mogno PVC 210x85cm,PERMATTI
15775,Porta Sanfonada PVC Branca 210x85cm,PERMATTI
15776,Porta Sanfonada PVC Branca 60x210cm,PERMATTI
15777,Base Giratória para Morsa Hidráulica,Manrod
15780,Porta Sanfonada PVC Cinza Marmorizado 210x60cm,PERMATTI
15781,Porta Sanfonada PVC Cinza Marmorizado 210x72cm,PERMATTI
15783,Porta Sanfonada PVC Cinza Marmorizado 210x85cm,PERMATTI
15792,"Base para Lixadeiras 6"" com Furos e Velcro",Puma
15798,"Bastão Balizador Articulado 2,00 Metros Smart 1.02.0545",Agmov
15800,Bastão Balizador Articulado 4 Metros Smart 1.02.0608,Agmov
15801,"Bastão Balizador Articulado Smart 2,00 Metros 1.02.0545",Agmov
15802,Porta Toalha Barra Duplo Lorenvogue 2042 C98 Cromado,LORENZETTI
15804,Porta Toalha/cabide Cromado Duplo de Parede Talita Stander,METAIS TALITA
15805,"Bastão Balizador Articulado Smart 3,00 Metros 1.02.0487",Agmov
15807,"Bastão Balizador de Haste Única Smart 1,00 Metro 1.01.0796",Agmov
15808,"Bastão Balizador de Haste Única Smart 1,50 Metros 1.01.0797 (Ref 142789)",Agmov
15810,"Bastão Balizador de Haste Única Smart 1,50 Metros 1.01.0797 (Ref 145128)",Agmov
15811,"Bastão Balizador de Haste Única Smart 2,50 Metros 1.01.1380",Agmov
15812,Porta Toalha/cabide Cromado Simples Talita,METAIS TALITA
15813,Porta Toalha Cromado/barra de Parede Talita 50cm,METAIS TALITA
15814,"Bastão Balizador Offshore Fibra de Vidro 2,30 Metros 1.05.0800",Agmov
15815,"Bastão Balizador Offshore Haste Alumínio 1,50 Metros 1.05.0910",Agmov
15819,"Bastão Balizador ON/OFF 1,00 Metros CG 1.03.0562",Agmov
15821,"Bastão Balizador On/off CG 1,00 Metro 1.03.0562",Agmov
15822,"Bastão Balizador On/off CG 1,25 Metros 1.03.0323",Agmov
15825,"Bastão Balizador On/off CG 1,50 Metros 1.03.0565",Agmov
15826,"Bastão Balizador On/off CG 2,00 Metros 1.03.0563",Agmov
15832,Bastão Rei 228.6x25.4mm C20 R5V6,Pontabras
15834,Bastão Salvador Standard 300mm 1.30.0396,Agmov
15835,Bastão Salvador Standard 375mm 1.30.0224,Agmov
15838,Bastão Salvador Standard 600mm 1.30.0340 (Ref 142797),Agmov
15839,Bastão Salvador Standard 600mm 1.30.0340 (Ref 142869),Agmov
15841,Bastão Salvador Standard 850mm 1.30.0337,Agmov
15845,Porta Toalha em Barra Cromado Lorenvogue,LORENZETTI
15849,Porta Toalha Talita Argola Stander,METAIS TALITA
15854,Porta Toalha Valle Metais Reto Black 50cm,VALLEMETAL
15866,Porta Toalhas de Rosto Loren Vogue Cromado,LORENZETTI
15871,Prateleira Loren Like 2030 C78 Cromada,LORENZETTI
15874,Prateleira Revisteiro Decorare 45x10x10cm Branco,PRAT-K
15876,Prateleira Revisteiro Decorare Branco 10x10x70cm,PRAT-K
15878,Prato Quadrado JPQDK30 Café,JAPI
15879,Prato Quadrado JPQDK30 Cimento: a Solução Perfeita para Suas Plantas,JAPI
15881,Prato Redondo Cimento Slim 35cm,JAPI
15883,Prato Redondo JPRDK25 Café,JAPI
15885,Prato Redondo JPRDK30 Café,JAPI
15887,Prato Redondo para Vaso de Planta Pedra 24cm,AFORT
15889,Prato Redondo Linea Chumbo 35,JAPI
15904,Prolongador de Caixinha de Luz 4x4,SLEEK
15929,Prumo de Parede,CORTAG
15930,Purificador de Água Branco Gioviale,LORENZETTI
15933,Purificador de Água Acqua Bella de Parede - Branco,LORENZETTI
15938,Purificador de Água Vitale - Branco,LORENZETTI
15939,Purificador de Água Acqua Due Branco,LORENZETTI
15973,"Ralo Elegance Aço Inox Escovado 12,5x12,5cm",MOZAIK
15975,"Ralo Elegance Aço Inox Escovado 17,5x17,5cm",MOZAIK
15977,"Ralo Elegance Aço Inox Ouro 12,5x12,5cm",MOZAIK
15979,"Ralo Elegance Aço Inox Ouro 17,5x17,5cm",MOZAIK
15981,"Ralo Elegance Aço Inox Polido 12,5x12,5cm",MOZAIK
15983,"Ralo Elegance Aço Inox Preto 12,5x12,5cm",MOZAIK
15986,"Ralo Elegance Aço Inox Preto 17,5x17,5cm",MOZAIK
15988,Ralo Galvanizado com Caixilho 10x50cm,RONCONI
15989,"Ralo Elegance Polido 17,5x17,5cm",MOZAIK
15990,Ralo Galvanizado com Caixilho 10x100cm,RONCONI
15993,Ralo Grelha Aço Inox 304 com Caixa 15x15cm,DINOX
15995,Ralo Grelha Aço Inox 304 sem Caixilho 10x10cm,DINOX
15996,Ralo Grelha Aço Inox 304 sem Caixilho 15x15cm,DINOX
15999,Ralo Inox com Sifão Polido Rapp1010 10x10cm,MOZAIK
16001,Descrição Técnica,RALO LINEAR
16002,Oculto 120 cm Base PVC: Solução Inovadora para Drenagem de Águas,RALO LINEAR
16011,Inox Tampa Oculta Saída Lateral 80cm,MOZAIK
16013,Tampa Oculta,RALO LINEAR
16018,Royal com Tampa Inox 80cm,RALO LINEAR
16019,Royal com Tampa Oculta,RALO LINEAR
16021,Royal com Tampa Oculta 80cm,RALO LINEAR
16022,Smart Tampa Inox sem Sifão 70cm,RALO LINEAR
16026,Smart Tampa Oculta sem Sifão 60cm,RALO LINEAR
16027,Smart Tampa Oculta sem Sifão 70cm,RALO LINEAR
16028,Square Tampa Inox Escovado 15x15cm,RALO LINEAR
16032,Square Tampa Oculta 15x15cm,RALO LINEAR
16033,Square Tampa Oculta 10x10cm,RALO LINEAR
16045,Versatile Tampa Inox Escovado 75cm,RALO LINEAR
16048,Versatile Tampa Oculta 75cm,RALO LINEAR
16051,Ralo para Pia 3.1/2 Americana Inox,ASTRA
16055,Ralo Quadrado Tampa Oculta 10x10cm,RALO LINEAR
16057,Ralo Quadrado Tampa Oculta 15x15cm,NOVII
16059,Ralo Quattro Tampa Oculta Mini 10x10cm,MOZAIK
16061,Ralo Quattro Tampa Oculta 15x15cm,MOZAIK
16062,Ralo Galvanizado com Caixilho 15x100,RONCONI
16070,Ramo Latão Cotovelo Bolsaxfemea N.11 BXR 22X1/2,FORUSI
16073,Ramo Latão Curva Transposição 22mm,FORUSI
16075,Raspador de Argamassa: Precisão e Eficiência em Acabamentos,CORTAG
16076,Raspador de Rejunte Standard,CORTAG
16078,Redução Excêntrica de Esgoto 200x150mm,SHIVA
16084,Baú para Ferramentas 635x1219x609mm 2448,Greenlee
16086,Baú para Ferramentas 762x1219x762mm 3048,Greenlee
16087,Baú para Ferramentas com Bandeja 02,Fercar
16089,Baú para Ferramentas com Bandeja 400mm 640,Marcon
16092,Baú para Ferramentas com Bandeja 500mm 650,Marcon
16095,Baú para Ferramentas sem Bandeja,Marcon
16096,Baú para Ferramentas sem Bandeja 300mm R-30,Marcon
16100,Baú para Ferramentas sem Bandeja 500mm 750,Marcon
16102,Baú Reforçado com Bandeja Removível 700x370x280mm Azul 15,Fercar
16104,Baú Reforçado para Ferramentas com Bandeja Removível 600x300x250mm 14,Fercar
16105,Bebedouro de Mesa 65W Bivolt,Ventisol
16109,"Bedame HSS 1/2"" X 1/8"" X 6"" (Ades)",Ades
16110,Refil Blindado,ACQUABIOS
16111,Refil Purificador Gioviale,LORENZETTI
16112,"Bedame HSS 1/2"" X 1/8"" X 6"" (Ref UL-104, Nvo)",Nvo
16113,"Bedame HSS 1/2"" X 3/32"" X 4.1/2""",Ades
16114,Refil para Filtro Acqua Bella/vitale,LORENZETTI
16117,"Bedame HSS 1/2""x 1/8"" X 6""",Htom
16118,Refil para Purificador Acqua Due,LORENZETTI
16119,"Bedame HSS 1"" X 3/16"" X 6""",Ades
16121,"Bedame HSS 12 1 X 3/16"" X 6""",Htom
16123,"Bedame HSS 12 3/4"" X 5/32"" X 6""",Htom
16124,"Bedame HSS 12 3/4"" X 1/8"" x5"" (Ref 38513, Htom)",Htom
16126,"Bedame HSS 12 7/8"" X 1/8"" X 6""",Htom
16128,"Bedame HSS 3/4"" X 1/8"" X 5"" (Ades)",Ades
16130,"Bedame HSS 3/4"" X 1/8"" X 5"" (Ref UL-115, Nvo)",Nvo
16133,"Bedame HSS 3/4"" X 1/8"" X 6"" (Ades)",Ades
16135,"Bedame HSS 3/4"" X 1/8"" X 6"" (Ref 41542, Htom)",Htom
16136,"Bedame HSS 3/4"" X 1/8"" X 6"" (Ref UL-116, Nvo)",Nvo
16139,"Bedame HSS 3/4"" X 5/32"" X 6""",Ades
16140,"Bedame HSS 3/4"" X 3/16"" X 6""",Ades
16142,"Bedame HSS 5/8"" X 1/8"" X 6"" (Ades)",Ades
16143,"Bedame HSS 5/8"" X 1/8"" X 5""",Nvo
16147,"Bedame HSS 5/8""x1/8""x6""",Htom
16149,"Bedame HSS 5/8"" X 1/8"" X 6"" (Ref UL-108, Nvo)",Nvo
16150,"Bedame HSS 5/8"" X 3/32"" X 5""",Ades
16151,"Bedame HSS 7/8"" X 1/8"" X 6"" (Ref 1026250961, Ades)",Ades
16154,"Bedame HSS 7/8"" X 1/8"" X 6"" (Ref UL-122, Nvo)",Nvo
16155,"Bedame HSS 7/8"" X 3/16"" X 6""",Ades
16158,"Bedame Hss-co 10% 1/2"" X 1/8"" X 6"" (Ades)",Ades
16159,"Bedame Hss-co 10% 1/2"" X 1/8"" X 4.1/2""",Ades
16163,"Bedame Hss-co 10% 1/2"" X 3/32"" X 4.1/2"" (Ades)",Ades
16164,"Bedame Hss-co 10% 1/2"" X 1/8"" X 6"" (Ref SU-504, Nvo)",Nvo
16166,"Bedame Hss-co 10% 1/2"" X 3/32"" X 4.1/2"" (Ref SU-500, Nvo)",Nvo
16168,"Bedame Hss-co 10% 1"" X 1/8"" X 6""",Ades
16171,"Bedame Hss-co 10% 1"" X 3/16"" X 6""",Ades
16172,"Bedame Hss-co 10% 3/4"" X 1/8"" X 5"" (Ades)",Ades
16176,"Bedame Hss-co 10% 3/4"" X 1/8"" X 5"" (Ref SU-515, Nvo)",Nvo
16177,"Bedame Hss-co 10% 3/4"" X 1/8"" X 6"" (Ref SU-516, Nvo)",Nvo
16178,"Bedame Hss-co 10% 3/4"" X 1/8"" X 6"" (Ades)",Ades
16180,"Bedame Hss-co 10% 3/4"" X 3/16"" X 6""",Ades
16181,"Bedame Hss-co 10% 5/8"" X 1/8"" X 5""",Ades
16184,"Bedame Hss-co 10% 3/4"" X 5/32"" X 6""",Ades
16187,"Bedame Hss-co 10% 5/8"" X 1/8"" X 6"" (Ades)",Ades
16188,"Bedame Hss-co 10% 5/8"" X 1/8"" X 6"" (Ref SU-508, Nvo)",Nvo
16190,"Bedame Hss-co 10% 5/8"" X 5/32"" X 6""",Ades
16191,"Bedame Hss-co 10% 5/8"" X 5/32"" X 5""",Ades
16192,"Bedame Hss-co 10% 7/8"" X 1/8"" X 6""",Ades
16196,"Bedame Hss-co 10% 7/8"" X 3/16"" X 6""",Ades
16197,Bedame para Acanalar Interno Aço FAI 1212 DP30,Souza Fer
16200,"Bedame Hss-co 10% 7/8"" X 5/32"" X 6""",Ades
16201,Bedame para Sangrar/cortar Aço ISO 7 1208 DK10,Souza Fer
16204,Bedame para Sangrar/cortar Aço ISO 7 2012 DP30,Souza Fer
16207,Bedame para Sangrar/cortar Aço ISO 7 2516 DK10,Souza Fer
16208,Bedame para Sangrar/cortar FOFO ISO 7 2012 DK10,Souza Fer
16211,Bedame para Sangrar/cortar FOFO ISO 7 1212 EK01,Souza Fer
16253,Régua de Alumínio Grossa para Pedreiro 2 Metros Azul,NOVO HORIZONTE
16258,Régua para Pedreiro em Alumínio 2 Metros,NOVO HORIZONTE
16314,Betoneira 120 Litros Monofásica com Painel 220V,Csm
16333,Betoneira 400 Litros Monofásica com Painel 220V 1 TRAÇO SUPER 400,Csm
16379,Bico Aplicador Staticmix 3.2mm com 10 Peças B16E,Loctite
16380,"Bico Automático para Abastecimento 1""",Lupus
16386,"Bico Automático para Abastecimento 1"" Verde 4628",Bremen
16387,"Bico Automático para Abastecimento Curto 3/4"" Preto 4651",Bremen
16389,"Bico Automático para Abastecimento Saída 1"" Curto BR120 1843",Bremen
16391,Bico de Aquecimento N°300 Acetileno BMA AC,Condor
16392,Bico de Ar de Botão em Alumínio para Limpeza 8,Arprex
16398,Bico de Baixa Pressão para Lavadora 9.371-008.0,Karcher
16401,"Bico de Ar para Limpeza (Ref LUB-1989C, Lubefer)",Lubefer
16402,"Bico de Contato M6 1,2mm",Esab-Tbi
16406,Bico de Contato M6 8mm,Esab-Tbi
16408,Bico de Contato M6 1mm,Esab-Tbi
16410,"Bico de Contato M8 0,8mm",Esab-Tbi
16412,"Bico de Contato M8 1,2mm",Esab-Tbi
16414,"Bico de Contato M8 1,6mm",Esab-Tbi
16417,Bico de Contato M8 1mm,Esab-Tbi
16418,Bico de Contato M8x30mm ECU 1.6,Esab-Tbi
16458,Conheça o Removedor Pastoso,Farben
16467,Bico de Fluido 1.1mm,Devilbiss
16473,Reservatório Inox Térmico 304 Horizontal Alta Pressão 600L,KOMECO
16475,Reservatório Inox Térmico 304 Horizontal Alta Pressão 400L,KOMECO
16476,Reservatório Inox Térmico 304 Horizontal Baixa Pressão,KOMECO
16477,Bico de Limpeza com Bico Longo com Gatinho 100mm -8SL,Arprex
16478,"Bico de Limpeza com Gatilho Bico Longo 1/4""",Puma
16479,Reservatório Inox Térmico 304 Horizontal Baixa Pressão 200L,KOMECO
16480,Bico de Limpeza com Gatilho BL-2,Bozza
16481,Reservatório Inox Térmico 304 Horizontal Baixa Pressão 300L,KOMECO
16483,Reservatório Inox Térmico 304 Horizontal Baixa Pressão 400L,KOMECO
16484,Reservatório Inox Térmico 304 Horizontal Baixa Pressão 800L,KOMECO
16485,"Bico de Limpeza com Gatinho 1/4""",Puma
16486,Bico de Limpeza em Alumínio,Puma
16487,Resina Acqua Multiuso Incolor 18L,HYDRONORTH
16488,Bico de Limpeza em Alumínio com Gatilho Bico Longo MS 2-TL,Steula
16489,Resina Acqua Incolor,HYDRONORTH
16490,Bico de Limpeza em Alumínio com Gatilho MS 2,Steula
16491,"Resina Acrílica Acqua Cerâmica Galão Cor Telha 3,6L",HYDRONORTH
16492,"Resina Acrílica Acqua Incolor Galão 3,6l",HYDRONORTH
16493,Bico de Limpeza em Polipropileno Azul com Vazão Controladora BSP 1/4 MS,Steula
16494,"Resina Acrílica Base Solvente para Telha 3,6l Cerâmica",HYDRONORTH
16495,Resina Acrílica Multiuso Acqua 18L Cerâmica,HYDRONORTH
16497,Bico de Limpeza Injetado com Gatilho Longo,Schweers
16499,Resina Impermeabilizante Base de Solvente Incolor,HYDRONORTH
16501,Resina Acrílica Multiuso Solvente Incolor 18L,HYDRONORTH
16504,"Resina Multiuso Base Solvente Incolor 3,6L",HYDRONORTH
16505,Resistência 220V Loren Shower,LORENZETTI
16506,Bico de Limpeza Nylon com Gatilho OMEGA 8,Arprex
16508,Resina Multiuso Cerâmica/telha,HYDRONORTH
16510,Bico de Limpeza Plástico com Bico de Segurança MS 15-P VC,Steula
16514,Resistência para Aquecedor 127V 500W,LORENZETTI
16515,Bico de Limpeza Reto com Gancho,Puma
16517,Bico de Trava para Encher Pneus MS 11,Steula
16518,Resistência para Aquecedor Versátil 220V 5500W 755G,LORENZETTI
16520,Bico Duplo para Encher Pneu 140mm BC,Steula
16525,Bico Duplo para Encher Pneus MS 5-CR,Steula
16549,Bico Leque Alta Potência 5.765-067.0,Karcher
16564,Bico Misturador 125ml 10 Peças STATMIX BIG,Loctite
16566,Bico Misturador 200/400ml 10mm 10 Peças,Loctite
16567,Bico Misturador 200/400ml 8mm 10 Peças,Loctite
16570,Bico Misturador 25ml 12 Peças TEROSON ET QUAD ST MIX SMALL,Loctite
16572,Bico Misturador 400ml 6mm com 10 Peças STATICMIXER,Loctite
16575,Bico Misturador 400ml 8mm 10 Peças para AA H8510 STATICMIX 24E,Loctite
16577,Bico Misturador 5.4 X 40mm Ajustável,Loctite
16579,Bico Misturador 50ml 5mm 10 Peças para HY 4080 STATICMIX 24E,Loctite
16580,Bico Misturador 50ml 6mm 20E B 10 Peças STATICMIX B,Loctite
16583,Bico Misturador para Aplicador,Ancora
16590,Bico para Limpeza em Alumínio MS 4,Steula
16591,Bico para Lavadora MB 0147C Turbo Rotopower 852872 JHF 4X,Hydronlubz
16593,Bico para Limpeza em Alumínio MS 4-TL,Steula
16596,Bico para Limpeza em Alumínio MS 6,Steula
16604,Bico Power 25080 5.765-058.0,Karcher
16605,Bico Power 25040 para HD 6/15 5.765-050.0,Karcher
16617,Bico Turbo para Lavadora HD/HDS 07/08 9.302-496.0,Karcher
16621,Bico Turbo para Lavadora HD 585 9.302-49,Karcher
16625,Bico Turbo Simples para Lavadora,Karcher
16626,Biseladora/chanfradeira 45gr 60mm 1250W 220V B45S,Euroboor
16627,Biseladora/chanfradeira 45gr 60mm 1250W 220V B45S - max,Euroboor
16629,Biseladora/chanfradeira 60gr 24mm 1800W 200V B60S,Euroboor
16632,Biseladora Elétrica 150 a 340mm 750W 220V ISY 351,Merax
16633,Biseladora Elétrica 20 a 28mm 750W 220V ISY,Merax
16638,"Biseladora Elétrica 6"" a 12"" 1000W 220V ISD 323",Merax
16639,Biseladora Pneumática 150 a 340mm TCM 351,Merax
16640,Biseladora Elétrica 65 a 159mm 750W 220V ISY 150,Merax
16641,"Biseladora Portátil com Cabeçote 37 1/2"" 220V/230V",Ridgid
16644,Bisnaga Almotolia Plástica 200ML 1002H SS,SS
16645,Bisnaga Almotolia Plástica 500ML 1002I SS,SS
16728,Restimento de Parede,INCEFRA
16841,Rodapé Biancrogres Tech Branco Liso 15x240cm,BIANCOGRES
16842,Rodaforro PVC Tipo F Standart 6 Metros,FORTLEV
16845,Rodapé Classico Branco Frisado 7x240cm,BIANCOGRES
16847,Rodapé 10x190cm Carvalho,DETALLI
16848,Rodapé Clássico Branco Frisado 10x240cm,BIANCOGRES
16849,"Rodapé Liso 15x24,4cm Branco",DETALLI
16853,Rodapé Estilo 18 70x2400x15cm,EUCAFLOOR
16856,Rodape Estilo Nº10 240 X 7cm,EUCAFLOOR
16857,Rodape Fit Branco Frisado 10x240cm,BIANCOGRES
16859,Rodapé Fit Branco Frisado 7x240cm,BIANCOGRES
16861,Rodapé Fit Branco Frisado 15x240cm,BIANCOGRES
16864,Rodapé Guarnição Fit Branco 7x240,BIANCOGRES
16865,Rodapé Fit Branco Liso 10x240cm,BIANCOGRES
16866,Rodapé Liso Branco em Poliestireno 10x240cm,ARQUITECH
16868,Rodapé Poliestireno 454 com 100mm Altura,SANTA LUZIA
16870,Rodapé 480 Frisado Branco 15x24cm Unidade,SANTA LUZIA
16871,Rodapé 456 Frisado Branco 7x24cm Unidade,SANTA LUZIA
16874,"Rodapé com Friso LEV102 Branco de Poliestireno 10x1,3cm",SANTA LUZIA
16876,Rodapé de Poliestireno Fris Black 100×16×2400 mm,SANTA LUZIA
16879,Rodapé Frisado 7x240cm Branco,SANTA LUZIA
16880,Rodapé Frisado Branco 457 10x24cm Unidade,SANTA LUZIA
16882,Rodapé Liso 7x240cm Branco,SANTA LUZIA
16885,"Rodapé Liso LEV101 Branco de Poliestireno 10x1,3cm",SANTA LUZIA
16887,Rodapé Tech Branco Frisado 10x240cm,BIANCOGRES
16888,Rodapé Tech Branco Frisado 15x240cm,BIANCOGRES
16891,Rodapé Tech Branco Liso: o Detalhe Que Faz Toda a Diferença,BIANCOGRES
16935,rolo Lona Preta 4x110mt,MAXILONA
16937,rolo Lona Preta 6x110mt,MAXILONA
16949,Saboneteira de Parede Talita Stander,METAIS TALITA
16957,Saboneteira Loren Loft Preta,LORENZETTI
16964,Salva Piso Kraft com Bolha (Ref 1mx15m),SALVABRAS
16965,Sela Trincas Cartucho 280ml Branco,UNIPEGA
16966,Salva Piso Kraft com Bolha (Ref 1mx25m),SALVABRAS
16969,"Selador Acrílico 3,6L",EUCATEX
16971,Conheça o Selador Acrílico Balde 18L,EUCATEX
17026,"Sifão Sanfonado Universal C/suporte 1,50mt Branco",CENSI
17068,Spa Floratta Quadrado 179 X 179 X 55 cm Top Line P/6 Pessoas,OURO FINO
17073,Supercal Hidradata 15kg CH-III,ICAL
17084,Suporte para Calha Moldura 25,RC EFICAZ
17089,Suporte para Calha Moldura 30,RC EFICAZ
17096,Suporte para Placa 4x2,SLEEK
17113,Talhadeira Aço Chato N08'',SÃO ROMÃO
17115,Talhadeira SDS Plus 14x250mm,AQUATOOLS
17116,Tampa de Rosca com Anel Injetável P/tanques,FORTLEV
17122,Tampa para Caixa D'água de Polietileno 500L,FORTLEV
17124,Tampa para Caixa D'água em Polietileno,FORTLEV
17126,Conheça a Tampa para Caixa D'água em Polietileno 750L,FORTLEV
17130,Tampão em Latão N21 15mm,FORUSI
17133,Tampão em Latão N21 28mm,FORUSI
17134,Tanque Branco Gelo em Mármore Sintético Duplo N1 100x52cm,RORATO
17143,Tanque de Fibra Duplo Gelo 110x55cm,RORATO
17145,Tanque de Lavar Roupas Branco Ergonômico 40L,ASTRA
17146,Tanque de Lavar Roupas Branco Ergonômico 22L,ASTRA
17149,Tanque de Polietileno,FORTLEV
17150,Tanque de Polietileno 500L,FORTLEV
17153,Tanque de Polietileno 1.000L,FORTLEV
17154,Tanque de Polietileno 2.000L,FORTLEV
17157,Tanque de Polietileno 3.000L,FORTLEV
17159,Tanque de Polietileno 5.000L: Solução Robusta e Segura para Armazenamento de Água,FORTLEV
17163,Tanque Mármore Sintético Duplo 110x59cm Gelo Nº2,RORATO
17164,Tanque Polietileno,FORTLEV
17165,Tanque Simples de Mármore Sintético 55x41cm Gelo,RORATO
17169,Tanque Simples Mármore Sintetico 55x41cm Preto,RORATO
17172,Tanque Sintético Duplo Fibra 100x51cm Preto,RORATO
17174,Tanque Sintético Duplo Mármore 110x52cm Travertino,RORATO
17176,Tanque Sintético Duplo Cinza 100x52cm,RORATO
17178,Tanque Sintético Duplo Gelo 100x51cm,RORATO
17179,Tanque Sintético Duplo Cinza 110x55cm,RORATO
17180,Tanque Sintético Duplo Granitado Preto 110x55cm,RORATO
17183,Tanque Sintético Duplo Preto 100x52cm,RORATO
17185,Tanque Sintético Duplo Travertino 110x55cm,RORATO
17259,Te de Redução em Latão N20 22x1/2,FORUSI
17356,Te em Latão Curva Dupla N34 15x1/2,FORUSI
17358,Te em Latão Curva Dupla N34 22x3/4,FORUSI
17359,Te em Latão N19 15x1/2,FORUSI
17379,Tê Interno 1,AMANCO
17380,Te Latão Bronze N19 22x3/4,FORUSI
17382,Tê Latão n.15 22mm,FORUSI
17489,Tecla ABS P/acabamento Preto,CENSI
17493,Telha de Fibra de Vidro Translúcida 183X110cm,AFORT
17494,"Telha Cumeeira Normal Tod 15 Graus 1,10m",BRASILIT
17498,Telha de Fibra de Vidro Translúcida 244x50cm,AFORT
17499,"Telha de Fibrocimento 2,44x1,10m 5mm",BRASILIT
17500,"Telha de Fibrocimento Ondulada 1,83x1,10m 5mm",BRASILIT
17504,"Telha de Fibrocimento Ondulada 3,05x1,10m 6mm",BRASILIT
17505,"Telha de PVC Colonial Americana Cerâmica 0,86x3,28m",PRECONVC
17507,"Telha em PVC Plan Cerâmica 2,42m X 0,88 m",PRECON
17509,Telha Fibra Translúcida 244x110Cm,AFORT
17512,"Telha Fibrocimento Fibrotex 2,44X0,50X4mm",BRASILIT
17513,Telha PVC Colonial Cerâmica 230x86cm,PRECON
17515,Telha PVC Colonial Marfim 328x86cm,PRECONVC
17516,"Telha PVC Colonial Marfim 2,30x0,86",PRECONVC
17520,"Telha PVC Plan Cerâmica 3,3Mx0,88M",PRECONVC
17523,"Telha Térmica de Fibrocimento Topcomfort 2,13x1,10m 6mm",BRASILIT
17536,Linha Wood Teca Castanho 200MM 6M,ARAFORROS
17537,Linha Wood Teca Noz 200MM 6M,ARAFORROS
17539,Origens 200mm3xm Tauari,TETO VINÍLICO
17541,Wood Teca Cinza,TETO VINÍLICO
17897,Toalheiro Barra Loren Loft Preto,LORENZETTI
17899,Toalheiro Barra Tempo 45cm,ROCA
17901,Toalheiro Barra Tempo Titanium Black 45cm,ROCA
17903,Toalheiro Barra Tempo Titanium Black 60cm,ROCA
17913,Toalheiro de Barra Tempo Rose 60cm,ROCA
17915,Toalheiro Duplo 50cm Soul Aço Escovado,KROMMA
17916,Toalheiro Duplo Loren Like Cromado,LORENZETTI
17918,Toalheiro Quadratta Cromado,KROMMA
17921,Toalheiro em Barra Loren Like: Sofisticação e Funcionalidade para o Seu Banheiro,LORENZETTI
17925,Toalheiro Formato Barra de Parede Way 2040 C30 Cromado,LORENZETTI
17927,Toalheiro de Parede Argola 2050 C30 Cromado,LORENZETTI
17930,Toalheiro Barra Duplo Preto,LORENZETTI
18213,Bloqueio de Botão Emergência Códigos Iguais BBE,Tagout
18231,Bloqueio Ponte Rolante Grande 40x10mm BPRG,Tagout
18232,Bloqueio Ponte Rolante Extra Grande 54x10mm BPREXG,Tagout
18235,Bloqueio Ponte Rolante Médio 26x10mm BPRM,Tagout
18248,Blusão de Raspa com Fecho Velcro Gola Padre CA,Zanel
18251,Blusão de Raspa para Soldador Tamanho g CA 17818 9017 SÃO MANOEL,Sao Manoel
18252,Blusão de Raspa para Soldador Tamanho GG CA 17818 9017 SÃO MANOEL,Sao Manoel
18255,Blusão Raspa para Soldador com Fecho Velcro Gola Padre Tamanho g BR-TGV,Zanel
18257,Bobina de Arame MIG Tubular E71T-GS 0.80 mm com 1 kg GAS FREE,Esab
18261,Bobina de Arame MIG Tubular E71T-GS 0.80 mm com 5 kg GAS FREE,Esab
18263,Bobina de Arame MIG Tubular E71T-GS 1.00 mm com 1 kg GAS FREE,Esab
18268,Bobina de Arame MIG Tubular E71T-GS 1.00mm com 5 kg GAS FREE,Esab
18308,"Boina de Lã para Polimento 8""",Nove54
18318,Bolsa 20'' PACKOUT,Milwaukee
18319,Bolsa Colde para Ferramentas com Cliptech,Toughbuilt
18322,Bolsa Coldre para Ferramentas com Cliptech Multifunção,Toughbuilt
18324,Bolsa Coldre para Ferramentas com Cliptech para Instalador em,Toughbuilt
18326,Bolsa Coldre para Ferramentas com Cliptech para Mestre Eletricista,Toughbuilt
18328,Bolsa Coldre para Ferramentas com Cliptech Pequena,Toughbuilt
18330,Bolsa Coldre para Ferramentas com Cliptech,Toughbuilt
18332,Bolsa Coldre para Ferramentas Universal com Cliptech,Toughbuilt
18334,Bolsa Coldre para Furadeiras Compactas Cliptech,Toughbuilt
18339,Bolsa Coldre Universal para Ferramentas com Cliptech,Toughbuilt
18342,Bolsa de Ferramentas com 15 Peças Isoladas 1000V 98 99 13,Knipex
18348,"Bolsa de Lona para Ferramentas 19""",Stanley
18350,Bolsa de Nylon 35x15x5mm,Carbografite
18364,Bolsa de Selim para Bicicleta,Robust
18388,Bolsa de Transporte Rolling Massive Mouth l 14'',Toughbuilt
18390,Bolsa de Transporte Rolling Massive Mouth XL 18'',Toughbuilt
18391,Bolsa em Lona Aberta para Ferramentas CG 420,Carbografite
18406,Bolsa Fechada em Lona com Alça Regulável CG 425,Carbografite
18411,Bolsa de Transporte para Termovisor ONE,Flir
18415,Bolsa Nylon para Ferramentas 39x21x35cm,Carbografite
18416,Bolsa Nylon para Ferramentas 40x30x20cm,Carbografite
18418,Bolsa Nylon para Ferramentas Fechada 30x15x5cm,Carbografite
18421,Bolsa Nylon para Ferramentas Fechada 50x31x20cm,Carbografite
18430,Bolsa para Ferramentas 12'' com Abertura Ampla Massive Mouth,Toughbuilt
18432,"Bolsa para Ferramentas 12"" Reforçada com 13 Divisões",Stanley
18434,"Bolsa para Ferramentas 12""",Stanley
18438,"Bolsa para Ferramentas 14"" com 20 Bolsos",Dewalt
18439,Bolsa para Ferramentas 14'' com Rodas,Toughbuilt
18445,Bolsa para Ferramentas 15'' PACKOUT,Milwaukee
18450,Bolsa para Ferramentas 16'' com Abertura Massiva,Toughbuilt
18453,"Bolsa para Ferramentas 16""",Stanley
18454,"Bolsa para Ferramentas 18""",Milwaukee
18456,"Bolsa para Ferramentas 18"" com Rodas",Dewalt
18465,"Bolsa para Ferramentas 23"" com Rodas",Stanley
18478,Bolsa para Ferramentas com Cliptech com Caderno e Lápis,Toughbuilt
18480,Bolsa para Ferramentas com Rodas Lona,Cortag
18486,Bolsa para Ferramentas e Notebook 00 21 10 LE,Knipex
18491,Bolsa para Ferramentas em Lona 510mm com 18 Bolsos,Mtx
18493,Bolsa para Ferramentas em Lona,Robust
18508,Bolsa para Ferramentas Lona com Alça BLA 400,Cortag
18509,Bolsa para Ferramentas Lona 55x40x20cm,Carbografite
18512,Bolsa para Ferramentas Modulável Topo 10'' PACKOUT,Milwaukee
18515,Bolsa para Ferramentas Modulável Topo 15'' PACKOUT,Milwaukee
18516,Bolsa para Ferramentas Modulável Topo 20'' PACKOUT,Milwaukee
18520,Bolsa para Ferramentas Packout 58 Bolsos,Milwaukee
18524,Torquês Armador 12'',HALTEN
18525,Bolsa para Ferramentas Tipo Tote 8'' com Clipech e Bolsa,Toughbuilt
18527,Torques Armador 12 Hobby - a Escolha Certa para a Construção Civil,OPER
18529,Bolsa para Pochete e Coldre para Ferramentas com 7 Bolsos,Mtx
18530,"Torquês Azulejista Corte Reto 8"": Precisão e Eficiência",CORTAG
18531,Trava de Segurança 601 Externa Antique Roseta 527,HAGA
18535,Travesseiro para Banheiro de Hidromassagem Preto,OURO FINO
18536,Bolsa Pochete para Ferramentas 9'' Nylon,Stanley
18540,Bolsa Pochete Porta Ferramentas com 10 Bolsos Internos 14 Compartimentos Externos CG 406,Carbografite
18541,Bolsa Pochete para Ferramentas com 3 Bolsos Cinta Fivela CG 405,Carbografite
18542,Bolsa Porta Ferramentas para Cinto Eletricista com 19 Bolsos,Dewalt
18544,Bolsa Portátil para Laptop com Alça de Ombro,Toughbuilt
18554,Bomba Almotolia 500ML com Bico Rígido 2008,Lupus
18556,Bomba Almotolia Bico Rígido 250 ml 2007,Lupus
18561,Bomba de Abastecimento Elétrica,Bozza
18580,"Bomba de Ar para Encher Pneus com Pedal (Ref 3598100001, Nove54)",Nove54
18587,Bomba de Sucção Manual para Produtos Químicos 100ml 8182,Bremen
18592,Bomba de Teste Hidrostático 30BAR 12L RP 50 DIGITAL,Rothenberger
18599,Bomba de Transferência Manual Rotativa Diversos Fluídos 200 Litros,Lupus
18601,Bomba de Transferência Manual Rotativa para Tambores 9008,Lupus
18616,Bomba Elétrica de Teste 1580W Pressão 25 Bar Aço Inoxidável 12 Litros 220V,Ridgid
18693,Bomba Manual 2 Velocidades 2800BAR Simples Ação,Enerpac
18698,Bomba Manual com Tampa Capacidade 20 kg 7001,Lupus
18761,Bomba Manual para Líquidos Tipo Sifão,Nove54
18774,Bomba Manual para Transferência de Fluídos 50 a 220 Litros 7022-PP-G2 50,Bozza
18775,Bomba Manual para Transferência de Fluídos 50 a 220 Litros,Bozza
18778,União Cônica em Latão N.9 22mm,FORUSI
18779,Bomba Manual para Transferência de Fluidos Tambor de 50-209 Litros,Bozza
18780,União Cônica em Latão N9 15mm,FORUSI
18783,União Cônica em Latão N9 28mm,FORUSI
18784,União Cônica em Latão N9 35mm,FORUSI
18799,União Latão n.9 15mm,FORUSI
18805,Bomba para Teste de Pressão 750 Psi 13.5L,Ridgid
18808,"Bomba Periférica 1 CV X 50 Metros X 1"" Bivolt 110/220V ACQUAPUMP",Ferrari
18814,"Bomba Periférica 1 CV X 65 Metros X 1"" Bivolt Monofásico",Ferrari
18826,Bomba Submersa 220V SAPPO DRAIN FIT EXTREME,Anauger
18832,"Bomba Submersa Mangote 6 Metros 3"" 75M3/H 15MCA BSR 3",Csm
18844,Bomba Submersa para Reservatório 1.1/2 750W 220V,Ferrari
18848,Bomba Submersa para Reservatório 1/2 CV 370W,Ferrari
18849,"Bomba Submersa para Reservatório 1"" 700L/H 450W 900",Anauger
18853,"Bomba Submersa para Reservatório 3/4"" 380W 500L/H 800",Anauger
18854,"Bomba Submersa para Reservatório 3/4"" 300W 500L/H 650",Anauger
18855,"Bomba Submersa para Reservatório 3/4"" 450W 220V 750L/H 700",Anauger
18859,"Bomba Submersa Vibratória para Poço 3/4"" 320W SAPPO 5G",Anauger
18860,"Bomba Submersa Vibratória para Poço 8"" 300W ECCO",Anauger
18862,Bomba Submersível 1CV 8500L/H 220V,Ferrari
18866,Bomba Submersível 6H X 7500L/H 400W 220V XKS,Ferrari
18867,"Bomba Submersível Mangote 6mts 2"" 27M3/H",Toyama
18872,Bomba Submersível para Reservatório 1 CV 750W,Gamma
18874,Bomba Teste Hidrostático 30BAR 4.5L RP 30,Rothenberger
18875,Bomba Teste Hidrostática 0 a 725PSI (50BAR) RP50,Merax
18893,Boné de Proteção Preto com Regulagem,Carbografite
18894,Boné de Proteção Azul Marinho com Regulagem,Carbografite
18926,Varal de Chão Summer em Aço 91x51cm,SECALUX
18927,Varal de Teto Mônaco em Aço 120x56cm,SECALUX
18929,Varal Sanfonado em Aço 1m Branco,SECALUX
18931,Vaso de Fibra Cônico Moderno 38cm Preto,JAPI
18932,Vaso Bacia Octogonal Jeans 57cm,JAPI
18934,Vaso em Polipropileno Bacia Safira Pedra 10cm,AFORT
18939,Vaso Octogonal JVOCJ46 Jeans 44 cm,JAPI
18946,Vaso Sanitário Branco para Caixa Acoplada Art,INCEPA
18955,Vaso Sanitário Convencional Thema Branco,INCEPA
18963,Vaso Sanitário Convencional Branco Boss: Elegância e Eficiência para o Seu Banheiro,INCEPA
18964,Vaso Sanitário para Caixa Acoplada Thema Plus Branco,INCEPA
18965,Vaso Sanitário para Caixa Acoplada Like Branco,INCEPA
18967,Vaso Sanitário para Caixa Acoplada Bali Plus Branco,INCEPA
18972,Bota de PVC Cano Curto Branca Acqua Flex CA,Bracol
18975,Bota de PVC Cano Curto Preta Acqua Flex CA,Bracol
18978,Bota de PVC Cano Longo Branca Acqua Lev CA,Bracol
18979,Vaso Sanitário para Caixa Acoplada Branco Matte Boss,INCEPA
18980,Bota de PVC Cano Longo Preta ACQUA LEV CA,Bracol
18981,Bota Motosafe de PVC Sola Amarela CA,Bracol
18989,Vaso Tanque de Expansão 24L,KOMECO
18990,Vaso Tanque de Expansão 50L,KOMECO
18991,Vaso Tanque de Expansão 30L,KOMECO
19008,Ventilador de Teto Aura com 3 Pás Branco 127V,TRON
19011,Ventilador de Teto Aura com 3 Pás Branco e Transparente 127V,TRON
19012,Ventilador de Teto Citrino 3 Pás 127V Branco,TRON
19014,Ventilador de Teto Citrino 3 Pás 127V Preto,TRON
19016,Ventosa de Sucção Manual,CORTAG
19023,Botão 30mm Plástico Vermelho 22mm,Siemens
19035,"Botão Comutador com Manopla Curta D0 Fixa 0-1 Metálica 22,5mm",Steck
19039,"Botão Comutador com Manopla Curta D0 Fixa 0-1 Plástica 22,5mm",Steck
19040,"Botão Comutador com Manopla Curta D2 Retorno 0-1 Metálica 22,5mm",Steck
19042,"Botão Comutador com Manopla Curta D2 Retorno 0-1 Plástica 22,5mm",Steck
19044,Botão Comutador com Manopla Curta Fixa 0-2 Metálica 22mm 1NA+1NF,Schneider
19047,Botão Comutador com Manopla Curta Fixa 0-1 Plástica 22mm 1NA,Schneider
19049,Botão Comutador com Manopla Curta Fixa 0-2 Metálica 22mm 1NA,Schneider
19050,Botão Comutador com Manopla Curta Fixa 0-3 Metálica 22mm 2NA,Schneider
19052,"Botão Comutador com Manopla Curta Fixa 1-0-2 Plástica 22,5mm 2NA",Schneider
19055,"Botão Comutador com Manopla Curta T0 Fixa 1-0-2 Metálica 22,5mm",Steck
19056,"Botão Comutador com Manopla Curta T3 Retorno 1-0-2 Metálica 22,5mm",Steck
19057,"Botão Comutador com Manopla Curta T0 Fixa 1-0-2 Plástica 22,5mm",Steck
19060,"Botão Comutador com Manopla Curta T3 Retorno 1-0-2 Plástica 22,5mm",Steck
19062,"Botão Comutador com Manopla Longa D0 Fixa 0-1 Plástica 22,5mm",Steck
19063,"Botão Comutador com Manopla Longa D0 Fixa 0-1 Metálica 22,5mm",Steck
19067,"Botão Comutador com Manopla Longa T0 Fixa 1-0-2 Plástica 22,5mm",Steck
19068,"Botão Comutador com Manopla Longa T0 Fixa 1-0-2 Metálica 22,5mm",Steck
19071,"Botão Comutador com Manopla Longa T3 Retorno 1-0-2 Metálica 22,5mm",Steck
19073,"Botão de Impulsão Soco Metálico Vermelho 40mm Encaixe 22,5mm",Steck
19074,"Botão de Impulsão Metálico Amarelo 22,5mm",Steck
19075,"Botão de Impulsão Soco Plástico Vermelho 60mm Encaixe 22,5mm",Steck
19076,Botão de Impulsão Metálico Amarelo 22mm 1NA,Schneider
19077,"Botão de Impulsão Metálico Azul 22,5mm",Steck
19078,"Botão de Impulsão Metálico Preto 22,5mm",Steck
19079,"Botão de Impulsão Metálico Verde 22,5mm",Steck
19080,Botão de Impulsão Metálico Preto 22mm NA+NF,Schneider
19081,Botão de Impulsão Metálico Verde 22mm 1NA,Schneider
19082,"Botão de Impulsão Metálico Vermelho 22,5mm",Steck
19083,Botão de Impulsão Metálico Vermelho 22mm NA+NF,Schneider
19084,"Botão de Impulsão Plástico Amarelo 22,5mm",Steck
19085,"Botão de Impulsão Plástico Azul 22,5mm",Steck
19086,"Botão de Impulsão Plástico Branco 22,5mm",Steck
19087,"Botão de Impulsão Plástico Preto 22,5mm 1NA",Schneider
19089,"Botão de Impulsão Plástico Verde 22,5mm 1NA (Ref XB5AA31)",Schneider
19090,"Botão de Impulsão Plástico Preto 22,5mm",Steck
19091,"Botão de Impulsão Plástico Verde 22,5mm 1NA (Ref XB7NA31)",Schneider
19093,"Botão de Impulsão Plástico Verde 22,5mm",Steck
19094,"Botão de Impulsão Plástico Vermelho 22,5mm 1NA",Schneider
19095,Botão de Impulsão Plástico Vermelho 22mm 1NF,Schneider
19098,"Botão de Retenção Soco Metálico Vermelho 30mm Encaixe 22,5mm",Steck
19099,"Botão de Impulsão Plástico Vermelho 22,5mm",Steck
19100,"Botão de Retenção Soco Metálico Vermelho 40mm Encaixe 22,5mm",Steck
19101,"Botão de Retenção Soco Metálico Vermelho 60mm Encaixe 22,5mm",Steck
19102,"Botão de Retenção Soco Plástico Vermelho 40mm Encaixe 22,5mm (Ref SLPFN1R4, Steck)",Steck
19103,"Botão de Retenção Soco Plástico Vermelho 40mm Encaixe 22,5mm (Ref XB7NS8442, Schneider)",Schneider
19104,"Botão de Retenção Soco Plástico Vermelho 30mm Encaixe 22,5mm",Steck
19106,Botão de Retenção Soco Vermelho 40mm Encaixe 22mm,Schneider
19110,"Botão Liga/desliga Duplo Metálico Faceado 22,5mm SLMDNR",Steck
19111,"Botão Liga/desliga Duplo Metálico Saliente 22,5mm SLMDN",Steck
19112,"Botão Liga/desliga Duplo Plástico Faceado 22,5mm SLPDNR",Steck
19113,"Botão Liga/desliga Duplo Plástico Saliente 22,5mm SLPDN",Steck
19114,"Botão Liga/desliga Duplo Plástico Saliente Luminoso 22,5mm SLPDL",Steck
19135,Botão Soco em Plático 22 mm Vermelho,Schneider
19136,Botina de Segurança Bidensidade Elástico sem Bico,U-safe
19137,Botina de Segurança de Couro Preto com Bico de Aço,Bravo
19138,Botina de Segurança de Elástico em PU e Bico Composite CA,Bracol
19139,Botina de Segurança de Couro Preto com Bico de PVC,Bravo
19140,Botina de Segurança Elástico Lateral Solado Isolante Poliuretano CA,Bracol
19141,Botina de Segurança Marrom com Cadarço e Bico de PVC,Bracol
19142,Botina de Segurança em Couro de Amarrar Bico Composite CA,Bracol
19143,"Botina de Segurança Marrom com Cadarço e Bico de PVC CA (Ref 40872, Bracol)",Bracol
19144,Botina de Segurança Marrom Poliuretano de Amarrar sem Bico Nobuck Bidensidade CA,Bracol
19145,Botina de Segurança Preta com Elástico Bico de Aço Solado Bid,Bracol
19146,Botina de Segurança Preta com Cadarço com Bico de Aço Nº 45,Bracol
19147,Botina de Segurança Microfibra Biqueira Composite Bidensidade Solado Estabilizador Preta CA,Bracol
19148,Botina de Segurança Preta com Cadarço e Bico de PVC CA,Bracol
19149,Botina de Segurança Preta com Elástico Bico de Composite CA,Bracol
19150,Botina de Segurança Preta com Elástico Bico de PVC CA,Bracol
19151,Botina de Segurança Preta com Elástico de Bico PVC CA,Bracol
19152,Botina de Segurança Preta PU com Bico de Aço CA,Bracol
19153,Botina de Segurança Preta PU com Cadarço Bico de PVC CA,Bracol
19154,Botina de Segurança PU com Bico de Aço N°39,U-Safe
19155,Botina Segurança Preto Poliuretano Amarrar com Biqueira Composta Couro Bidensidade CA,Bracol
19156,Botoeira Comando Controle 4 Botões + 1 Emergência PL05,Steck
19157,Botina de Segurança PU com Bico de Aço N°40,U-Safe
19158,Botina de Segurança PU com Bico de Aço N°43,U-Safe
19159,"Botoeira de Comando com 1 Furo 22,5mm SQ1K",Steck
19160,"Botoeira de Comando com 2 Furos 22,5mm SQ2K",Steck
19161,"Botoeira de Comando com 3 Furos 22,5mm SQ3K",Steck
19162,Botoeira de Comando Botão Impulsão,Steck
19164,Botoeira de Comando com 3 Furos para Movimentação,Schneider
19170,Brilha Inox 300ml/200g E-nox Shine,Walter Abrasivos
22349,Broxa Redonda 75mm 799,Atlas
22356,Brunidor de Camisas de Cilindro,Raven
22359,Brunidor de Camisa de Cilindro para Veículos de Passeio,Raven
22521,Cabeçote Deseintegrador Helicoidal HW 80x80x30mm 6 Dentes 3200.01,Indfema
22523,Cabeçote de Corte FS160/220/280/290/300/350/380/460 AUTO-CUT 46-2,Stihl
22524,"Cabeçote Manual 1/8"" a 2""",Ridgid
22525,Cabeçote Crimpador sem Matriz para Crimpadora Elétrica 4P-6 4PIN,Ridgid
22526,"Cabeçote para Rosqueadeira 2.1/2"" a 4"" BSPT 1224 914 Abertura Automática",Ridgid
22527,"Cabeçote Tarraxa 1/8"" NPT 00-R",Ridgid
22528,Cabeçote de Fim de Curso Angular sem Haste,Schneider
22530,"Cabeçote Tarraxa 3/8"" NPT 00-R",Ridgid
22531,Cabeçote Tarraxa BSPT 1.1/2'' 12-R,Ridgid
22532,Cabeçote Tarraxa NPT 1'' 00-R,Ridgid
22533,Cabeçote Tarraxa BSPT 1'' 00-R,Ridgid
22534,Cabeçote Tarraxa BSPT 3/4'' 00-R,Ridgid
22535,Cabeçote Tarraxa NPT 1/2'' 00-R,Ridgid
22536,Cabeçote Tarraxa NPT 1/4'' 00-R,Ridgid
22538,Cabeçote Tarraxa NPT 3/4'' 00-R,Ridgid
22539,Cabeçote Vazador,Ridgid
22837,Cabos de Teste Fotovoltaicos Solares MC4 TA89,Flir
22838,Cabos de Teste Fotovoltaicos Solares Duplo TA90,Flir
22843,Cacamba Guincho Coluna 48 Litros PA-200 a 1000,Maqtron
22844,Caçamba para Guinchos de Coluna 50 Litros,Csm
22850,Cadeado de Latão 30/75mm Haste Longa,Pado
22855,Cadeado de Latão 30mm com Segredos Iguais S1,Pado
22856,Cadeado em Latão 60mm CR60,Papaiz
22857,Cadeado de Latão com Segredo 25mm,Stam
22858,Cadeado em Latão 20mm Verde SM LT-20 COLOR,Pado
22859,Cadeado Latão 20mm Segredo CR20 KA1,Papaiz
22860,Cadeado Latão 20mm CR20,Papaiz
22864,Cadeado Latão 25mm Segredo CR25 KA1,Papaiz
22866,Cadeado Latão 30mm CR30,Papaiz
22867,Cadeado Latão 30mm LT-30 S4,Pado
22868,Cadeado Latão 35/75mm de Haste Longa SM,Pado
22869,Cadeado Latão 35mm com Haste Longa,Pado
22871,Cadeado Latão 35mm CR35,Papaiz
22873,Cadeado Latão 40mm CR40,Papaiz
22874,Cadeado Latão 45mm CR45,Papaiz
22875,Cadeado Latão 40mm Tetra Segredos Iguais S1 SM LT-T40 S1,Pado
22876,Cadeado Latão 50mm CR50,Papaiz
22878,Cadeado Latão 50mm Treta,Papaiz
22879,Cadeado Latão 50mm Treta Segredos Iguais CRT50 KA1,Papaiz
22881,Cadeado Latão 60mm Treta,Papaiz
22886,Cadeado Latão 70mm CR70,Papaiz
22887,Cadeado Latão com Segredo 40mm,Stam
22978,Caixa Aço Inox de Bloqueio em Grupo para 13 Cadeados,Tagout
22979,Caixa Baú com Bandeja Removível 80cm 16,Fercar
22991,"Caixa de Bloqueio em Aço 28,5x15,5x16cm para 26 Cadeados",Tagout
22992,Caixa de Embutir 6x6 Octogonal Prolongável 2134,Coflex
22999,Caixa de Embutir Drywall 4x2 108mm de Comprimento,Pial
23000,Caixa de Embutir Alvenaria 4x4 Retangular,Pial
23003,Caixa de Embutir Estanque 4x2,Pial
23004,"Caixa de Embutir Drywall 4x4 (Ref 6890-25, Pial)",Pial
23008,Caixa de Pasagem Cega PVC 100x100x60mm IP65,Steck
23066,"Caixa de Uso Empilhável Stacktech 19"" sem Tampa",Toughbuilt
23067,Caixa Externa Porta Componentes SM-J,Marcon
23073,Caixa Inspeção Aterramento 250x250,Paratec
23204,Caixa para Placa 1-3 Módulo Sistema X,Pial
23205,Caixa Passagem PVC Cega IP65 251x150x107mm,Steck
23307,Caixa Sanfona Reforçada com 7 Gavetas 507R,Marcon
23352,"Calandra Chapa Manual 300 mm X 2,0 mm",Manrod
23353,Calço de Metal Duro para Suporte DDJN - 15,Blacktools
23354,Calço Ergonômico HD para Pneu de Caminhão 26kg 1.33.1859,Agmov
23355,Calço de Metal Duro para Suporte,Blacktools
23356,Calço de Metal Duro para Suporte SVJB 16,Blacktools
23360,Calço para Suporte DWLN- 08 5322.331.12,Blacktools
23362,Calço para Suporte S25-DCL-12 5322.236.03,Blacktools
23363,Calco Rosca,Vargus
23672,Calibre Cônico Medição Furo 3-16mm 0.1mm,Insize
23674,Calibre de Ângulo de 1 a 45° com 20 Peças,Insize
23687,Calibre de Folga 0.03 a 1mm 100mm de 32 Peças,Insize
23691,Calibre de Folga 0.03mm rolo de 5 Metros,Insize
23692,Calibre de Folga 0.04 a 1mm 75mm com 25 Peças,Insize
23696,Calibre de Folga 0.04 a 6mm Tipo Cunha,Insize
23698,Calibre de Folga 0.05 a 15mm Tipo Cunha,Insize
23700,Calibre de Folga 0.05 a 1mm 100mm de 13 Peças,Insize
23702,Calibre de Folga 0.05 a 1mm 100mm de 20 Peças,Insize
23705,Calibre de Folga 0.05 a 1mm 150mm de 20 Peças,Insize
23707,Calibre de Folga 0.05 a 1mm 150mm de 13 Peças,Insize
23719,Calibre de Folga 0.05mm rolo de 5 Metros,Insize
23725,Calibre de Folga 0.12mm rolo 5 Metros,Insize
23726,Calibre de Folga 0.10mm rolo de 5 Metros,Insize
23731,Calibre de Folga 0.15mm rolo 5mts,Insize
23736,"Calibre de Folga 0,5 a 10mm Tipo Unha K7",Insize
23744,Calibre de Folga 0.80mm rolo 5mts,Insize
23745,Calibre de Folga 100mm 0.02 a 1mm com 17 Peças,Insize
23747,Calibre de Folga 1.00mm rolo 5mts,Insize
23750,Calibre de Folga Avulso 0.50mm com 10 Peças,Insize
23751,"Calibre de Folga em rolo de 5 Metros 0,04mm",Insize
23752,Calibre de Folga Avulso 0.02mm com 10 Peças,Insize
23755,"Calibre de Folga em rolo de 5 Metros 0,06mm",Insize
23756,"Calibre de Folga em rolo de 5 Metros 0,07mm",Insize
23757,"Calibre de Folga em rolo de 5 Metros 0,08mm",Insize
23758,"Calibre de Folga em rolo de 5 Metros 0,09mm",Insize
23759,"Calibre de Folga em rolo de 5 Metros 0,25mm",Insize
23760,"Calibre de Folga em rolo de 5 Metros 0,20mm",Insize
23761,"Calibre de Folga em rolo de 5 Metros 0,30mm",Insize
23762,"Calibre de Folga em rolo de 5 Metros 0,40mm",Insize
23763,"Calibre de Folga em rolo de 5 Metros 0,50mm",Insize
23766,"Calibre de Folga Longo 0,05 a 1mm Tipo Leque",Insize
23784,Calibre de Folga Tipo rolo com 0.02mm de 5 Metros,Insize
23785,"Calibre de Furo 0.45 a 1.50mm 20 Peças 113,0008",Zaas
23797,Calibre de Raio Côncavos e Convexos 25 a 40mm com 31 Peças,Insize
23798,Calibre de Raios 15.5 a 25mm com 30 Peças,Insize
23799,"Calibre de Raios Côncavos e Convexos 1 a 6,50mm 600.000",Kingtools
23801,Calibre de Raios Côncavos e Convexos 15 a 25mm 600.002,Kingtools
23802,"Calibre de Raios Côncavos e Convexos 7 a 14,5mm 600.001",Kingtools
23807,"Calibre de Rosca 0,25 a 7mm",Insize
23813,"Calibre de Rosca Anel Não Passa M8 X 1,25 6G",Insize
23814,"Calibre de Rosca Anel Não Passa M12x1,50",Kingtools
23817,"Calibre de Rosca Tampão 3/16""-24 TPNP BSW",Kingtools
23818,Calibre de Rosca Métrica 2 a 20mm Trapedoizal,Insize
23820,"Calibre de Rosca Tampão M5 X 0,5 6H TPNP M5",Kingtools
23827,Calibre para Chanfros 30x15mm,Insize
23828,Calibre Rosca 0.4 a 7.0mm/4 a 62mm Métrico/withorth,Insize
23829,Calibre Rosca 0.4 a 7mm 4-42 Métrica/unificada 60°,Insize
23830,Calibre Rosca 4 a 62FPP Withworth 55Gr,Insize
23831,Calibre Rosca 1 a 12TPI Métrico Trapedoizal,Insize
23833,Calibres para Dentes de Engrenagens 0.35-4.5mm 15 Peças,Insize
23837,Câmera de Imagem Térmica 464X348 Pixels 30Hz T840 24° 14° (Ref 145440),Flir
23838,Câmera de Imagem Térmica 464X348 Pixels 30Hz T840 24° 42°,Flir
23839,Câmera de Imagem Térmica 464X348 Pixels 30Hz T840 14°,Flir
23840,Câmera de Imagem Térmica 464X348 Pixels 30Hz T840 24° 14° (Ref 145442),Flir
23841,Câmera de Imagem Térmica 464X348 Pixels 30Hz T840 24°,Flir
23842,Câmera de Imagem Térmica 464X348 Pixels 30Hz T840 42° 14°,Flir
23843,Câmera de Imagem Térmica 464X348 Pixels 30Hz T840 42°,Flir
23844,Câmera de Imagem Térmica 480X640 Pixels I65,Flir
23845,Câmera de Imagem Térmica 640X480 Pixels 30Hz T865 14°,Flir
23846,Câmera de Imagem Térmica 640X480 30Hz T865 24° 42°,Flir
23847,Câmera de Imagem Térmica 640X480 Pixels 30Hz T865 42°,Flir
23848,Câmera de Imagem Térmica 640X480 Pixels 30Hz T865 24° 14°,Flir
23849,Câmera de Inspeção Boroscópio Digital 5.50mm X 1mt com Sonda,Hikari
23850,Câmera de Inspeção Boroscópio Visual e Térmica 160X120 Pixels,Flir
23852,"Câmera de Inspeção Digital 3.5"" 90mm Micro",Ridgid
23857,Câmera Inspeção Boroscópio com Articulação 4 Vias e Sonda 3.9mm X 2m,Flir
23858,Câmera Inspeção Boroscópio com Articulação 4 Vias e Sonda 6mm X 2m,Flir
23859,Câmera Inspeção Boroscópio com Carretel de Encanamento 10mm X 25m,Flir
23860,Câmera Inspeção Boroscópio com Carretel de Encanamento 30mm X 30m,Flir
23861,Câmera Inspeção Boroscópio com Sonda 5.5mm X 1m,Flir
23862,Câmera Inspeção Boroscópio com Sonda Articulada Bidirecional 4.5mm X 1m,Flir
23863,Câmera Inspeção Boroscópio com Sonda Térmica Infravermelho 19mm X 1m,Flir
23864,Câmera Inspeção Boroscópio Dupla HD com Sonda 4.9mm X 1m,Flir
23865,Câmera Inspeção Boroscópio HD com Sonda 5.5mm X 1m,Flir
23867,Câmera Inspeção Boroscópio Visual e Térmica 160x120 Pixels com Sonda 1m,Flir
23868,Câmera Inspeção Boroscópio Visual e Térmica 160x120 Pixels com Sonda 2 Metros,Flir
23871,Câmera Padrão Seesnake com Truesense 35mm,Ridgid
23873,Canaleta Lisa 2m 30x30 Cor Cinza 101.071,Dutoplast
23875,Canaleta Lisa 2m 30x50 101.072,Dutoplast
23876,Canaleta Lisa 2m 50x50mm 101.073,Dutoplast
23877,Canaleta Lisa 2m 80x50 Cor Cinza 101.074,Dutoplast
23878,Canaleta Lisa 2m 50x80mm 101.079,Dutoplast
23882,Canaleta Piso 2m 25x12mm 512.196,Dutoplast
23884,Canaleta Piso 2m 50x20mm 512.198,Dutoplast
23885,Canaleta Piso 2m 50x10mm 512.197,Dutoplast
23887,Canaleta PVC 2 Metros 30x80mm Recorte Aberto Cinza CRR-RA,Dutoplast
23888,Canaleta PVC 2 Metros 80x80mm Recorte Aberto Cinza CRR-RA,Dutoplast
23889,Canaleta PVC 2mt 20x12mm sem Divisória Fita Branco Dexson,Schneider
23890,Canaleta PVC 2 Metros 50x20mm com Divisória Branco,Pial
23891,Canaleta Recorte 2m 50x50 105.073,Dutoplast
23892,Canaleta Recorte Aberto 2m 30x50 105.072,Dutoplast
23893,Canaleta Recorte Aberto 2m 50x80 105.079,Dutoplast
23894,Canaleta Recorte Aberto 2m 30x30 105.071,Dutoplast
23895,Canaleta Recorte Fechado 2m 110x50mm 109.076,Dutoplast
23896,Canaleta Recorte Aberto 2m 22x22 105.070,Dutoplast
23897,Canaleta Recorte Fechado 2m 30x50mm 109.072,Dutoplast
23898,Canaleta Recorte Aberto 2m 110x50mm 105.076,Dutoplast
23899,Canaleta Recorte Aberto 2m 80x50 105.074,Dutoplast
23900,Canaleta Recorte Fechado 2m 50x50 109.073,Dutoplast
23901,Canaleta Recorte Fechado 2m 30x30mm 109.071,Dutoplast
23902,Canaleta Recorte Fechado 2m 22x22mm 109.070,Dutoplast
23903,Canaleta Recorte Fechado 2m 50x80mm 109.079,Dutoplast
23905,Canaleta Recorte Fechado 2m 80x50mm 109.074,Dutoplast
23910,Caneta de Gravação Pneumática 11.400BPM,Chicago
23911,Caneca de Sucção 1 Litro,Devilbiss
23912,Caneca Gravidade Plástico,Devilbiss
23922,Caneta Marcadora para Metais Pneumática 13.000 BPM,Puma
23923,Caneta Marcadora Pneumática 3.400 BPM,Puma
23927,Caneta para Afiador de Tugstênio,Carbografite
23935,Canivete Multiuso 10 em 1,Robust
23945,Cantil Safari 1 Litro Verde Mate 09003.3100.39,Soprano
23946,Capa Corte Plasma 70A para Powercut,Esab
23947,Capa Corte Plasma 90A para Powercut,Esab
23948,Capa Curta para Tocha TBI SR,Esab-Tbi
23950,Capa de Ar Sucção,Devilbiss
23951,Capa de Chuva em PVC Amarela Tamanho GGG,Carbografite
23952,Capa de Chuva Forrada Plus Amarela 320,Brascamp
23956,Capa de Pressão de Ar N67 JGA,Devilbiss
23957,Capa de Chuva Forrada Plus Amarela Tam GG 326,Brascamp
23962,Capa de Proteção 60A para Tocha Handyplasma,Esab
23969,Capa Longa para Tochas TBI SR,Esab-Tbi
23971,"Capa Protetor para Disco 4""",Puma
23972,"Capa Protetor para Disco 7""",Puma
23973,"Capa Protetor para Disco 5""",Puma
23984,Capacímetro Digital CAT II 600V,Hikari
23987,Carburador C1S-S3H para Roçadeira,Stihl
23989,Carcaça Base Baixa 1 Trava 16P,Steck
23992,Carcaça Base Baixa 1 Trava 10P,Steck
24109,Carretel de Corte Trimcut de Nylon 120R/KM85R/FR220/TRIM-CUT C 32-2,Stihl
24114,Carretel de Nylon para Roçadeira TRIM-CUT 42-2,Stihl
24116,Carretel de Nylon para Roçadeira,Trapp
24118,Carretel e Sonda de Encanamento 10mm X 25m,Flir
24120,Carretel e Sonda de Encanamento 30mm X 30m para VS80,Flir
24122,Carretel Giz de Linha SPEEDLINE 30 Metros,Irwin
24131,Carretel Retrátil para Água 1/2'',Bozza
24135,Carretel Retrátil para Ar 1/2'',Bozza
24466,Carro Aberto com Painel para Transporte de Componentes,Marcon
24471,"Carro Armazém com Capacidade de 180 kg e Rodas Maciças 8""",Fercar
24472,Carro Armazém Alumínio Dobrável com Capacidade para 60Kg,Stanley
24474,Carro Armazém com Capacidade de 200Kg Rodas Pneumáticas,Stanley
24475,Carro Armazém com Capacidade de 200 kg e Rodas Maciças,Marcon
24476,Carro Armazém Dobrável com Capacidade de 120 kg,Stanley
24477,Carro Armazém Dobrável com Capacidade de 120Kg 3 Rodas,Stanley
24479,Carro Armazém Dobrável com Capacidade de 70Kg,Stanley
24480,Carro Armazém Reforçado com Capacidade de,Stanley
24481,Carro Armazém/plataforma de Alumínio 2 em 1,Riosul
24483,Carro de Transporte para Armazém com Capacidade para Até 300 kg TM-2,Marcon
24484,Carro Entornador de Tambor com Capacidade de 300 kg TM-6,Marcon
24485,Carro Esteira Dobrável para Mecânico 2 em 1 07 0031,Riosul
24490,Carro Esteira para Mecânico 1100x465x120mm Plástico com Encosto Cabeça,Bovenau
24493,Carro Esteira para Mecânico com Encosto 90Kg,Nocram
24496,Carro Esteira para Mecânico com Encosto Azul CE01,Fercar
24498,Carro Esteira para Mecânico com Encosto para Cabeça e Porta-ferramentas Plástico Azul 9500,Bremen
24503,Carro Gari para Transporte de Lixo 88 Litros,Marcon
24509,Carro Pantográfico Hidráulico/elétrico 1500kg 1150mmx680mm (8 Metros) PPE 1500,Paletrans
24511,Carro Pantográfico Hidráulico 350kg 910mm X 500mm Aproximação Rápida (1.3MTS) Roda PU,Bovenau
24512,Carro Pantográfico Hidráulico 1000kg 1150mmx680mm (0.8mts) PP 1000,Paletrans
24513,Carro Pantográfico Manual LT 1000,Paletrans
24514,Carro para Ferramentas 1 Gaveta Menor e 2 Gavetas Medias,Nocram
24517,Carro para Ferramentas 3 Gaveta,Nocram
24523,Carro para Ferramentas Aberto 3 Gaveta NC-8,Nocram
24532,Carro para Transporte de Cilindros de Oxigênio/acetileno com Corrente,Marcon
24533,Carro para Transportar Cilindro de Oxigênio TM-9,Marcon
24534,Carro para Transporte de Oxigênio 2 Cilindros (Ref TM-22),Marcon
24535,Carro para Transporte de Oxigênio 2 Cilindros (Ref TM-90),Marcon
24536,Carro para Transporte de Tambor 300Kg TM-5,Marcon
24537,Carro para Transporte de Tambor Capacidade para 300 kg,Marcon
24538,Carro Plataforma Aberto com Capacidade de,Marcon
24539,Carro Plataforma com Tampo em Aço Capacidade,Marcon
24540,Carro Plataforma de Aço com Capacidade para 150 kg,Marcon
24541,Carro Plataforma em Aço com Capacidade,Marcon
24542,Carro Plataforma Aço Dobrável para Transporte de Carga,Riosul
24543,Carro Plataforma Fechado com Tela Capacidade de 300 kg,Marcon
24544,Carro Plataforma de Aço com Capacidade de,Fercar
24545,Carro Tartaruga para Transporte de Tambor Até 300 kg,Marcon
24546,Cartucho de Gás Butano 190g para Maçarico Portátil NTK CARTUCHO,Nautika
24547,Cartucho Plasma para Tocha SL60/100 PN:9-8213 CUTMASTER,Esab
24549,Cartucho para Cilindro de Gás Butano 190G para Maçarico Portátil NTK CARTUCHO,Nautika
24638,Cavatele para Veículos 2TON,Nove54
24641,Centelhador CG,Carbografite
24642,Centelhador Tipo Concha,Carbografite
24643,Central de Alta Pressão para Lavadoras Água Quente 380V HDC,Karcher
24644,Cera para Cavidade Anticorrosiva 1 Litro TEROSON WX 350,Loctite
24645,"Centralizador de Peças com Relógio 3mm 0,01mm",Insize
24646,Cera Cristalizadora 100g 3890200100 w,Wurth
24648,"Cesto Dobrável Multiuso 22"" 50 Litros",Stanley
24656,Chapa Alfabeto Vazada para Pintura 100mm 26 Peças 1360010 AMATOOLS,Noll
24657,Chapa Alfabeto Vazada para Pintura 20mm 26 Peças 1360006 AMATOOLS,Noll
24658,Chapa Alfabeto Vazada para Pintura 50mm 26 Peças 1360008 AMATOOLS,Noll
24659,Chapa Alfabeto Vazada para Pintura 35mm 26 Peças 1360007 AMATOOLS,Noll
24660,Chapa Alfabeto Vazada para Pintura 80mm 26 Peças 1360009 AMATOOLS,Noll
24661,Chapa Algarismos Vazada para Pintura 100mm 9 Peças 1360005 AMATOOLS,
24662,Chapa Algarismos Vazada para Pintura 50mm 9 Peças 1360003 AMATOOLS,
24663,Chapa Algarismos Vazada para Pintura 35mm 9 Peças 1360002 AMATOOLS,
24665,Chapa para Fecho Lingueta CHAPA,Tagout
24666,Chapa Algarismos Vazada para Pintura 80mm 9 Peças 1360004 AMATOOLS,
32388,Chumbador CBA 5/8'' X 165mm com Prisioneiro,Ancora
32393,Chumbador Químico Poliéster,Ancora
32394,Cilindro de Aço Ultra Baixo 100 Toneladas 16mm 86X102mm,Bovenau
32395,Chumbador Químico Metacrilato,Ancora
32396,Cilindro de Aço Ultra Baixo 5 Toneladas 6mm 33X39mm,Bovenau
32397,Cilindro de Aço Ultra Baixo 20 Toneladas 11mm 51X63mm,Bovenau
32399,Cilindro de Gás 100% Propileno 400gr TURBOMAP MARIEL,Nevada
32400,Cilindro de Metal Duro Retificado 5x100mm H6,Heinz
32401,Cilindro de Gás Butano e Propano 190g (Ref 185361),Nautika
32403,Cilindro de Gás Mappro Propileno 400g,Bernzomatic
32404,Cilindro de Gás Butano e Propano 190g,Nautika
32405,Cilindro de Metal Duro Retificado 6x100mm H6,Heinz
32407,Cilindro Gás Butano 227g para Maçarico Portátil,Nautika
32408,Cilindro de Metal Duro Retificado 8x100mm H6,Heinz
32409,Cilindro Gás Butano 227g para Maçarico Portátil Guepardo,Nautika
32410,Cilindro Gás MAP 400g Propileno,Rothenberger
32411,Cilindro Hidráulico 10 TON Aço Simples Ação 105mm 171X276mm,Bovenau
32412,Cilindro Hidráulico 10 Toneladas Curso 105mm Simples Ação,Enerpac
32413,Cilindro Hidráulico 10 TON Aço Compacto 38mm 88X126mm,Bovenau
32414,Cilindro Hidráulico 10 Toneladas Curso 203mm Simples Ação,Enerpac
32415,Cilindro Hidráulico 10 TON Simples Ação 356 X,Enerpac
32416,Cilindro Hidráulico 10 Toneladas com Conjunto de Bomba Manual (Ref SCL1002H),Enerpac
32417,Cilindro Hidráulico 10 Toneladas com Conjunto de Bomba Manual (Ref SCR102H),Enerpac
32418,Cilindro Hidráulico 10 Toneladas Curso 54mm Simples Ação,Enerpac
32419,Cilindro Hidráulico 10 Toneladas Curso 156mm Simples Ação,Enerpac
32420,Cilindro Hidráulico 100 Toneladas Curso 168mm Simples Ação,Enerpac
32421,Cilindro Hidráulico 100 Toneladas Curso 57mm Simples Ação,Enerpac
32422,Cilindro Hidráulico 12 Toneladas Simples 42x120mm,Enerpac
32423,Cilindro Hidráulico 15 Toneladas Curso 152mm Simples Ação,Enerpac
32424,Cilindro Hidráulico 15 Toneladas Curso 101mm Simples Ação,Enerpac
32425,Cilindro Hidráulico 15 Toneladas Curso 51mm Simples Ação,Enerpac
32426,Cilindro Hidráulico 20 TON Aço Compacto 45mm 98X143mm,Bovenau
32427,Cilindro Hidráulico 20 Toneladas Curso 11 mm Simples Ação,Enerpac
32428,Cilindro Hidráulico 20 Toneladas com Conjunto de Bomba Manual,Enerpac
32429,Cilindro Hidráulico 20 Toneladas Curso 150mm Simples Ação,Enerpac
32430,Cilindro Hidráulico 20TON Simples Ação 155X306MM,Enerpac
32431,Cilindro Hidráulico 25 TON Aço Simples Ação 50mm 165X215mm,Bovenau
32432,Cilindro Hidráulico 25 TON Aço Simples Ação 102mm 215X317mm,Bovenau
32433,Cilindro Hidráulico 25 TON Simples Ação 210X324MM,Enerpac
32434,Cilindro Hidráulico 25 TON Simples Ação 261X375MM,Enerpac
32435,Cilindro Hidráulico 25 Toneladas Curso 102mm Simples Ação,Enerpac
32436,Cilindro Hidráulico 25 Toneladas Curso 362mm Simples Ação,Enerpac
32437,Cilindro Hidráulico 25 Toneladas Curso 158mm Simples Ação,Enerpac
32438,Cilindro Hidráulico 25TON Simples Aço 26X140MM,Enerpac
32439,Cilindro Hidráulico 25Ton Simples Ação 5x165mm,Enerpac
32440,Cilindro Hidráulico 30 TON Aço Compacto 62mm 117X180mm,Bovenau
32441,Cilindro Hidráulico 5 TON Simples Ação 177 X 273mm RC57,Enerpac
32442,Cilindro Hidraulico 5 Toneladas 25mm RC51,Enerpac
32443,Cilindro Hidráulico 30 Toneladas Curso 62mm Simples Ação,Enerpac
32444,Cilindro Hidráulico 5 Toneladas Curso 127mm Simples Ação RC55,Enerpac
32445,Cilindro Hidráulico 5 Toneladas Curso 16mm Simples Ação RC50,Enerpac
32446,Cilindro Hidráulico 5 Toneladas Curso 79mm Simples Ação RC53,Enerpac
32447,Cilindro Hidráulico 50 TON Aço Compacto 60mm 122X182mm,Bovenau
32448,Cilindro Hidráulico 50 TON Aço Simples Ação 51mm 176X227mm,Bovenau
32449,Cilindro Hidráulico 50 Toneladas 16x66mm,Enerpac
32450,Cilindro Hidráulico 50 Toneladas com Conjunto de Bomba Manual,Enerpac
32451,Cilindro Hidráulico 50 Toneladas 101x227mm,Enerpac
32452,Cilindro Hidráulico 50 Toneladas Curso 159mm Simples Ação,Enerpac
32453,Cilindro Hidráulico 50 Toneladas Curso 51mm Simples Ação,Enerpac
32454,Cilindro Hidráulico 50 Toneladas Curso 337mm Simples Ação,Enerpac
32455,Cilindro Hidráulico 5TON Simples Ação 232X323MM RC59,Enerpac
32456,Cilindro Hidráulico 60 Toneladas 76x247mm,Enerpac
32457,Cilindro Hidráulico 60 Toneladas 153x323mm,Enerpac
32458,Cilindro Hidráulico Aço Simples 10 Ton 26mm 89 X,Bovenau
32459,Cilindro Hidráulico Aço Compacto 100 Ton 57mm 141 X,Bovenau
32460,Cilindro Hidráulico 60 Toneladas com Conjunto de Bomba Manual,Enerpac
32461,Cilindro Hidráulico 75 TON Simples Ação 16x79mm,Enerpac
32462,Cilindro Hidráulico Aço Simples 5 Ton 16mm 42 X 58mm,Bovenau
32463,Cilindro Hidráulico Alumínio Duplo 30 Toneladas 100 mm 251X351,Bovenau
32464,Cilindro Hidráulico com Haste Vazada 100 Toneladas Curso 76mm Simples Ação,Enerpac
32465,Cilindro Hidráulico com Haste Vazada 12 Toneladas Curso 76mm Simples Ação,Enerpac
32466,Cilindro Hidráulico com Haste Vazada 20 Toneladas Curso 49mm Simples Ação,Enerpac
32467,Cilindro Hidráulico com Haste Vazada 12 Toneladas Curso 8mm Simples Ação,Enerpac
32468,Cilindro Hidráulico com Haste Vazada 30 Toneladas Curso 155mm Simples Ação,Enerpac
32469,Cilindro Hidráulico Compacto 20 Toneladas Curso 45mm Simples Ação,Enerpac
32470,Cilindro Hidráulico Compacto 10 Toneladas Curso 11mm Simples Ação,Enerpac
32471,Cilindro Hidráulico com Haste Vazada 30 Toneladas Curso 64mm Simples Ação,Enerpac
32472,Cilindro Hidráulico Compacto 100 Toneladas Curso 16mm Simples Ação,Enerpac
32473,Cilindro Hidráulico Compacto 30 Toneladas Curso 13mm Simples Ação,Enerpac
32474,Cilindro Hidráulico Compacto 10 Toneladas Curso 38mm Simples Ação,Enerpac
32475,Cilindro Hidráulico Compacto 5 Toneladas Curso 6mm Simples Ação,Enerpac
32476,Cilindro Hidráulico de Aço Simples Vazão 30 Toneladas 64mm 178X243mm,Bovenau
32477,Cilindro Hidráulico Compacto 50 Toneladas Curso 60mm Simples Ação,Enerpac
32478,Cilindro Hidráulico de Aço Simples Vazão 60 Toneladas 153mm 323X476mm,Bovenau
32479,Cilindro Hidráulico de Aço Ultra Baixo 10 Toneladas 10mm 43X55mm,Bovenau
32480,Cilindro Metal Duro Retificado 10.00x100.00,Heinz
32482,Cinta Acolchoado Profissional com Cliptech,Toughbuilt
32523,Cinta Dupla para Ombro,Stihl
32610,Cinta Magnética para Manifold Digital 0564 1001,Testo
32627,"Cinta para Anel de Pistão Nº1 53-125mm 333,0001",Noll
32628,"Cinta para Anel de Pistão Nº3 53-175mm 4"" 333,0002",Noll
32629,"Cinta para Anel de Pistão Nº5 60-175mm 6"" 333,0003",Noll
32701,Cintel Carretilha para Maçarico,Condor
32702,Cintel e Carretilha 500mm para Maçarico de Corte,Carbografite
32707,Cinto de Segurança Paraquedista 010415610 CG,Carbografite
32708,Cinto de Segurança Paraquedista 010419910 EVOLUTION 2P,Carbografite
32709,Cinto de Segurança Paraquedista 010526910 CG,Carbografite
32710,Cinto de Segurança Paraquedista 010641510 CG 700 CG 343 AB,Carbografite
32711,Cinto de Segurança Paraquedista 010644810 CG,Carbografite
32712,Cinto de Segurança Paraquedista Blue Line 010692510 CG 1A,Carbografite
32713,Cinto de Segurança Paraquedista Blue Line 010692610 CG 2A,Carbografite
32714,Cinto de Segurança Paraquedista Blue Line 010692810 CG 2A 1P 1S,Carbografite
32715,Cinto de Segurança Paraquedista Blue Line 010692710 CG 1A 1P,Carbografite
32716,Cinto de Seguranca Paraquedista CG 760E,Carbografite
32717,Cinto de Seguranca Paraquedista com Talabarte em Fita CG 750W,Carbografite
32718,Cinto de Segurança Paraquedista Para-aramida 010527010 CG,Carbografite
32719,Cinto de Segurança Paraquedista Tam. 1 010556710 EVOLUTION 5i,Carbografite
32720,Cinto de Seguranca Paraquedista sem Talabarte CG 700,Carbografite
32721,Cinto de Segurança Paraquedista Tam. 1 010557410 EVOLUTION 3i,Carbografite
32722,Cinto de Segurança Paraquedista Tam. 1 010556410 EVOLUTION 5i PLUS,Carbografite
32723,Cinto de Segurança Paraquedista Tam. 1 010567110 EVOLUTION 3P,Carbografite
32724,Cinto de Segurança Paraquedista Tam. 1 010583110 EVOLUTION 7i,Carbografite
32725,Cinto de Segurança Paraquedista Tam. 1 010578510 CG,Carbografite
32726,Cinto de Segurança Paraquedista Tam. 1 CG 795EP VIVO,Carbografite
32727,Cinto de Segurança Paraquedista Tam. 1 010695910 CG 780E,Carbografite
32728,Cinto de Segurança Paraquedista Tam. 1 010664110 CG,Carbografite
32729,Cinto de Segurança Paraquedista Tam. 1 CG,Carbografite
32730,Cinto de Segurança Paraquedista Tam. 2 010556810 EVOLUTION 5i,Carbografite
32731,Cinto de Segurança Paraquedista Tam. 2 010484810 CG 780E,Carbografite
32732,Cinto de Segurança Paraquedista Tam. 2 CG 781E,Carbografite
32733,Cinto de Segurança Paraquedista Tam. 2 010581210 CG 795EP VIVO,Carbografite
32734,Cinto de Segurança Paraquedista Tam.2 010583210 EVOLUTION 7i,Carbografite
32735,Cinto de Segurança Paraquedista Tam. 2 010664210 CG,Carbografite
32736,Cinto de Segurança Paraquedista Tam. 2 CG,Carbografite
32737,Cinto de Segurança Paraquedista Tam. 3 010581310 CG 795EP VIVO,Carbografite
32738,Cinto de Segurança Paraquedista Tam. 2 EVOLUTION 3i,Carbografite
32739,Cinto de Segurança Paraquedista Tam. 2 EVOLUTION 5i PLUS,Carbografite
32740,Cinto de Segurança Paraquedista Tam. 3 CG 781E,Carbografite
32741,Cinto de Segurança Paraquedista Tam. 3 CG,Carbografite
32742,Cinto de Segurança Paraquedista Tamanho 1 CG,Carbografite
32743,Cinto de Segurança Paraquedista Tam. 3 EVOLUTION 3i,Carbografite
32744,Cinto de Segurança Paraquedista Tamanho 2 CG,Carbografite
32745,Cinto de Segurança Paraquedista Tamanho 3 CG 730E,Carbografite
32746,Cinto de Seguranca Paraquedista Tamanho 2 CG 730E,Carbografite
32747,Cinto de Segurança Paraquedista Tamanho 3 CG (Ref 790EP),Carbografite
32748,Cinto de Segurança Paraquedista Tamanho 3 CG (Ref 797EP),Carbografite
32749,Cinto de Segurança Paraquedista Tamanho 3 EVOLUTION 3P,Carbografite
32750,Cinto de Segurança Paraquedista Tamanho 3 CG (Ref 792EP),Carbografite
32751,Cinto de Segurança Paraquedista Tamanho 3 EVOLUTION 5i,Carbografite
32752,Cinto de Segurança Paraquedista Tamanho 3 EVOLUTION 7i,Carbografite
32753,Cinto de Segurança Paraquedista Tamanho 3 EVOLUTION 5i PLUS,Carbografite
32757,Cinto para Ferramentas com Bolso Lona,Cortag
32761,Cinturão de Segurança Paraquedista CG,Carbografite
32763,Cinturão para Ferramentas com 10 Bolsos em Lona,Irwin
32764,Cinturão para Ferramentas com 9 Bolsos,Stanley
32767,Cinturão para Trabalho,Toughbuilt
32777,Clip Porta Luvas CG,Carbografite
32778,Clip Porta Luvas Azul DA99,Danny
32823,Colete de Sinalização Verde Limão com Velcro Tamanho Único CG 01,Carbografite
32824,Colete de Sinalização Laranja com Velcro Tamanho Único CG 01,Carbografite
32827,Colete Refletivo CG 06,Carbografite
32829,Colete Refletivo com Zíper Tamanho Único CG (Ref 04-2B),Carbografite
32830,Colete Refletivo com Velcro Tamanho Único CG,Carbografite
32831,Colete Refletivo Laranja com Velcro Tamanho Único CG,Carbografite
32832,Colete Refletivo em X Laranja CG07,Carbografite
32833,Colete Refletivo com Zíper Tamanho Único CG (Ref 04-1B),Carbografite
32834,Colete Refletivo em X Verde Limão CG07,Carbografite
32835,Colete Refletivo Laranja com Velcro Tamanho Único CG 02,Carbografite
32836,Colete Refletivo Tipo X Laranja Diurno 423,Brascamp
32837,"Colete Refletivo Tipo ""X"" Laranja Noturno 1000",Eqpro
32838,Colete Refletivo Tipo X Verde Noturno 432,Brascamp
32839,Colete Refletivo Tipo X Laranja Noturno 426,Brascamp
32840,Colete Refletivo Tipo XH Verde 437,Brascamp
32842,Colete Refletivo Tipo XH Laranja 436,Brascamp
32843,Colete Refletivo Verde com Velcro sem Bolso,Vicsa
32852,Colher de Pedreiro 10'' 2002,Pacetta
32854,"Colher de Pedreiro 6""",Brasfort
32856,Colher de Pedreiro 6'' 2002,Pacetta
32858,"Colher de Pedreiro 7"" 2002",Pacetta
32859,"Colher de Pedreiro 8"" 2002",Pacetta
32862,"Colher de Pedreiro 9"" 2002",Pacetta
32865,"Colher Oval para Pedreiro 10"" (Ref 3354101000, Nove54)",Nove54
32866,"Colher Oval para Pedreiro 7"" (Ref 3354100700, Nove54)",Nove54
32867,"Colher Oval para Pedreiro 10"" Pintada Soldada",Cortag
32869,"Colher Oval para Pedreiro 8""",Nove54
32870,"Colher Oval para Pedreiro 8"" Forjada",Cortag
32872,"Colher Oval para Pedreiro 9"" (Ref 3354100900, Nove54)",Nove54
32876,"Colher Oval para Pedreiro 9"" Forjada",Cortag
32894,"Colher Reta para Pedreiro 10"" (Ref 3364101000, Nove54)",Nove54
32896,"Colher Reta para Pedreiro 7""",Nove54
32897,"Colher Reta para Pedreiro 8"" (Ref 3364100800, Nove54)",Nove54
32899,"Colher Reta para Pedreiro 9"" (Ref 3364100900, Nove54)",Nove54
32904,"Colher Reta para Pedreiro 9"" Fojada",Cortag
32959,Combo Kit 1 para Fluxo de Ar com Bluetooth 0563 4406 440,Testo
32962,Combo Kit 1 para Fluxo de Ar com Bluetooth P 0563 4409 440,Testo
32964,Combo Kit 2 para Fluxo de Ar com Bluetooth 0563 4407 440,Testo
32967,Combo Kit 2 para Fluxo de Ar com Bluetooth P 0563 4410 440,Testo
32983,Combo Transpalete 525mm 2500Kg Simples Nylon + Kit de Rodas de Direção + Carga Simples Nylon e Vedação,Paletrans
32984,Combo Transpalete 680mm 2500Kg Simples Nylon + Kit de Rodas de Direção + Carga Simples Nylon e Vedação,Paletrans
32985,Combo Transpalete 525mm 2500Kg Simples Poliuretano + Kit de Rodas de Direção + Carga Simples Poliuretano e Vedação,Paletrans
32986,Combo Transpalete 680mm 2500Kg Simples Poliuretano + Kit de Rodas de Direção + Carga Simples Poliuretano e Vedação,Paletrans
32987,Combo Transpalete Balança sem Impressora 700mm 2000Kg Simples Poliuretano + Kit de Rodas de Direção + Carga Simples Poliuretano e Vedação,Paletrans
32988,Combo Transpalete Manual 525mm 2.500Kg Tandem de Poliuretano + Kit de Rodas de Direção + Carga Tandem Poliuretano e Vedação,Paletrans
32989,Combo Transpalete Manual 525mm 2500Kg Tandem de Nylon + Kit de Rodas de Direção + Carga Tandem Nylon e Vedação,Paletrans
32990,Combo Transpalete Manual 530mm 3.000Kg Tandem de Poliuretano + Kit de Rodas de Direção + Carga Tandem Poliuretano e Vedação,Paletrans
32991,Combo Transpalete Manual 530mm 3.000Kg Tandem de Nylon + Kit de Rodas de Direção + Carga Tandem Nylon e Vedação,Paletrans
32992,Combo Transpalete Manual 680mm 3.000Kg Tandem de Nylon + Kit de Rodas de Direção + Carga Tandem Nylon e Vedação,Paletrans
32993,Combo Transpalete Manual 680mm 2.500Kg Tandem de Poliuretano + Kit de Rodas de Direção + Carga Tandem Poliuretano e Vedação,Paletrans
32994,Combo Transpalete Manual 680mm 2500Kg Tandem de Nylon + Kit de Rodas de Direção + Carga Tandem Nylon e Vedação,Paletrans
32995,Combo Transpalete Manual 680mm 3.000Kg Tandem de Poliuretano + Kit de Rodas de Direção + Carga Tandem Poliuretano e Vedação,Paletrans
32996,Combo Transpalete Manual Balança Digital sem Impressora 545mm 2000kg Simples Poliuretano + Kit de Rodas de Direção + Carga Simples Poliuretano e Vedação,Paletrans
32999,Compactador de Percussão 300x250mm 4 hp 1.100 kg CS 55,Csm
33000,Compactador de Percussão Gasolina 4CV 4T 290x330mm,Toyama
33001,Compactador de Percussão Gasolina com Horímetro 4CV,Toyama
33003,Compactador de Solo À Gasolina 3CV 4T 280X300mm 1200KGF CS 55,Csm
33006,Comparador de Diâmetro Interno 10 a 18mm/0.01mm 510.001,Kingtools
33012,Comparador de Diâmetro Interno 160 a 250mm/0.01mm 510.005,Kingtools
33015,Comparador de Diâmetro Interno 160 a 250mm/0.01mm com Espaçador 510.012,Kingtools
33019,Comparador de Diâmetro Interno 18 a 35mm/0.01mm 510.002,Kingtools
33027,Comparador de Diâmetro Interno 250 a 450mm/0.01mm com Espaçador 510.013,Kingtools
33028,Comparador de Diâmetro Interno 250 a 450mm/0.01mm 510.006,Kingtools
33035,Comparador de Diâmetro Interno 35 a 60mm/0.01mm 510.003,Kingtools
33036,Comparador de Diâmetro Interno 35 a 60mm/0.01mm com Espaçador 510.010,Kingtools
33046,Comparador de Diâmetro Interno 50 a 160mm/0.01mm 510.004,Kingtools
33049,Comparador de Diâmetro Interno 50 a 160mm/0.01mm com Espaçador 510.011,Kingtools
33055,Comparador de Diâmetro Interno 6 a 10mm/0.01mm 510.000,Kingtools
33165,Concentrado para Limpeza 20 Litros LIMPOMAQ,Tapmatic
33168,Comutador Pulsante MOM 3 Posições 2x1 na PT,Siemens
33169,Concentrado para Limpeza 5 Litros LIMPOMAQ,Tapmatic
33170,"Conduíte Corrugado Amarelo PVC 1/2"" 50m para Parede 2142",Coflex
33171,"Conduíte Corrugado Amarelo PVC 1"" 25m para Parede 2144",Coflex
33172,"Conduíte Corrugado Laranja PVC 1"" 25m para Laje 2164",Coflex
33173,"Conduíte Corrugado Preto Aço 1"" por Metro",Ekoflex
33174,"Conduíte Corrugado Amarelo PVC 3/4"" 50m para Parede 2143",Coflex
33175,"Conduíte Corrugado Preto Aço 2"" por Metro",Ekoflex
33176,"Conduíte Corrugado Preto Aço 3/4"" por Metro",Ekoflex
33177,"Conduíte Corrugado Preto Aço 1.1/2"" por Metro",Ekoflex
33178,"Conduíte Corrugado Preto Aço 1/2"" por Metro",Ekoflex
33179,"Conduíte Corrugado Preto Aço 1.1/4"" por Metro",Ekoflex
33180,"Conduíte Corrugado Preto Aço 3/8"" por Metro",Ekoflex
33184,"Conduíte para Tocha com Isolação 1mm 5,4m",Esab-Tbi
33317,"Condulete Múltiplo l 1.1/2"" com Tampa",Ventiluz
33319,Cone Balizador Pirulito 110cm Laranja e Branco sem Base 700.30960,Plastcor
33320,Cone de Sinalização 1 Metro Laranja e Branco Refletivo,Carbografite
33322,Cone Balizador 58x58cm 110cm Laranja Refletivo 600.30093,Plastcor
33324,Cone de Sinalização 50 cm Preto e Amarelo,Carbografite
33325,Cone de Sinalização 50 cm Laranja e Branco,Carbografite
33328,Cone de Sinalização 50cm Preto e Amarelo 700.01304,Plastcor
33329,Cone de Sinalização 75 cm Laranja e Branco CG,Carbografite
33330,Cone de Sinalização 50cm Laranja e Branco 700.01283,Plastcor
33331,Cone de Sinalização 75 cm Preto e Amarelo CG,Carbografite
33333,Cone de Sinalização 75cm Laranja e Branco 700.01291,Plastcor
33334,Cone de Sinalização 75 cm Refletivo CG,Carbografite
33335,Cone de Sinalização 75cm Preto e Amarelo 700.01312,Plastcor
33336,Cone de Sinalização Flexível 50 cm Laranja Refletivo 700.00654,Plastcor
33337,Cone de Sinalização Flexível Laranja e Branco 75cm 700.00652,Plastcor
33338,Cone de Sinalização 75cm Preto e com Faixas Refletivas Amarelas 70.000.653,Plastcor
33339,Cone de Sinalização PLT 75 cm Preto e Amarelo Refletivo 700.01313,Plastcor
33340,Cone de Sinalização Refletivo Flexível Preto e Amarelo 50cm 700.00655,Plastcor
33341,Cone de Sinalização Refletivo Laranja e Branco 75cm 700.00018,Plastcor
33342,Cone de Sinalização Refletivo NBR 15.071,Carbografite
33343,Cone Morse 24x148mm para,Ferrari
33344,Cone para Sinalização 75cm Laranja e Branco Refletivo 700.01292,Plastcor
33346,Cone Porta Pinça BT40 100mm ER32,Btfixo
33349,Cone Porta Pinça BT40 70mm ER40 MAS,Btfixo
33566,Conformadora de Chapa (roda Inglesa),Manrod
33592,Conjunto Balde 24 Litros com Espremedor 1006,Tomki
33598,Conjunto Cilindro Hidráulico Baixo e Bomba Manual Curso 60mm,Enerpac
33599,Conjunto Cilindro Hidráulico e Bomba Manual Curso,Enerpac
33600,Conjunto Cilindro Hidráulico e Bomba Manual Curso 64mm,Enerpac
33601,Conjunto Cinto de Segurança Paraquedista com Talabarte CG (Ref 750PE),Carbografite
33602,Conjunto Cinto de Segurança Paraquedista com Talabarte CG 750N,Carbografite
33603,Conjunto Cinto de Segurança Paraquedista com Talabarte CG (Ref 750YE),Carbografite
33611,Conjunto de 3 Peças Hubs Cliptech,Toughbuilt
33614,Conjunto de Cabos Mig 400A 10 Metros,Esab
33615,Conjunto de Bico e Agulha de 1.1mm para SGK,Devilbiss
33616,Conjunto de Bico e Agulha de 1.4mm para SGK,Devilbiss
33618,Conjunto de Cabos Mig 70mm 5 Metros,Esab
33619,Conjunto de Cabos Mig para Alimentador de Arame 400A 10 Vias 2m,Esab
33624,Conjunto de Cilindro Hidráulico 10 Toneladas com Bomba Manual,Enerpac
33626,Conjunto de Cinto para Profissional em 3 Peças com Cliptech,Toughbuilt
33627,Conjunto de Cinto de Segurança Paraquedista com Talabarte,Carbografite
33628,Conjunto de Cinto de Segurança Paraquedista Talabarte 010546210 CG,Carbografite
33629,Conjunto de Cinto para Profissionais de Manutenção 3 Peças,Toughbuilt
33630,Conjunto de Encolhedores para Molas de Suspensão Dianteiras,Raven
33631,Conjunto de Equipamento para Teste Intercooler Sistema de Ar 33 Peças,Raven
33633,Conjunto de Espátulas para Desmontagem de Acabamentos Internos,Raven
33634,Conjunto de Espumas Filtrantes Retangular 830.1102-0,Schulz
33640,Conjunto de Extratores de Terminais de Direção e Pivôs de Automóveis,Raven
33643,Conjunto de Ferramentas Extratoras do Eixo Piloto da Embreagem do Monza e Kadett,Raven
33647,Conjunto de Ferramentas para Instalar Capas de Rolamentos Retentor e Selo,Raven
33649,Conjunto de Ferramentas para Retornar Êmbolos de Pinças de Freio,Raven
33650,Conjunto de Ferramentas para Sincronismo da VW Amarok,Raven
33651,Conjunto de Ferramentas para Posicionar em Sincronismo as Árvores Compensadoras de Massas,Raven
33673,Conjunto de Ferramentas para Soltar a Trava de Fixação do Filtro de Combustível,Raven
33674,Conjunto de Ferramentas para Travar Polias,Raven
33679,Conjunto de Jardinagem para Vasos 4 com Peças,Trapp
33705,Conjunto Extrator Completo Hidráulico 24 Ton 3 Garras 6 Peças e Maleta,Enerpac
33716,Conjunto para Extração de Volantes de Direção 41 Peças,Raven
33718,Conjunto para Instalar e Extrair Rolamentos de Roda Dianteira e Apoiar Mangas de Eixo 29 Peças,Raven
33726,Conjunto para Soldagem e Corte PPU,Condor
33728,Conjunto para Teste de Bicos Injetores Diesel,Raven
33730,Conjunto para Teste de Sistema Arrefecimento 15 Peças,Raven
33731,Conjunto para Teste do Sistema de Arrefecimento de Utilitários a Diesel Caminhões Ônibus,Raven
33732,Conjunto para Troca de Correia Dentada Master,Raven
33733,Conjunto para Teste de Sistemas de Arrefecimento Automóveis e Utilitários,Raven
33744,Conjunto PVC Forrado Amarelo Tamanho g 533,Brascamp
33745,Conjunto PVC Forrado Amarelo Tamanho GG 533,Brascamp
33746,Conjunto Sobrepor 1P 1 TOM 2P + 10A Branco,Pial
33747,Conjunto Reparo de Vedação FLG,Devilbiss
33754,Contato Auxiliar 1 na,Siemens
33756,Contato Auxiliar 1 NF,Siemens
33759,Contato Auxiliar Instantâneo Frontal 2NA Tesys,Schneider
33931,Controlador de Segurança,Ace Schmersal
33934,Controlador Digital Semiautomático Canal Duplo com Reservatório EQ RC40,Loctite
33937,Controle Ventilador com Capacitor 200W CONTROL,Margirius
33943,Convertedor de Ferrugem Primer PCF 100ml DD1,Tapmatic
33944,Cooler PACKOUT,Milwaukee
33945,Convertedor de Ferrugem Primer PCF 20 Litros DD5,Tapmatic
33947,Cooler 20 Litros PACKOUT,Milwaukee
33949,Copo Térmico,Milwaukee
33955,Corda de Nylon Trançada Branca 12mm por Metro,Dully
34012,Corpo Acoplamento Antiespuma com Boia Vedação,Ipc
34013,Corpo Fim Curso Fixo 1NA + 1NF,Schneider
34015,"Corpo Fixador 3,25mm para Tocha TIG",Anhanguera
34197,"Corrente 33 Dentes 40cm 1,6mm",Stihl
34199,"Corrente Aço Inox 1/8"" 3.0mm por Metro",Carbografite
34200,"Corrente Aço Inox 5/16"" 8.0mm por Metro",Carbografite
34204,Corrente de Amarração 10mm X 3.5 Metros,Robur
34206,Corrente de Amarração 8mm X 3.5 Metros,Robur
34209,Corrente Elevação 1x1 Metro 2 TMT Gancho Encurtador com Gancho Segurança 8096,Robur
34211,Corrente Elevação com 4 Braços 2 Metros 4.25 TON com Gancho Segurança 8094,Robur
34212,Corrente Elevação com 4 Braços 4 Metros 11.2 TON com Gancho Segurança,Robur
34227,Corrente Plástica Laranja Elo Pequeno 5 Metros 700.10812,Plastcor
34228,Corrente Plástica Laranja Elo Pequeno por Metro 70.000.389,Plastcor
34229,Corrente Plástica Preta/amarela Elo Grande 5 Metros 70.000.098,Plastcor
34230,Corrente Plástica Preta/amarela Elo Pequeno 700.10818 - METRO,Plastcor
34231,Corrente Plástica Preta/amarela Elo 8mm por Metro,Carbografite
34232,"Corrente Simples 1/2"" por Metro 08B1",Ati Brasil
34233,Corrente Sinalização 5.0mm rolo 30MT Vermelho/branco Galvanizado 8129,Robur
34279,"Corta Vergalhão 36"" 71 72 910",Knipex
34713,"Cossinetes Caracol para Rosqueadeira 2.1/2"" a 4"" NPT",Ferrari
34727,"Creme de Limpeza das Mãos 2,5kg Gel SF 7849",Loctite
34728,Creme de Proteção Luva Química Grupo 3 120g,Nutriex
34729,Creme de Proteção para as Mãos Grupo 3 200gr CA,Nutriex
34730,Creme de Proteção para Mãos 200g Grupo 3 Bisnaga,Nutriex
34731,Creme de Proteção para Pele 200g SPECIAL,Luvex
34732,Creme de Proteção para as Mãos Proteção Química Grupo 3 Bombona 1kg,Nutriex
34733,Creme de Proteção para Pele 200g INDUSTRIAL,Luvex
34734,Creme de Proteção para Mãos 200g Grupo 2 Bisnaga CA,Luvex
34735,Creme de Proteção para Mãos 1Kg CA 43802 GRUPO 3,Nutriex
34736,Creme de Proteção para Mãos 120g Grupo 3 Bisnaga,Nutriex
34737,Creme de Proteção para Pele Grupo 2 200g,Nutriex
34738,Creme de Proteção para Pele Grupo 3 120gr CA,Nutriex
34742,Creme em Pasta para Limpeza das Mãos 1kg,Pinheiro
34743,Creme Protetor Luva Química Grupo 2 Bisnaga 200g CA,Nutriex
34744,Creme Proteção para Pele Grupo 2,Nutriex
34746,Creme Ultra-hidratante Regenerador Regederme G3 200g,Nutriex
34751,CRZ Galvanização a Frio 900ml DB2,Tapmatic
34752,Cronômetro Portátil com Contagem Progressiva e Regressiva Digital,Instrutherm
34753,CRZ Galvanização a Frio 225ml DB1,Tapmatic
34755,Cultivador Duplo para Jardim,Trapp
34762,Cunha Hidráulica 1 TON Abertura 94mm WR5,Enerpac
34766,Cunha para Desmontar Pneus C01,Kraucher
34772,"Curva Galvanizada a Fogo Média 90° 1/2"" EC-EDE 71",Elecon
34773,"Curva Galvanizada a Fogo Média 90° 2"" EC-EDF 86",Elecon
34774,"Curva Galvanizada a Fogo Média 90° 3/4"" EC-EDF 82",Elecon
34775,"Curva Galvanizada a Fogo Pesada 90° 1/1/2"" EC-EDF 85",Elecon
34790,"Curva Média Galvanizada a Fogo 90° 1/1/2"" EC-EDE 75",Elecon
34792,"Curva Média Galvanizada a Fogo 90° 1"" EC-EDE 73",Elecon
34832,Data Logger Temperatura/umidade com Bluetooth e Aplicativo -20 a 70C/0 a 100% 174H BT,Testo
34833,Data Logger Temperatura -200 a +1000°C 176 T4,Testo
34834,Data Logger para Temperatura/umidade -20 a +70 °C 174H,Testo
34835,Data Logger Wifi para Temperatura/Umidade/CO2/Pressão Atmosférica 160 IAQ,Testo
34838,Data Logger de Temperatura e Umidade -20 a +55 °C 175 H1,Testo
34849,Defletor da Tampa 51,Arprex
34850,Defletor de Ar com Anel JGA,Devilbiss
34951,Desempeno de Granito 1000x1000x160mm CL.0,Insize
34953,Desempeno de Granito 300x200x60mm CL.0,Insize
34957,Desempeno de Granito 400x400x80mm CL.0,Insize
34962,Desempeno de Granito 800x500x120mm CL.0,Insize
34998,Desentupidor de Tubulação com 10mts de Extensão 9.302-143.0,Karcher
34999,"Desentupidor com Mola Manual 3,8 Metros",Nove54
35004,Desentupidor de Tubulações Residencial com 3 Metros,Karcher
35008,Desentupidora de Tambor 1.1/2'' a 4'' 23 Metros 110V AUTOFEED,Ridgid
35011,"Desentupidora Elétrica 4"" a 10"" 32 Metros 220V",Ridgid
35012,"Desentupidora Elétrica Bivolt 1.1/2"" a 3""",Engesteel
35014,"Desentupidora Elétrica de Tambor 1.1/2"" a 4"" 23 Metros 220V AUTOFEED",Ridgid
35015,"Desentupidora Elétrica de Tubulações 3/4"" a 2.1/2"" 7.6MT CJ-5 220V",Ridgid
35016,"Desentupidora Flexshaft 9,1 Metros",Ridgid
35019,Desentupidora Manual para Bacias,Ridgid
35020,"Desentupidora Seccional 3/4"" a 4"" 220V com Acessórios",Ridgid
35021,Desentupidora Seccional 3/4'' a 4'' 220V com Acessórios,Ridgid
35023,"Desentupidora Seccional 3/4"" a 4"" com Acessórios",Ridgid
35025,"Desincrustador Pneumático 1/4"" com 19 Agulhas",Stanley
35030,Desincrustador Pneumático 19 Agulhas SFP 32,Schulz
35032,Desincrustador Pneumático,Puma
35033,Desincrustador Pneumático 28 Agulhas,Sigma Tools
35035,Desincrustador Pneumático com 12 Agulhas 3800ipm SFP 38,Schulz
35038,Desincrustador Pneumático PS1,Sigma Tools
35039,Desincrustador Pneumático Rotativo,Sigma Tools
35040,Desincrustador Pneumático Reto com 19 Pontas,Puma
35041,Desincrustador Redondo Pneumático,Puma
35042,Desincrustadora Pneumática 12 Agulhas 4000 Gpm,Chicago
35043,Desiscrustador Pneumática Triplo PS3,Sigma Tools
35044,Desiscrustador Pneumático Anti Vibração PS1,Sigma Tools
35046,Desmontadora de Pneu Monofásica 220V Vermelho (Ref MR1201),Ribeiro
35047,Desmontadora de Pneu Monofásica 220V Azul,Ribeiro
35049,Desmontadora de Pneu Monofásica 220V Vermelho (Ref MR1260),Ribeiro
35051,Desmontadora de Pneu Monofásica 220V Vermelho (Ref MR326),Ribeiro
35052,Desponteadeira Pneumática,Puma
35054,Destalonador de Pneus,Viluz
35056,Destalonadora Hidráulica de Pneus 5 Toneladas,Bovenau
35057,Destalonadora Hidráulica para Pneus 13 Toneladas,Bovenau
35062,Detector de Gás Combustível Micro,Ridgid
35066,Detector de Tensão 1000V CAT IV,Flir
35067,Detector de Tensão 50V a 1000V CA GT13,Greenlee
35072,Detector de Vazamento de Gás Refrigerante (CFC) -18 a +50 °C,Testo
35076,Detector e Testador de Circuito,Greenlee
35080,Detergente em Pó para Limpeza de Carpete e Estofado 800g RM 760,Karcher
35081,Detergente Limpador 1 Litro,Ipc
35082,Detergente Clareador Gansow,Ipc
35083,Detergente Clareador,Ipc
35084,Detergente Limpador,Ipc
35085,Detergente Limpador 5 Litros,Ipc
35086,Detergente para Linha Residencial 500ml Aplicação DETERJET GEL,Karcher
35087,Detergente Líquido Concentrado para Pisos 5 Litros RM 755 DAILY (5L),Karcher
35088,Detergente para Limpeza de Piso 5 Litros FLOOR CARE,Karcher
35089,Difusor de Gás 60A para Tocha 35i/45i Handyplasma,Esab
35090,Dinamômetro Digital Portátil 20000N 10N,Insize
35091,Dinamômetro Digital Portátil 10000N 10N,Insize
35092,Dinamômetro Digital Portátil 20N 0.05N,Insize
35093,Dinamômetro Digital Portátil 200N 0.05N,Insize
35094,Dinamômetro Digital Portátil 5N 0.0005N,Insize
35095,Dinamômetro Portátil 100N 0.05N,Insize
35096,Dinamômetro Portátil Digital 0 a 20Kg,Instrutherm
35097,Dinamômetro Digital Portátil 500N 0.1N,Insize
35098,Dinamômetro Portátil Digital 100N 0.01N,Insize
35108,Disco Apagador/removedor de Borracha,Puma
35111,Disco de Cerdas Verde 510mm 9.380-053.0,Karcher
35447,"Disco de Lamelas 3/8"" Grão 120",Dremel
35455,Disco de Limpeza Verde para Enceradeira 350mm CL350 PLUS Bettanin 043051.0,Cleaner
35458,Disco de Limpeza Verde para Enceradeira 410mm CL400 PLUS Bettanin 043052.0,Cleaner
35832,"Disco Flap 4.1/2"" GR 60",Mtx
35840,"Disco Flap 4.1/2"" Grão 120 (Ref DW8310-AR, Dewalt)",Dewalt
35842,"Disco Flap 4.1/2"" Grão 120 ALLSTEEL",Walter Abrasivos
35843,Disco Flap 4.1/2'' Grão 120 ENDURO-Flexível,Walter Abrasivos
35851,Disco Flap 4.1/2'' Grão 36/60 ENDURO-Flexível TURBO,Walter Abrasivos
35857,"Disco Flap 4.1/2"" Grão 40 ALLSTEEL",Walter Abrasivos
35860,"Disco Flap 4.1/2"" Grão 40 ALLSTEEL Curvo",Walter Abrasivos
35861,"Disco Flap 4.1/2"" Grão 40 (Ref DW8307-AR, Dewalt)",Dewalt
35862,Disco Flap 4.1/2'' Grão 40 ENDURO-Flexível,Walter Abrasivos
35881,"Disco Flap 4.1/2"" Grão 60 ALLSTEEL",Walter Abrasivos
35887,Disco Flap 4.1/2'' Grão 60 ENDURO,Walter Abrasivos
35888,Disco Flap 4.1/2'' Grão 60 ENDURO-Flexível,Walter Abrasivos
35889,Disco Flap 4.1/2'' Grão 60 Fibra Curvo,Dewalt
35900,"Disco Flap 4.1/2"" Grão 80 ALLSTEEL",Walter Abrasivos
35902,"Disco Flap 4.1/2"" Grão 80 (Ref DW8309-AR, Dewalt)",Dewalt
35903,Disco Flap 4.1/2'' Grão 80 ENDURO-Flexível,Walter Abrasivos
35912,Disco Flap 4.1/2'' M14 Inox 2 em 1 ENDURO-Flexível,Walter Abrasivos
35913,"Disco Flap 4.1/2"" X 7/8"" GR 80 ALLSTEEL TURBO",Walter Abrasivos
35914,"Disco Flap 4.1/2"" X 7/8"" Grão 60 ALLSTEEL TURBO",Walter Abrasivos
35918,Disco Flap 7'' Grão 120 ENDURO-Flexível,Walter Abrasivos
35920,"Disco Flap 7"" Grão 120 (Ref Fdpl180120, Dezco)",Dezco
35928,Disco Flap 7'' Grão 40 ALLSTEEL TURBO,Walter Abrasivos
35938,Disco Flap 7'' Grão 60 ENDURO-Flexível,Walter Abrasivos
35948,Disco Flap 7'' Grão 80 ENDURO-Flexível,Walter Abrasivos
35957,"Disco Flap de 7"" Grão 80",Dezco
35958,"Disco Flap de 7"" com Grão 60",Dezco
35959,"Disco Flap Disc 4.1/2"" Grao 120 Plastico",Dezco
35961,"Disco Flap Inox 4.1/2"" GR 40 ENDURO-Flexível (Ref 06F424)",Walter Abrasivos
35962,Disco Flap Grão 80 4.1/2'' ENDURO-Flexível,Walter Abrasivos
35963,"Disco Flap Inox 4.1/2"" GR 40 ENDURO-Flexível (Ref 15R454)",Walter Abrasivos
35964,"Disco Flap Inox 4.1/2"" GR 60 ENDURO-Flexível",Walter Abrasivos
35967,"Disco Flap Inox 4.1/2"" Grão 80 Fibra Ecológica ENDURO-Flexível",Walter Abrasivos
35968,"Disco Flap Inox 4.1/2"" X 7/8"" Grão 60 ENDURO-Flexível",Walter Abrasivos
35969,Disco Flap Inox 7'' GR 40 ENDURO-Flexível,Walter Abrasivos
35982,"Disco Flap Plástico Reto 4.1/2"" X 7/8"" G60",Dewalt
36008,Disco Flap Reto 4.1/2'' Grão 50,Nove54
36010,"Disco Flap Reto 4.1/2"" Grão 120",Nove54
36012,Disco Flap Reto 4.1/2'' Grão 40,Nove54
36014,Disco Flap Reto 7'' Grão 40,Nove54
36015,Disco Flap Reto 7'' Grão 120,Nove54
36016,Disco Flap Reto 4.1/2'' Grão 80,Nove54
36018,Disco Flap Reto 4.1/2'' Grão 60,Nove54
36019,Disco Flap Reto 7'' Grão 50,Nove54
36021,"Disco Flap Reto 7'' Grão 80 (Ref 1240081007, Nove54)",Nove54
36022,"Disco Flap Reto 7'' Grão 60 (Ref 1240061007, Nove54)",Nove54
36035,Disco PAD Branco 510mm 9.380-051.0,Karcher
36041,Disco Removedor em Nylon 115mm 5986218015 w,Wurth
36048,"Discos de Corte 1-1/4"" 540",Dremel
36049,Discos de Limpeza Vermelho 510mm para Modelos CT40/45/55/70/230 com 5 Unidades,Ipc
36315,Dispositivo Bloqueio de Plugue Elétrico 110/220V Pequeno DBPEP,Tagout
36322,Dispositivo Bloqueio Garra Etiqueta DBGE,Tagout
36323,Dispositivo Bloqueio Plugue Elétrico 220/380/440/460V Médio 16A DBPEM,Tagout
36324,Dispositivo de Ajuste da Profundidade Básica do Pinhão (Ref 714055),Raven
36325,Dispositivo de Ajuste da Profundidade Básica do Pinhão para Eixos Traseiros Mercedes-benz,Raven
36326,Dispositivo de Ajuste da Profundidade Básica do Pinhão (Ref 714056),Raven
36327,Dispositivo de Ajuste para Profundidade Básica do Pinhão,Raven
36332,Dispositivo de Bloqueio de Plugue Elétrico Grande DBPEG,Tagout
36342,Dispositivo de Proteção de Surto 20KA 1P 275V com Cartucho,Steck
36343,Dispositivo de Proteção de Surto 20KA 1P 275V com Cartucho e Sinal Remoto,Steck
36344,Dispositivo de Proteção de Surto 40KA 1P 275V com Cartucho,Steck
36345,Dispositivo do Ajuste do Conjunto Coroa e Pinhão,Raven
36347,Dispositivo para Medir Profundidade do Pinhão,Raven
36348,Dispositivo Protetor Contra Surto 15KA 275V FRONT v,Clamper
36349,Dispositivo Protetor Contra Surto 20KA 175V FRONT v,Clamper
36350,Dispositivo para Limpeza de Barril BC,Karcher
36351,Dispositivo Protetor Contra Surto 15KA 175V FRONT v,Clamper
36352,Dispositivo Protetor Contra Surto 20KA 275V FRONT v,Clamper
36353,Dispositivo Protetor Contra Surto 45KA 175V FRONT v,Clamper
36354,Dispositivo Protetor Contra Surto 45KA 275V FRONT v,Clamper
36355,Dispositivo Protetor de Surto ACTI9 IPRD8 8KA 3P+N 340V,Schneider
36357,Distanciador 60 a 120A para Tocha Plasma,Esab
36358,Distensor para Banho de Partículas Magnéticas 1 Litro BC 502,MetalChek
36359,Distanciador 60A para Tocha Handyplasma,Esab
36360,Divisor de Linha de Corrente CA TA55,Flir
36388,Dressador para Rebolos 182 X 36 X 15mm,Ades
36390,Durepoxi Líquido 10 Minutos 16G DUREPOXI,Loctite
36397,Durômetro Digital Portátil Tipo Leeb Multi Sonda,Insize
36400,Durômetro Digital Portátil Tipo Leeb,Insize
36401,Durômetro Portátil Rockwell 20 a 68.5HRC 0.01HRC ISH-SPHA,Insize
36405,Durômetro Shore a Portátil Analógico 10 a 90 1SH ISH-SAM,Insize
36417,Elastômero Semi Secativo Multi Vedante 100Gr NS 1114,Loctite
36418,Elastomero Veda Junta 300gr MR 5922,Loctite
36420,Elemento Filtrante Admissão para Rotor Pack,Metalplan
36421,Elemento do Filtro de Admissão Rotor e Pack,Metalplan
36423,Elemento Filtrante para Filtro (Ref EF030-M20),Metalplan
36424,Elemento Filtrante para Filtro MDR-040 Plus (Ref EF-0070-M20),Metalplan
36425,Elemento Filtrante para Filtro (Ref EF-0300-M40),Metalplan
36426,Elemento Filtrante para Filtro MDR-040 Plus (Ref EF-0070-M40),Metalplan
36427,Elemento Filtrante para Filtro (Ref MFC-0025),Metalplan
36429,Elemento Filtrante para Filtro (Ref MFC-0050),Metalplan
36430,Elemento Filtrante para Filtro (Ref MFC-1350),Metalplan
36432,Elemento Filtrante para Filtro (Ref MFC0110),Metalplan
36433,Elemento Filtrante para Filtro (Ref MFC-0110),Metalplan
36434,Elemento Filtrante para Filtro MFC0700 M20,Metalplan
36436,Elemento Filtrante para Filtro MFC0700 M40,Metalplan
36439,Elemento Filtrante para Filtro MFC0910 M40,Metalplan
36586,Eletrodos de Tungstênio 3.2x150mm 1/8'' E3CG (Ref 12632912),Carbografite
36587,Eletrodos de Tungstênio 3.2x150mm 1/8'' E3CG (Ref 12633012),Carbografite
36628,Elevador Hidráulico Monofásico 220V Azul ERH 400D,Ribeiro
36629,Elevador Hidráulico Monofásico 220V Vermelho ERH 400D,Ribeiro
36630,Elevador Mecânico Elétrico Monofásico 220V/380V Vermelho,Ribeiro
36631,Elevador Mecânico Elétrico Trifásico 220V/380V Azul (Ref ER2500),Ribeiro
36632,Elevador Mecânico Elétrico Trifásico 220V/380V Vermelho (Ref ER4000),Ribeiro
36633,Elevador Mecânico Elétrico Trifásico 220V/380V Azul (Ref ER4000),Ribeiro
36634,Elevador Mecânico Elétrico Trifásico 220V/380V Vermelho (Ref ER2500),Ribeiro
36635,Emborrachamento a Frio PLASTI FILM Preto 500 ml CK1,Tapmatic
36636,Emborrachamento a Frio PLASTI FILM Vermelho 500 ml CH1,Tapmatic
36638,"Emenda Corrente Simples 3/4"" X 7/16""",Ati Brasil
36651,Empilhadeira Elétrica Tracionária 1.600 kg 5.400mm PT 16/54 FAST,Paletrans
36653,Empilhadeira Elétrica Tracionária Monofásico 1600Kg 5400mm PT,Paletrans
36654,Empilhadeira Hidráulica Manual 1.500kg 1.6 Metros LM 1516,Paletrans
36656,"Empilhadeira Hidráulica Manual 1.000kg 1,6 Metros LM",Paletrans
36657,"Empilhadeira Hidráulica Manual 500 kg 1,6 Metros LM 516",Paletrans
36658,Empilhadeira Hidráulica Manual PM 516 N,Paletrans
36659,"Empilhadeira Hidráulica Manual Gira-tambor 300Kg 1,99 Metros LM 319T",Paletrans
36660,Empilhadeira Hidráulica Manual PM 1516 N com Pedal,Paletrans
36661,Empilhadeira Hidráulica Manual PM 1016 com Pedal,Paletrans
36662,Empilhadeira Manual Gira Tambor PM 319T,Paletrans
36691,Empilhadeira Tracionaria 1600kg/3500mm BAT 324+60A Monofásico PT,Paletrans
36706,Enceradeira Lavadora Industrial 500mm 1.0HP 175RPM CL500 PLUS,Cleaner
36708,Enceradeira Lavadora Industrial 350mm 0.75HP 175RPM CL350 PLUS,Cleaner
36709,Enceradeira Lavadora Industrial 400mm 1.0HP 175RPM 220V CL400 PLUS,Cleaner
36710,"Encolhedor da Mola da Suspensão Traseira do Gol, Parati e Saveiro",Raven
36711,Encolhedor de Mola da Suspensão Acionamento Mecânico,Raven
36712,Encolhedor de Mola da Suspensão Dianteira,Raven
36713,Encolhedor de Molas de Suspensão Dianteira,Raven
36714,Encolhedor de Mola da Suspensão Dianteira Monza,Raven
36715,Encolhedor de Molas da Suspensão Dianteira,Raven
36716,Encolhedor de Molas de Suspensões Dianteiras,Raven
36717,Encolhedor Hidráulico de Molas 1 Toneladas CMH,Bovenau
36944,Escadas de Fibra de Vidro Extensível 27 Degraus 8.40 Metros,Sintese
36959,"Escala de Aço Inox 1000mm/40"" 600.007",Kingtools
36960,"Escala de Aço Inox 1500/60"" 600.008",Kingtools
36961,Escala de Aço Inox (Insize),Insize
36962,"Escala de Aço Inox 1000mm/40""",Insize
36965,"Escala de Aço Inox 2000mm/80"" 600.009",Kingtools
36966,"Escala de Aço Inox 300mm/12"" 600.004",Kingtools
36968,"Escala de Aço Inox 600mm/24"" 600.006",Kingtools
36969,"Escala de Aço Inox 500mm/20"" 600.005",Kingtools
36976,"Escala de Aço Inoxidável 2000mm/80""",Insize
36977,"Escala de Aço Inoxidável 150mm/6"" 600.003",Kingtools
36979,"Escala de Aço Inoxidável 300/12""",Insize
36980,Escala Flexível para Medição 2190-3460mm 0.1mm,Insize
36982,Escala Flexível para Medição 100-230mm 0.05mm,Insize
36983,Escala Flexível para Medição 60-900mm 0.1mm,Insize
36984,Escala Flexível para Medição 940 a 2200mm 0.1mm,Insize
36988,Escantilhão Métrico 60º 600.081,Kingtools
36989,Escala Métrica Poliestireno/plástico 2M com 10 Dobras,Nove54
36991,Escardilho Jardim,Trapp
36992,Escantilhão Whitworth 55º 600.082,Kingtools
36994,Escala Métrica Poliestireno 1M com 4 Dobras,Nove54
36997,"Escareador Cilíndrico 1/16"" para Retítica",Dremel
37002,"Escareador Circular 7,8mm HSS",Dremel
37003,"Escareador Cônico de Alta Velocidade 1/4""",Dremel
37005,"Escareador de Carbureto de Tungstênio 1/8""",Dremel
37006,"Escareador de Alta Velocidade 3/32""",Dremel
37007,"Escareador de Carbureto de Tungstênio 1/8"" 9905",Dremel
37008,"Escareador de Carbureto de Tungstênio 1/8"" para Micro Retíficas",Dremel
37009,"Escareador de Alta Velocidade 3/8"" 199",Dremel
37023,"Escareador HSS 16,00mm À 50,00mm Haste Cônica 60º Din 334B 4202 INDAÇO",Indaco
37026,Escareador HSS 1.50mm À 8.00mm Haste Cilíndrica 90º Din 335A 4221,Indaco
37027,"Escareador HSS 2,00mm À 12,50mm Haste Cilíndrica 90º Din 335A 4221",Indaco
37028,Escareador HSS 2.50mm À 10.00mm Haste Cilíndrica 90º Din 335C 4225 INDAÇO,Indaco
37029,"Escareador HSS 3,20mm À 16,00mm Haste Cilíndrica 90º Din 335A 4221",Indaco
37030,"Escareador HSS 2,80mm À 12,40mm Haste Cilindrica 90º Din 335C 4225",Indaco
37032,Escareador HSS 3.80mm À 25.00mm Haste Cilíndrica 90º Din 335C 4225,Indaco
37033,"Escareador HSS 3,20mm À 16,50mm Haste Cilindrica 90º Din 335C 4225 INDAÇO",Indaco
37034,Escareador HSS 3.50mm À 20.50mm Haste Cilíndrica 90º Din 335C 4225,Indaco
37035,Escareador HSS 3.20mm À 15.00mm Haste Cilíndrica 90º Din 335C 4225,Indaco
37038,"Escareador HSS 4,20mm À 30,00mm Haste Cilindrica 90º Din 335C 4225",Indaco
37039,"Escareador HSS 4,00mm À 16,00mm Haste Cilindrica 60º Din 334C 4205",Indaco
37040,"Escareador HSS 4,00mm À 8,00mm Haste Cilindrica 60º Din 334A 4201",Indaco
37041,Escareador HSS 4.20mm À 31.00mm Haste Cilíndrica 90º Din 335C 4225,Indaco
37043,Escareador HSS 7.00mm À 25.00mm Haste Cilíndrica 90º Din 335A 4221,Indaco
37046,"Escareador HSS 5,00mm À 20,00mm Haste Cilíndrica 90º Din 335A 4221",Indaco
37047,"Escareador HSS 9,00mm À 31,50mm Haste Cilindrica 90º Din 335A 4221",Indaco
44787,"Kit Pulverizador de Compressão Prévia PCP-1,25 e Conjunto de Jardinagem para Vasos com 3 Peças",Guarany
51156,Mola Hidráulica para Porta 453 OURO,Coimbra
51163,Montagem do Adaptador de Manômetro 700 Bar,Enerpac
51164,Montagem do Adaptador de Manômetro 700 Bar 1/4'',Enerpac
51166,Montagem do Adaptador de Manômetro 700 Bar 1/4'' GA3,Enerpac
51168,"Mordente Inferior com Pino 12/14""",Ridgid
51176,"Mordente Superior 48"" C323",Ridgid
51179,Morsa Coordenada 75mm X 100mm Nº1,Noll
51183,Morsa Hidraulica 170mm X 100mm 2500 Kgf,Manrod
51184,Morsa Hidráulica 300mm X 150 mm 4500KGF Fixa,Btfixo
51185,Morsa Coordenada 115mm X 150mm Nº2,Noll
51186,Morsa Mecanica 100mm Inclinavel,Manrod
51187,Morsa Hidráulica 300mm X 150mm,Manrod
51188,Morsa Mecânica 300mm Giratória,Btfixo
51191,Morsa Mecânica com Base Giratória,Btfixo
51193,Morsa Mecânica de Precisão,Btfixo
51195,Morsa Mecânica de Precisão 200mm GT1 200,Btfixo
51196,Morsa Mecânica de Precisão 300mm GT1 300,Btfixo
51197,Morsa Mecânica Girátoria 200mm MAQ Convencional,Btfixo
51199,Morsa Mecânica de Precisão (Ref QKG-88),Btfixo
51200,Morsa Mecânica para Máquina 114mm X 85mm NR 2,Somar
51201,Morsa Mecânica Giratória,Btfixo
51202,Morsa Mecânica Precisão Abertura 40mm Mordente 36mm,Earth-Chain
51204,Mosquetão Assimétrico 19mm Trava Tripla em Aço Bicromatizado CG 654,Carbografite
51206,Mosquetão Assimétrico 22mm com Trava Tripla em Alumínio CG 678,Carbografite
51207,Mosquetão Assimétrico 22mm em Alumínio com Trava Dupla,Carbografite
51225,Mosquetão de Segurança 17mm Trava Tripla Aço Forjado,Vicsa
51226,Mosquetão de Segurança Oval 17mm em Aço Forjado,Vicsa
51227,Mosquetão de Segurança Oval 17mm Trava Dupla,Vicsa
51228,Mosquetão Oval 18mm Trava Dupla Roscada 012293412 CG 670,Carbografite
51241,Mosquetão Rosca 5x49mm Inox 316 8280,Robur
51242,Mosquetão Rosca 10x89mm Inox 316 8280,Robur
51243,"Mosquetão Rosca 3,5x36mm Inox 316 8280",Robur
51244,Mosquetão Rosca 4x40mm Inox 316 8280,Robur
51245,Mosquetão Rosca 6x57mm Inox 316 8280,Robur
51246,Mosquetão Trava 13x160mm Inox 316 8274,Robur
51247,Mosquetão Rosca 7x66mm Inox 316 8280,Robur
51248,Mosquetão Rosca 8x74mm Inox 316 8280,Robur
51249,Mosquetão Trava 6x60mm Zincado 8074,Robur
51284,"Moto Poda À Gasolina 12"" 1.3CV HT 75",Stihl
51285,Moto Podador de Galhos À Gasolina 12'' 1.3CV 25CC HT 75,Stihl
51290,"Motobomba À Gasolina 2"" 6HP 4 Tempos WP 300",Stihl
51291,"Motobomba Autoescorvante a Gasolina 6.5 hp 3""x3"" Pol. Água Limpa",Csm
51292,"Motobomba Diesel 10.5HP 4T Auto Escorvante 4""x4"" Sucção 7m",Toyama
51293,"Motobomba Diesel 3.3HP 4T Auto Escorvante 2""x2"" Sucção 20m",Toyama
51294,"Motobomba Diesel 5HP 4T Auto Escorvante 2"" x2"" Sucção 7m",Toyama
51295,"Motobomba Diesel 7HP 2"" Auto Escorvante Alta Pressão para Irrigação e Drenagem",Toyama
51296,"Motobomba Diesel 7HP 4 Tempos Auto-escorvante 3""x3"" Sucção/recalque 28m Elevação",Toyama
51297,Motobomba Gasolina 2.4HP 2T Partida Manual,Toyama
51298,"Motobomba Gasolina 6.5HP 4T Autoescorvante 2""x2"" Sucção 7m",Toyama
51299,"Motobomba Gasolina 7HP 4T Auto Escorvante 2""x2""",Toyama
51300,"Motobomba Gasolina 7.0HP 4T Auto Escorvante 2""x2"" Sucção 7m",Toyama
51301,"Motobomba Gasolina 7HP 2.5T 2""x2"" Sucção 50mm",Toyama
51302,"Motobomba Gasolina 7HP 4T 2.1/2""x2"" Sucção 63mm",Toyama
51303,"Motobomba Gasolina 7HP 4T Auto Escorvante 3""x3"" Partida Manual",Toyama
51304,"Motobomba Gasolina 7HP 4T Auto Escorvante 3""x3"" Sucção 7m",Toyama
51305,"Motobomba Gasolina 9HP 4T Auto Escorvante 4""x4"" Sucção 7m",Toyama
51306,Motobomba Submersível Tipo Caneta para Poço 1cv 745W Monofásica,Gamma
51307,Motobomba Submersível Tipo Caneta 1/2CV Monofásica,Gamma
51308,"Motobomba Periférica 1"" X 1""",Eletroplas
51378,Motovibrador 7.0HP 3600rpm sem Mangote,Toyama
51379,Motovibrador de Concreto Portátil 1500W com Mangote,Lynus
51391,"Multifuncional Podador Especial 145° 25,4CC 1,3CV KA 85R HL 145 POD ES",Stihl
51503,"Multiplicadora Torque Encaixe 1/2"" X 3/4""",Raven
51504,"Multiplicadora Torque Encaixe 1"" X 1.1/2""",Raven
51657,"Nivelador 250Kg 1/2"" 70mm COXIM NR3 1/2",Vibrastop
51658,Nivelador 700Kg M12 COXIM XT2000 M12,Vibrastop
51659,"Nivelador 70Kg 1/4"" 30mm",Vibrastop
51660,"Nivelador Coxim 150Kg 3/8"" 50MM COXIM NR2 3/8",Vibrastop
51661,"Nivelador Micro 100Kg 1/2"" 70MM MICRO III 1/2",Vibrastop
51662,"Nivelador Micro 50KG 1/4"" 45mm X 35mm MICRO I 1/4",Vibrastop
51663,"Nivelador Micro 50KG 5/16"" 45mm X 35mm MICRO I 5/16",Vibrastop
51664,"Nivelador Coxim 70Kg 5/16"" 30mm COXIM NR1 5/16",Vibrastop
51665,"Nivelador Coxim 150Kg 5/16"" 50MM COXIM NR2 5/16",Vibrastop
51666,"Nivelador Micro 280KG 5/16"" 55mm X 40mm MICRO II 5/16",Vibrastop
51667,"Nivelador Micro 70Kg 1/2"" 55mm 40mm MICRO II 1/2",Vibrastop
51668,"Nivelador Micro 70Kg 3/8"" 55mm 40mm MICRO II 3/8",Vibrastop
51669,"Nivelador Micro 70KG 3/8"" 55mm X 40mm MICRO II 3/8",Vibrastop
51670,"Nivelador Universal 10000Kg 3/4"" 190mm 55 a 75mm SUPER 3/4",Vibrastop
51671,"Nivelador Universal 1500Kg 1/2"" 115MM STANDARD 1/2",Vibrastop
51672,"Nivelador Universal 1500Kg 3/4"" 115MM STANDARD 3/4",Vibrastop
51673,"Nivelador Universal 1500Kg 5/8"" 115MM STANDARD 5/8",Vibrastop
51674,"Nivelador Universal 200Kg 5/16"" 62mm 25 a 30mm MAC 5/16",Vibrastop
51675,"Nivelador Universal 5000Kg 3/4"" 150MM INTERMEDIARIO 3/4",Vibrastop
51676,"Nivelador Universal 500Kg 1/2"" 90MM MINI 1/2",Vibrastop
51677,"Nivelador Universal 200KG 3/8"" 62mm MAC 3/8",Vibrastop
51678,"Nivelador Universal 500Kg 5/8"" 90MM MINI 5/8",Vibrastop
51679,"Nivelador Universal 500Kg 3/8"" 90MM MINI 3/8",Vibrastop
51680,Nordbak Reparador para Médio Desgaste 1.36 kg,Loctite
51681,Numerador Elétrico para Pneus de 220V,Viluz
51682,Numerador Mecânico Registrador 4 Dígitos com Capa,Lupus
51873,Olhal Giratório Duplo 12mm 8116,Robur
51875,Olhal Giratório Duplo 10mm 8116,Robur
51876,Olhal Giratório Duplo 14mm 8116,Robur
51877,Olhal Giratório Duplo 22mm 8116,Robur
51878,Olhal Giratório Duplo 16mm 8116,Robur
51879,Olhal Giratório Duplo 18mm 8116,Robur
51880,Olhal Giratório Duplo 20mm 8116,Robur
51881,Olhal Giratório Duplo 8mm 8116,Robur
51882,Olhal Giratório Duplo 6mm 8116,Robur
51883,Olhal Giratório Galvanizado 20mm 8114,Robur
51897,"Organizador de Ferramentas Stacktech Compact Low com Tampa Translúcida 18""",Toughbuilt
51898,"Organizador de Baixo Perfil Stacktech Modulável com Tampa Translúcida 18""",Toughbuilt
51899,"Organizador para Ferramentas Stacktech Empilhável com Tampa Translúcida 18""",Toughbuilt
51900,Organizador de Parede 24'' 61cm para Bolsa com Cliptech,Toughbuilt
51907,Oxi Black Oxidação Preta a Frio 1 Litro F-9,QUIMATIC
51910,Oxi Black Oxidação Preta a Frio 1 Litro F10,Tapmatic
51911,Oxi Black Oxidação Preta a Frio 20 Litros F9,Tapmatic
51912,Oxi Black Oxidação Preta a Frio 5 Litros F9,Tapmatic
51913,Oxi Black Oxidação Preta a Frio 5 Litros F10,Tapmatic
51916,Oxi Black Oxidação Preta a Frio 20 Litros F10,Tapmatic
51987,Pad para Recorte em Pintura,Atlas
51989,Painel ATS Monofásico 220V para Geradores (Ref ATS12M220-N),Toyama
51992,Painel ATS Monofásico 220V para Geradores (Ref ATS-M9D),Toyama
51993,Painel ATS Trifásico 220V para Geradores,Toyama
51994,Painel ATS Trifásico 220V,Toyama
51996,Painel ATS Monofásico 110V para Geradores,Toyama
51997,Painel ATS Trifásico 380V 9,Toyama
51998,Painel ATS Trifásico 380V,Toyama
51999,Painel ATS Trifásico,Toyama
52000,Painel de Bloqueio 25 Caixas Plástico 8mm,Tagout
52002,Painel de Bloqueio 4 Caixas Plástico 8mm,Tagout
52036,Painel para Ferramentas em Chapa Perfurada 970x640mm PM-P,Marcon
52037,Painel para Ferramentas em Chapa Perfurada 970x970mm PM-M,Marcon
52063,Palmilha Encartelada de PU PALM-CONF ENC (Ref 141387),Bracol
52065,Palmilha Encartelada de PU PALM-CONF ENC (Ref 144710),Bracol
52067,Palmilha Higiênica Antibacteriana para Calçados 6010,Bracol
52457,Par de Encolhedores de Molas de Suspensão Dianteiras,Raven
52479,"Parafusadeira 1/4"" 540W 15Nm 220V",Dewalt
52481,"Parafusadeira 1/4"" 4V 1.5Ah Bivolt com Acessórios e Estojo",Black Decker
52498,"Parafusadeira com Controle de Torque 1/4"" 540W 26NM 220V",Dewalt
52564,"Parafusadeira Drywall 1/4"" 540W Variável e Reversível 220V",Dewalt
52567,"Parafusadeira Drywall VVR 1/4"" 520W 8Nm 220V",Stanley
52571,Parafusadeira Elétrica 0.3 a 2.5 Nm Parada Automática 160W 110V~240V,Sigma Tools
52572,Parafusadeira Elétrica 0.5 a 3.5NM Parada Automática,Sigma Tools
52576,"Parafusadeira Elétrica para Drywall 1/4"" 650W 110V",Dewalt
52583,Parafusadeira Pneumática 1.00KGFM,Sigma Tools
52585,Parafusadeira Pneumática 1.3 KGFM,Puma
52591,"Parafusadeira Pneumática 1/4"" 1650 Rpm SFA 12",Schulz
52593,"Parafusadeira Pneumática 1/4"" 7500 Rpm",Puma
52594,"Parafusadeira Pneumática 1/4"" 800 Rpm",Puma
52595,"Parafusadeira Pneumática 1/4""",Sigma Tools
52596,Parafusadeira Pneumática 1.50kgfm Embr,Chicago
52597,"Parafusadeira Pneumática 1,60KGFM 1.800RPM",Puma
52598,"Parafusadeira Pneumática Reta 1/4"" 13000 Rpm",Puma
52599,Parafusadeira Pneumática de Impacto Reta 1.5KGFM,Puma
52600,"Parafusadeira Pneumática de Impacto 1/4"" Reta FB 501H",Firebird
52601,"Parafusadeira Pneumática de Impacto 1/4"" 4,8KGFM 8.000RPM",Puma
52602,Parafusadeira Pneumática Reta (Ref 01KGFM),Puma
52603,"Parafusadeira Pneumática de Impacto 0,70KGFM 10.000RPM com Acessórios e Maleta",Puma
52604,"Parafusadeira Pneumática Reta 1,04KGFM 1.800RPM",Puma
52605,"Parafusadeira Pneumática Reta 0,40KGFM 1.500RPM com Acessórios e Maleta",Puma
52606,"Parafusadeira Pneumática Reta 1/4"" 1100 Rpm",Chicago
52607,Parafusadeira Pneumática Reta (Ref 100KGFM),Puma
52608,"Parafusadeira Pneumática Reta 0,18KGFM 1.000RPM AT-4056 CT",Puma
52609,"Parafusadeira Pneumática de Impacto 1,4"" 3,5KGFM 8.000RPM",Puma
52610,Parafusadeira Pneumática Reta 8000rpm com Kit,Puma
52611,Parafusadeira Pneumática Reta 800RPM 1.44KGFM,Puma
52612,"Parafusadeira Pneumática Reta de Impacto 1,70KGFM 6.500RPM",Puma
52613,"Parafusadeira Pneumática Reta Hidro Deslizante 5,5KGFM 7.000RPM",Puma
52614,"Parafusadeira Pneumática Reta Shut-off 0,10KGFM 800RPM AT-4011 OP/2",Puma
52615,Parafusadeira Pneumática Reta Shut-off 0.08KGFM,Puma
52616,"Parafusadeira Pneumática Reta Shut-off 0,10KGFM 800RPM AT-4010 OP",Puma
52617,"Parafusadeira Pneumática Reta Shut-off 0,24KGFM 1.450RPM AT-4019 OP",Puma
52618,"Parafusadeira Pneumática Reta Shut-off 0,18KGFM 1.000RPM AT-4055 CT",Puma
52619,"Parafusadeira Pneumática Reta Shut-off 0,22KGFM 1.000RPM AT-4013 OP",Puma
52620,"Parafusadeira Pneumática Reta Shut-off 0,32KGFM 1.500RPM AT-4016 OP",Puma
52621,"Parafusadeira Pneumática Reta Shut-off 0,43KGFM 800RPM AT-4012 OP",Puma
52622,"Parafusadeira Pneumática Reta Shut-off 0,80KGFM 550RPM AT-4015 B",Puma
52624,"Parafusadeira Pneumática Shut-off 0,48KGFM 950RPM AT-4014 OP",Puma
52625,"Parafusadeira Pneumática Reta Shut-off 0,43KGFM 800RPM AT-4018 OP",Puma
52626,"Parafusadeira Pneumática Reta Shut-off 0,70KGFM 650RPM AT-4015 OP",Puma
52627,"Parafusadeira Pneumática Shut-off 0,70KGFM 650RPM AT-4017 OP",Puma
52633,"Parafusadeira Portátil 1/4"" 4V USB-C com Acessórios",Dewalt
52741,Parte Métalica Fêmea,Carbografite
52743,Partícula Magnética Vermelha 1kg,MetalChek
52744,Partilha Metal Duro de Torneamento (Ref DCMT11T308-FM4),Walter
52745,Partilha Metal Duro de Torneamento (Ref CCMT120408-PM5),Walter
52757,Pasta Anti-engripante -29 °C a +1315 °C ANTI-SEIZE HEAVY DUTY,Loctite
52759,Pasta Antirrespingo 300 Gramas 53F103.N e,Walter Abrasivos
52760,Pasta Cobreada CU800 -20 a 1200C 1kg,Wurth
52761,Pasta Cobreada CU800 -20 a,Wurth
52762,Pasta Diamantada 0/1 Microns Laranja,Steel Diamond
52763,Pasta de Ajuste e Desempeno 100 Grs Azul da Prussia,Baden
52764,Pasta de Ajuste e Desempeno 60 Grs Azul da Prussia,Baden
52765,Pasta Diamantada 12/20 Microns Marrom,Steel Diamond
52766,Pasta Diamantada 0-1/2 Microns Branca,Steel Diamond
52767,Pasta Diamantada 0/2 Microns Vermelho,Steel Diamond
52768,Pasta Diamantada 1/2 Microns Cinza SDP 1/2,Steel Diamond
52769,Pasta Diamantada 3/6 Microns Amarela,Steel Diamond
52770,Pasta Diamantada 2/4 Microns Verde Claro,Steel Diamond
52771,Pasta Diamantada 4/8 Microns Azul Claro,Steel Diamond
52772,Pasta Diamantada 40/60 Microns Violeta,Steel Diamond
52773,Pasta Diamantina 20/40 Microns Azul,Steel Diamond
52774,Pasta Diamantada 6/12 Microns Verde,Steel Diamond
52775,Pasta para Esmerilhar Média 361,Carborundum
52779,Pasta para Polimento Branca 600 Gramas LINE-MATE,Walter Abrasivos
52780,Pasta para Limpeza 25 kg,Pinheiro
52781,Pasta para Poliamida Azul 600G,Walter Abrasivos
52785,Pasta para Soldar em Pote 110 Gramas,Soft
52786,Pasta para Soldar Estanho em Pote 450 Gramas,Soft
52939,Pastilhas para Fresamento,Walter
52943,PCF Fundo Convertedor de Ferrugem 1 Litro DD3,Tapmatic
52944,PCF Fundo Convertedor de Ferrugem 5 Litros DD4,Tapmatic
52945,PCF Fundo Convertedor de Ferrugem 500ml DD2,Tapmatic
52946,Pé de Cabra de 500 mm,Cortag
52948,Pé de Cabra de 450 mm,Cortag
52949,Pé de Cabra de 600 mm,Cortag
52950,"Pé de Cabra Redondo Conrrugado 3/4""x60cm",Costa
52951,"Pé de Cabra Redondo Corrugado 3/4"" X 1000 mm 412",Rio Claro
52953,"Pé de Cabra Redondo Corrugado 3/4"" X 100cm 303",Costa
52954,"Pé de Cabra Redondo Corrugado 3/4""x60cm 308",Costa
52955,"Pé de Cabra Redondo Corrugado 3/4""x80cm 310",Costa
52956,"Pé de Cabra Redondo Corrugado 3/4"" X 800 mm 411",Rio Claro
52958,"Pé de Cabra Reforçado 24"" X",Mtx
52959,"Pé de Cabra Redondo Liso 3/4"" X 600 mm 403",Rio Claro
52963,Peças de Reposição para Porta Eletrodos ISOLANTE 02-C,Carbografite
52965,Peças de Reposição para Porta Eletrodos ISOLANTE 08-C,Carbografite
52970,Pedra Avulsa para Brunidor de Camisas,Raven
52973,Pedestal em PVC 90cm para Demarcação Preto/amarelo 700.01132,Plastcor
52974,Pedestal em PVC 90cm para Demarcação Preto/amarelo 700.10848,Plastcor
52976,"Pedra de Afiar Canoa 9.1/2"" X 1.3/8"" X 3/8"" 198",Carborundum
52977,"Pedra de Afiar Combinada Retangular 6"" X 2"" X 1"" 109N",Carborundum
52978,"Pedra de Afiar Combinada Retangular 8"" X 2"" X 1"" 108N",Carborundum
52989,Pedra para Centelhador 100 Unidades,Carbografite
52991,Pedra para Centelhador 5 Unidades com Suporte,Carbografite
52994,Pega Chapa Vertical 1500kg,Camlok
52995,Pega Chapa Vertical 500kg,Camlok
53003,Peneira para Areia Aro de Plástico 55cm,Nove54
53004,Penetrante Trincas Etapa 1,Carbografite
53029,Perfuratriz Diamantada 205mm 2400W 220V,Merax
53030,Perfuratriz Diamantada 80mm 1500W 220V,Merax
53041,Perneira de Couro com Tira Refletiva,Stihl
53042,Perneira de Raspa com Velcro 1 Par CA 17815 9015 SÃO MANOEL,Sao Manoel
53043,Perneira de Raspa com Velcro CA,Zanel
53044,Perneira de Raspa Fecho Fivela CA,Zanel
53045,Perneira em Raspa,Carbografite
53063,"Pilha Alcalina Grande com 2 Peças ""D""",Rayovac
53064,"Pilha Alcalina Grande ""D"" com 2 Peças E000622505 ENERGIZER",Rayovac
53065,Pilha Alcalina Grande Tipo D com 2 Unidades,Duracell
53066,"Pilha Alcalina Palito com 2 Peças ""AAA""",Rayovac
53068,Pilha Alcalina Palito AAA com 2 Peças,Duracell
53069,Pilha Alcalina Palito 2 Peças AAA,Panasonic
53070,"Pilha Alcalina Media com 2 Peças ""C""",Rayovac
53071,Pilha Alcalina Palito com 2 Peças AAA,Brasfort
53072,Pilha Alcalina Palito com 4 Peças AAA,Rayovac
53073,Pilha Alcalina Palito Tipo AAA com 4 Unidades,Duracell
53074,"Pilha Alcalina Pequena 2 Peças ""AA""",Rayovac
53076,Pilha Alcalina Pequena com 2 Peças AA,Rayovac
53077,"Pilha Alcalina Pequena Tipo AA com 2 Unidades (Ref 27215C, Ourolux)",Ourolux
53078,Pilha Alcalina Pequena com 4 Peças AA,Rayovac
53079,Pilha Eletrônica Alcalina 12V,Rayovac
53080,"Pilha Alcalina Pequena Tipo AA com 2 Unidades (Ref 44806, Duracell)",Duracell
53082,Pilha para Eletrônicos 3V CR2032 Cartela com 1 Peça,Rayovac
53100,Pinador Pneumático para Pinos F 10 a 50mm,Mtx
53103,Pinador Pneumático para Pinos F 15 a 50 mm,Puma
53104,Pinador Pneumático para Pinos T 20 a 50mm,Puma
53113,"Pinça 1/4"" para Retificadeira Pneumática",Puma
53116,"Pinça 1,6mm para Tocha TBI SR",Esab-Tbi
53118,"Pinça 2,4mm para Tocha TBI SR",Esab-Tbi
53119,"Pinça 2,4mm para Tochas TBI SR",Esab-Tbi
53120,"Pinça 3,2mm para Tocha TBI SR",Esab-Tbi
53121,"Pinça 3,2mm para Tochas TBI SR",Esab-Tbi
53130,Pinça Cruzada Trucada 120 mm de Inox 92 91 01,Knipex
53133,Pinça Cruzada de Precisão 115 mm de Inox 92 91 03,Knipex
53141,"Pinça de Aço 3/32"" 481",Dremel
53142,Pinça de 1.6 mm,Dremel
53160,Pinça ER-16 10mm DIN 6499,Btfixo
53163,Pinça ER-32 10.00mm DIN 6499,Btfixo
53164,"Pinça ER-16 8,0mm DIN 6499",Btfixo
53165,"Pinça ER-32 16,0mm DIN 6499",Btfixo
53166,"Pinça ER-32 20,0mm DIN 6499",Btfixo
53167,"Pinça ER-32 5,0mm DIN 6499",Btfixo
53168,Pinça ER-32 6.00mm DIN 6499,Btfixo
53169,"Pinça ER-32 7,0MM DIN 6499",Btfixo
53170,Pinça ER-40 11.00mm DIN 6499,Btfixo
53171,"Pinça ER-32 9,0mm DIN 6499",Btfixo
53172,Pinça ER-40 10.00mm DIN 6499,Btfixo
53173,Pinça ER-40 12.00mm DIN 6499,Btfixo
53174,Pinça ER-40 16.00mm DIN 6499,Btfixo
53175,Pinça ER-40 14.00mm DIN 6499,Btfixo
53176,Pinça ER-40 18.00mm DIN 6499,Btfixo
53177,"Pinça ER-40 19,0mm DIN 6499",Btfixo
53178,"Pinça ER-40 24,0mm DIN 6499",Btfixo
53179,Pinça ER-40 20.00mm DIN 6499,Btfixo
53180,Pinça ER-40 4.00mm DIN 6499,Btfixo
53181,"Pinça ER-40 5,0mm DIN 6499",Btfixo
53182,Pinça ER-40 3.0mm DIN 6499,Btfixo
53183,Pinça ER-40 6.00mm DIN 6499,Btfixo
53184,"Pinça ER-40 7,0mm DIN 6499",Btfixo
53185,Pinça ER-40 8.00mm DIN 6499,Btfixo
53188,Pinça para Micro Retírifa 3mm,Puma
53205,Pinça Selada ER-32 12.00mm DIN 6499,Btfixo
53206,Pinça SER-32 8.00mm DIN 6499,Btfixo
53207,"Pincel 1.1/2""",Nove54
53211,"Pincel 1/2""",Nove54
53215,"Pincel 2.1/2""",Nove54
53217,"Pincel 1""",Nove54
53223,"Pincel 2""",Nove54
53225,"Pincel 3/4""",Nove54
53229,"Pincel 3""",Nove54
53235,"Pincel 4""",Nove54
53240,Pincel Antiestático ESD 4x25mm,Hikari
53243,Pincel ESD 30x4x25mm,Hikari
53250,Pino Avulso para Extrator,Raven
53262,Pino de Fixação BT40x45° com Refrigeração Interna MAS 403-BT (DIN 6499),Btfixo
53266,Pino para Suporte DWNL - 08,Blacktools
53275,Pinos F para Pinador Pneumático 15mm com 5000 Unidades F15,Puma
53279,Pinos F para Pinador Pneumático 25mm com 5000 Unidades F25,Puma
53280,Pinos F para Pinador Pneumático 30mm com 5000 Unidades F30,Puma
53281,Pinos F para Pinador Pneumático 45mm com 5000 Unidades F45,Puma
53282,Pinos F para Pinador Pneumático 35mm com 5.000 Unidades F35,Puma
53283,Pinos F para Pinador Pneumático 40mm com 5000 Unidades F40,Puma
53286,Pinos F para Pinador Pneumático 50mm com 5000 Unidades F50,Puma
53294,Pinos T para Pinador Pneumático 1.4mm X 25mm 2500 Unidades T25,Puma
53295,Pinos T para Pinador Pneumático 1.4mm X 30mm 2500 Unidades T30,Puma
53296,Pinos T para Pinador Pneumático 45mm com 2.500 Unidades T45,Puma
53298,Pinos T para Pinador Pneumático 50mm com 2.500 Unidades T50,Puma
53534,Pistula de Pintura Ar Direto Gravidade Bico 0.8mm MODELO 5AD,Arprex
53537,Placa 200mm com 3 Castanhas Sobrepostas Reversíveis 900.035,Champion Tools
53538,Placa 250mm com 3 Castanhas Sobrepostas Reversíveis 900.036,Champion Tools
53544,Placa ATP Externa Policarbonato 104x115mm,Carbografite
53545,Placa Autocentrante 160mm com 3 Castanhas,Btfixo
53546,Placa Autocentrante 160mm com 3 Castanhas Reversíveis,Btfixo
53547,Placa Autocentrante 200mm com 3 Castanhas,Btfixo
53548,Placa Autocentrante 250mm com 3 Castanhas,Btfixo
53549,Placa Autocentrante 200mm com 3 Castanhas Reversíveis,Btfixo
53550,Placa Autocentrante 250mm com 3 Castanhas Reversível K11-250 a,Btfixo
53551,Placa Cega 4x2 642 31,Pial
53555,Placa Cega sem Suporte 4x4 Branco,Pial
53575,Placa de Proteção para Roçadeira,Stihl
53577,Placa Interface Potência para,Schneider
53580,Placa Módulo sem Suporte 2x4 Branco Cega,Pial
53584,Placa para Montagem PACKOUT,Milwaukee
53586,Placa para Uso Manual Ou em Prensa para Extração de Rolamentos (Ref 700002),Raven
53587,Placa sem Suporte 4x4 1+1 Módulos Branco,Pial
53588,Placa para Uso Manual Ou em Prensa para Extração de Rolamentos (Ref 700001),Raven
53589,Placa sem Supor Branco 4x4 2+2 Módulos 6185 12,Pial
53590,Placa sem Suporte Branco 4x2 1 Módulo Horizontal 6185 05,Pial
53591,Placa sem Suporte Branco 4x2 1 Módulo Vertical 6185 01,Pial
53592,Placa sem Suporte 4x2 2 Módulos Branco,Pial
53593,Placa sem Suporte 4x4 2+2 Módulos Branco,Pial
53594,Placa sem Suporte Branco 4x2 3 Módulos 6185 03,Pial
53595,Placa sem Suporte Branco 4x2 2 Módulos 6185 02,Pial
53596,Placa sem Suporte Branco 4x4 3+3 Módulos 6185 16,Pial
53597,Placa sem Suporte Cinza 4x2 1 Módulo Redondo 8505,Pial
53598,"Placa Separação de Borne K 2,5mm² TWPA SAK2.5 ENBG WEIDMULLER CONEXEL",Conexel Weidmuller
53599,Placa Separação de Borne K 4mm² TWPA SAK4/10 BG WEIDMULLER CONEXEL,Conexel Weidmuller
53600,Placa Separação SAK16EN/TAMPA FINAL SAK35EN TWPA SAK16 ENBG WEIDMULLER CONEXEL,Conexel Weidmuller
53601,"Placa Separadora para Borne K 2,5mm",Steck
53602,Placa Universal 160mm com 3 Castanhas Fofo 900.004,Champion Tools
53603,Placa Universal 100mm 3 Castanhas FOFO 900.002,Champion Tools
53604,Placa Universal 160mm 3 Castanhas Sobrepostas Reversíveis 900.034,Champion Tools
53605,Placa Separadora para Borne K,Steck
53606,Placa Universal 200mm com 3 Castanhas Fofo 900.005,Champion Tools
53607,Placa Universal 250mm com 3 Castanhas Fofo 900.006,Champion Tools
53608,Placa Universal 200mm 4 Castanhas FOFO 820.074,Kingtools
53609,Placa Universal 315mm 3 Castanhas Sobrepostas Reversíveis 900.037,Champion Tools
53610,Placa Universal 300mm 4 Castanhas Independentes 820.106,Kingtools
53611,Placa Universal 250mm 4 Castanhas FOFO 820.075,Kingtools
53612,Placa Universal 320mm 3 Castanhas Fofo 3AB EXTRA,Union
53613,Placa Universal 400mm 4 Castanhas Independentes 820.108,Kingtools
53614,Placa Universal 500mm 3 Castanhas Sobrepostas Reversíveis 900.040,Champion Tools
53615,Placa Universal 80mm 3 Castanhas FOFO 820.001,Kingtools
53616,Placa Vibratória a Gasolina 6.5HP 530MM X 500MM 4 Tempos,Toyama
53617,Placa Universal 80mm 3 Castanhas FOFO 900.001,Champion Tools
53618,Placa Universal Autocentrante 100mm com 3 Castanhas,Btfixo
53621,Placa Vibratória Gasolina 6.5HP 4T 500X300MM,Toyama
53624,Plafon Superled de Embutir 18W Redondo 6400K Bivolt,Ourolux
53625,Plafon Superled para Sobrepor 36W Bivolt 2700K Branca Morna 400x400 Quadrado,Ourolux
53626,Plafon Superled para Sobrepor 36W Bivolt 6500K Branca Fria 400x400 Quadrado,Ourolux
53670,Plasteel Alta Resistência Química 3:1 1.457kg PA2,Tapmatic
53672,Plasteel Cerâmico Espatulável 5:1 1.650kg PG2,Tapmatic
53673,"Plasteel Cerâmico Pintável Azul 3:1 1,32 kg",Tapmatic
53674,Plasteel Diamantado 4:1 2.300kg PD2,Tapmatic
53675,Plasteel Cerâmico Pintável Branco 3:1 1.315kg PB2,Tapmatic
53676,"Plasteel Diamantado 4:1 Kit com 9,330kg PD3",Tapmatic
53677,Plasteel Massa 1:1 3.600kg PM2,Tapmatic
53678,Plasteel Diamantado Espatulável 4:1 2.100kg PE2,Tapmatic
53679,Plasteel Massa Aço/epoxi 4:1 PQ1,Tapmatic
53681,Plasti Film 3.6 Litros Incolor CI3,Tapmatic
53683,Plasti Film 500 ml Incolor CI1,Tapmatic
53684,Plasteel Titanium Usinável 450g PTT1,Tapmatic
53685,Plasti Film Branca 3.6 Litros CL3,Tapmatic
53686,Plasti Film Vermelho 3.6 Litros CI3,Tapmatic
53687,"Plasti Film Preto 3,6 Litros CK3",Tapmatic
53688,Plasti Film Branca 500 ml CL1,Tapmatic
53696,Plugue Fêmea 2P + T 10A 250V Preto,Pial
53697,Plugue Fêmea 2P+T 20A Preto,Pial
53698,Plugue Fêmea 2P+T 10A Cinza (Ref 615824),Pial
53699,Plugue Fêmea 2P+T 10A Cinza (Ref 615876),Pial
53700,Plugue Fêmea 2P+T 20A Cinza,Pial
53702,Plugue Fêmea 2P+T 10A Preto,Pial
53703,Plugue Fêmea Reto 2P + T 10A Cinza,Pial
53708,Plugue Industrial 16A 2P+T 200/250V 6H Azul IP67,Steck
53709,Plugue Industrial Fêmea 125A 3P+T 380/440V 6H Vermelho IP67,Steck
53737,Plugue Industrial Neg 16A 2P+T 200/250V 6H Azul,Steck
53761,Plugue Redondo Porcelana 2P 20A 380V,Lorenzetti
53762,Plugue Redondo Porcelana 2P 30A 380V,Lorenzetti
53763,Plugue Redondo Porcelana 3P 20A 380V,Lorenzetti
53764,Plugue Redondo Porcelana 3P 30A 380V,Lorenzetti
53779,Pochete para Ferramentas com 5 Bolsos CG 400,Carbografite
53785,Podador de Cerca Elétrico 500W 110V HSE 61,Stihl
53787,Podador de Cerca Elétrico 460W HSE 52,Stihl
53788,"Podador de Cerca À Gasolina 18"" 1.1CV 27 Cc HS 45",Stihl
53791,Podador de Galhos À Gasolina 12'' 1.9CV 36CC HT 131,Stihl
53852,"Politriz a Úmido Angular Pneumática 3"" 1.00HP 4.500RPM",Puma
53853,"Politriz Angular 5"" 1050W Azul",Sigma Tools
53855,"Politriz Angular 5"" 1050W Rosa",Sigma Tools
53856,"Politriz Angular 5"" 470W 9051",Skil
53857,"Politriz Angular 5"" 600W com Maleta e Acessórios",Black Decker
53859,"Politriz Angular 7"" 1300"" 9071",Skil
53862,"Politriz Angular 7"" 1300W com Maleta 9071",Skil
53863,"Politriz Angular 7"" 1300W com Maleta WP1500K BLACK + DECKER",Black Decker
53865,"Politriz Angular Pneumática 7"" 1.30HP 2.500RPM",Puma
53866,"Politriz Angular Pneumática 7"" 0.6HP 2.500RPM",Puma
53879,"Politriz Pneumática 4"" 2.50HP 10.000RPM",Puma
53887,"Politriz Vertical Pneumática 4"" 1.50HP 11.000RPM",Puma
53888,Polvilhadeira Mata Formiga Plus POL1000 0422.10.00,Guarany
54194,Ponteira/cinzel com Encaixe Redondo para,Puma
54198,Ponteira Gancho C Smart 22mm 1.35.0636,Agmov
54199,Ponteira Gancho g Smart 1.35.0578,Agmov
54200,"Ponteira Gancho g Rosca 1/4"" 153",Agmov
54201,Ponteira Gancho T Smart 1.35.0642,Agmov
54203,Ponteira Gancho v Smart 1.35.0592,Agmov
54204,Ponteira Longa para Martelete Pneumático,PUMA
54208,Ponteira para Martelete Pneumático Jogo com 4 Peças,Puma
54211,Ponteira para Martelete Pneumático,PUMA
54212,Ponteira para Repuxo Fino 3 Pontas 4014,Band
54213,Ponteira para Soldar 201,Dremel
54219,Ponteira/talhadeira Chata com Encaixe Redondo,Puma
54220,"Ponteiro 20"" Encaixe Sextavado 1.1/8""",Dewalt
54222,Ponteira/talhadeira Corte v com Encaixe Hexagonal,Puma
54224,Ponteiro 300mm SDS,Dewalt
54232,Ponteiro de 140mm com Encaixe SDS Plus 41348 HT,Ht
54237,Ponteiro Encaixe SDS 280mm 38092 HT,Ht
54239,Ponteiro Encaixe SDS 400mm 38093 HT,Ht
54244,Ponteiro Encaixe SDS Plus 250mm 38091 HT,Ht
54256,Ponteiro Redondo 10'' 2080,Pacetta
54259,Ponteiro Redondo 12'' 2080,Pacetta
54260,Ponteiro Redondo 8'' 2080,Pacetta
54262,Ponteiro SDS (Dewalt),Dewalt
54280,Ponteiro Sextavado de 300mm com Proteção de Borracha,Cortag
54281,"Ponto Montada 30x 6,4 Haste 1/4'' A-37",Pontabras
54282,Ponteiro Sextavado de 350mm com Proteção de Borracha,Cortag
54330,Porta Barra Weldon BT40 25x90mm,Blacktools
54333,"Porta Bedame Reto 1"" (Ades)",Ades
54334,"Porta Bedame Esquerdo 1""",Ades
54335,Porta Bedame Reto 1/2'',Ades
54336,"Porta Bedame Reto 3/4""",Ades
54337,"Porta Bedame Reto 1"" (Ref PB-854, Tool Master)",Tool Master
54338,"Porta Bedame Reto 5/8""",Ades
54339,Porta Bedame Reto 7/8'',Ades
54340,Porta Bico M6 para Tochas TBI PRO,Esab-Tbi
54341,Porta Bico M6 X 43mm com Mola Handyrtorque 150,Esab-Tbi
54342,Porta Bico M8 para Tocha TBI PRO,Esab-Tbi
54412,Porta Ferramentas ISO DWLNR2020K06 WATER,Walter
54414,Porta Fusível sem Indicador 1P 32A 10x38,Schneider
54425,"Porta Pinça 1,6mm para Tocha TBI SR",Esab-Tbi
54426,"Porta Pinça 2,4mm para Tocha TBI SR",Esab-Tbi
54427,Porta Pinça BT40 M16X2.00 ER40HTBT40M16200 HT,Ht
54428,"Porta Pinça 3,2mm para Tocha TBI SR",Esab-Tbi
54429,Porta Pinça CM3 M12X1.75 ER40HTCM3M12175 HT,Ht
54430,Porta Pinça CM4 M16X2.00 ER40HTCM4M16200 HT,Ht
54431,Porta Pinça CM5 M24X3.00 ER40HTCM5M20250 HT,Ht
54432,Porta Pinça ISO30 M12X1.75 ER40HTISO30M12175 HT,Ht
54433,Porta Pinça ISO40 M16X2.00 ER40HTISO40M16200 HT,Ht
54434,Porta Pinça ISO50 M24X3.00 ER40HTISO50M24300 HT,Ht
54435,"Porta Recartilha Duplo 3/4"" (Ades)",Ades
54436,"Porta Recartilha Duplo 3/4"" (Ref PR-906, Cabri)",Cabri
54437,"Porta Recartilha Interno 3/4""",Ades
54438,"Porta Recartilha Simples 3/4""",Ades
54439,"Porta Recartilha Triplo 3/4"" (Ref PR-912, Cabri)",Cabri
54440,"Porta Recartilha Triplo 3/4"" (Ades)",Ades
54441,"Porta Recartilha Triplo 5/8""",Ades
54442,Porteiro Elétronico com 4 Pontas F8 SN,Hdl
54444,Porteiro Eletrônico F8-EXT Painel Externo,Hdl
54445,Poste Final para Borne EW35 WEIDMULLER CONEXEL,Conexel Weidmuller
54446,Porteiro Eletrônico F8S 4 Pontos SN,Hdl
54448,Poste Final para Borne EWK1 WEIDMULLER CONEXEL,Conexel Weidmuller
54449,Potenciômetro 22mm Plástico 10K Linear com Escala,Schneider
54450,Prateleira com 5 Bandejas (Ref PDG-5),Marcon
54451,Prateleira com 6 Bandejas,Marcon
54452,Prateleira com 5 Bandejas (Ref PDP-5),Marcon
54469,Prato Giratório para,Stihl
54472,Pregador Pneumático 2.5 a 3.1mm Comprimento 57 a 80mm,Sigma Tools
54476,Pregador Pneumático 300 Pregos de 2.3 a 2.9mm,Puma
54478,Pregador Pneumático 300 Pregos de 2.5 a 3.8mm,Puma
54479,Prego de Aço Polido com Cabeça 17x21 1kg,Gerdau
54481,Prego de Aço Polido com Cabeça 18x27 1kg,Gerdau
54483,Prego de Aço Polido com Cabeça 19X36 1kg,Gerdau
54484,Prego de Aço Polido com Cabeça 1kg 13x18,Gerdau
54485,Prego de Aço Polido com Cabeça 1kg 15x15,Gerdau
54486,Prego de Aço Polido com Cabeça 1kg 17x27,Gerdau
54487,Prego de Aço Polido com Cabeça 1kg 18x30,Gerdau
54488,Prego de Aço Polido com Cabeça 1kg 22x48,Gerdau
54515,Prensa Hidráulica 10 Toneladas sem Manômetro,Marcon
54518,Prensa Hidráulica 100 Toneladas 4207,Marcon
54520,Prensa Hidráulica 125 Toneladas 4210,Marcon
54521,Prensa Hidráulica 100 Toneladas e Auxiliar 15 Toneladas 4208,Marcon
54522,Prensa Hidráulica 100 Toneladas P 100200 (P100000),Bovenau
54523,Prensa Hidráulica 125 Toneladas com Auxiliar 15 Toneladas 4211,Marcon
54525,Prensa Hidráulica 15 Toneladas Compacta e Desmontável,Marcon
54526,Prensa Hidráulica 15 Toneladas Desmontável,Riosul
54528,Prensa Hidráulica 15 Toneladas P 15.200,Bovenau
54530,Prensa Hidráulica 15 Toneladas sem Manômetro,Marcon
54531,Prensa Hidráulica 150 Toneladas 4214,Marcon
54533,Prensa Hidráulica 150 Toneladas com Auxiliar 15 Toneladas 4215,Marcon
54537,Prensa Hidráulica 80 Toneladas 4209,Marcon
54539,Prensa Hidráulica de 100 Toneladas com Prensa Auxiliar de 15 Toneladas,Bovenau
54540,Prensa Hidráulica de 15 Toneladas Plus,Bovenau
54541,Prensa Hidráulica de 60 Toneladas,Bovenau
54542,Prensa Hidráulica Manual,Marcon
54549,Prensa Hidropneumática 30 Toneladas MPH-30 hp,Marcon
54550,Primer de Poliolefina 30 ml 770,Loctite
54552,Produto de Teste Catus,
54558,Projetor de Superled 400W 6500K Bivolt Preto,Ourolux
54567,Projetor Superled Slim 300W 6500K Preto Bivolt 3276,Ourolux
54568,Projetor Superled Slim 500W 6500K Preto Bivolt 3278,Ourolux
54569,Prolongador de Alumínio Revestido para Hidropó,Schulz
54582,Prolongador Reto Revestido para Hidropó HPS-06240 IDRO,Schulz
54618,Proteção para Cintas de Elevação 2 Tonelada,Carbografite
54619,Proteção para Cintas de Elevação 3 Toneladas,Carbografite
54620,Proteção para Cintas de Elevação 1 Tonelada,Carbografite
54621,Proteção para Cintas de Elevação 8 Toneladas,Carbografite
54622,Proteção para Cintas de Elevação 6 Toneladas,Carbografite
54623,Proteção para Cintas de Elevação 4 Toneladas,Carbografite
54624,Protetivo Industrial para Ambientes Externos 3kg 40,Tapmatic
54626,Protetivo Pelicula Cerosa Espessa 20 Litros PROTETIVO AGRO,Tapmatic
54627,Protetivo Pelicula Cerosa Espessa 5 Litros PROTETIVO AGRO,Tapmatic
54628,Protetor Anticorrosivo Azul,Ultralub
54635,Protetor Auricular com Cordão em Poliamida CG 38,Carbografite
54642,Protetor Auricular em Copolímero Tipo,Carbografite
54643,Protetor Auricular em Copolímero Tipo sem Cordão CG 38M,Carbografite
54652,Protetor Contra Surto 12.5/60KA 275V FRONT,Clamper
54654,Protetor de Arraste Life 60A,Esab
54659,Protetor de Correias,Loctite
54660,Protetor de Lombar Ergonômico com Susp Tamanho g Gelfit,Toughbuilt
54663,Protetor de Lombar Ergonômico com Susp Tamanho m Gelfit,Toughbuilt
54676,"Protetor Facial de Policarbonato com Testeira Ajustável 8""/200mm 200E",Ledan
54685,Protetor Lombar Ergonômico com Suspensório 1500,Dystray
54686,Protetor para Contatos Elétricos 3Kg LC8 AR5,Tapmatic
54689,Protetor para Moldes,Wurth
54690,Protetor Solar Facial UV Fps 60,Nutriex
54692,Protetor Solar FPS 30 UV UVA 4 Litros,Nutriex
54693,Protetor Solar FPS 60 120mL com Repelente 0062802 PROFISSIONAL,Nutriex
54694,Protetor Solar UV Fps 30,Nutriex
54695,Protetor Solar UV Fps 30 com Repelente 1 Litro,Nutriex
54696,Protetor Solar FPS 60 FP-UVA 24 120ml Bisnaga,Luvex
54697,Protetor Solar FPS 60 UVA/UVB 1/3 com Repelente 2 Litros FPS 60,Nutriex
54698,Protetor Solar UV Fps 30 1 Litro,Nutriex
54699,Protetor Solar UV FPS 30 com Repelente de Insetos,Luvex
54700,Protetor Solar UV FPS 35 UVA 17 no White,Luvex
54702,Protetor Solar UV FPS 30 UVA 17,Luvex
54703,Protetor Solar UV Fps 30 com Repelente 4 Litros,Nutriex
54704,Protetor Solar UV Fps 30 com Repelente 2 Litros,Nutriex
54705,Protetor Solar UV Fps 60 1 Litro,Nutriex
54706,Protetor Solar UV Fps 60 4 Litros,Nutriex
54707,Protetor Solar UV FPS 70,Nutriex
54712,Prumo de Parede Zincado 1Kg,Cortag
54713,Prumo de Parede Zincado,Cortag
54715,Pulseira Antiestática,Hikari
54717,Pulverizador À Gasolina 14 Litros 3.9CV 63CC 920M3/H SR 450,Stihl
54719,Pulverizador Cano Longo com Caneca Plástico 9,Arprex
54721,Pulverizador com Caneca de Alumínio Curto MODELO 10A,Arprex
54722,Pulverizador Cano Longo com Canela Nylon OMEGA 9,Arprex
54731,Pulverizador Costal À Gasolina 3.5CV 56CC 750M3/H SR 420,Stihl
54738,Pulverizador Costal Manual 18 Litros SG 20,Stihl
54742,Pulverizador de Alta Pressão 5L TROMBONE,Guarany
54744,Pulverizador de Alumínio 8P,Arprex
54746,Pulverizador de Compressão Pioneiro Inox 10 Litros,Guarany
54747,Pulverizador de Compressão Pioneiro Inox 15L,Guarany
54750,"Pulverizador de Compressão Prévia 7,6 Litros",Guarany
54751,"Pulverizador de Compressão Prévia 4,7 Litros",Guarany
54754,"Pulverizador em Alumínio Curto 1/4"" MS 7-BC",Steula
54755,Pulverizador em Alumínio com Caneca de 750ml BC 52,Steula
54756,Pulverizador em Plástico 500ml 60A078.4 e,Walter Abrasivos
54758,Pulverizador Gasolina 3.9CV 63CC 14L 920M3/H SR 430,Stihl
54759,"Pulverizador Manual 1,5 Litros 3964100150 w",Wurth
54762,Pulverizador Manual 2 Litros,Lynus
54764,Pulverizador Manual 5 Litros 3964100500 w,Wurth
54766,Pulverizador Manual,Trapp
54770,Pulverizador Manual Lateral de Compressão Prévia 5 Litros,Trapp
54771,"Pulverizador Plástico 1/4"" MS 3-BC",Steula
54773,"Pulverizador Plástico Bico Longo 1/4"" MS 3-BL",Steula
54774,Pulverizador sem Caneca Alumínio Cano Longo MODELO 11L,Arprex
54776,"Pulverizador sem Caneca Alumínio Curto 1/4"" MODELO 11",Arprex
54778,Pulverizador sem Caneca Nylon Curto para Solopan OMEGA 11L,Arprex
54779,Pulverizador sem Caneca Nylon Curto OMEGA 11,Arprex
54780,Punção Alfabeto Avulso Letra a 6mm PLKF,Pld
54782,Pulverizador sem Caneca Nylon Curto para Solopan OMEGA 11S,Arprex
54783,"Punção Alfabeto em Aço 27 Peças 2,5mm",Pld
54784,Punção Alfabeto em Aço 27 Peças 2mm,Pld
54785,Punção Alfabeto em Aço 27 Peças 10mm,Pld
54786,Punção Alfabeto em Aço 27 Peças 3mm,Pld
54787,Punção Alfabeto em Aço 27 Peças 4mm,Pld
54788,Punção Alfabeto em Aço 27 Peças 5mm,Pld
54789,Punção Alfabeto em Aço 27 Peças 6mm,Pld
54790,Punção Alfabeto em Aço 27 Peças 8mm,Pld
54791,Punção Algarismo em Aço 9 Peças 12mm,Pld
54792,Punção Alfabeto em Aço com 27 Peças 12mm,Pld
54793,Punção Algarismo em Aço 2.5mm,Pld
54795,Punção Algarismo em Aço 9 Peças 10mm,Pld
54796,Punção Algarismo em Aço 9 Peças 3mm,Pld
54797,Punção Algarismo em Aço 9 Peças 4mm,Pld
54798,Punção Algarismo em Aço 9 Peças 2mm,Pld
54799,Punção Algarismo em Aço 9 Peças 5mm,Pld
54800,Punção Algarismo em Aço 9 Peças 6mm,Pld
54801,Punção Algarismo em Aço 9 Peças 8mm,Pld
54802,Punção Algarismo em Aço 9 Peças 9mm,Pld
54813,Punção de Centro 4mm X 120mm PC04,Ades
54826,"Punção Vazador 28,3mm",Ridgid
54827,Punho Expert Completo para Tochas À Gás TBI PRO,Esab-Tbi
54828,"Punção Vazador 34,6 mm",Ridgid
54833,Purgador Automático Eletrônico 576 L/h 220V,Metalplan
54835,Purificador de Ar Comprimido Odontológio 6pcm DENTAL AIR PURIFIER,Metalplan
54838,Puxador Pneumático para Funilaria ATDPP,Puma
54905,Querosene 5 Litros,Itaqua
54906,Rack Fechado para Computador com 2 Gavetas Azul R-4,Fercar
54907,Rack Móvel Aberto para Computador NR-1,Nocram
54908,Rack Móvel Fechado para Computador NR-2,Nocram
54909,Rack Móvel para Computador com Gaveta e Porta Teclado (Ref CR-29),Marcon
54910,Rack Móvel para Computador com Gaveta e Porta Teclado (Ref CR-45),Marcon
54911,Rack para Computador Aberto com 2 Gavetas R-3,Fercar
54912,Rack para Computador Fechado com Gaveta e Porta Teclado,Marcon
54913,Raspador de Pintura de 6mm X 63mm,Stanley
54914,Rack para Microcomputador Fechado com 2 Gavetas 1720x650x490mm Azul R5,Fercar
54915,Rampa Metálica para Suporte e Exposição de Automóveis,Raven
54919,Raspador de Rejunte 15mm SUPRA,Cortag
54926,Reator Externo Mercúrio 125W 220V,Hge
54928,Reator Externo Mercúrio 400W 220V,Hge
54932,Reator Externo Metal 150W 220V,Hge
54933,Reator Externo Metal 400W 220V,Hge
54934,Reator Externo Metálico 250W 220V,Hge
54935,Reator Externo Sódio 150W 220V,Hge
54936,Reator Externo Sódio 250W 220V,Hge
54937,Reator Externo Sódio 400W 220V,Hge
54938,Reator Interno Mercúrio 250W 220V,Hge
54939,Reator Interno Metal 250W 220V,Hge
54940,Reator Interno Metal 400W 220V,Hge
54941,Reator Interno Sódio 150W 220V,Hge
54942,Reator Interno Mercúrio 400W 220V,Hge
54943,Reator Interno Sódio 250W 220V,Hge
54944,Reator Interno Sódio 400W 220V,Hge
54965,"Rebitador Hidropneumático 1/4"" com Vácuo",Sigma Tools
54967,"Rebitador Hidropneumático 3/16"" Vacuo",Sigma Tools
54971,"Rebitador Manual 10"" de 4 Pontas 3/32"" a 3/16"" R250 PRO",Irwin
54972,"Rebitador Manual 4 Pontas 3/32"" a 3/16""",Stanley
54974,"Rebitador Manual 4 Pontas 3/32"" a 3/16"" R100",Irwin
54975,Rebitador Manual 4 Pontas com Cabeça Giratória 360º,Irwin
54979,Rebitador Manual Giratorio 4 Pontas,Stanley
54989,"Rebitador Pneumático 1/4"" 0.7kgh 9DR",Eda
54991,"Rebitador Pneumático 1/4"" 1894 Kgf",Puma
54996,"Rebitador Pneumático de Rosca 1/4"" 1219KGF M8",Puma
54997,"Rebitador Pneumático 3/8"" 720 Kgfm SFR 720 REB",Schulz
55002,Rebitador Pneumático para Rosca M3 a M8,Puma
55003,Rebitador Pneumático Rosca M3 a M12,PUMA
55027,Rebolo Copo Cônico 10x50mm Grão 60,Cortag
55028,Rebolo Copo Cônico 100x50mm Grão 120,Cortag
55029,Rebolo Copo Cônico 10x50mm Grão 80,Cortag
55030,Rebolo Copo Cônico 75mm X 50mm Grão 120 M14,Cortag
55031,Rebolo Copo Cônico 75mm X 50mm Grão 60 M14 G-60,Cortag
55032,Rebolo Copo Cônico 75mm X 50mm Grão 80 M14 G-80,Cortag
55043,Rebolo Diamantado 100x3mm,Carbografite
55045,Rebolo Diamantado 115mm Turbo,Nove54
55052,Rebolo Diamantado para Desbaste 115mm M14,Mtx
55190,"Recartilha 3/4"" 0,50mm 30º Direito",Cabri
55194,"Recartilha 3/4"" 0,80mm 30º Direito",Cabri
55195,"Recartilha 3/4"" 0,80mm 30º Esquerdo",Cabri
55196,"Recartilha 3/4"" 1,00mm 30º Cruzado",Cabri
55197,"Recartilha 3/4"" 1,20mm 30º Direito",Cabri
55198,"Recartilha 3/4"" 1,00mm Reto",Cabri
55199,"Recartilha 3/4"" 1,20mm 30º Esquerdo",Cabri
55200,"Recartilha 3/4"" 1,50mm 30º Cruzado",Cabri
55201,"Recartilha 3/4"" 1,50mm 30º Direito (Ref RD-936)",Cabri
55202,"Recartilha 3/4"" 1,20mm Reto",Cabri
55203,"Recartilha 3/4"" 1,50mm 30º Direito (Ref RD-936B)",Cabri
55204,"Recartilha 3/4"" 1,50mm 30º Esquerdo",Cabri
55205,"Recartilha 3/4"" 2,00mm 30º Direito",Cabri
55206,"Recartilha 3/4"" 2,00mm Reto",Cabri
55207,"Recartilha 3/4"" 2,00mm 30º Esquerdo",Cabri
55208,"Recartilha 3/4"" 2,00mm 30º Cruzado",Cabri
55209,"Recartilha 3/4"" 1,50mm Reto",Cabri
55210,"Recartilha 3/4"" Passo 1,5mm Reta HSS Largura 10mm ESPECIAL",Cabri
55227,Redução para Bico para Hidropó,Schulz
55243,Refil Azul para Giz de Linha 227g,Irwin
55245,Refil para Secador de Ar Comprimido 1Kg,Metalplan
55247,Refil Vermelho para Giz de Linha 227g,IRWIN
55248,Refil para Secador de Ar Comprimido 3Kg AIR POINT AQUASORB,Metalplan
55280,Refratômetro Portátil 0 a 32% Brix com Temperatura Automática,Instrutherm
55284,Regador Plástico Preto 10 Litros,Nove54
55287,Regador Plástico Preto 5 Litros,Nove54
55289,Régua de Alumínio para Pedreiro 2m,Novo-Horizonte
55299,Régua em Aço Inox,Carbografite
55305,"Regulador de Ar 1/4""",Puma
55306,"Regulador de Pressão 1,5 Acetileno para Cilindros MD PLUS",Condor
55308,Regulador de Pressão 10 Nitrogênio para Cilindros MD PLUS,Condor
55311,Regulador de Pressão Acetileno para Cilindros,Condor
55312,Regulador de Pressão Argonio (Ref 410144),Condor
55314,Regulador de Pressão Argônio para Cilindro,Condor
55315,Regulador de Pressão CO2 para Cilindros Nacional MDN g 30 CO2,Condor
55316,Regulador de Pressão Argonio (Ref 410145),Condor
55317,Regulador de Pressão Argônio para Cilindros,Condor
55318,Regulador de Pressão CO2 para Cilindros Importado MDN g 30 CO2,Condor
55319,Regulador de Pressão G30 Argônio para Cilindros MD PLUS,Condor
55320,Regulador de Pressão G30 Dióxido de Carbono CO² para Cilindros MD PLUS,Condor
55322,Regulador de Pressão GLP/GN,Condor
55323,Regulador de Pressão GLP/GN para Cilindros 32MH HD S 4 GLP/GN,Condor
55324,Regulador de Pressão Nitrogenio para Cilindro HANDYGAS 10 NIT,Condor
55325,Regulador de Pressão GLP para Cilindro,Condor
55326,Regulador de Pressão Nitrogênio para Cilindro MDN 10 NIT,Condor
55327,Regulador de Pressão Oxigênio para Cilindro 115/54MH HANDYGAS 10 OX,Condor
55328,Regulador de Pressão Nitrogênio para Cilindros,Condor
55329,Regulador de Pressão Oxigênio para Cilindro 155/45MH HANDYGAS 10 OX,Condor
55330,Regulador de Pressão Oxigênio para Cilindros 107MH HD S 10 OX,Condor
55331,Regulador de Pressão Oxigênio para Cilindros (Ref 405132),Condor
55332,Regulador de Pressão Oxigênio para Cilindros (Ref 407782),Condor
55333,Regulador de Pressão para Cilindro HANDYGAS g 30 CO2,Condor
55334,Regulador de Pressão para Cilindros de Oxigênio,Condor
55335,Regulador de Pressão para Cilindros,Condor
55336,Regulador de Pressão para Cilindros 50 LPM HD g 50 ARG,Condor
55337,Regulador de Pressão para Cilindros de Oxigênio 155/54MH MD 10 OX,Condor
55338,Regulador de Pressão para Cilindros Nitrogênio HANDYGAS 10 NIT,Condor
55339,Regulador de Pressão para Cilindros Propano MD PLUS 4,Condor
55340,Regulador de Pressão para Colindros,Condor
55341,Regulador para Pressão Glp 45Kg HANDYGAS,Condor
55343,Regulador de Pressão para Gás Argônio MD g 30 ARG,Condor
55546,"Removedor de Ferrugem 5 Litros (Ref 890130261, Wurth)",Wurth
55549,Removedor de Ferrugem Quimox 20 Litros RA4,Tapmatic
55550,Removedor de Ferrugem Quimox Gel 3.4kg RB3,Tapmatic
55551,Removedor de Ferrugem Quimox Gel 850g RB2,Tapmatic
55552,Removedor de Ferrugem Ultrarápido Quimox 1 Litro RA2,Tapmatic
55553,Removedor de Ferrugem Ultrarápido Quimox 5 Litros RA3,Tapmatic
55554,Removedor de Ferrugem Ultrarápido Quimox 500ml RA1,QUIMATIC
55555,Removedor de Juntas 300ml 089016 300,Wurth
55560,Removedor de Resíduos Cimento/concreto 1 Litro,Wurth
55564,Removedor de Trincas Etapa 2,Carbografite
55565,Reservatório de Ar Vertical 500 Litros 13 Bar SCS 500,Schulz
55570,Resistência 4 Temperaturas 220V 7.500W,Lorenzetti
55571,Resistência Eletrônica 220V 7.500W,Lorenzetti
55572,Resistência Loren Ultra 3 Temperaturas 110V 5.500W,Lorenzetti
55574,Resistência Loren Ultra 3 Temperaturas 220V 5.500W,Lorenzetti
55575,Resistência para Aquecedor Versátil 110V 5.500W,Lorenzetti
55577,Retentor de Ferramentas Mosquetão CG01 ml,Carbografite
55578,Respirador de Fuga II EVADE,Air Safety
55632,"Retificadeira Brushless 1300W (2""/50mm) 220V",Dewalt
55644,"Retificadeira Pneumática Angular 1/4"" 22500 Rpm",Chicago
55646,"Retificadeira Pneumática Reta 1/4"" 24000 Rpm",Chicago
55647,"Retificadeira Reta 1/4"" 450W 25000RPM 220V",Dewalt
55652,Retificadora Diamantada HC 8'' 50x12.7mm,Steel Diamond
55656,Retificadora Diamantada hp 8'' 60x10mm,Steel Diamond
55657,Revelador de Trincas Etapa 3,Carbografite
55659,Retificadora Diamantada HC 12'' 50x12.7mm,Steel Diamond
55671,Riscador de Pisos e Azulejos 130X220mm,Irwin
55674,Riscador de Fórmica,Cortag
55697,Roçadeira Elétrica 600W 127V FSE 60,Stihl
55698,Roçadeira Elétrica 600W 220V FSE 60,Stihl
55701,"Roçadeira Gasolina Costal 2.7CV 41,6CC 2T Trimcut C 32-2 FR 410 TRIMCUT C 32-2",Stihl
55702,"Roçadeira Gasolina Lateral 2,7CV 41,6 CC 2T Trimcut 42-2 FS 291-L - TRIMCUT C 42-2",Stihl
55703,Roçadeira Gasolina Lateral 2.3CV 37.7CC 2T TRIMCUT 42-2 FS 221-L - TRIMCUT C 42-2,Stihl
55707,"Roçadeira Gasolina Lateral 3CV 45,6CC 2T Trimcut 42-2 FS 460-L - TRIMCUT C 42-2",Stihl
55711,"Roçadeira Gasolina Lateral 2CV 37,7CC 2T TRIMCUT C 42-2 FS 161-L - TRIMCUT C 42-2",Stihl
55745,Roda de Borracha Elástica 150x38mm,Tellure
55747,Roda de Borracha Elástica 150x50mm 300Kg com Rolamento,Tellure
55748,Roda de Corte de Aço Inoxidável E635 35S,Ridgid
55751,"Roda de Ferro Fundido 4"" Eixo 3/4""",Marcon
55752,"Roda de Ferro Fundido 6"" Fixa e Giratória",Marcon
55826,Roda em Poliuretano 150x38mm,Tellure
55827,Roda em Poliuretano 150x38mm 175Kg com Rolamento,Tellure
55830,Roda em Poliuretano 150x48mm 400Kg com Rolamento,Tellure
55839,"Roda Maciça 12"" Rolete Aro de Aço RM-6",Marcon
55840,"Roda Maciça 4"" Chapa de Aço 60kg",Marcon
55841,"Roda Maciça 14"" com Rolete e Aro",Marcon
55842,"Roda Maciça 10"" Aro de Borracha",Marcon
55843,"Roda Maciça 8"" Rolamento e Aro",Marcon
55844,"Roda Maciça 9"" Rolete/aro Chapa de Aço",Marcon
55845,"Roda Maciça de Ferro 3.1/4"" Eixo 3/4""",Marcon
55846,"Roda Maciça de Ferro Fundido 3"" Eixo 3/4""",Marcon
55847,"Roda Maciça de Ferro 2 1/4"" Eixo 1/2""",Marcon
55854,Roda Nylon 125x38mm,Tellure
55856,Roda Nylon 150x38mm,Tellure
55857,Roda Nylon 125x48mm,Tellure
55861,"Roda Pneu/câmara 3,25 X 8"" e Rolamento Alumínio",Marcon
55863,Roda Pneumática 3.25x8 Rolete/aro Chapa Aço,Marcon
55865,Roda Pneumática 3.50x8 Rolete/aro Chapa de Aço,Marcon
55866,"Roda Pneumática 3,5x8"" com Rolamento de Esferas",Marcon
55867,Roda Poliuretano TR 100x50mm 600Kg com Rolamento,Tellure
55868,"Roda Poliuretano 4.1/2"" Eixo 3/4""",Marcon
55869,Roda Poliuretano TR 125x38mm 450Kg com Rolamento,Tellure
55870,Roda Poliuretano TR 125x50mm,Tellure
55871,Roda Poliuretano TR 125x50mm 650Kg com Rolamento,Tellure
55872,Roda Poliuretano TR 150x38mm,Tellure
55899,"Rodízio Fixo 4"" sem Freio Poliuretano",Marcon
55914,"Rodízio Fixo Nylon sem Freio 6.5/8"" X 50mm",Marcon
55915,"Rodízio Fixo sem Freio 3"" Borracha 40kg",Marcon
55916,"Rodízio Fixo sem Freio 4"" Borracha 88kg",Marcon
55917,"Rodízio Fixo sem Freio 5"" Poliuretano",Marcon
55918,"Rodízio Fixo sem Freio 6"" Poliuretano",Marcon
55919,"Rodízio Fixo sem Freio 6"" Borracha",Marcon
55986,"Rodízio Giratório com Freio 4"" 76x56 Borracha 88kg",Marcon
55987,"Rodízio Giratório com Freio 6"" Borracha",Marcon
55988,"Rodízio Giratório com Freio 4"" 80x60 Borracha 60kg",Marcon
55990,"Rodízio Giratório com Freio 6"" Poliuretano",Marcon
55992,"Rodízio Giratório de Poliuretano 6""",Marcon
56002,"Rodízio Giratório Nylon sem Freio 6.5/8"" X 50mm",Marcon
56003,Rodízio Giratório Pesado Borracha Placa 150x50mm,Tellure
56004,Rodízio Giratório Pesado Borracha Placa 125x50mm,Tellure
56005,"Rodízio Giratório sem Freio 4"" Poliuretano",Marcon
56006,"Rodízio Giratório Pesado de Poliuretano 4"" 180Kg com Freio",Marcon
56007,Rodízio Giratório Pesado Placa 200x50mm 400Kg Borracha Elástica,Tellure
56008,"Rodízio Giratório sem Freio 3"" Borracha 40kg",Marcon
56009,"Rodízio Giratório sem Freio 5"" Poliuretano",Marcon
56011,Rodízio Leve Giratório 100x28mm Placa 90Kg Borracha com Freio,Tellure
56018,Rodo de Borracha para Hidropó,Schulz
56076,rolo de Espuma 5cm com Suporte,Dragon
56077,rolo de Espuma 23cm sem Suporte,Nove54
56079,rolo de Espuma para Pintura 15cm com Suporte,Nove54
56080,rolo de Espuma com Suporte 23cm,Castor
56084,rolo de Espuma para Pintura 5cm com Suporte,Nove54
56086,rolo de Espuma para Pintura 9cm com Suporte,Nove54
56089,rolo de Lã 5cm com Suporte,Dragon
56091,rolo de Lã para Pintura 15cm com Suporte,Nove54
56093,"rolo de Lã para Pintura 23cm sem Suporte (Ref 6241660023, Nove54)",Nove54
56096,"rolo de Lã para Pintura 9cm com Suporte (Ref 6241660009, Nove54)",Nove54
56097,"rolo de Lã para Pintura 5cm com Suporte (Ref 6241660005, Nove54)",Nove54
56098,rolo de Lã Poliamida 9cm Antigotas,Atlas
56100,rolo de Lã Poliamida Antigota 15cm,Atlas
56101,rolo de Lã Sintética Anti Gota 9cm,Roma
56103,rolo de Lã Sintética Anti Gota 15cm,Roma
56120,rolo de Pintura Antigotas Poliamida 23cm,Atlas
56122,rolo de Pintura em Lã Sintética 23cm com Suporte,Castor
56132,"Rosca Postiça Helicoil m 5,00 X 0,80 X 1,5D 33073 HT",Ht
56133,"Rosca Postiça Helicoil M12 X 1,75 X 1,5D 33077 HT",Ht
56134,Rosca Postiça Helicoil M10 X 1.5 X 1.5D 33076 HT,Ht
56135,"Rosca Postiça Helicoil M6 X 1,0 X 1,5D 33074 HT",Ht
56136,"Rosca Postiça Helicoil M8 X 1,25 X 1,5D 25 Peças 33075 HT",Ht
56137,"Rosca Postiça UNC 5/8"" 2XD Helicoil",Bollhoff
56138,"Roseta para Retificar 1.3/4"" X 3/8"" com 16 Peças NR 30",Bertel
56140,"Roseta para Retificar 1.1/2"" X 1/4"" com 4 Peças NR 22",Bertel
56142,"Rosca Postiça UNC M16 X 2 com 14 Peças 95,0030",Rocast
56143,"Roseta para Retificar 1.1/8"" X 1/4"" com 4 Peças NR 20",Bertel
56144,"Rosqueadeira Elétrica 1/2"" a 2"" 2000W 220V",Ferrari
56145,"Rosqueadeira Elétrica 1/2"" a 2"" 2300W Portátil 220V MX - 02D",Merax
56146,"Rosqueadeira Elétrica 1/2"" a 2"" 750W 220V Monofásico Z1T- R2 a",Merax
56147,Rosqueadeira Elétrica 1/2'' a 2'' BSPT 220V,Ridgid
56149,"Rosqueadeira Elétrica 1/2"" a 2"" BSPT 750W Monofásico 220V Z1T- R2",Merax
56150,"Rosqueadeira Elétrica 1/2"" a 4"" 750W Monofásica 220V",Merax
56151,"Rosqueadeira Elétrica 1/2"" a 4"" BSPT 220V 1224",Ridgid
56152,"Rosqueadeira Elétrica 1/2"" a 4"" BSPT 220V ROPOWER 1100",Rothenberger
56153,"Rosqueadeira Elétrica Profissional BSP 1/2"" a 2"" 900W 220V",Ferrari
56154,"Rosqueadeira Elétrica 1/2"" a 4"" NPT 220V 1224",Ridgid
56155,"Rosqueadeira Elétrica Industrial 1/2"" a 4"" BSP 110/220V RE-4",Ferrari
56156,"Rosqueadeira Elétrica Profissional BSP 1/2"" a 4"" 900W 220V",Ferrari
56157,Rosqueadeira Pneumática 12mm,Puma
56158,Rosqueadeira Pneumática Vertical/horizontal 1.000W,Manrod
56160,"Rosqueadeira Portátil Elétrica 1/2"" a 1.1/4"" 1800W 220V",Merax
56165,Sabre 12'' 30cm 1.1mm 0.043'' 3/8'' para,Stihl
56166,Sabre 13'' 33cm 1.6mm 0.63'' 3/8'',Stihl
56167,Sabre 13'' 32cm 1.6mm 0.63'' 325'',Stihl
56168,Sabre 14'' 35cm 1.3mm 0.050'' 3/8'' para,Stihl
56169,Sabre 16'' 40cm 1.6mm 0.063'' 3/8'' para,Stihl
56170,Sabre 14'' 35cm 1.1mm 0.043'' 3/8'',Stihl
56171,Sabre 16'' 40cm 1.6mm 0.063'' 325'',Stihl
56173,"Sabre 4'' 10cm 1.1mm/0.043""",Stihl
56174,"Sabre 30"" 75cm 1.6mm/0.63"" 3/8"" MS064/066/650/660 DUROMATIC",Stihl
56176,Sabre 20'' 50cm 1.6mm 0.063'' 3/8'' para,Stihl
56177,Saca Filtro com Cinta Pequena,Lupus
56183,Saca Filtro de Cinta Grande para Caminhões e Vans 100-110mm 770,Jactoil
56184,Saca Filtro de Cinta Grande,Lupus
56185,Saca Filtro de Cinta Borracha Extra Grande,Lupus
56186,Saca Filtro de Cinta Média,Lupus
56187,"Saca Filtro de Combustível com Encaixe de 1/2"" 80 mm",Raven
56211,Saca Filtro Secador de Ar para Sistema de Freios com Abertura 127 a,Raven
56487,Saco de Bloqueio de Plugue Elétrico Grande 110/460V SBPG,Tagout
56496,Sangrador de Freios por Controle Manual,Planatc
56497,Sapato de Segurança Bidensidade Elástico sem Bico N°38,U-Safe
56499,Sapato de Segurança Bidensidade Elástico sem Bico N°39,U-Safe
56500,Sapato de Segurança com Cadarço com Bico de PVC CA,Bracol
56501,Sapato de Segurança com Elástico Couro Preto Bico Composite CA,Bracol
56502,Sapato de Segurança com Elástico Microfibra Preto Bico Composite CA,Bracol
56503,Sapato de Segurança de Amarrar com Bico de Aço Vaqueta CA,Bracol
56504,Sapato de Segurança Preto com Elástico Bico de Aço,Bracol
56505,Sapato de Segurança Preto com Cadarço e Bico de Aço,Bracol
56506,Sapato de Segurança Couro Sola Poliuretano Cadarço CA,Bracol
56507,Sapato de Segurança de Amarrar Solado Poliuretano CA,Bracol
56508,Sapato de Segurança Preto com Elástico de Bico PVC CA,Bracol
56509,Sapato de Seguranca PU com Bico de PVC Vaqueta,Bracol
56510,Sapato de Segurança Preto PU com Elástico com Bico de PVC CA,U-Safe
56511,Sapato de Segurança PU Elástico com Bico de PVC,Bravo
56512,Sapato de Segurança PU com Bico de Aço CA,Bracol
56513,Sapato de Segurança PU Preto com Bico de PVC CA,Bracol
56514,Scanner Automotivo Injeção Eletrônica com Tablet,Raven
56516,Scanner Automotivo Injeção Eletrônica sem Tablet,Raven
56518,Secador Air Point 16 Pcm para Ponto de Uso AIR POINT,Metalplan
56519,Secador de Ar 20 Pcm para Ponto de Uso D4,Metalplan
56520,Secador de Ar 20pcm 10 Graus 220V,Metalplan
56521,Secador de Ar 10pcm para Ponto de Uso AIR POINT MINI,Metalplan
56522,Secador de Ar 32 Pcm para Ponto de Uso D6,Metalplan
56523,Secador de Ar 40 Pcm com Pré e Pós Filtro 10 Graus 220V,Metalplan
56524,Secador de Ar 110 Pcm com Pré e Pós Filtro 10 Graus 220V,Metalplan
56525,Secador de Ar 40pcm com Pré e sem Pós Filtro 220V SRS 40 COMPACT,Schulz
56526,Secador de Ar 6pcm para Ponto de Uso TOTALPOINT,Metalplan
56527,Secador de Ar 70 Pcm com Pré e Pós Filtro 10 Graus 220V,Metalplan
56528,Secador de Piso 520W 1400RPM 220V AB 30,Karcher
56554,Separador de Ar e Oléo,Metalplan
56559,Seringa 10ml Transparente Caixa com 40,Loctite
57410,"Serrote Profissional 12""",Stanley
57425,Serrote Jack Fest 22'',Irwin
57434,"Serrote para Gesso Drywall 6""",Stanley
57436,Serrote para Poda de 180 mm Dobrável,Robust
57449,"Serrote Profissional 22""",Stanley
57451,"Serrote Profissional 24""",Stanley
57488,Sinalização de Saída Verde Bivolt,Segurimax
57492,Sistema Alinhamento Laser TKSA 71,Skf
57493,Sistema Alinhamento Laser TKSA 41,Skf
57495,Sistema de Alinhamento Laser TKSA 11,Skf
57496,Sistema de Filtragem Bio-circle Auto Care 55Z963 BIO-CICLE AUTO CARE,Walter Abrasivos
57497,Sistema de Movimentação 150KG,Cortag
57499,Solução Neutralizante Surfox-n 5 Litros,Walter Abrasivos
57500,Software para Instrumentos Diversos Equipamentos,Instrutherm
57502,Sonda de Câmera Articulada Bidirecional 4.5mm X 1m,Flir
57503,Sonda de Articulação 4 Vias 3.9mm X 2m,Flir
57504,Sonda de Câmera 5.5mm X 1m 640x480 Pixels P/boroscopio VS80,Flir
57505,Sonda de Câmera Articulada de Quatro Vias P/VS80 30 Metros,Flir
57506,Sonda de Câmera Dupla 4.9mm X 1m,Flir
57508,Sonda de Câmera Térmica 160x160 Pixels P/boroscope,Flir
57510,Sonda de Câmera HD 5.5mm X 1m,Flir
57514,Sonda de Vácuo Externa para Manifold Digital 0638 1557,Testo
57518,Sonda para Termovisor 160x120 Pixels 19mm X 2m,Flir
57519,Sonda Magnética T/C 10 N -50 a 400°C 0602 4892,Testo
57522,Sonda para Termovisor 160x120 Pixels 19mm X 1m,Flir
57523,Sonda Termopar com Adaptador para Cm44 Dm285 Tg56 TA60,Flir
57526,Soprador de Folhas 1000W 66M/S 670M3/H BGE 71,Stihl
57530,Soprador de Folhas a Gasolina 60M/S 1.0CV 27.2CC BG 50,Stihl
57531,Soprador de Folhas À Gasolina 1.0CV 27.2CC 730M3/H BG 56,Stihl
57532,Soprador de Folhas À Gasolina 1.1CV 27CC 810M3/H BG,Stihl
57533,Soprador de Folhas a Gasolina Costal 2.0CV 63CC 1300M/H BR 430,Stihl
57534,Soprador de Folhas Costal À Gasolina 3.5CV 56CC 1260M/H BR 420,Stihl
57535,Soprador de Folhas a Gasolina Costal 3.2CV 79.9CC BR 800,Stihl
57536,Soprador de Folhas Costal À Gasolina 4.0CV 65CC 1720M/H BR 600 MAGNUM,Stihl
57544,Soprador Térmico 1500W 110V,Gamma
57546,"Soprador Térmico 1500W (Ref 300/550C, Gamma)",Gamma
57547,"Soprador Térmico 1500W (Ref 400/540C, Black Decker)",Black Decker
57549,Soprador Térmico 1600W 220V,Steinel
57550,Soprador Térmico 1800W 50/600C com 5 Acessórios e Maleta,Black Decker
57563,Soprador Térmico 2000W 220V,Steinel
57566,Soprador Térmico 2000W 600°C 220V,Hikari
57575,Soprador Térmico com Acessórios 929.00,Schulz
57576,Soprador Térmico com Maleta e Acessórios,Gamma
57577,Soprador Térmico com Bico 1800W,Skil
57578,Soprador Térmico,Dewalt
57580,Soprador Térmico Digital 2000W 220V,Steinel
57583,Soprador Térmico Digital 2000W 50/600C 220V,Dewalt
59627,Sulcador Altura Variável para,Toyama
59631,Super Fluido de Corte para Metais de Alta Dureza 500ml NR-3 BIO,Tapmatic
59632,Super Fluido 3 para Corte de Metais de Alta Dureza Biodegrádavel 5L NR,Tapmatic
59634,Super Jogo Fixo Flex com 26 Peças 1-A,Tapmatic
59636,Super Fluido de Corte Sintético Ecológico 20 Litros NR,Tapmatic
59637,Super Jogo Fixo Flex Bicos Redondos com 4 Peças 3-A,Tapmatic
59642,Suporte 4x2 1 Modulo Vertical Branco,Pial
59645,Suporte Branco 4x2 3 Módulos 6121 22,Pial
59646,Suporte Branco 4x4 6 Módulos,Pial
59653,Suporte com 2 Pateleiras PACKOUT,Milwaukee
59655,Suporte com Visor em Policarbonato Verde,Carbografite
59662,Suporte de Apoio com Rolete 3em 1,Toughbuilt
59663,Suporte de Apoio com Rolos,Toughbuilt
59681,Suporte de Rosca Interna,Vargus
59683,Suporte de Torneamento Externo 20x20 - WNMG06 Direito,Blacktools
59684,Suporte de Torneamento Externo 20x20 CNMG12 Esquerdo,Blacktools
59686,Suporte de Torneamento Externo 2525 - VCMT16 Neutro,Blacktools
59687,Suporte de Torneamento Externo 25x25 - VCMT16 Esquerdo,Blacktools
59688,Suporte de Torneamento Interno S40 - WNMG08 Direito,Blacktools
59699,Suporte Externo 2525 - DNMG15 Esquerdo,Blacktools
59700,Suporte Externo 1616 - WNMG06 Direito,Blacktools
59701,Suporte Externo 2525 - SNMG12 Direito,Blacktools
59702,Suporte Externo 2525 - RCMT12 Direito,Blacktools
59703,Suporte Externo 2525 - VNMG16 Direito,Blacktools
59704,Suporte Externo 2525 - VCMT11 Direito,Blacktools
59706,Suporte Externo 3232 - SNMG15 Esquerdo,Blacktools
59707,Suporte Guincho de Coluna,Maqtron
59709,Suporte Externo 3232 - VCMT16 Direito,Blacktools
59710,Suporte Guincho Coluna 200/400/600 kg,Maqtron
59711,Suporte Externo 3232 - CNMG19 Esquerdo,Blacktools
59716,Suporte Interno A12 - DCMT07 Direito,Blacktools
59717,Suporte Interno A16 - TCMT11 Direito,Blacktools
59718,Suporte Interno de Ferramentas,Vargus
59719,Suporte Interno (Ref NVR10-2),Vargus
59721,Suporte Interno S20 - CCMT09 ESQUERDO,Blacktools
59722,Suporte Interno (Ref NVR16-3),Vargus
59723,Suporte Interno S20 - TCMT11 Direito,Blacktools
59724,Suporte Interno S25 - VCMT16 Esquerdo,Blacktools
59725,Suporte Interno S20 - WNMG06 Esquerdo,Blacktools
59726,Suporte Interno S32 - CNMG12 Esquerdo (Ref S32UCCLNL12),Blacktools
59727,Suporte Interno S32 - SNMG12 Direito,Blacktools
59728,Suporte Interno S32 - TCMT16 Direito,Blacktools
59729,Suporte Interno S25,Blacktools
59730,Suporte Interno S32 - TCMT16 Esquerdo,Blacktools
59731,Suporte Interno S32 - CNMG12 Esquerdo (Ref S32UPCLNL12),Blacktools
59732,Suporte Interno S40 - CNMG12 Esquerdo,Blacktools
59733,Suporte Interno S32 - WNMG06 Direito,Blacktools
59735,Suporte Interno S40 - WNMG06 Direito,Blacktools
59736,Suporte Interno S40 - VCMT16 Direito,Blacktools
59743,Suporte Magnético com Ajuste Fino,Insize
59746,Suporte Magnético com Coluna Articulada,Insize
59757,Suporte Magnético sem Ajuste Fino,Insize
59759,Suporte Magnético sem Ajuste Fino 230mm 506.600,Kingtools
59770,Suporte para Bedame Frontal 25x25 ES 4mm GX16 Esquerdo,Walter
59771,Suporte para Bedame Frontal 25x25 ES 4mm GX24 Esquerdo,Walter
59772,Suporte para Bedame Externo 3232 ES 8mm,Walter
59773,Suporte para Bedame Frontal 25x25 ES 5mm GX24 Esquerdo,Walter
59792,Suporte para Furadeiras Elétricas,Ferrari
59801,Suporte para Moto Esmeril e Politriz,Manrod
59802,Suporte para Painel 60mm,Marcon
59803,Suporte para Painel 85mm,Marcon
59804,Suporte para Painel de Ferramentas 35mm,Marcon
59805,Suporte para Painel de Ferramentas 50mm,Marcon
59806,Suporte para Painel de Ferramentas 45x35mm,Marcon
59807,Suporte para Painel de Ferramentas 55x55mm,Marcon
59809,Suporte para Perfuratriz,Merax
59813,Suporte para rolo de Estanho,Hikari
59831,Suporte para Torneamento Externo 20x20 - VNMG16 Neutro,Blacktools
59833,Suporte para Torneamento Externo 2525 - CNMG12 Direito,Blacktools
59834,Suporte para Torneamento Externo 2525 - DNMG15 Esquerdo,Blacktools
59835,Suporte para Torneamento Externo 25x25 - WNMG08 Esquerdo,Blacktools
59836,Suporte para Torneamento Externo 3232 - TNMG16 Direito,Blacktools
59837,Suporte para Torneamento Externo 3232 - WNMG08 Direito,Blacktools
59838,Suporte para Torneamento Interno S06 - CCMT06 Esquerdo,Blacktools
59839,Suporte para Torneamento Interno S12 - CCMT06 Esquerdo,Blacktools
59840,Suporte para Torneamento Interno S08 - CCMT06 Esquerdo,Blacktools
59841,Suporte para Torneamento Interno S25 - WNMG08 Direito,Blacktools
59842,Suporte para Torneamento Interno S25 - DCMT11 Esquerdo,Blacktools
59843,Suporte para Torneamento Interno S25 - WNMG06 Esquerdo,Blacktools
59844,Suporte para Tornear Exerno 2525 VCMT16 Direito,Walter
59845,Suporte para Tornear Externo 1616 VCMT11 Direito,Walter
59846,Suporte para Tornear Externo 2020 Esquerdo,Walter
59847,Suporte para Tornear Externo 2020 Direito,Walter
59848,Suporte para Tornear Externo 2020 CNMG12 Esquerdo,Walter
59849,Suporte para Tornear Externo 2525 CNMG12 Esquerdo,Walter
59850,Suporte para Tornear Externo 3225 RCMT12 Neutro,Walter
59851,Suporte para Tornear Interno A25 WNMG08 ESQUERDO com Refrigeração,Walter
59852,Suporte para Trilho TST M5 1286600000 WEIDMULLER CONEXEL,Conexel Weidmuller
59853,Suporte para Troca de Ferramentas (Ref LD-BT40),Btfixo
59854,Suporte para Troca de Ferramentas (Ref LD-BT50),Btfixo
59857,Suporte Rosca Externa (Ref AL16-3),Vargus
59858,Suporte Rosca Externa (Ref SNVR10U-5L),Vargus
59859,Suporte Rosca Interna 13mm,Vargus
59863,Suporte Tornear Externo 1212 - SNMG09 Neutro,Blacktools
59865,Suporte Tornear Externo 2525 - RCMT10 Esquerdo,Blacktools
59867,Suporte Tornear Interno S20 WNMG06 Direito,Blacktools
59874,Suspensório Universal para Serviços Pesados,Toughbuilt
59882,Tacômetro Digital Foto/contato,Hikari
59883,Tacômetro Digital Portátil 460,Testo
59888,Talabarte de Posicionamento Ajustável 2 Metros,Carbografite
59889,"Talabarte de Posicionamento Ajustável 2,00 Metros 010472210 CG 252",Carbografite
59890,"Talabarte de Posicionamento Ajustável 2,00 Metros 010581710 CG 254",Carbografite
59891,Talabarte de Posicionamento com Trava Dupla CG 251,Carbografite
59892,"Talabarte Duplo em Y 1,33 Metros 010644710 CG 399D",Carbografite
59893,"Talabarte Duplo em Y 1,42 Metros 010402110 CG 396",Carbografite
59894,"Talabarte Duplo em Y 1,45 Metros 010480810 CG 393",Carbografite
59895,Talabarte Duplo em Y Fita para Aramida Mosquetão Trava Dupla+absorvedor CG 398K,Carbografite
59896,"Talabarte Duplo em Y 1,53 Metros 010480510 CG 397",Carbografite
59897,"Talabarte Duplo em Y Poliamida 1,33 Metros com Trava Dulpla 010422610 CG 331Y",Carbografite
59898,"Talabarte Duplo em Y Para-aramida 1,33 Metros 010527110 CG 394K",Carbografite
59899,"Talabarte Duplo I em Poliéster Retardante a Chamas 1,31 Metros 010664410 CG 346D",Carbografite
59900,"Talabarte Duplo Y em Poliéster com Trava Dupla 1,34 Metros 010480710 CG 392",Carbografite
59901,"Talabarte Duplo Y em Poliéster com Trava Dupla 1,43 Metros 010349210 CG 390",Carbografite
59903,"Talabarte Simples em Poliéster com Trava Dulpa Roscada 0,90 Mt 010501110 CG",Carbografite
59904,"Talabarte em Corda Poliamida 1,71 Metros 010435410 CG 331C",Carbografite
59905,"Talabarte em Y de Poliester com Absorvedor de Energia 1,40M",Vicsa
59906,"Talabarte Simples em Poliéster com Trava Dulpa 0,90 Mt 010664610 CG",Carbografite
59907,"Talabarte Simples em Poliéster com Trava Dupla 1,28 Metros 010480610 CG",Carbografite
59908,Talabarte Y com Mosquetão Trava Dupla + Absorvedor CG 395,Carbografite
59924,Talha de Corrente Manual 1000KG X 3MTS 622B,Yale
59926,Talha de Corrente Manual 1000KG X 5MTS 622B,Yale
59927,Talha de Corrente Manual 3000KG X 3MTS 622B,Yale
59928,Talha de Corrente Manual 3000KG X 5MTS 622B,Yale
59929,Talha de Corrente Manual 2000KG X 3MTS 622B,Yale
59930,Talha de Corrente Manual 2000KG X 5MTS 622B,Yale
59931,Talha de Corrente Manual 5000KG X 5MTS 622B,Yale
59932,Talha de Corrente Manual 500KG X 5MTS 622B,Yale
59933,Talha de Corrente Manual 500KG X 3MTS 622B,Yale
59934,"Talha Elétrica de Corrente 2000KG X 6,00 Metros Trifásico 380V 75000643 MVC 2T",Csm
59935,"Talha Elétrica de Corrente 2000KG X 6,00 Metros Trifásico 220V 75001482 MVC 2T",Csm
59936,Talha Manual 10000kg X 5 Metros BS Super,Berg Steel
59937,Talha Manual 1.000kg X 3metros COMPACTA NT,Berg Steel
59939,Talha Manual 1000Kg X 10 Metros COMPACTA NT,Berg Steel
59940,Talha Manual 1000kg X 3 Metros 8143,Robur
59943,Talha Manual 1000Kg X 5 Metros TC 1000,Csm
59944,Talha Manual 1000kg X 5m COMPACTA NT Uso Profissional,Berg Steel
59945,Talha Manual 1000kg X 6 Metros 8143,Robur
59946,Talha Manual 2000 kg X 5 Metros COMPACTA NT,BERG STEEL
59947,Talha Manual 1500Kg X 5 Metros COMPACTA NT8,Berg Steel
59948,Talha Manual 1500Kg X 3 Metros COMPACTA NT8,Berg Steel
59949,Talha Manual 2 Toneladas Elevação de 5 Metros TC 2000,Csm
59950,Talha Manual 2000kg X 10 Metros COMPACTA NT,Berg Steel
59952,Talha Manual 2000kg X 3 Metros 8143,Robur
59953,Talha Manual 2000Kg X 3 Metros TC 2000,Csm
59955,Talha Manual 250Kg X 3 Metros COMPACTA NT,Berg Steel
59956,Talha Manual 2000kg X 6 Metros 8143,Robur
59958,Talha Manual 3000 kg X 3 Metros COMPACTA NT8,Berg Steel
59959,Talha Manual 3000Kg X 10 Metros COMPACTA NT8,Berg Steel
59960,"Talha Manual 3000kg X 15,0 Metros COMPACTA NT",Berg Steel
59964,Talha Manual 3000Kg X 3 Metros TC 3000,Csm
59966,Talha Manual 3000kg X 5 Metros COMPACTA NT,Berg Steel
59967,Talha Manual 3000kg X 6 Metros 8143,Robur
59968,Talha Manual 500 kg X 5 Metros COMPACTA NT,BERG STEEL
59969,Talha Manual 5000Kg X 10 Metros BS SUPER,Berg Steel
59971,Talha Manual 5000Kg X 5 Metros BS SUPER,Berg Steel
59972,Talha Manual 5000Kg X 5 Metros TC 5000,Csm
59974,Talha Manual 5000kg X 6 Metros 8143,Robur
59975,Talha Manual 500Kg X 3 Metros TC 500,Csm
59976,Talha Manual 500kg X 3metros COMPACTA NT,Berg Steel
59978,Talha Manual 500Kg X 5 Metros TC 500,Csm
59980,Talha Manual 750Kg X 3 Metros COMPACTA NT,Berg Steel
59981,Talha Manual 500kg X 6 Metros 8143,Robur
59983,Talha Manual 500Kg X 7 Metros COMPACTA NT,Berg Steel
60001,"Talha Manual de Corrente 10.000KG X 5,00 Metros 71000608 TC",Csm
60002,Talha Manual de Corrente 1000KG X 3MTS,Kito
60004,Talha Manual de Corrente 1000KG X 5MTS,Kito
60005,"Talha Manual de Corrente 1500 kg X 1,5 Metros",Csm
60006,Talha Manual de Corrente 250KG X 3MTS,Kito
60007,Talha Manual de Corrente 2000KG X 3MTS,Kito
60008,Talha Manual de Corrente 2000KG X 5MTS,Kito
60010,Talha Manual de Corrente 3000KG X 5MTS,Kito
60011,Talha Manual de Corrente 5000KG X 5MTS,Kito
60012,"Talha Manual de Corrente 750 kg X 1,5 Metros",Csm
60019,Talhadeira 25 X (Dewalt),Dewalt
60024,"Talhadeira 3"" X 20"" Encaixe Sextavado 1.1/8""",Dewalt
60033,Talhadeira Chanfrada para Martelete Pneumático,PUMA
60034,Talhadeira Chanfrada,Puma
60035,"Talhadeira Chata 10"" (Ref 16284, Pacetta)",Pacetta
60041,"Talhadeira Chata 10"" Construção Civil e Reparos 2060",Pacetta
60042,"Talhadeira Chata 12"" 2060",Pacetta
60048,Talhadeira Chata 8'' Construção Civil e Reparos 2060,Pacetta
60050,Talhadeira Chata para Martelete Pneumático,Puma
60064,Talhadeira de Corte em v para Martelete Pneumático,Puma
60076,Talhadeira Longa com Encaixe Hexagonal,Puma
60114,Talhadeira Octagonal 250 X 12mm com Empunhadeira,Htom
60116,Talhadeira Octagonal 250 X 19mm com Empunhadeira,Htom
60117,Talhadeira Octagonal 250 X 22mm com Empunhadeira,Htom
60145,Talhadeira para AT2502 Encaixe Quadrado,Puma
60170,Talhadeira Ponteiro SDS,Dezco
60172,Talhadeira Ponteiro SDS 25 X 280mm 38095 HT,Ht
60182,Talhadeira SDS 20x250mm,Dezco
60185,Talhadeira SDS 25x280mm 38095 HT,Ht
60187,Talhadeira SDS 25x400mm,Dezco
60190,Talhadeira SDS 50x280MM 41015 HT,Ht
60198,Talhadeira SDS Plus 40MM X,Dewalt
60199,Talhadeira SDS Plus 50x250MM 41014 HTPLUS HANSATÉCNICA,Ht
60212,Talhadeira Sextavada 250mm com Proteção de Borracha,Cortag
60214,Talhadeira Sextavada 25x300mm com Empunhadura,Sparta
60222,"Talhadeira Sextavada de 3/4"" X 10""60283",Cortag
60223,"Talhadeira Sextavada de 3/4"" X 12""",Cortag
60224,"Talhadeira Sextavada de 3/4"" X 8""",Cortag
60225,Talhadeira Sextavada de 300mm com Empunhadeira,Cortag
60226,Talhadeira Sextavada de 350mm com Empunhadeira,Cortag
60258,Tampa Final para Borne K 16mm² APPA SAK16 ENBR WEIDMULLER CONEXEL,Conexel Weidmuller
60259,"Tampa Final para Borne ASK1 1,5mm C038036.0000 WEIDMULLER CONEXEL",Conexel Weidmuller
60314,Tampão Embute para Caixa de Embutir,Pial
60327,Tampo de Trabalho Stacktech Madeira 470X340X50MM,Toughbuilt
60331,Tampo Personalizavel PACKOUT,Milwaukee
60336,Tanque de Pintura 10 Litros,Puma
60337,Tanque de Pintura com Agitador Pneumático 20 Litros,Puma
60338,Tanque de Pintura com Agitador Manual 20 Litros,Puma
60339,Tanque de Pressão 2 Galões 7.2 Litros TP-2,Arprex
60340,Tanque de Pressão 2 Galões em Aço Inox sem Agitador,Devilbiss
60349,"Tarraxa Manual BSPT 1/2"" a 1"" Jogo com 3 Cabeçotes 00-R",Ridgid
60351,"Tarraxa BSPT 1/2"" a 2"" SUPER CUT",Rothenberger
60354,"Tarraxa Manual NPT 1/2"" a 2"" Jogo com 6 Cabeçotes 12-R",Ridgid
60355,"Tarraxa Manual BSPT 1/2"" a 2"" Jogo com 6 Cabeçotes 12-R",Ridgid
60356,"Tarraxa Manual NPT 1/2"" a 1"" Jogo com 3 Cabeçotes 00-R",Ridgid
60358,"Tarraxa NPT 1/2"" a 2"" SUPER CUT",Rothenberger
60359,Tartaruga Dianteira 24 Ton com Rodas em Poliuretano,Bovenau
60360,Tartaruga Dianteira 12 Toneladas com Rodas de Poliuretano,Bovenau
60361,Tartaruga Dianteira 4 Toneladas com Rodas em Nylon,Bovenau
60362,Tartaruga Dianteira para Movimentar Carga 12 Toneladas com Rodas de Nylon,Bovenau
60363,Tartaruga Dianteira 4 Toneladas com Rodas em Poliuretano,Bovenau
60364,Tartaruga Traseira para Movimentar Carga 12 Toneladas com Rodas de Nylon,Bovenau
60365,Tartaruga Dianteira para Movimentar Carga Até 6 Toneladas com Rodas de Nylon,Bovenau
60366,Tartaruga Traseira 2 Toneladas com Rodas em Nylon,Bovenau
60367,Tartaruga Dianteira para Movimento de Carga 6T Rodas PU,Bovenau
60368,Tartaruga Traseira 6 Toneladas com Rodas de Poliuretano,Bovenau
60369,Tartaruga Traseira para Movimentação de Cargas de 6 Toneladas,Bovenau
60370,Tartaruga Traseira para Movimento de Carga 12T Rodas PU,Bovenau
60371,Tartaruga Traseira para Movimentar Carga Até 6 Toneladas com Rodas de Nylon,Bovenau
60372,Tartaruga Traseira para Movimento de Carga 4T Rodas Nylon,Bovenau
60373,Tartaruga Traseira para Movimento de Carga 2T Rodas PU,Bovenau
60375,Tartaruga Traseira para Movimento de Carga 4T Rodas PU,Bovenau
60380,"Tecido para Altas Temperaturas 1,20 X 50 Metros rolo HT 800",Carbografite
60391,"Tela Tapume rolo 1,20 X 50m Laranja 6511",Roma
60392,Tela Tapume rolo 1.20 X 50m Laranja 700.00.999,Plastcor
60394,Temporizador Cíclico Regulável para Trilho DIN35 220V CA A2D,Coelmatic
60401,Tensionador de Correia PHL,Skf
60614,Termo Anemômetro -20 a +60 °C com Bluetooth 405i,Testo
60615,Termo Anemômetro -20 a +50 °C 405,Testo
60616,Termo Higrômetro 0 a +50 °C 608 H1,Testo
60617,Termo Higrômetro 0 a +50 °C,Testo
60618,Termo Higrômetro -10 a +60 °C 623,Testo
60619,Termo Higrômetro -10 a +70C 608 H2,Testo
60620,Termo Higrômetro +5 a +40C 616,Testo
60621,Termo Higrômetro -20 a +60 °C com Bluetooth 605i,Testo
60622,Termo Higrômetro Digital -10 a +50 °C 610,Testo
60623,Termo Higrômetro Digital -20 a +60 °C/0 a 100 %rf 625,Testo
60624,Termo Higrômetro Digital -10 a +60 °C 625,Testo
60625,Termo-higrômetro Interno/externo -10 a 50°C/-50 a 70°C 20%,Hikari
60626,Termo Higrômetro Umidade/temperatura/pressão -10 a +60 °C 622,Testo
60641,Termohigrómetro -40 a +150C°/635-1,Testo
60689,Termómetro Infravermelho Penetração para Alimentos -50 a 300C°,Testo
60692,Termostato Mecânico Regulável para Estufa ECG,Carbografite
60695,Termovisor -20 a 300°C 128x96 Pixels 8.7 hz WI-FI C3-X,Flir
60696,Termovisor -20 a 300°C 160x120 Pixels 8.7 hz WI-FI C5,Flir
60697,Termovisor -20 a 400°C 160x120 Pixels 9 hz WI-FI Nuvem Ignite E5 PRO,Flir
60698,Termovisor -20 a 450°C 320x240 Pixels 9 hz C8,Flir
60699,Termovisor -20 a 500°C 160x120 Pixels 9HZ K2,Flir
60700,Termovisor -20 a 550°C 240x180 Pixels 9 hz WI-FI Nuvem Ignite E6 PRO,Flir
60701,Termovisor -20 a 550°C 320x240 Pixels 9 hz WI-FI Nuvem Ignite E8 PRO,Flir
60702,Termovisor -25 a 300°C 80x60 Pixels 8.7 hz,Flir
60704,Termovisor de Foco Fixo -20 +280 °C 865,Testo
60705,Termovisor Incêndio -20 a 650°C 640X480 Pixels 30HZ K85 2026,Flir
60706,Termovisor de Foco Fixo -30C a + 100C 0 a +650C 871,Testo
60707,Termovisor de Foco Fixo menos30C a mais100C 0 a mais650C 868,Testo
60708,Termovisor Incêndio -20 a 650°C 640X480 PIXELS 30HZ K85,Flir
60709,Termovisor Incêndio -20 a 650°C 320x240 Pixels 30HZ K75,Flir
60710,Termovisor IR Pontual -25 a 400°C 320x240 Pixels 8.7 hz,Flir
60711,Termovisor IR Pontual -25 a 1080°C 320x240 Pixels 8.7Hz,Flir
60712,Termovisor para Celular -20 a 400°C 19200 Pixels 8.7 hz ONE PRO,Flir
60713,Termovisor para Celular -20 a 120°C 48mm Pixels 8.7 hz ONE,Flir
60715,Termovisor para Local Explosivo -20 a 400°C 160x120 PIXELS 8.7HZ CX5,Flir
60718,Terrômetro Digital 200VAC 1000V CAT III,Hikari
60738,Tesoura Corta Cabos Elétricos com Gume Duplo 95 11 200,Knipex
60746,Tesoura Corta Galho By-pass 70cm,Trapp
60747,"Tesoura Corta Vergalhão 1/2""",Somar
60751,"Tesoura Corta Vergalhão 1/2"" - 3/16"" 5mm CA 12",Cid Villena
60759,"Tesoura Corta Vergalhão 18"" (Ref 785359, Mtx)",Mtx
60762,"Tesoura Corta Vergalhão 24"" - 3/8"" 10mm CA 24",Cid Villena
60764,"Tesoura Corta Vergalhão 24"" (Ref 785409, Mtx)",Mtx
60768,"Tesoura Corta Vergalhão 3/8""",Somar
60769,"Tesoura Corta Vergalhão 30"" - 1/2"" 13mm CA 30",Cid Villena
60770,"Tesoura Corta Vergalhão 30"" (Ref 14228, Ridgid)",Ridgid
60773,"Tesoura Corta Vergalhão 30"" (Ref 785459, Mtx)",Mtx
60774,"Tesoura Corte Vergalhão 36""",Ridgid
60778,"Tesoura Corta Vergalhão 36"" - 5/8"" 16mm CA 36",Cid Villena
60779,"Tesoura Corta Vergalhão 36"" (Ref 785559, Mtx)",Mtx
60781,"Tesoura Corta Vergalhao 5/8""",Somar
60782,"Tesoura Corta Vergalhão 42"" - 3/4"" 19mm CA 42",Cid Villena
60783,"Tesoura Corta Vergalhão 42"" (Ref 785609, Mtx)",Mtx
60788,"Tesoura Corte Vergalhão 24""",Ridgid
60790,Tesoura Corte Vergalhão 18'',Ridgid
60793,"Tesoura de Chapa 10"" Tipo Aviação Direito e Reto (Ref 2073112, Irwin)",Irwin
60795,"Tesoura de Chapa 10"" Tipo Aviação Esquerdo e Reto (Ref 2073111, Irwin)",Irwin
60796,"Tesoura de Chapa 10"" Tipo Aviação Reto e Curvas Amplas",Irwin
60797,"Tesoura de Chapa 10"" Tipo Aviação Reto",Stanley
60799,Tesoura de Chapa Tipo Aviação Corte Direito,Toughbuilt
60801,Tesoura de Chapa Tipo Aviação Largo e Reto,Toughbuilt
60802,Tesoura de Chapa Tipo Aviação Corte Reto,Toughbuilt
60803,Tesoura de Chapa Tipo Aviação Longo e Reto,Toughbuilt
60804,Tesoura de Chapa Tipo Aviação Corte Esquerdo,Toughbuilt
60805,Tesoura de Chapa Tipo Aviação Corte Reto e Curto,Toughbuilt
60810,Tesoura de Eletricista 160mm 95 05 10 SB,Knipex
60812,"Tesoura de Poda 8"" Inox Hobby",Trapp
60813,Tesoura de Poda Pneumática 25mm,Puma
60843,Tesoura para Cabos Elétricos 95 11 165,Knipex
60845,Tesoura para Cabos Elétricos de Ø 10 mm/24 Mm² 95 05 165,Knipex
60847,Tesoura para Cerca 56cm,Trapp
60848,Tesoura para Cabos Elétricos Ø15 mm Isolado 1000V 60900 IEC 60900 95 16 160,Knipex
60856,"Tesoura para Chapa Extra Cut 10"" (Ref IW14075, Irwin)",Irwin
60859,"Tesoura para Chapas Modelo Funileiro 10"" (Ref 22010, Irwin)",Irwin
60865,Tesoura para Colheita 18.5cm,Trapp
60867,"Tesoura para Cortar Chapa 1/8"" 3mm Profissional NR 3",Somar
60868,"Tesoura para Cortar Chapa 10"" Tipo Aviação Corte Direita",Mtx
60869,"Tesoura para Cortar Chapa 10"" Tipo Aviação Corte Reto",Mtx
60876,"Tesoura para Grama 12""",Trapp
60880,"Tesoura para Poda 8.1/2"" Aço Forjado",Nove54
60881,Tesoura para Poda 8'' Bypass,Trapp
60891,Tesoura Pneumática para Cortes Aço 1.2mm Alumínio 1.6mm,Puma
60894,"Tesoura Poda 9"" Master",Trapp
60901,"Tesoura Tapeceiro/alfaiate 10""",Corneta
60906,Tesoura Universal para Eletricista 155mm 95 05 155 SB,Knipex
60909,Tessoura Profissional Ergonômico,Toughbuilt
60923,Testador de Corrente e Tensão 6 a 1000V CAT IV 600V/CAT III,Testo
60924,Testador de Corrente e Tensão 6 a 600V CAT IV 600V/CAT III,Testo
60926,Testador de Painel Solar e Rastreador de Curva I-V PV48,Flir
60927,Testador de Tensão 1000V CAT,Flir
60930,Testador de Tensão CAT IV 600V/CAT III 1000V 745,Testo
60931,Testador de Tensão CAT IV 600V/CAT III,Testo
60932,Testador de Tensão CAT IV 600V/CAT III 1000V com Lanterna,Testo
60933,Testador de Tensão CAT IV 690V 600V/CAT III 1000V com Lanterna,Testo
60939,Testador Tensão 600V CAT III-600V CAT,Flir
60943,Thinner Multiuso 5 Litros IT16,Itaqua
60944,Timer Digital para Trilho DIN35 16A 220V,Decorlux
61001,Tira Adesiva de Medição Testoterm +37 a +65 ºc Tiras Adesivas com 10 Unidades 0646 0108,Testo
61002,Tira Adesiva de Medição Testoterm +71 °C a +110 °C Tiras Adesivas com 10 Unidades 0646 0916,Testo
61003,Tira Adesiva de Medição Testoterm +116 a +154 ºc Tiras Adesivas com 10 Unidades 0646 1724,Testo
61005,Tira Adesiva Medição Temperatura 204 a 260C (CART C/10UN) 0646 3341,Testo
61007,Tira Grude 240mL FA0 TIRA GRUDE,Tapmatic
61015,Tocha Corte Plasma Manual 60A para Handyplasma,Esab
61016,Tocha de Corte Plasma 75º 6M SL60,Esab
61017,Tocha MIG 220A FT60% ESG 5 Metros Handytorch 240,Esab
61018,Tocha MIG 220A FT60% ESW 3 Metros Handytorch 240,Esab
61020,Tocha MIG 150A FT60% ESW 5 Metros Handytorch 150,Esab
61022,Tocha MIG 220A FT60% ESG 4 Metros Handytorch 240,Esab
61023,Tocha Mig 230A 5M PRO 253,Esab-Tbi
61024,Tocha Mig 300A 5M PRO 353,Esab-Tbi
61025,Tocha MIG 300A FT60% ESG 3.0M REF GAS HANDYTORCH 360,Esab
61026,Tocha Mig 360A 5M PRO 453,Esab-Tbi
61030,Tocha TIG 200A FT30% 4M com Gatinho para Buddytig,Esab
61031,Tocha TIG 200A FT30% 4M com Gatinho para Rogue,Esab
61035,"Tocha TIG 240A FT60% 3,50m ER-9mm sem Raspa Refrigerada",Oximig
61036,"Tocha Tig com Gatilho 170A 3,5M ER-13.0 TBI SR 26",Esab-Tbi
61037,"Tocha TIG com Gatilho 170A 3,5M ER-13.0 TBI SR 26",ESAB
61040,Tocha TIG Tbi Gatilho TSB 13mm 2 Pinos SR 26,Esab-Tbi
61133,"Torno Corrente Tripé 1/8"" a 6""",Rothenberger
61191,"Torno de Corrente com Tripé 6""",Ridgid
61199,"Torno Encanador Fixo 2""",Metalsul
61201,"Torno Encanador Fixo 3"" (Ref 40090, Ridgid)",Ridgid
61202,"Torno Encanador Fixo 3"" (Ref TEF07, Metalsul)",Metalsul
61203,"Torno Encanador Fixo 4"" (Ref 40100, Ridgid)",Ridgid
61204,"Torno Encanador Fixo 6"" (Ref 40110, Ridgid)",Ridgid
61205,"Torno Encanador Fixo 4"" (Ref TEF08, Metalsul)",Metalsul
61206,"Torno Encanador Fixo 6"" (Ref TEF09, Metalsul)",Metalsul
61207,"Torno Encanador Portátil 6"" 10.017",Somar
61208,Torno Encanador Fixo Número 10,Metalsul
61209,"Torno Encanador Portátil 3"" 10.020",Somar
61210,Torno Encanador Portátil Número 2 em Ferro Nodular,Metalsul
61211,Torno Mecânico Monofásico Analógico 250W 220V,Manrod
61215,Torno Mecânico Monofásico Analógico 350W 220V,Manrod
61224,"Torno para Encanador Fixo 2"" Ferro Nodular NR 2",Somar
61226,"Torno para Encanador Fixo 3"" Ferro Nodular NR 3",Somar
61229,Torno para Madeira com Copiador 550W,Gamma
61275,"Torqueadeira Pneumática 1.1/2"" 1000 a",Puma
61292,"Torquês Armador 12"" (Ref 3633001120, Nove54)",Nove54
61293,"Torquês Armador 12"" CID T12",Cid Villena
61295,"Torques Armador 13"" CID T13",Cid Villena
61296,"Torquês Armador 15"" CID T15",Cid Villena
61312,"Torquês para Azulejista 7.1/2""",Cortag
61651,Totem para Álcool Gel com Pedal,Marcon
61652,Touca Árabe Azul 1336,Brascamp
61653,Touca Árabe Cinza Brim sem Aba 6450,Brascamp
61654,Touca Árabe para Soldador Azul Brim com Aba CA 39760 1432,Brascamp
61656,Touca de Soldador Azul,Carbografite
61658,"Trado Manual Mathieson 18x3/4""",Irwin
61659,Touca de Soldador Azul 700.31015,Plastcor
61661,"Transferidor 360° 3/4"" e Braço Flexível",Raven
61663,Transferidor Ângulo Digital,Insize
61669,Transferidor de Ângulo Universal 360º Graus,Insize
61671,Transferidor de Ângulo Simples 180Gr 150x200mm,Insize
61672,Transferidor de Ângulo Simples 170Gr 100x150mm,Insize
61673,Transferidor de Ângulo Simples 180Gr 85x150mm,Insize
61675,Transferidor de Ângulos Digital,Insize
61676,Transferidor de Ângulos Tipo Meia Lua 180º 600.090,Kingtools
61681,"Transferidor de Graus Encaixe 1/2"" para Torques Angulares",Raven
61694,Transpalete 2500kg 525 X 1150mm Tanden Nylon Chassi Inox TM2500/IC TN,Paletrans
61695,Transpalete 2500kg 680 X 1150mm Tanden Nylon Chassi Inox TM2500/IC TN,Paletrans
61697,Transpalete Elétrico 1500kg + BAT10AH LITIO+10A 220V,Paletrans
61705,Transpalete Manual 3 Toneladas TM 3000 530mm com Rodas Tandem de Poliuretano TM3000 TP,Paletrans
61707,Transpalete Manual 3000KG 525x1150mm Tandem de Nylon,Paletrans
61709,Transpalete Manual Balança Digital sem Impressora 700 X 1150mm Simples Poliuretano,Paletrans
61710,Transpalete Manual Balança Digital 2000kg com Impressora Coluna 700 X 1150mm Simples Poliuretano,Paletrans
61711,Transpalete Manual Balança Digital sem Impressora 545 X 1150mm Simples Poliuretano,Paletrans
61712,"Transpalete Manual 2,5 Toneladas 525mm com Rodas Simples de Nylon",Paletrans
61713,Transpalete Manual TM 2500 SN 2500Kg 680mm com Rodas Simples de Nylon,Paletrans
61714,Transpalete Manual TM 2500 SP 2500Kg 680mm com Rodas Simples de Poliuretano,Paletrans
61715,"Transpalete Manual 2,5 Toneladas 525mm com Rodas Simples de Poliuretano",Paletrans
61716,"Transpalete Manual 2,5 Toneladas 525mm com Rodas Tandem de Nylon",Paletrans
61717,Transpalete Manual TM 2500 TN 2500Kg 680mm com Rodas Tandem de Nylon,Paletrans
61718,Transpalete Manual TM 3000 TP 3 Toneladas 680mm com Rodas Tandem de Poliuretano,Paletrans
61719,Transpalete Manual TM 2500 TP 2500Kg 680mm com Rodas Tandem de Poliuretano,Paletrans
61720,Transpalete Manual TM 3000 TN 3 Toneladas 680mm com Rodas Tandem de Nylon,Paletrans
61721,"Transpalete Manual 2,5 Toneladas 525mm com Rodas Tandem de Poliuretano",Paletrans
61736,"Trava Quedas para Corda Poliamida 1/2"" 010258810 CG 525",Carbografite
61737,"Trava Quedas para Corda Poliamida 1/2"" 010662010 CG 528",Carbografite
61738,Trava Quedas para Corda Poliamida 1/2” (12mm) CG 526,Carbografite
61741,"Trava Quedas Retrátil com Fita de Poliéster 2,15 Metros CG 500D",Carbografite
61742,Trava Quedas Retrátil com Fita de Poliéster CG 35F,Carbografite
61743,Trava Quedas Retrátil com Fita de Poliéster CG 6F,Carbografite
61744,Trava Rosca Alto Torque 50 g 2760,Loctite
61947,Trilho Perfurado PVC 20cm Laranja 701.020.200 DUTODIN,Dutoplast
61949,Trilho Perfurado PVC 2mts Laranja 701020.2,Dutoplast
61950,Trilho Perfurado PVC 10cm Laranja 701.020.100 DUTODIN,Dutoplast
61977,Tripé de Içamento para Espaço Confinado HC 240,Carbografite
61988,Triturador de Resíduo Orgânico 1.5CV Bivolt,Trapp
61991,Triturador Forrageiro 1.5CV,Trapp
61994,Triturador Forrageiro 1.5CV Monofásico,Trapp
61995,"Triturador Forrageiro 2CV (Ref 110/220V, Trapp)",Trapp
61996,Triturador Forrageiro 2CV Elétrico 3.600 Rpm 110V,Trapp
61997,Triturador Forrageiro 2CV Elétrico Monofásico 3.600 Rpm,Trapp
61998,Triturador Resíduo Orgânico 1.5CV 110/220V Bivolt Monofásico,Trapp
61999,Triturador Forrageiro 2CV 110V,Trapp
62001,Trole Elétrico GT 100/300/1000 Monofásico 220V,Csm
62004,Trole Manual,Yale
62008,Trole Manual 5 Toneladas,Csm
62009,Trole Manual com Capacidade para 1000 kg 1000,Berg Steel
62011,Trole Manual com Capacidade para 1000 kg,Csm
62013,Trole Manual com Capacidade para 500 kg T500,Csm
62014,Trole Manual com Capacidade para 2000 kg (BERG STEEL),BERG STEEL
62015,"Trole Manual com Capacidade para 2000 kg (Ref T2000, Csm)",Csm
62016,Trole Manual com Capacidade para 3 Toneladas MANUAL,Berg Steel
62017,Trole Manual com Capacidade para 3000 kg,Csm
62018,Trole Manual para Guincho Elétrico,Maqtron
62020,Tubeira 420mm Inox Revestida,Karcher
62023,Tubeira Giratória para Lavadoras Industriais 1050mm HD e HDS 4.760-385.0,Karcher
62066,Ultra 1 Litro,Wurth
62067,"Umidificador de Ar 3,7 Litros Bivolt MOD U-04 8893",Ventisol
62072,Unidade de Potência a Diesel 4T 5.0HP 221CC Partida Manual,Toyama
62073,Unidade de Potência Elétrico 6.8A 1.5KV 60HZMonofásico 220V,Toyama
62076,Unidade de Potência Gasolina 4T 6.5HP 196CC Partida Manual,Toyama
62078,Vacuômetro Digital -10 a +50 °C com Bluetooth 552,Testo
62110,"Vareta Tig 1,60mm Aço Carbono 5Kg",Tecbras
62111,"Vareta Tig 1,60mm Alumínio OK TIGROD",Esab
62112,"Vareta Tig 1,60mm Inox 5Kg ER 308 l",Tecbras
62113,"Vareta Tig 1,60mm Inox 5Kg ER 309L",Tecbras
62114,"Vareta Tig 1,6mm Inox ER 316L 5kg ER 316 l",Esab
62115,"Vareta Tig 1,60mm Inox 5Kg ER 316 l",Tecbras
62117,"Vareta Tig 2,40mm Inox ER 308 l",Esab
62118,"Vareta Tig 2,40mm Aço Carbono OK TIGROD",Esab
62119,"Vareta Tig 2,50mm Inox 5Kg ER 308 l",Tecbras
62120,"Vareta Tig 2,40mm Inox ER 316 l",Esab
62121,"Vareta Tig 2,50mm Inox 5Kg ER 309L",Tecbras
62122,Vareta Tig 2mm Inox 5Kg ER 308 l,Tecbras
62123,"Vareta Tig 2,50mm Inox 5Kg ER 316L",Tecbras
62124,"Vareta Tig 3,20mm Aço Carbono 5Kg ER",Tecbras
62125,"Vareta Tig 3,20mm Inox ER 308 l",Esab
62126,"Vareta Tig 3,20mm Inox ER 309 l",Esab
62127,"Vareta Tig Inox 3,20mm ER 316 l",Esab
62128,"Vareta Tig 3,25mm Inox 5Kg ER 308 l",Tecbras
62129,"Vareta Tig 3,25mm Inox 5Kg ER 309L",Tecbras
62130,"Vareta Tig 3,25mm Inox 5Kg ER 316 l",Tecbras
62132,"Vareta Tig Aço P20 1,50mm (1kg) P-20",Anhanguera
62133,Vareta TIG ER309L Inox 2.40mm (caixa 5kg) T 309L,Esab
62134,Vareta TIG ER309L Inox 2.40mm (caixa de 5kg) OK TIGROD 309L,Esab
62135,Vareta TIG ER80S-B2 Baixa Liga 3.20mm (caixa de 5kg) OK TIGROD 13.16,Esab
62137,Vareta Tig Inox 2mm ER 316 l,Tecbras
62138,Varredeira de Piso 1200mm 250Litros 13000M2/H GLP km,Karcher
62140,Varredeira de Piso 1200mm 250Litros 13000M2/H Diesel km,Karcher
62142,Varredeira de Piso com Sucção 1500mm 500Litros 18000M2/H Diesel km 150/500 R,Karcher
62143,Varredeira de Piso com Sucção 1500mm 500Litros 18000M2/H GLP km 150/500 R,Karcher
62144,Varredeira de Piso Dual Power 1050mm 6300M2/H 70 Litros MSUB00405 SOTECO,Ipc
62145,Varredeira de Piso Manual 700mm 42L 3680m²/h km 70/20 C Dupla Escova,Karcher
62146,Varredeira de Piso Manual 700mm 15 Litros 2800M2/H km,Karcher
62148,Varredeira Manual 680mm 2400M2/H 20 Litros S4 TWIN,Karcher
62149,Varredeira Manual 860mm 3000M2/H 38 Litros S6 TWIN,Karcher
62150,Varredeira Manual para Piso 700mm 45 Litros 3920M2/H km 70/20 C DUPLA ESCOVA,Karcher
62152,Varredeira Municipal 2400mm 1300Litros 22500M2/H Diesel MC 130,Karcher
62154,Varredeira Municipal 3600mm 6000Litros 72000M2/H Diesel MC 600,Karcher
62155,Varredeira Municipal de Operador a Bordo 900mm 500Litros 14000M2/H Diesel MC 50,Karcher
62163,Vaselina Sólida Industrial 440g 74640/MVS 440G,Moria
62164,"Unidade de Força Elétrica 1/2"" a 2"" BSPT 700 220V",Ridgid
62165,Vaselina Sólida Industrial 90g MVS 90G,Moria
62166,Vaselina Sólida Industrial 910 Gramas,Moria
62184,Vassoura para Jardim 14 Dentes com Cabode Madeira,Trapp
62205,Vassoura Tipo Gari 4 Fileiras,Nove54
62208,Vassoura Tipo Gari 5 Fileiras,Nove54
62239,"Vareta Tig 3,20mm Aço Carbono Cobreada OK TIGROD",Esab
62243,Vazador Manual Redondo 19mm,Htom
62250,Veda Rosca 18 X 25 Metros,Firlon
62251,Veda Rosca 24 X 50 Metros,Firlon
62253,Veda Rosca 15g 567,Loctite
62254,Veda Rosca 18 X 50 Metros,Firlon
62255,Veda Roscas 275g 570,Loctite
62256,Veda Rosca Anaeróbico Baixo Torque 50g 567,Loctite
62257,Veda Rosca 275g 567,Loctite
62258,Veda Roscas Acrílico 50g 566,Loctite
62259,Veda Roscas Líquido com Teflon 310ml MA1,Tapmatic
62287,Vela de Ignição NGK,Stihl
62292,Ventilador de Coluna 50cm Oscilante 180W Preto Bivolt,Goar
62293,Ventilador de Mesa 50cm Oscilante 126W Preto Turbo Eco 220V,Goar
62294,Ventilador de Coluna 60cm Oscilante 180W Preto Bivolt,Goar
62295,Ventilador de Parede 1 Metro 3 Pás 1/2CV Preto,Ventisol
62296,Ventilador de Parede 50cm Oscilante 6 Pás 180W Preto,Goar
62297,Ventilador de Parede 60cm Oscilante 180W Preto 220V,Goar
62298,Ventilador de Parede 70cm Oscilante 270W Preto Bivolt,Goar
62299,Ventilador de Parede Industrial 3Pás 1/2CV 220V Preto 1175,Ventisol
62300,Ventilador de Parede Oscilante 50cm 3 Pás 200W Bivolt Preto 538,Ventisol
62301,Ventilador de Teto 3 Pás 130W Branco FENIX,Ventisol
62302,Ventilador Exaustor Axial 40cm 220V 440,Ventisol
62303,Ventilador Exaustor Móvel Axial Industrial 50CM/6P 1CV Preto,Goar
62304,Ventilador Exaustor Axial 30cm 220V 440,Ventisol
62305,Ventilador Exaustor Axial Industrial 50CM 220V 445,Ventisol
62306,Ventilador Exaustor Industrial 30cm Axial 137W Leve Monofásico,Goar
62307,Ventilador Fixo de Parede 1 Metro 3 Pás 1/2CV 220V Preto,Goar
62308,Ventilador Ocilante de Mesa 50cm 3Pás 130W Preto,Ventisol
62309,Ventilador Oscilante de Coluna 3 Pás 60cm Bivolt Preto 536,Ventisol
62310,Ventilador Oscilante de Coluna 6 Pás 50cm 135W Turbo 6,Ventisol
62311,Ventilador Oscilante de Coluna 30cm 6 Pás 52W Preto TURBO 6,Ventisol
62312,Ventilador Oscilante de Parede 3 Pás 60cm 127/220V Preto 543,Ventisol
62313,Ventilador Oscilante de Parede 50cm/6p Bivolt STEEL 50,Ventisol
62314,Ventilador Oscilante de Parede 60cm Preto Bivolt FALCON,Ventisol
62315,Ventilador Oscilante para Parede 60cm 3 Pás Preto,Ventisol
62316,Ventilador Oscilante para Parede 70cm 3Pás Bivolt Preto POWER 70,Ventisol
62317,Ventilador Turbo Oscilante de Mesa 6 Pás 30cm 45W 110V 7249,Ventisol
62318,Ventilador Turbo Oscilante de Mesa 6 Pás 50cm 135W Preto 4259,Ventisol
62320,Ventosa Dupla para Até 60Kg,Cortag
62321,Ventosa Dupla Sucção Até 80Kg,Mtx
62324,"Ventosa Simples (Ref 875055, Sparta)",Sparta
62326,Verniz Protetivo Anti-oxidante 1 Litro Vermelho,Baden
62328,Verniz Protetivo Anti-oxidante 5 Litros Vermelho,Baden
62358,Ventilador de Coluna 50cm Oscilante 180W Preto 220V,Goar
62359,Ventilador de Parede 1 Metro Alta Vazão Fixo 1/2CV Preto,Goar
62361,Ventilador de Parede 60cm Oscilante 180W Preto Bivolt,Goar
62362,Ventilador de Teto 3 Pás 130W Branco WIND LIGHT,Ventisol
62366,Ventilador Exaustor Industrial 40cm Axial 144W Leve Monofásico,Goar
62418,Vulcanizadora Articulada para Pneus de Caminhão 220V,Viluz
