id,nome,marca
4012,Esponja Mágica com 3 Unidades Melamina Limpeza Pesada,TEKBOND
4013,Esponja Rovlies com 10 un,ROTHENBERGER
4014,Espuma Expansiva de Pu Uso Profissional 480g/500ml,TEKBOND
4015,Espuma Expansiva Poliuretano 340g/500ml,ORBI
4018,"Esquadro Profissional 12""",STANLEY
4020,Estante Modulada com 108 Gavetas N3 Azul,PRESTO
4021,"Estante Modulada com 49 Gavetas N 3,5 e 7 Azul",PRESTO
4022,Estante Modulada com 54 Gavetas N5 Azul,PRESTO
4023,Esteira com Encosto para Mecânico,MARCON
4025,Esteira para Mecânico com Encosto e Porta Ferramentas,RIOSUL
4028,Esticador e Puxador Hidráulico,BOVENAU
4030,Esticador Hidráulico 10 Ton,RIBEIRO
4032,Esticador Hidráulico (Ref 10TON.),MARCON
4033,Esticador Hidráulico 6 Ton,RIBEIRO
4034,Esticador Hidráulico (Ref 6TON.),MARCON
4035,Esticador Hidráulico de 6 Toneladas,BOVENAU
4039,Estilete Lâmina de Metal 25MM,MTX
4040,Estilete Profissional 18MM,LUFKIN
4041,Estilete Profissional 25mm,IRWIN
4045,Estilete Retrátil Reforçado Todos os Cortes,IRWIN
4049,Estilete Sap-off 18MM,IRWIN
4051,Estilete Snap Off Stand 9mm,IRWIN
4052,Estilete Trapezoidal Auto Retrátil de Segurança com Lâmina 18mm,LUFKIN
4054,Estilete Trapezoidal Retrátil Standard,IRWIN
4074,Extensão de 60cm para Perfurador de Solo,VULCAN
4075,Extensão de Impacto - 1 X,LDR2
4123,"Faca 2 Pontas 350mm Furo 25mm Espessura 2,7mm para Roçadeiras",SPIN
4124,"Faca 3 Pontas Furo 25mm Tamanho 300mm Espessura 2,9mm",SPIN
4135,Fechadura Concept Espelhada Externa 403E Cromada,PADO
4136,Fechadura Externa Perfil Estreito Serralheiro Concept 600 22mm Cromada,PADO
4137,"Fecho Portão 86,5mm Zincado",SOPRANO
4138,"Ferro de Pua 5/16 X 305 mm 5/16""x12""",IRWIN
4139,Ferro de Pua 8X1/4 191mm,IRWIN
4140,"Ferro de Pua Mathieson para Madeira de 1/2"" X 12"" (13mm X 35mm) -IW348",IRWIN
4141,"Ferro de Pua para Madeira 305 mm 12""X 7/16'' Rosca Mathieson",IRWIN
4142,"Ferro de Pua para Madeira 305mm 12 X 3/8"" Rosca Mathieson",IRWIN
4143,"Ferro de Pua para Madeira 5/16"" X 8"" Rosca Mathieson",IRWIN
4144,"Ferro de Pua para Madeira/metal 5/8"" X 12"" Rosca Mathieson",IRWIN
4145,"Ferro de Puapara Madeira de 9/16 X 12"" Rosca Mathieson",IRWIN
4149,Ferro de Soldar 30W 220V,FAME
4150,Ferro de Soldar 220V 70W,FAME
4151,Ferro de Soldar Machadinho 320w 220v,FAME
4155,Filtro de Ar com Elemento FS0070-U 3/4 BSP,SCHULZ
4156,"Filtro de Ar e Lubrificador com Proteção 1/2"" -3363",BREMEN
4160,Filtro e Regulador de Ar 1/2 Pol.,PDR
4161,Filtro e Regulador de Ar 1/4 Pol.,PDR
4162,Filtro Regulador de Ar Centurium DDA 1/2 Pol. com Protetor,ARPREX
4163,"Filtro Regulador e Lubrificador 1/4"" 7,25-116 PSI 650 L/min",BOZZA
4167,Fita Antiderrapante 50mm X 5m,3M
4168,Fita Antiderrapante Preta 50mm X 5m,TEKBOND
4169,Fita Antiderrapante Safety Fosfore 50mm X 5m,3M
4170,Fita Antiderrapante Safety PVC TR 50mm X 5m,3M
4171,Fita Antiderrapante Safety Transparente 50mm X 5m,3M
4172,Fita Crepe 18MM X 50M,TEKBOND
4173,Fita Crepe 24MM X 50M,TEKBOND
4174,Fita Crepe 48MM X 50M,TEKBOND
4175,"Fita de Aço Perfurada Âncora 17mm X 0,40mm X 30m",ANCORA
4176,Fita de Demarcação Amarela 48MM X 15M,TEKBOND
4177,Fita de Demarcação Vermelha 48MM X 15M,TEKBOND
4178,Fita de Embalagem 48mm X 50m,3M
4179,Fita de Embalagem Tartan 48mm X 50m,3M
4180,Fita de Sinalização 70mm X 200m,3M
4181,Fita Duct Tape 50MM X 10M,CARBOGRAFITE
4182,Fita Dupla Face 12mm X 20mm -21121001220,TEKBOND
4183,"Fita Dupla Face 19MM X 1,5M",TEKBOND
4184,Fita Dupla Face 4494 19mm X 5m,3M
4185,"Fita Dupla Face Espuma 12mm X 1,5m",TEKBOND
4186,Fita Dupla Face Fixa Forte 12mm X 2,3M
4187,"Fita Dupla Face Fixa Forte 24mm X 1,5m",3M
4188,"Fita Dupla Face Fixa Forte Banheiro 24mm X 1,5m",3M
4189,"Fita Dupla Face Fixa Forte Cozinha 24mm X 1,5m",3M
4190,"Fita Dupla Face Fixa Forte Espuma 12mm X 1,5m",3M
4191,Fita Dupla Face Fixa Forte Extrema 24mm X 2m,3M
4192,Fita Dupla Face Fixa Forte Transparente 12mm X 2,3M
4193,Fita Dupla Face Fixa Forte Transparente 19mm X 2,3M
4194,Fita Dupla Face Fixa Forte Transparente 24mm X 2,3M
4195,Fita Dupla Face IG 110wf 19mm X 20m,3M
4196,Fita Dupla Face IG 110wf 19mm X 5M,3M
4197,Fita Dupla Face VHB 4910 12mm X 20m,3M
4198,Fita Dupla Face VHB 4910 12mm X 5m,3M
4200,Fita Dupla Face VHB 4910 25mm X 20m,3M
4201,"Fita Dupla Face VHB 4910 9,5mm X 20m",3M
4213,"Fita Métrica Adesiva 3 Metros (Ref FAL3M, LUFKIN)",LUFKIN
4214,Fita Silver Tape 45mm X 25m,3M
4216,Fita Silver Tape DT8 50mm X 50m,3M
4217,Fita Transparente PP AA 48 X 50 MTS,ADERE
4225,Fixa Rolamento 160 Verde 50 GR,TEKBOND
4226,Fixa Rolamento 166 Cinza 50 GR,TEKBOND
4227,Fluido de Corte Ecológico 1 Eco 500ml -AY1,QUIMATIC
4229,Fluído de Corte Nº 11 500ml -AJ1,QUIMATIC
4230,Fluido para Corte N. 1 500ml -AF1,QUIMATIC
4243,Fonte Inversora Multiprocesso Monofásica 220V Compactmig 215i,ESAB
4246,Formao 1.1/4'' -327114,MAX
4311,Funil de Polietileno Amarelo com Extensão Flexível 135mm -2101,BREMEN
4312,Funil de Polietileno com Extensão Flexível -2102,BREMEN
4313,Funil de Polietileno Duas Curvas -2103,BREMEN
4314,Funil em Polietileno Amarelo Flexível 135MM -2101,BREMEN
4315,Funil Polietileno Reto 135mm -2117,BREMEN
4381,Gancho de Rede para Chumbar,MAX
4382,Gancho Multiuso Encartelado,MAX
4383,"Gancho Olhal com Trava 1,0TON",CARBOSTORM
4384,Gancho para Rede de Parede,MAX
4386,Garra Grampo Negativa 300A -WPS2111,DELTAPLUS
4387,Garra Negativa 500a Bronze -Wps0383,DELTAPLUS
4389,Gaveta Plástica N.7 Azul Organizador Empilhável,PRESTO
4390,Gaveta Plástica Preta N3,PRESTO
4391,Gaveta Plástica Tamanho N 3 Azul - N3,PRESTO
4392,Gaveta Plástica Tamanho N 5 Azul - N5,PRESTO
4393,Gaxeta de Algodão Quadrada 1/4 Ensebada 1kg -122,OSTENFERRAGENS
4394,Gaxeta de Algodão Quadrada 5/16 Ensebada 1Kg -123,OSTENFERRAGENS
4396,Gerador À Diesel Monofásico,TOYAMA
4397,Gerador a Gasolina 4T 110/220V 2.2Kva S2500MG Monofásico,SCHULZ
4399,"Gerador a Gasolina Monofásico 1,0 Kva 4T",TOYAMA
4400,"Gerador a Gasolina Monofásico 2,2 Kva 4T",TOYAMA
4401,"Gerador a Gasolina Monofásico 6,5 Kva Partida Manual",TOYAMA
4402,"Gerador a Gasolina Monofásico 9,0 Kva Partida Elétrica",TOYAMA
4403,"Gerador À Gasolina VG3800 4T 208CC 7HP 3,00kva Bivolt com Partida Manual",VULCAN
4404,Gerador À Gasolina Profissional 4T 208CC 7HP 2.9 Kw 3.50kVa 2900W Bivolt de Partida Manual C/tomadas 3 e 4 Pinos,VULCAN
4405,"Gerador de Energia 201027 a Gasolina 7,2 Kw 420 Cc Bivolt 115/230 v Monofásico 25 l",TOYAMA
4406,"Gerador de Energia a Diesel Aberto TDG8500EXP 4T 498CC 7,0 Kva Bivolt Monofásico",TOYAMA
4407,"Gerador de Energia a Diesel com Corrente Alternada 4,6Kva 418 CC 380V Trifásico com Partida Elétrica",SCHULZ
4408,Gerador de Energia a Diesel Monofásico TDG6500BXE 5.5kVA com Partida Elétrica,TOYAMA
4409,Gerador de Energia À Diesel (Ref TDG7000CXE),TOYAMA
4410,Gerador de Energia À Diesel (Ref TDG8000CXE),TOYAMA
4411,"Gerador de Energia À Gasoina TG8000CXEV 371014 6,5KW",TOYAMA
4412,"Gerador de Energia À Gasolina 2T Partida Manual 0,90kVA",VULCAN
4413,"Gerador de Energia À Gasolina 3,0KVA 4T BIVOLT",SCHULZ
4414,Gerador de Energia À Gasolina (Ref TF1200CXW2),TOYAMA
4415,"Gerador de Energia À Gasolina TG12000CXNE 4T 622CC 10,5KVA Monofásico Bivolt",TOYAMA
4416,Gerador de Energia À Gasolina (Ref TG2500CXH),TOYAMA
4417,Gerador de Energia À Gasolina (Ref TG3100CXR),TOYAMA
4418,Gerador de Energia À Gasolina (Ref TG3100CXV),TOYAMA
4419,Gerador de Energia À Gasolina (Ref TG3800CX-XP),TOYAMA
4420,"Gerador de Energia Portátil GM3500 a Gasolina 4T 3,5 Kva Partida Manual Bivolt -40144402",CSM
4421,Grampeador e Pinador Elétrico 220V,STANLEY
4422,Grampeador para Caixa de Papelão 15 a 18mm -PRO-618,PDR
4423,Grampeador Pinador 16 a 40mm -PRO-621,PDR
4424,Grampeador Pneumático,LDR2
4425,Grampo Aperto Rápido 450mm,LUFKIN
4426,Grampo Aperto Rápido 600mm,LUFKIN
4427,Grampo Aperto Rápido 900mm,LUFKIN
4433,Grampo de Aperto Rápido 12,LUFKIN
4434,Grampo de Aperto Rápido 6,LUFKIN
4439,Grampo Marceneiro N° 200 200mm,METALSUL
4440,Grampo Marceneiro N° 300 300mm,METALSUL
4441,Grampo Marceneiro N° 400 400mm,METALSUL
4442,Grampo Marceneiro N° 500 500mm,METALSUL
4443,Grampo P/cerca Polido -G07,GERDAU
4444,Grampo Tipo C Sargento Nº 10 250mm,METALSUL
4445,Grampo Tipo C Sargento Nº 12 315mm,METALSUL
4446,Grampo Tipo C Sargento Nº 3 75mm,METALSUL
4447,Grampo Tipo C Sargento Nº 4 105mm,METALSUL
4448,Grampo Tipo C Sargento Nº 6 150mm,METALSUL
4449,Grampo Tipo C Sargento Nº 8 200mm,METALSUL
4450,Grampo Tipo C Sargento N° 2 57mm,METALSUL
4453,Gravador Elétrico 220W,DREMEL
4455,Graxeira Reta Nf Rf -120010015,CISBRA
4456,"Guia Espiral Amarela 3,4m 1,2 - 1,6",ESAB
4457,"Guia Espiral com Isolação 5,4m 0,8mm - 1,0mm",ESAB
4458,"Guia Espiral com Isolação Amarela 5,4M 1,2-1,6",ESAB
4459,"Guia Espiral com Isolação para a Tocha 3,4M 1,0-1,2",ESAB
4460,"Guia Espiral Tbi 914833 Vermelha Isolamento 1,0 - 1,2 5,40 m -914833",ESAB
4463,Guincho de Coluna 500/1000kg HA107-1 -132048,MOTOMIL
4464,Guincho Elétrico C/trole Eletrico 300/600kg Mono220v -71000501,CSM
4466,Guincho Eletrico Monofásico TEC300 sem Caçamba 220V -71000258,CSM
4467,Guincho Hidráulico 1T,BOVENAU
4468,Guincho Hidraúlico 2 TON,RIBEIRO
4469,Guincho Hidráulico 2 Toneladas,BOVENAU
4470,Guincho Hidráulico 3 Toneladas com Prolongador,RIBEIRO
4471,Guincho Hidraúlico 500 kg,RIBEIRO
4472,Guincho Hidráulico com Prolongador,MARCON
4473,Guincho Hidráulico G3000E com Prolongador e Roda de Ferro 3T -G3000E,BOVENAU
4475,Guincho Hidráulico sem Prolongador 1Ton,BOVENAU
4479,Haste P/telha 1/4 X 150,CISER
4480,Haste P/telha Dobrada 1/4 X 100,METALURGICA
4481,Haste para Misturador Elétrico HM-140 600mm -60576,CORTAG
4488,Isolador Tocha MIG (Ref MC440),OXIMIG
4489,Isolador Tocha MIG (Ref TD401),OXIMIG
4490,Jaqueta Aço Zinco e Cone para Chumbador Cb ÂNCORA-JC38,ANCORA
4492,Jaqueta e Cone para Chumbador CBA 1/4' -520022,WALSYWA
4493,Jaqueta e Cone para Chumbador CBA 5/16 -520065,WALSYWA
4494,Jogo 20 Pontas para Parafusar com Estojo Magnético e Extensor Articulável Alto Impacto,DEWALT
4495,"Jogo 3 Limas Motosserra 8 X 13/64"" -1880B",K&F
4497,Jogo Brocas para Metais 1.5 À 6mm 13 Peças -37262,HANSATECNICA
4515,Jogo de 15 Pontas para Parafusar com Estojo Magnetico,DEWALT
4516,Jogo de 16 Peças para Parafusar com Guia Magnetica,DEWALT
4517,Jogo de 20 Pontas para Parafusar com Estojo,DEWALT
4518,Jogo de 29 Peças para Parafusadeira com Estojo,DEWALT
4519,Jogo de 37 Peças para Parafusadeira com Estojo,DEWALT
4520,Jogo de Acessórios Compact Kit P/pintura com 3 Peças,SCHULZ
4567,Jogo de Brocas 1.0 a 13.0mm 25Pçs -1865315,IRWIN
4568,"Jogo de Brocas 13 Peças para Metais 1/16"" À 1/4""",LENOX
4570,Jogo de Brocas Aço Rápido TW105 com 29 Peças,LENOX
4572,Jogo de Brocas Multimaterial 5 Peças 4 a 10mm,IRWIN
4573,Jogo de Brocas para Concreto com 5 Peças de,IRWIN
4574,"Jogo de Brocas para Metais 1,5 À 10mm C/19 Peças",HANSATECNICA
4575,"Jogo de Brocas para Metal com 25 Peças de 1,0 a 13mm",LENOX
4576,Jogo de Brocas para Metal HSS 2-6mm com 7 Peças,IRWIN
4743,Jogo de Chaves Allen e Tork Curtas 18 Peças com Estojo,MTX
5309,Lona Preta 8x50 20KG,LONAX
9641,"Trincha 519/714 1.1/2""",CONDOR
9642,"Trincha 519/714 1/2""",CONDOR
9643,"Trincha 519/714 1""",CONDOR
9644,"Trincha 519/714 2""",CONDOR
9645,"Trincha 519/714 3/4""",CONDOR
9646,"Trincha 714 3"" -85495",CONDOR
9649,Tripe para Laser Encaixe de 5/8 (1 Peça),DEWALT
9657,Valvula Corta Chama Maçarico Ox,BARBOSA
9658,Valvula Corta Chama Regulador,BARBOSA
9684,Vassourão Gari Profissional 40cm,MAX
9687,Vassourão Tipo Piaçava 60cm,ODIM
9688,Vazador de 7mm 3VN,EDA
9689,Vazador de 8mm 3VO,EDA
9690,Vazador de 9mm 3VP,EDA
9691,Veda Escape Bisnaga 100g,ORBI QUIMICA
9692,Veda Juntas 190 Roxo de 15g,TEKBOND
9693,Veda Juntas Roxo 190 250g,TEKBOND
9694,Veda Rosca Branco 050 50gr,TEKBOND
9695,Verruma de Arco de Pua para Madeira 03 X 120 mm,IRWIN
9696,Verruma de Arco de Pua para Madeira 5x125mm -IW571,IRWIN
9697,"Verruma para Arco 6,0Mm X 125mm",IRWIN
9698,Verruma para Arco de Pua 4x120mm,IRWIN
9700,Vibrador de Imersão Pendular 32mm 4 Metros,CSM
9707,Vulcanizador para Câmara de Automóveis V300,EMEB
9969,10 Unidades - Origens Angelim,TETO VINÍLICO
9993,Acabamento Aquarius Universal 3/4 Cromado,FABRIMAR
10070,Acabamento Digital Line Universal 3/4 Cromado,FABRIMAR
10091,Acabamento para Canto Externo PVC Branco,FORTLEV
10095,Acabamento para Canto Interno PVC Branco,FORTLEV
10240,Acabamento: Qualidade e Sofisticação para o Seu Banheiro,TIGRE METAL
10244,Acabamento Tipo Moldura 6MT Sanca,FORTLEV
10248,"Acabamento Universal Ella Cross 1/2, 3/4 e 1 Metais",TIGRE
10250,Acabamento Universal Nova Gyro 3/4 Cromado,FABRIMAR
10255,Acoplamento Aquapluv Circular Style Branco - Eficiência e Estilo,TIGRE
10256,Acionador de Caixa Acoplada Dual Flush Preto Fosco,CENSI
10259,Acoplamento Circular Aquapluv 88mm,TIGRE
10260,Acoplamento para Fogão sem Forno com Anel 74,REFRACON
10262,Acoplamento Retangular Aquapluv: Solução Ideal para Suas Instalações,TIGRE
10266,Adaptador Benjamim Branco,MAR-GIRIUS
10267,Adaptador Benjamim Cinza,MAR-GIRIUS
10275,"Abraçadeiras de Nylon 3,6x300mm Branca 100 Peças",Brasfort
10288,Acionador para Movimento para,Mitutoyo
10291,Acionador para Rugosimetro SJ-201S (transversal),Mitutoyo
10293,Adaptador Mvr 1/2 Volta Sentido Anti Horário,DECA
10296,Acoplador Caixa 20x12 - 32x16 - 40x16 - 50x20,Pial
10298,Adaptador P/caixa D'água C/anel 85mm,KRONA
10299,"Adaptador para Bico Fire 3/4x1/2"" Sch80: a Solução Perfeita para Suas Instalações",TIGRE
10300,"Acoplador Hidráulico 1/8"" NPT",Bozza
10301,Adaptador para Caixa D'água 20mm com Anel,KRONA
10302,"Acoplador Hidráulico 1/8"" NPT com Conexão Giratória Z",Lupus
10303,"Adaptador para Bico 1"" X 1/2""",TIGRE
10304,"Acoplador Hidráulico 1/8"" NPT Standard Médio 1986",Lupus
10305,Acoplador Hidráulico 22mm,Bozza
10306,Adaptador para Caixa D'água 25mm com Anel,KRONA
10307,Adaptador para Caixa D'água 32mm com Anel,KRONA
10308,Adaptador para Caixa D'água 50mm com Anel,KRONA
10311,Adaptador para Caixa D'água 40mm com Anel,KRONA
10313,Adaptador para Caixa D'água 60mm com Anel,KRONA
10315,Adaptador para Máquina de Lavar Roupa Saída Anti Mau Cheiro,TIGRE
10316,Acoplador Industrial 16A 2P+T 200/250V 6H IP44 Azul,Steck
10318,"Acoplador Hidráulico Universal Fino 1/8""",Lupus
10331,Acoplamento 2P+T 16A 110/130V 4H Amarelo IP44 N-3054 NEWKON,Steck
10332,Acoplamento Industrial Blindado 3P+T+N 380/440V 63A 6H IP67,Steck
10341,Acupuntura Automotiva AFT 60,Planatc
10372,Adaptador Angular para Parafusadeira 2 em 1 Comp 90° MAXFIT DWAMRA,Dewalt
10373,"Adaptador Angular para Parafusadeira 1/4"" 14 Peças",Dewalt
10376,"Adaptador Angular 1/4"" para Parafusadeira",Milwaukee
10377,Adaptador Angular para Parafusadeira 4 em 1 Compacto/flex 90° DWAMRASET,Dewalt
10380,Adaptador Benjamim Plugue T 2P+T 10A Branco,Margirius
10381,"Adaptador Angular Universal 1/4"" 57Nm 0614 900 0",Wurth
10393,Aditivo Impermeabilizante Tecplus 1L,QUARTZOLIT
10396,Aditivo Impermeabilizante Tecplus 1L - 1l,QUARTZOLIT
10397,"Aditivo Impermeabilizante Tecplus 3,6L",QUARTZOLIT
10399,"Aditivo Plastificante para Argamassa 3,6L",QUARTZOLIT
10403,Aditivo Plastificante 18L,QUARTZOLIT
10408,Adaptador Cado para Veiculos Antigos,Raven
10416,Adaptador Conefit 10 DIN 6535 HA,Prototyp
10431,Adaptador de Engate Rápido Ar 3/8'' com Rosca Fêmea 3/8'',Lubefer
10452,Anti Infiltração,TIGRE
10453,Anti-infiltração PVC Branco,TIGRE
10457,Antiespuma,TIGRE
10462,Aplicador de Massa de Plástico 98mm,TIGRE
10464,Aquecedor Digital para Banheira de Hidromassagem de 5000W 220V,OURO FINO
10467,Aquecedor Elétrico Maxi Ultra,LORENZETTI
10471,Aquecedor Elétrico para Banheira Super Hidro Digital,CARDAL
10473,Aquecedor Elétrico para Banheira Super Hidro 2,CARDAL
10475,Aquecedor Individual Elétrico 4 Temperaturas,CARDAL
10476,Aquecedor Eletrônico Branco a Gás 1600D GLP,LORENZETTI
10478,"Adaptador de Pinça 1/4"" X 3mm",Puma
10480,Aquecedor Versátil 127V/5500W Branco Next,LORENZETTI
10490,Argamassa Bloco de Vidro 5KG,QUARTZOLIT
10496,Argamassa Flexível Cinza Cimentcola ACIII 20kg PL,QUARTZOLIT
10497,Argamassa Flexível Cinza Cimentcola ACIII 20kg PA,QUARTZOLIT
10499,Argamassa Flexível ACIII Branca 20kg,QUARTZOLIT
10501,Argamassa AC2 Flexível Cinza 20kg: o Aliado Perfeito para Seu Projeto,IMAR
10503,Argamassa Interna e Externa ACIII Cinza 20kg,IMAR
10505,Argamassa Interna Colante Cinza 20kg,IMAR
10507,Argamassa Interna ACI Cinza 20kg (Ref 72253),QUARTZOLIT
10508,Argamassa Interna ACI Cinza 20kg (Ref 73402),QUARTZOLIT
10511,Argamassa Bloco de Vidro 20kg,QUARTZOLIT
10512,Argamassa Nivela Rapido 20 kg,QUARTZOLIT
10513,"Adaptador Engate Rápido Ar 1/2"" Rosca Fêmea 1/2"" PF4A",Puma
10516,Argamassa Cimentcola Externo ACII 20kg (Ref 71192),QUARTZOLIT
10518,Argamassa Cimentcola Cozinhas/banheiros 20kg,QUARTZOLIT
10519,Argamassa Cimentcola Externo ACII 20kg (Ref 73419),QUARTZOLIT
10521,Argamassa Cimentcola Interno ACI 5kgs,QUARTZOLIT
10523,Argamassa para Porcelanado e Piso Sobre Piso Externo 20kg Cinza,QUARTZOLIT
10529,Argamassa para Porcelanatos e Cerâmicas Interno 20kg,QUARTZOLIT
10532,Argamassa Reboquit Massa Fina Interna 20Kg,QUARTZOLIT
10534,Argamassa Pastilhas Área Externa e Interna Branca 5kg,QUARTZOLIT
10537,Argamassa Uso Interno e Externo 20 kg - PL,QUARTZOLIT
10538,Argamassa Reboco Impermeável 20kg,QUARTZOLIT
10543,Argamassa Refratários Interno e Externo Cinza 5kg,QUARTZOLIT
10546,Argila Líder 18kg,LIDER
10547,Argamassa Super Graute para Concreto 25kg,QUARTZOLIT
10549,Armário/balcão Branco Suspenso Mônaco em MDF,RORATO
10551,Armário de Banheiro Porta Reversível de Sobrepor Preto 30x37,ASTRA
10552,Armário Plástico de Banheiro de Sobrepor com Porta Reversível 30x37cm,ASTRA
10553,Armário Preto e Branco Suspenso Mônaco em MDF,RORATO
10554,Adaptador M14 para Politriz,Puma
10556,Armário Texturizado com Espelho + Balcão Branco Suspenso Modena,RORATO
10559,Adaptador P/teste do Sistema de Arrefecimento P/veículos VW Até 86,Raven
10560,Arremate PVC Tipo F Castanho 6m,ARAFORROS
10562,Arremate PVC Tipo F Preto 6m,ARAFORROS
10566,Assento Like/art Polipropileno Branco,CELITE
10568,Assento de Vaso Sanitário Close PP Elite Branco,CELITE
10570,Assento de Vaso Sanitário Close PP Boss Branco,INCEPA
10571,Assento Softclose PP Thema Branco,INCEPA
10573,Assento Softclose Universal Polipropileno Branco,INCEPA
10575,Assento Infantil Branco Oval PP,INCEPA
10577,Assento para Vaso Sanitário Original PP Acesso Confort,CELITE
10579,Assento para Vaso Sanitário PP Fit/versato/stylus,LORENZETTI
10580,Assento Quadrado Original PP Softclose com Quick Release City/like Branco,CELITE
10581,Assento PP Quadrado Plus Close Fit,CELITE
10584,Assento Sanitário Almofadado Fit Versato TVT/K Preto,ASTRA
10587,Assento Sanitário Almofadado Oval Cinza Claro: Conforto e Estilo em Seu Banheiro,ASTRA
10589,Assento Sanitário Almofadado Thema Biscuit: Conforto e Estilo para Seu Banheiro,ASTRA
10590,Adaptador para Manômetro 700 Bar GA2,Enerpac
10591,Assento Sanitário Almofadado Thema Branco: Conforto e Estilo em Cada Detalhe,ASTRA
10593,Assento Sanitário Almofadado Thema Petro TTHK,ASTRA
10595,Assento Sanitário Almofadado TPK Verde 5,ASTRA
10597,Assento Sanitário Almofadado Convencional Branco: o Toque Final de Conforto e Higiene,ASTRA
10600,Assento Sanitário Almofadado Fit TVTK Branco: Conforto e Qualidade para Seu Banheiro,ASTRA
10602,Assento Sanitário Almofadado Oval 8: Conforto e Elegância para Seu Banheiro,ASTRA
10603,Assento Sanitário Almofadado Oval Calypso Branco 01,ASTRA
10606,Assento Sanitário Almofadado Oval Cinza 1,ASTRA
10607,Assento Sanitário Almofadado Oval Salmão 1,ASTRA
10609,Assento Sanitário Branco Close Oval,ASTRA
10610,Assento Sanitário Gelo Almofadado,ASTRA
10613,Assento Sanitário Oval Almofadado 5,ASTRA
10615,Assento Sanitário Oval Anatômico Branco,ASTRA
10618,Assento Sanitário Pergamon Almofadado Fit,ASTRA
10621,Assento Sanitário Eco Universal Polipropileno Branco,CELITE
10622,Assento Sanitário Convencional Almofadado TPK Verde 3,ASTRA
10624,Assento Sanitário Convencional,TIGRE
10625,Assento Sanitário Preto 01 Oval Almofadado,ASTRA
10626,Assento Sanitário Termofixo com Slow Close e Easy Clean Branco,DECA
10629,"Assento Sanitário Elevado com Tampa e Trava 7,5cm",ASTRA
10630,Assento Sanitário em Poliéster Slow Close com Microban Ébano Fosco,DECA
10633,Assento Sanitário PP Close Thema Plus Biscuit,INCEPA
10634,Assento Sanitário Universal Eco PP Biscuit,INCEPA
10637,Assento Sanitário Caramelo,TIGRE
10638,Assento Sanitário Infantil Branco TPIC/K,ASTRA
10643,Assento Sanitário Oval Cinza,TIGRE
10644,Assento Sanitário Oval Almofadado 3 em 1 com Fechamento Suave e Fácil Remoção,ASTRA
10645,Assento Sanitário Original Termofixo Softclose Smart Branco,CELITE
10646,Adaptador para Termopar Tipo K -20 a +500 °C 0590 0002,Testo
10647,Assento Sanitário Oval Almofadado Caramelo 1,ASTRA
10648,Assento Sanitário Oval Almofadado TPK Caramelo 2,ASTRA
10651,Assento Sanitário Oval Almofadado TPK Verde 6,ASTRA
10652,Assento Sanitário Redutor Infantil Panda,ASTRA
10655,Adaptador Ponteira 2.5mm X 18mm para Dispensador Peristáltico EQ PU20,Loctite
10656,Adaptador Ponteira 1.6mm X 18mm para Dispensador Peristáltico EQ PU20,Loctite
10657,Assento Sanitário Smart Termofixo Original Close Beige,CELITE
10658,Assento Sanitário Close Smart Preto Fosco,CELITE
10659,Adaptador Ponteira 3.2mm X 18mm para Dispensador Peristáltico EQ PU20,Loctite
10660,Assento Sanitário Branco: Elegância e Conforto para Seu Banheiro,TIGRE
10662,Azuelejo Ártico Brilhante 32x60cm,INCESA
10663,Azulejo Artico Cetim Acetinado 32x60cm,INCESA
10665,Azulejo Originale Bianco Retificado Acetinado 32x60cm: Elegância e Versatilidade para Seus Ambientes,BIANCOGRES
10667,"Adaptador Rosca Interna 1/4"" SAE 22-A",Tapmatic
10669,"Azulejo Balance Quitan Acetinado 43,2x91cm",CEUSA
10670,Azulejo Originale Nude Retificado Acetinado 32x60cm,BIANCOGRES
10671,Azulejo Tradizionale Beige Brilhante Retificado 32x60 cm,BIANCOGRES
10673,"Azulejo Joaquina Acetinado Branco 43,2X91cm",CEUSA
10676,"Azulejo Joaquina Brilhante 43,2X91cm",CEUSA
10679,Azulejo Ludo Black Acetinado 32x59cm,INCEPA
10680,"Azulejo Sofitel Piramide 2977 43,2x91cm",CEUSA
10681,Azulejo Ins Ludo White Acetinado 32x59cm,INCEPA
10683,Azulejo Plus Seattle White Acetinado 30x60cm,INCEPA
10684,Azulejo Plus White Acetinado 30x60cm,INCEPA
10687,"Azulejo Jazz DGR Matte 33,3x100cm",PORTINARI
10690,"Azulejo Jazz WH Matte 33,3x100cm",PORTINARI
10691,Azulejo Cubic STEEL Cobre Metalizado 30x60cm,ROCA
10694,Azulejo Rig Legno Retificado Acetinado 32x60cm,BIANCOGRES
10695,Azulejo London Trace Gray Acetinado 30x60cm,ROCA
10697,Azulejo Tradizionale Bianco Brilhante Retificado 32x60cm,BIANCOGRES
10699,Bacia para Caixa Acoplada Infantil,CELITE
10702,Bacia Convencional Acesso Confort Plus 3/6 Litros Branca,CELITE
10703,Balde Borracha Liquida Branca 18kg,QUARTZOLIT
10705,Bacia Europa Redondo Cimento Decorativo 20x55x55cm,JAPI
10706,Balde Borracha Liquida Cinza 18kg,QUARTZOLIT
10707,Adaptador Universal para Teste do Sistema de Arrefecimento,Raven
10708,Balde Plástico Preto: Resistência e Versatilidade para o Dia a Dia,CORTAG
10711,Balde de Plástico para Obra Preto 12L,VARIADOS
10712,Balde de Pintura Asfáltica Acqua 18L,QUARTZOLIT
10715,Conheça o Balde Fundo Preparador de Parede Base Água 18L,SUVINIL
10718,Conheça o Balde Granffino Pedras Naturais Cinza Claro,HYDRONORTH
10719,Conheça o Balde Granffino Pedras Naturais Cinza Escuro,HYDRONORTH
10721,Conheça o Balde Granffino Pedras Naturais Marrocos,HYDRONORTH
10724,Conheça o Balde Granffino Pedras Naturais Palha,HYDRONORTH
10725,"Balde Pintura Asfáltica Acqua 3,6L",QUARTZOLIT
10727,Balde Manta Liquida Preta 18 kg,QUARTZOLIT
10730,Balde Selador Acrílico 18L – Preparação Profissional para Pinturas de Alto Desempenho,SUVINIL
10731,Balde Textura Riscada 23kg,EUCATEX
10740,Bandeja para Pintura de Plástico 23cm,TIGRE
10742,Bandeja em Metal Cobre 24cm,MART
10743,Bandeja em Metal Dourada 24 cm,MART
10746,Banheira Acrilbath Dupla Topline 170x115cm Top Line,OURO FINO
10751,Banheira Hidromassagem Dupla Cristal 170cmx110cm 220V,OURO FINO
10754,Descubra a Experiência Única da Banheira Mavie Imersão 165x69 Branco,OURO FINO
10755,Banheira Cristal com Hidromassagem 150x80cm Branca,OURO FINO
10756,Banqueta Monobloco Antares Araxá Preta,ANTARES PLASTICOS
10757,Barra de Apoio Branca em PVC 40cm,ASTRA
10760,Barra de Apoio em Alumínio Cromado de Parede Talita Oca 30cm,METAIS TALITA
10761,Barra de Apoio Preta em PVC 40cm,ASTRA
10763,Barra de Apoio Reta Inox 60cm: Segurança e Estilo em Cada Detalhe,ASTRA
10766,Barra de Apoio Reta Inox 40cm: Segurança e Funcionalidade em Espaços Modernos,ASTRA
10768,Barra de Apoio Reta Inox 70cm: Segurança e Conforto no Seu Dia a Dia,ASTRA
10769,Barra de Apoio Reta Inox 80cm: Segurança e Conforto em Ambientes Funcionais,ASTRA
10771,Barra de Apoio Talita Alumínio 50cm 1.1/4,METAIS TALITA
10773,Barra de Apoio Reta em PVC 60cm Branca,ASTRA
10776,Barra de Apoio Talita Alumínio 80cm 1. 1/4,METAIS TALITA
10778,Barra de Apoio Talita de Alumínio Cromada 45° Graus 60cm,METAIS TALITA
10779,"Barra Metalon Cida 20x20mm 1,20mm 6M",GERAL
10780,Basculante Branco de Alumínio C/2 Vidros 40x60cm,ESQUADROMIL
10781,"Barra Metalon Cida 20x20cm 0,90mm 6 Metros",GERAL
10786,Basculante Branco de Alumínio C/2 Vidros 50x50cm,ESQUADROMIL
10787,Basculante Branco de Alumínio C/2 Vidros 60x40cm,ESQUADROMIL
10792,Basculante Branco de Alumínio C/2 Vidros 60x60cm,ESQUADROMIL
10793,Basculante de Alumínio C/2 Vidros 50x50cm,ESQUADROMIL
10794,Basculante de Alumínio C/2 Vidros 40x60cm,ESQUADROMIL
10797,Basculante de Alumínio C/2 Vidros 60x40cm,ESQUADROMIL
10800,Basculante de Alumínio C/2 Vidros 60x60cm,ESQUADROMIL
10809,Base Duplocomando 4894 para Ducha Higiênica,DECA
10818,Base Misturador para Ducha Higiênica Monocomando,DECA
10823,"Base Monocomando para Banheira 3/4"" 1/2""",DECA
10835,Base Plástica para Ombrelone Guarda Sol: Estabilidade e Proteção para Seus Momentos ao Ar Livre,MOR
10847,Batedeira Chef SM02 127V Preta,ARNO
10848,Batedor para Argamassa 40cm,CORTAG
10849,Batedeira Chef SM02 127V Vermelha,ARNO
10852,Bella Ducha Elétrica 4 Temperaturas 127V,LORENZETTI
10853,Bella Ducha Elétrica Branco 4 Temperaturas 220V,LORENZETTI
10856,Biodigestor 1.500L Preto,TECNIPAR
10858,Biodigestor 750L Preto,TECNIPAR
10879,Boia para Caixa D'agua 1.2 e 3.4,KRONA
10882,"Boia para Caixa D'agua 3/4""",DECA
10884,Botão Pneumático ABS Cromado,OURO FINO
10891,Braseiro de Embutir 64 55x40cm,REFRACON
10895,Braseiro de Embutir 74 61x18cm,REFRACON
10921,"Aerógrafo com Bico 0,3mm Ação Simples ALFA 4",Arprex
10931,Aferidor para Paquímetros e Traçadores de Altura,Mitutoyo
10935,"Afiador de Brocas 3,50 a 10mm",Sparta
10939,Afiador de Brocas HSS 220V,Carbografite
10943,Afiador de Facas,Carborundum
10954,Afiadora de Brocas 3 a 13mm com Pinças 220V Monofásico,Manrod
10960,Afiadora de Brocas de 3 a 13mm 80W Monofásica 220V MR-0,Manrod
10963,Aguarrás 5L,Itaqua
10964,Agulha Aplicadora 12.7mm Calibre 15 Ambar 50 Peças,Loctite
10965,Agulha Aplicadora 12.7mm Calibre 18 Verde 50 Peças,Loctite
10970,Agulha Aplicadora 12.7mm Calibre 20 Rosa 50 Peças,Loctite
10972,Agulha Aplicadora 12.7mm Calibre 25 Vermelha 50 Peças,Loctite
10973,Agulha Aplicadora 25.4mm Calibre 18 Verde 50 Peças,Loctite
10974,Agulha Aplicadora 38mm Calibre 15 Ambar 50 Peças,Loctite
10977,Agulha Aplicadora 38mm Calibre 18 Verde 50 Peças,Loctite
10978,Agulha Aplicadora 38mm Calibre 20 Rosa 50 Peças,Loctite
10980,Agulha Aplicadora Cônica 30mm Calibre 16 Cinza 50 Peças,Loctite
10982,Agulha Aplicadora Cônica 30mm Calibre 18 Verde 50 Peças,Loctite
10985,Agulha Aplicadora Cônica 30mm Calibre 20 Rosa 50 Peças,Loctite
10987,Agulha Aplicadora Cônica 30mm Calibre 22 Azul 50 Peças,Loctite
10989,Agulha de Fluído DEX 1.8mm para,Devilbiss
10990,Agulha de Fluído FX 1.1MM para,Devilbiss
10992,Agulha de Fluído para Pistolas de Pintura,Devilbiss
10996,Agulha Fluido 1.2mm,Devilbiss
11003,Alagardor para Pinos em Aço Rápido Din 9A 12.00mm Canal Reto 1:50 5501,Indaco
11006,Alagardor para Pinos em Aço Rápido Din 9A 4.00mm Canal Reto 1:50 5501,Indaco
11007,Agulhas para Desincrustador Pneumático 3mm X 180mm com 100 Peças,Sigma Tools
11008,Alagardor para Pinos em Aço Rápido Din 9A 10.00mm Canal Reto 1:50 5501,Indaco
11009,Alagardor para Pinos em Aço Rápido Din 9A 5.00mm Canal Reto 1:50 5501,Indaco
11010,Alagardor para Pinos em Aço Rápido Din 9B 10.00mm Canal Helicoidal 1:50 5502,Indaco
11011,Alagardor para Pinos em Aço Rápido Din 9A 6.00mm Canal Reto 1:50 5501,Indaco
11012,Alagardor para Pinos em Aço Rápido Din 9B 5.00mm Canal em Helicoidal 1:50 5502,Indaco
11014,Alagardor para Pinos em Aço Rápido Din 9B 8.00mm Canal Helicoidal 1:50 5502,Indaco
11062,Cabeceira Direita para Calha Aquapluv Style Branca,TIGRE
11063,Cabeceira de Calha 30 Moldada Par E/D,ONDAPLUV
11065,Cabeceira Direita para Calha Aquapluv,TIGRE
11069,Cabeceira Esquerda para Calha Aquapluv,TIGRE
11070,Cabeceira Esquerda para Calha Aquapluv Style Branca,TIGRE
11071,Cabeceira P/calha Moldura 25,RAFER
11074,Cabeceira P/calha Moldura 30,RAFER
11080,Cabide de Parede Flat Cromado,DOCOL
11083,Cabide de Parede Up Cromado,CELITE
11087,Cabide Acessórios Clean 2060.BL.CLN.NO Black Noir,DECA
11088,Cabide de Parede Up Preto Matte,CELITE
11089,Cabide Acessórios Clean 2060.GL.CLN.RD Red,DECA
11090,Cabide Acessórios Clean Cromado,DECA
11093,Cabide You Cromado,DECA
11094,Cabide Simples Polo Cromado,DECA
11096,Cabide Flat Cobre Escovado,DOCOL
11099,Cabide Flat Grafite Escovado,DOCOL
11103,Cabide Idea Cromado,DOCOL
11105,Cabide Duplo Clean Red,DECA
11107,Cabide Hotels Black Matte,ROCA
11109,Cabide Trend Brushed,LORENZETTI
11112,Cabide de Parede de Banheiro Way Cromado,LORENZETTI
11113,Cabide New City Cromado,CELITE
11114,Cabide New City Preto Matte,CELITE
11117,Cabide para Banheiro Trip Cromado,DOCOL
11118,Cabide Preto Loren Loft: Elegância e Funcionalidade para o Seu Banheiro,LORENZETTI
11121,Cabide Simples de Gancho Valle Metais Black,VALLEMETAL
11124,Cabide Simples Soul em Aço Escovado,KROMMA
11125,Cabide Simples Polo Cromado - gold,DECA
11127,Cabide Simples Loren Vogue Cromado,LORENZETTI
11129,Cabide Tempo Titanium Black,CELITE
11130,Cabide Tempo Rg,ROCA
11133,Cabide Top Cromado,DOCOL
11134,Cabide Versa Cromado,DECA
11195,Cachepot 11883 em Cimento Terracota 15cm,MART
11197,Cachepot 12855 em Cimento Terracota com Suporte 13 cm,MART
11198,Cachepot 12870 Rose Cerâmica 10cm,MART
11201,Cachepot 13453 em Cimento Preto 15 cm,MART
11203,Cachepot 13470 em Cimento Preto 14cm,MART
11204,Cachepot Branco Cerâmica 13cm,MART
11205,Cachepot 13502 em Cimento 13x15cm,MART
11206,Cachepot 13480 em Cimento Gato Terracota 10X10cm,MART
11209,Cadeado Haste Longa,PADO
11213,Cadeado Latão 20mm,PADO
11227,Cadeira de Aço Alta Azul Marine Xadrez,MOR
11230,Cadeira de Aço Oliva Alta Verde Xadrez,MOR
11233,Cadeira Poltrona Boa Vista Preta Antares,ANTARES PLASTICOS
11238,Caixa Acoplada 3 e 6 Litros Ecoflush Fit Plus Branco,CELITE
11240,Caixa Acoplada Ecoflush Azalea Pergamon 3/6L,CELITE
11241,Caixa Acoplada Ecoflush City Plus 3/6 Litros Branca,CELITE
11242,Caixa Acoplada para Azalea Acesso Eco: Praticidade e Economia para Seu Banheiro,CELITE
11245,Caixa Acoplada para Bacia Ecoflush Infantil,CELITE
11247,Caixa Acoplada Smart Clean Harpic 3/6 Litros,CELITE
11249,Caixa Acoplada de Vaso Sanitário Ecoflush City TP Pergam 3/6L,CELITE
11251,Caixa Acoplada de Vaso Sanitário Ecoflush Life TP Pergamon 3/6L,CELITE
11252,Caixa Acoplada para Vaso Sanitário Ecoflush TP Calipso Branca 3/6L,INCEPA
11253,Caixa Acoplada para Vaso Sanitário Ecoflush Elite Branca 3/6L,CELITE
11257,Caixa Acoplada para Vaso Sanitário Ecoflush Thema Branco 3/6L,INCEPA
11260,Caixa Azul para Massa 20L,AFORT
11261,Caixa Ecoflush Smart,CELITE
11263,Caixa Coletora de Água Pluvial,KRONA
11265,Caixa D'água de Polietileno (Ref 250LTS),FORTLEV
11267,Caixa D'água de Polietileno 750L,FORTLEV
11268,Caixa D'água de Polietileno 1.000L,FORTLEV
11273,Caixa D'água de Polietileno 150 Litros,FORTLEV
11274,Caixa D'água de Polietileno 100L,FORTLEV
11275,Caixa D'água de Polietileno 2.000L,FORTLEV
11278,Caixa D'água de Polietileno 3.000 Litros,FORTLEV
11280,Caixa D'água de Polietileno 310L,FORTLEV
11281,Caixa D'água de Polietileno 500L: Armazenamento Seguro e Eficiente,FORTLEV
11283,Caixa D'água de Polietileno,FORTLEV
11286,Caixa D'água Polietileno 1.500 Litros,FORTLEV
11287,Caixa de Areia/esgoto com Tampa,KRONA
11288,Caixa de Descarga Branca 9Lts - Eficiência e Durabilidade,ASTRA
11295,Caixa de Gordura com Tampa Oculta Invisivel,ASTRA
11296,"Caixa de Gordura 30x52,5x10cm 1481",KRONA
11297,Caixa de Inspeção para Esgoto PVC 300x200x100mm,KRONA
11299,Caixa de Luz Amarela PVC,KRONA
11300,Caixa de Luz 4x4: Solução Versátil e Segura para Instalações Elétricas,KRONA
11308,Caixa de Embutir Dryfix 4x2,TIGRE
11309,Caixa de Luz Plastica Amarela 4x2,KRONA
11311,Caixa de Luz Embutir Dryfix 4x4,TIGRE
11313,Caixa de Luz Octagonal Tigreflex Laranja 4x4,TIGRE
11316,Caixa de Luz Tigreflex 4x4,TIGRE
11317,Caixa de Luz PVC Octogonal Preta 4x4,TIGRE
11318,Caixa de Luz Tigreflex Amarela 4x2,TIGRE
11320,Caixa de Passagem de Energia para Embutir na Parede 20x20,TIGRE
11324,Caixa de Passagem de Parede 30x50 Embutir,KRONA
11325,Caixa de Passagem de Energia para Embutir na Parede 30x30,TIGRE
11328,Caixa de Passagem Elétrica para Piso: Solução Essencial para Instalações Eficientes,KRONA
11330,Caixa de Passagem Embutir de Parede 15x15cm,TIGRE
11331,Caixa de Passagem de Embutir de Parede 30x35,KRONA
11335,Caixa de Sobrepor 1 Posto Branco C/suporte 75x75mm,SLEEK
11338,Caixa de Sobrepor 2 Postos Branco C/suporte 75x75mm,SLEEK
11340,Caixa D’água de Polietileno 10.000L,FORTLEV
11341,Caixa Multipla de Areia DN100 com Tampa,TIGRE
11343,Caixa Múltipla de Gordura com Tampa Reforçada,TIGRE
11346,Caixa Multipla de Inspeção com Tampa,TIGRE
11348,Caixa para Acoplar TP Branca Compatível com Azálea/saveiro,CELITE
11349,Caixa para Acoplar Art 50560 Ecoflush 3/6 Litros Branca,INCEPA
11353,Caixa para Acoplar Ecoflush Boss 89570 Branco,INCEPA
11354,"Alavnca Redonda Corrugada 1"" 1800 Metros 105",Costa
11355,Caixa Passagem Elétrica de Embutir 25X20cm,KRONA
11356,Caixa para Vaso Acoplado Ecoflush 3/6 Litros Boss Onix,INCEPA
11357,Caixa Passagem Elétrica de Embutir 30X20cm,KRONA
11360,Álcool Gel 70% 500ml 2558 CLIVÊ,Clive
11361,Álcool Gel 70% 60ml 38661 CLIVÊ,Clive
11362,Caixa Sifonada 150X185X75 Quadrada com Grelha,KRONA
11363,Álcool Líquido 70% 5 Litros Bombona 40654 CLIVÊ,Clive
11364,Caixa Sifonada Girafacil 150x170x75mm,TIGRE
11365,Álcool Gel 70% Bombona 5 Litros CLIVÊ,Clive
11366,Caixa Sifonada Girafácil com Grelha Quadrada 100x140x50,TIGRE
11369,Caixa Sifonada Grelha Quadrada Branca 150x185x75mm,TIGRE
11370,Caixa Sifonada Grelha Quadrada 100x100x50mm,KRONA
11373,Caixa Sifonada Grelha Redonda Branca 250x230x75mm,TIGRE
11374,Caixa Sifonada Grelha Redonda Branca 250x172x50mm,TIGRE
11376,Caixa Sifonada Quadrada Branca com 7 Entradas 150x150x50mm,KRONA
11377,Caixa Sifonada Quadrada com 3 Entradas Branca 250x230x75,KRONA
11380,Caixa Sifonada Redonda Grelha Cromada 7 Entradas 150x150x50mm,KRONA
11382,Caixa Sifonada Tampa Quadrada Branca 250x172x50mm,KRONA
11384,Caixa Sifonada Montada com Grelha e Porta Grelha DN 15x15x5cm: Solução Eficiente para Despejos e Drenagem,TIGRE
11386,Caixa Sifonada Porta Grelha Quadrado Branco 100x100x50,TIGRE
11388,Cal Hidratada Especial para Pintura 7kg,ICAL
11391,Calafetador Bisnaga Híbrido 400g,SANTA LUZIA
11392,Calha Aquapluv Beiral DN125 3mt,TIGRE
11393,Calço para Telha Ondulada Onda Leve Branco,AFORT
11396,Calha Aquapluv Style Branca 3mt,TIGRE
11398,Calha Galvanizada de,RAFER
11399,Calha Galvanizada Moldura 25cm C/6M,RAFER
11412,Cantoneira Externa Fiji 3×20 cm,ATLAS
11415,Cap Aquatherm 22mm - Vedação Segura e Durável,TIGRE
11417,Cap Aquatherm 28mm - Vedação Resistente e Segura,TIGRE
11434,Caixa de Luz Octogonal em PVC Tigreflex Amarela 4x4,TIGRE
11443,Caixa de Passagem de Energia para Embutir na Parede 40x40,TIGRE
11475,"Cap Roscável 1"": Vedação e Segurança para Sistemas Hidráulicos",TIGRE
11478,Cap Roscável 3/4: Vedação Segura e Durável para Sistemas Hidráulicos,TIGRE
11486,Calha Galvanizada Moldura 30cm C/6M,RAFER
11503,"Cantoneira Alumínio 3/4"" 3 Metros",NOVO HORIZONTE
11506,Cap Rosca 2.1/2,TIGRE
11508,Cap Tigrefire 3/4'',TIGRE
11510,Carro de Mão com Pneu e Câmara de Ar 60L,METALOSA
11512,Carro de Mão Metalforte M20,METALOSA
11514,Cartucho Base Cerâmico MVC Horário 1/2 e 3/4,DOCOL
11516,Catela Dobradiça 3.1/2,TOLEMAT
11530,Chapa Galvanizada N26 30cm,RAFER
11531,Chapéu Chinês 304 em Inox 9'',REFRACON
11533,Chapéu Chines Inox 304 5 Polegadas,REFRACON
11535,Chapix Pva 18lt,QUARTZOLIT
11545,Churrasqueira Mesclada,REFRACON
11547,Churrasqueira Mini Mesclada,REFRACON
11550,Churrasqueira Pré-moldada Natural,REFRACON
11552,Churrasqueira Pré-moldada Predial 74cm Natural,REFRACON
11554,Churrasqueira Predial Ref:64,REFRACON
11711,Cimento de Alta Resistência CPIII RS 50kg,CSN
11714,"Cimento Queimado Cinza 4,5kg",QUARTZOLIT
11715,"Cimento Queimado Cinza Escuro 4,5kg",QUARTZOLIT
11718,"Cimento Queimado Cinza Médio 4,5kg",QUARTZOLIT
11719,Cimento Queimado Balde 5Kg Cor Avenida Expressa,SUVINIL
11720,Cimento Queimado Balde 5Kg Cor Túnel de Concreto,SUVINIL
11724,Cimento Queimado Balde 5Kg Dia de Chuva,SUVINIL
11751,"Coletor Cobre 7 Tubos 1,00X0,96M",KOMECO
11753,Coletor Solar 15 Tubos a Vácuo Baixa Pressão G3 316,KOMECO
11767,Colher para Pedreiro Reta n°8,CORTAG
11769,Coluna para Lavatório Fit Branco,CELITE
11774,Coluna para Pia de Banheiro Eros Branca,INCEPA
11776,Coluna para Pia de Banheiro Branco Saveiro: a Escolha Ideal para Elegância e Funcionalidade,CELITE
11777,Coluna para Pia de Banheiro Suspensa Fit/life Pergamon,CELITE
11780,Coluna para Pia de Banheiro Suspensa Hall Branca,ROCA
11781,Coluna para Pia de Banheiro Suspensa Nexo Branca,ROCA
11784,Coluna para Pia de Banheiro Suspenso Thema Biscuit,INCEPA
11785,Coluna para Tanque,CELITE
11787,Coluna de Mármore Sintético para Tanque Gelo,RORATO
11790,Coluna Marmore Sintetico para Tanque Preto,RORATO
11791,Coluna Suspensa para Lavatório Riviera/acesso Branco,CELITE
11792,Conduite Corrugado Tigreflex Amarelo,TIGRE
11794,Condutor Circular Aquapluv Style Branco 3 Metros,TIGRE
11846,Conjunto de Fixação para Bacia Tipo l,INCEPA/CELITE
11849,Conjunto de Fixação para Bacia Cromado,INCEPA
11850,"Conjunto de Fixação para Tanque P, m e g",CELITE
11853,Conjunto de Fixação para Vaso Sanitário SP121 Cromado,DECA
11856,Conjunto Grelha e Calha de Piso DN100 Branco 10x100cm,TIGRE
11857,Conjunto Grelha e Calha de Piso Branca 13x50cm,TIGRE
11859,Conjunto Grelha e Calha de Piso DN100 para Piso Cinza 10x100cm,TIGRE
11861,Conjunto Vaso e Prato Match 45 Cimento Queimado,JAPI
11862,Conjunto Grelha e Calha de Piso DN130 13X50 Cinza,TIGRE
11879,Copo 13659 em Cimento 10cm Porta Objetos,MART
11882,Copo em Cerâmica Porta Objetos 8cm,MART
11883,Corante Liquido Amarelo 50ml,SUVINIL
11885,Corante Liquido Azul 50mL,SUVINIL
11889,Corante Líquido Preto 50 ml,SUVINIL
11893,Corante Castanho 50ml,SUVINIL
11895,Corante Verde 50ml,SUVINIL
11897,Corante Vermelho 50ml,SUVINIL
11899,Corda Multiuso 6mmx10m: Resistência e Versatilidade para o Dia a Dia,CORTAG
11901,"Corda Multiuso – 6,0 mm X 20 m",CORTAG
11904,Corpo Caixa Sifonada 100x100x50 N°03,TIGRE
11907,Corpo Caixa Sifonada 100x100x50mm N°05,TIGRE
11908,Corpo Caixa Sifonada 100x100x50mm N°04,TIGRE
11909,Corpo Caixa Sifonada 150X185X75mm N°06,TIGRE
11911,Corpo Caixa Sifonada DN (com 7 Entradas) – Série R - 150x150x50mm,TIGRE
11913,Corpo para Caixa Seca 100x100x40mm,TIGRE
11915,Corpo Ralo Cilíndrico Branco 100x40mm - Eficiência e Segurança,TIGRE
11924,Cotovelo de 45° em Latão N14 15mm,FORUSI
11925,Cotovelo de 45° em Latão N14 22mm,FORUSI
11931,Cotovelo de 90° em Latão N10 15x1/2,FORUSI
11933,Cotovelo de 90° em Latão N10 22x3/4,FORUSI
11935,Cotovelo de 90° em Latão N12 15mm,FORUSI
11937,Cozinha Compacta Amanda 4 Peças em Branco e Preto,ITATIAIA
11940,"Cruzeta 2"" SCH80 Fire: a Solução Ideal para Conexões de Alta Resistência",TIGRE
11941,Cruzeta Soldável 25mm: Solução de Alta Qualidade para Conexões de Tubulação,TIGRE
11944,Cruzeta Soldável 50mm: Confiabilidade e Eficiência para Sistemas Hidráulicos,TIGRE
11946,Cuba Apoio Basic Q1 41x41cm,CELITE
11947,Cuba Apoio Branca 50x36cm,INCEPA
11948,Cuba Apoio Basic Q5 35x35cm,CELITE
11952,Cuba Branca com Mesa para Metal de Apoio 35x35cm,CELITE
11953,Cuba Apoio P4 Branco,INCEPA
11955,Cuba Branca Oval de Embutir 51x35cm,CELITE
11958,"Cuba Branca Redonda de Embutir 36,5cm",CELITE
11959,Cuba Branca Redonda de Sobrepor/embutir 36cm,CELITE
11961,Cuba de Sobrepor Oval Branca 44x31cm,CELITE
11963,Cuba de Sobrepor C/mesa para Metal Q8 42x42cm Branco,CELITE
11965,Cuba de Apoio Quadrada com Mesa D3 Black Matte 35cm,CELITE
11966,Cuba de Apoio Redonda R0 Branca,CELITE
11967,Cuba de Apoio Redonda sem Mesa D1 35cm,CELITE
11972,Cuba de Apoio Boss de Louça 45x39cm Branca,INCEPA
11973,Cuba de Apoio Quadrada Loft Q5 Branca 35cm,INCEPA
11975,Cuba de Apoio Redonda Basic R1 Branca 35cm,INCEPA
11977,"Cuba de Apoio Retangular com Mesa 60x 41,5cm Branca",INCEPA
11978,"Cuba de Apoio Oval 54x37,5cm Ruy Ohtak Stone",ROCA
11982,Cuba de Apoio T2 Branca: Elegância e Praticidade para o Seu Banheiro,ROCA
11983,"Cuba de Apoio Redonda Branca 37x37x12,5cm",ROCA
11986,"Cuba de Apoio Redonda sem Mesa Platinum Branco 42,5x42,5Cm",INCEPA
11988,Cuba de Apoio T6: Sofisticação e Qualidade para o Seu Banheiro,ROCA
11990,Cuba de Apoio Retangular Branco Matte 45x42cm P6 Platinum,INCEPA
11991,Conheça a Cuba de Apoio Retangular Branca 80x42cm,ROCA
11993,Cuba de Apoio Retangular Platinum P7 Branca 51x36cm,INCEPA
11996,Cuba de Apoio Retangular Preto ONIX 45x42cm P6 Platinum,INCEPA
11997,Cuba de Apoio Óptica Branco 35cm,ROCA
11999,Cuba de Apoio Redonda Óptica Branca 35cm,ROCA
12002,Cuba de Apoio T1: Sofisticação e Durabilidade em Um Único Produto,ROCA
12003,Cuba de Apoio T3: Beleza e Resistência para o Seu Banheiro,ROCA
12006,Cuba de Apoio T4: Sofisticação e Inovação em Todos os Detalhes,ROCA
12007,Cuba de Apoio T5: a Escolha Perfeita para Um Banheiro Moderno e Durável,ROCA
12011,"Cuba de Apoio T7: Sofisticação, Durabilidade e Inovação",ROCA
12012,Cuba de Apoio T8: Elegância e Inovação para o Seu Banheiro,ROCA
12014,Cuba de Apoio T9 Branca 40x40Cm,ROCA
12015,"Cuba de Embutir Branca Retangular 50,5x37cm",CELITE
12018,"Cuba de Embutir Oval Pergamon 49,5cm",CELITE
12019,Cuba de Embutir Oval 30Cm X 39Cm - Branca,CELITE
12021,"Cuba de Embutir Oval sem Ladrão 49,5Cmx33Cm - Branco",CELITE
12024,Cuba de Embutir Quadrada Slim Branco 30cm,DECA
12032,Corante Liquido Ocre 50ml,SUVINIL
12035,Corante Amarelo 50ml,SUVINIL
12044,Cuba de Semiencaixe Quadrada com Mesa para Metal Q2,CELITE
12046,Cuba de Semiencaixe 40X40 cm T10 Branca: a Perfeição em Design e Funcionalidade,ROCA
12048,Cuba de Sobrepor Retangular Branca 41cm,CELITE/INCEPA
12050,Cuba de Sobrepor/embutir Óptica PQ41 41X41cm Branca,ROCA
12052,Cuba de Sobrepor Ou Embutir Redonda 31cm,CELITE
12054,Cuba de Sobrepor Ou Embutir Retangular Branca 39x31cm,CELITE
12056,Cuba de Sobrepor Ou Embutir Oval 43Cm X 31Cm - Branca,CELITE
12063,Cuba de Vidro Canoa 2382 50x27 12mm Incolor,BERGAN
12066,Cuba Champagne Apoio Platinum com Mesa P6 45x42cm,INCEPA
12067,Cuba Apoio cm P6 45X42cm,INCEPA
12071,Cuba Oval de Apoio Ruy Ohtak Branca,ROCA
12072,"Cuba Oval de Embutir Pergamon 39,5cm",CELITE
12074,Cuba Redonda de Apoio Ruy Ohtak Branco 35cm,ROCA
12076,Cuba Sobrepor/embutir 330x330mm Optica PQ33 Branco,ROCA
12078,Descubra a Cuba Thema para Banheiro de Apoio Louça Retangular 50x36cm Preta,INCEPA
12111,Cumeeira Colonial Marfim Articulada Inferior PVC,PRECON
12113,Cumeeira Colonial Marfim Articulada Superior PVC,PRECON
12116,Cumeeira Espigão Articulado Colonial Cerâmica Inferior,PRECON
12119,Cumeeira Espigão Articulado Colonial Cerâmica Superior,PRECON
12120,Cumeeira Espigão Articulado Colonial Marfim Inferior,PRECON
12121,Cumeeira Espigão Articulado Colonial Marfim Superior,PRECON
12123,Cumeeira Lateral Lisa Cerâmica,PRECONVC
12126,Cumeeira PVC Central Articulada Coluna Inferior 23015016 88cm,PRECONVC
12127,Cumeeira PVC Central Articulada Coluna Superior 23015015 88cm,PRECONVC
12129,Cumeeira PVC Central Plan Cerâmica 23015091 56x88cm,PRECONVC
12132,Cumeeira PVC Triangular Marfim,PRECONVC
12135,Cumeeira Triangular Colonial Cerâmica,PRECON
12169,Curva 87° Série Reforçada 75mm,TIGRE
12171,Curva 90º com Rosca,TIGRE
12174,Curva 90º Roscável 1 1.2 - Eficiência e Segurança,TIGRE
12177,Curva 90º Roscável 1 1/4 - Eficiência e Segurança,TIGRE
12179,Curva 90º Roscável 1/2 - Qualidade e Resistência,TIGRE
12182,Curva 90º Roscável 2,TIGRE
12185,Curva 90° Aquatherm 22mm,TIGRE
12222,Curva de 90° Aquatherm 15mm,TIGRE
12223,Curva de 90° Aquatherm 28mm,TIGRE
12232,Curva de 90° Roscável 1'',TIGRE
12239,Curva de Transposição Aquatherm 22mm,TIGRE
12244,Curva de Transposição em Latão 15mm,FORUSI
12254,Curva Inox 45° 304 5 Polegadas,REFRACON
12258,Curva Inox 45° 304 9 Polegadas,REFRACON
12313,Desmoldante Concentrado 18L,QUARTZOLIT
12322,Diluente Epóxi Lata,SUVINIL
12392,Dispenser Automático de Sabão/detergente em Inox Cromado Pressmatic,DOCOL
12393,Distanciador Circular Universar EC/20 Verde 51X20mm Unidade,ASTRA
12396,Dobradiça de Aço 3 1/2 Flo,TOLEMAT
12398,Dobradiça de Ferro Oxidado 3.1/2 X 2.3/8,PAGE
12399,Dobradiça de Aço 3.1/2mm Cromado,TOLEMAT
12401,Dobradiça de Aço 3mm Flo,TOLEMAT
12411,"Ducha Cascata de Parede Prolazer em Alumínio 12x3/4""",PRO-LAZER
12412,"Ducha Cascata Prolazer 6x3/4"" Alumínio",PRO-LAZER
12413,Ducha Elétrica Hydramax 4 Temperaturas,HYDRA
12415,Ducha Elétrica 4 Temperaturas Top Jet,LORENZETTI
12418,Ducha Elétrica Futura 4 Temperaturas,LORENZETTI
12419,Ducha Elétrica Futura 4 Temperaturas 220V/7500W Branca,LORENZETTI
12421,Ducha Elétrica Turbo Advanced Branca,LORENZETTI
12425,Ducha Eletrônica Branca Loren Shower,LORENZETTI
12426,Ducha Eletrônica Acqua Jet Ultra,LORENZETTI
12427,Ducha Eletrônica Quadratta Branca,HYDRA
12432,Ducha Eletrônica Acqua Star Branca/cromado,LORENZETTI
12436,Ducha Eletrônica Branca Acqua Jet Ultra,LORENZETTI
12444,Ducha Eletrônica Branca Acqua Star Ultra,LORENZETTI
12445,Ducha Eletrônica Branca Advanced Flex,LORENZETTI
12446,Ducha Eletrônica Branca/cromado Acqua Star,LORENZETTI
12447,Ducha Eletrônica Branca/cromado Acqua Star Ultra,LORENZETTI
12453,Ducha Eletrônica Branca Top Jet,LORENZETTI
12456,Ducha Eletrônica Futura Branca,LORENZETTI
12458,Ducha Eletrônica Preta/cromado Acqua Jet Ultra,LORENZETTI
12462,Ducha Eletrônica Preta/cromado Acqua Star Ultra,LORENZETTI
12464,Ducha Eletrônica Loren Shower Branco,LORENZETTI
12465,Ducha Eletrônica Preto Acqua Star Ultra,LORENZETTI
12468,Ducha Eletrônica Preto/cromado Acquajet Ultra,LORENZETTI
12470,Ducha Eletrônica Preta Acqua Star Ultra,LORENZETTI
12474,Ducha Fria Branca de Parede Gran 8’’,TIGRE
12475,Ducha Higiênica Acqua Jet Goa Cromado,TIGRE METAL
12476,Ducha Higiênica com Derivação Basic Black Matte,CELITE
12478,Ducha Higiênica com Derivação Basic Cromado,CELITE
12479,Ducha Higiênica com Derivação Cromado Flow,CELITE
12481,Ducha Higiênica com Derivação Cromado Up,CELITE
12482,Ducha Higiênica com Derivação Elite Cromado,CELITE
12484,Ducha Higiênica com Derivação Gatilho Branco One,CELITE
12485,Ducha Higiênica Like com Derivação Cromada,CELITE
12491,Distanciador Tipo Pino/torre E10/1520 10X15X20mm Unidade,ASTRA
12495,Ducha Higiênica com Aquecedor Branca 3 Temperaturas 127V,LORENZETTI
12497,Ducha Higiênica com Derivação Ona Cromado,ROCA
12498,Ducha Higiênica com Derivação Logic Grafite Matte,CELITE
12501,Ducha Higiênica com Derivação Ona Matte Black,ROCA
12503,Ducha Higiênica com Derivação Ona Rose,ROCA
12507,Ducha Higiênica Creato 2195,FABRIMAR
12517,Ducha Higiênica Derivação Nova Gióia CR DN15: Praticidade e Elegância para Seu Banheiro,FABRIMAR
12518,Ducha Higiênica Despressurizada Universal Cromado,DECA
12535,Ducha Higiênica com Derivação Loren Joy,LORENZETTI
12537,Ducha Higiênica Flexível Loren Like Cromado,LORENZETTI
12541,Ducha Higiênica Flexível Loren Way,LORENZETTI
12543,Ducha Higiênica Loren Loft 1984 N82 Niquel Escovado,LORENZETTI
12546,Ducha Higiênica Nova Gyro Cromado,FABRIMAR
12548,Ducha Higiênica para Caixa Acoplada Cromado Acqua Jet Creato,TIGRE METAL
12553,Ducha Higiênica Quadra Slim 2932 Black Matte,METAIS TALITA
12555,Ducha Higiênica Talita Metais Cromado Volante C100: Funcionalidade e Estilo para o Seu Banheiro,METAIS TALITA
12558,Ducha Higiênica Talita Metais Cromado Volante C70,METAIS TALITA
12565,Ducha Higiênica Goa Cross com Derivação,TIGRE
12567,Ducha Higiênica Universal Despressurizada Black Matte,DECA
12568,Ducha Higiênica Zeta 2195 Cromada,TIGRE METAL
12572,Ducha Advanced Eletrônica Branca 127V,LORENZETTI
12574,Ducha Branca 3 Temperaturas Relax Ultra,LORENZETTI
12578,Ducha Branca 4 Temperaturas Advanced,LORENZETTI
12579,Ducha Branca 4 Temperaturas Advanced: Conforto e Tecnologia no Seu Banho,LORENZETTI
12584,Ducha Branca 4 Temperaturas Futura,LORENZETTI
12586,Ducha Branca 4 Temperaturas Top Jet,LORENZETTI
12590,Ducha Branca/cromado 3 Temperaturas Relax Ultra,LORENZETTI
12593,Ducha Cromado de Parede Flatt,LORENZETTI
12596,Ducha Jet 4 127V/5500W Branca,LORENZETTI
12599,Ducha Jet 4 Temperaturas Branca,LORENZETTI
12603,Ducha Manual para Box com Desviador Regatta Cromado,TIGRE METAL
12605,Ducha Plástica 4'',TIGRE
12608,"Ducha Potenza Pressurizada Branca com Desviador 7,8KW/220V",CARDAL
12609,Duto 25x25x50 Natural,REFRACON
12612,Duto Revestido Corte Natural 30×30×40 para Churrasqueira,REFRACON
12613,Duto Revestido Mesclado 30x30x40cm,REFRACON
12614,Duto Revestido Mesclado 25x25x40cm,REFRACON
12617,Duto Revestido Natural 25x25x40cm,REFRACON
12618,Duto Revestido Natural 30x30x40cm,REFRACON
12621,Elemento Filtrante para Filtro de Entrada,FORTLEV
12622,Elemento Filtrante Blindado,ACQUABIOS
12660,Emenda Aquapluv,TIGRE
12661,Emenda Aquapluv Style,TIGRE
12664,Emenda P/calha de Piso Normal DN 130,TIGRE
12665,Emenda para Forro PVC Tipo H 6m Branco,FORTLEV
12704,Ducha 4 Temperaturas Branca Advanced,LORENZETTI
12726,"Escova Retangular Plástica Preta 21x17x7,5cm",TIGRE
12729,Esmalte Acetinado Multissuperfícies Branco,SUVINIL
12731,"Esmalte Acetinado Seca Rápido 3,6L Branco",SUVINIL
12732,"Esmalte Base de Água Brilhante Azul Del Rey 0,9L",SUVINIL
12734,Ducha Loren Quadrada Preta de Parede,LORENZETTI
12735,Esmalte Base de Água Seca Rápido Brilhante Platina,SUVINIL
12737,Esmalte Brilhante Contra Ferrugem Branco,SUVINIL
12738,Esmalte Brilhante Peg Pinte Marrom Conhaque,EUCATEX
12741,"Esmalte Brilhante Peg Pinte Tabaco 3,6L",EUCATEX
12743,"Esmalte Brilhante Pintou Secou Tabaco 3,6L",SUVINIL
12747,Esmalte Brilhante Seca Rápido Gelo,SUVINIL
12748,Esmalte Brilhante Seca Rápido Branco,SUVINIL
12752,"Esmalte Brilhante Seca Rápido 3,6L Branco",SUVINIL
12753,Esmalte Brilhante Seca Rápido Marfim,SUVINIL
12755,"Esmalte Brilhante Seca Rápido 3,6L Marfim",SUVINIL
12759,"Esmalte Brilhante Seca Rápido 3,6L Platina",SUVINIL
12761,"Esmalte Brilhante Seca Rápido 3,6L Tabaco",SUVINIL
12763,Esmalte Brilhante Seca Rápido Tabaco,SUVINIL
12765,Esmalte Brilhante Seca Rápido Verde,SUVINIL
12769,Esmalte Cor e Proteção Fosco Base Agua Branco,SUVINIL
12772,Esmalte Seca Rápido Base Agua Acetinado Branco Lata,SUVINIL
12793,Espaçador Slim 1mm Pacote com 100 Peças Azul,CORTAG
12795,Espaçador Juntapiso 4mm 100 Unidades: Precisão e Qualidade para Seu Projeto,CORTAG
12797,Espaçador Juntapiso 5mm 100 Unidades: Precisão e Eficiência no Assentamento,CORTAG
12800,"Espaçador Juntapiso 1,5mm 100 Unidades: Precisão e Eficiência no Assentamento de Revestimentos",CORTAG
12801,Espaçador Juntapiso 1mm 100 Unidades: a Solução Ideal para Assentamento de Pisos,CORTAG
12803,Espaçador Juntapiso 3mm 100 Unidades: Solução Ideal para Instalação de Pisos,CORTAG
12805,Espaçador Juntapiso Polipropileno 2mm: Perfeição no Alinhamento de Pisos e Revestimentos,CORTAG
12807,Espaçador Nivela Piso Cunha Slim Granel Pacote com 1000 un,CORTAG
12811,"Espaçador Nivela Piso Slim 1,5 mm Granel Pacote com 1000 un",CORTAG
12812,Espaçador Nivela Piso Slim 2 mm Granel Pacote com 1000 un,CORTAG
12814,"Espaçador Nivela Piso Smart 1,5MM Pacote com 100 Unidades",CORTAG
12816,Espaçador Nivela Piso Smart 2mm 100 Unidades: Precisão e Agilidade no Assentamento de Pisos,CORTAG
12817,Espaçador Nivela Piso Smart 1MM Pacote com 100 Unidades,CORTAG
12820,Espaçador Nivelador Slim 2mm 100 un,CORTAG
12821,"Espaçador Smart 1,5 mm - Granel 500 un",CORTAG
12822,"Espaçador Smart 2,0 mm - Granel 500 un",CORTAG
12845,Espelho 11730 em Metal Preto 98cm,MART
12847,Esponja Multiuso: Versatilidade e Eficiência para Qualquer Tipo de Limpeza,CORTAG
12849,Espreguiçadeira Pitangui Antares Branca,ANTARES PLASTICOS
12851,Espuma Expansiva,QUARTZOLIT
12854,Espude Branco para Vaso Sanitário 40mm,KRONA
12855,Descubra a Espuma Expansiva Uso,UNIPEGA
12861,Esquadro Galvanizado Corte Interno 30,ONDAPLUV
12863,Esquadro Interno Aquapluv,TIGRE
12865,Esquadro Interno Aquapluv Style Branco - Eficiência para Seu Sistema de Calhas,TIGRE
12866,Estilete de Metal Profissional 18mm,CORTAG
12869,Estilete Hobby – 18 mm,CORTAG
12871,Estilete Profissional 18mm,MTX
12879,Extensor Telescópico de Aço R.1307-20 2mt,PINCEIS TIGRE
12880,"Extensor Telescópio de Metal 1,2m",TIGRE
12882,"Extra Brilho Galão 3,6L",SUVINIL
12886,Fechadura Berlin Externa Cromada M80,HAGA
12888,Fechadura Brava Antique Banheiro Espelho 280,HAGA
12890,Fechadura Brava Antique Interna Espelho 280,HAGA
12893,Fechadura Brava - Banheiro - Roseta Cromado 40 mm,HAGA
12894,Fechadura Brava Externa Cromada Cilindro 121,HAGA
12896,Fechadura Brava Interna Cromada Roseta 527,HAGA
12897,Fechadura Brava Externa Espelho 280 Prata,HAGA
12900,Fechadura Brava Interna Espelho 280 Prata,HAGA
12901,Fechadura Brava – Espelho 280 – Banheiro 40mm,HAGA
12905,Fechadura Click Oxidada Interna,HAGA
12906,Fechadura Click para Banheiro,HAGA
12908,Fechadura Digital de Embutir TFCS01 Preto Fosco,Taschibra
12911,Fechadura Click Externa,HAGA
12913,Fechadura Externa Mari Cromada 40mm,PADO
12914,Fechadura Quadra Interna Cromado,HAGA
12917,Conheça a Fechadura Pratika Externa,HAGA
12919,Fechadura Quadra Roseta Aço Inox e Alumínio,HAGA
12922,Fechadura Quadra Roseta Externa,HAGA
12923,Fechadura Interna Click Cromada Espelho 280,HAGA
12924,Fechadura Interna Mari Cromada 40mm,PADO
12925,Fechadura para Portão de Sobrepor 332,HAGA
12927,Fechadura Nápole Bico de Papagaio Fume 2606,HAGA
12929,Fechadura Pratika Oxi Interno,HAGA
12932,Fechadura Pratika Oxi para Banheiro,HAGA
12934,Fechadura Tek Cromada P/banheiro Espelho 282,HAGA
12937,Fechadura Tek Externa,HAGA
12939,Fechadura Tek Interna,HAGA
12940,"Filete Alufit Nº1 Ouro Polido em Aluminio 9,5x300cm",MOZAIK
12943,"Filete Alufit Nº1 Prata Brilhante em Aluminio 9,5x300cm",MOZAIK
12945,"Filete Alufit Nº1 Preto Polido em Aluminio 9,5x300cm",MOZAIK
12947,"Filete Alufit Nº1 Preto Matte em Aluminio 9,5x300cm",MOZAIK
12949,"Filete Alufit Nº1 Rose em Aluminio 9,5x300cm",MOZAIK
12951,"Filete Alufit Nº1 Rose Matte em Aluminio 9,5x300cm",MOZAIK
12952,"Filete J em Aço Inox Polido 0,5x120cm",MOZAIK
12954,Filete J Inox Preto Brilhante 5x11x120cm,MOZAIK
12957,"Filete l Inox Polido 1,5x120cm",MOZAIK
12959,"Filete P Aço Inox Escovado 1,25x120cm",MOZAIK
12961,"Filete P Aço Inox Polido FIP12010 12,5x120cm",MOZAIK
12963,"Filete P Preto em Aço Inox 1,25x120cm",MOZAIK
12965,Filete PP1 Ouro Matte em Aço Inox 1x120cm,MOZAIK
12967,Filete PP1 Ouro Polido em Aço Inox 10x120cm,MOZAIK
12969,Filete PP1 Polido em Aço Inox 10x1200mm,MOZAIK
12972,Filete v Inox Microtexturizado 12x12x120 cm,MOZAIK
12974,Filete PP1 Preto em Aço Inox 10x1200mm,MOZAIK
12975,Filtro Acqua 230 Branco,ACQUABIOS
12976,Filtro 200 Branco,ACQUABIOS
12983,Filtro para Caixa D'água,FORTLEV
12984,Filtro para Piscina 2200L/H 220V,MOR.
12991,Fita Acrílica 45mmx50m Transparente,CORTAG
12992,Fita Crepe 18mm X 50m,TIGRE
12995,Fita Crepe 24mm X 50m,TIGRE
12998,Fita Crepe 48mm X 50m,TIGRE
12999,Fita Crepe Azul (Ref 24mmx50m),TIGRE
13002,Fita Crepe Azul (Ref 48mmx50m),TIGRE
13034,Fixa Tudo Branco 70g,QUARTZOLIT
13036,Fixação para Vaso e Mictório 10x90mm,CENSI
13038,Fixa Tudo Branco 400g,UNIPEGA
13039,Conheça o Fixa Cuba Cartuho 280ML Branco,UNIPEGA
13040,Fixador Antivandalismo de Mesa,DOCOL
13043,Fixador de Cal Sachê,JUNTALIDER
13046,Fixtudo Branco 400g,QUARTZOLIT
13048,"Forro PVC 200x8,0mm 4 Metros Branco",FORTLEV
13049,"Forro PVC 200x8,0mm 6 Metros Branco",FORTLEV
13051,Fossa Séptica 1.500 l de Esgoto por Dia,FORTLEV
13053,Fundo Branco Fosco,SUVINIL
13056,"Fundo Branco Fosco Galão 3,6L",SUVINIL
13057,"Fundo para Galvanizados Galão 3,6L",SUVINIL
13058,Fundo para Galvanizados,SUVINIL
13060,"Fundo Preparador para Paredes Galão 3,6L",SUVINIL
13064,Fundo Preparador Base Água,SUVINIL
13068,Gabarito Angular Multifunção,CORTAG
13073,"Gabinete de Cozinha Tóquio Off White 116,2cm",RORATO
13074,"Gabinete Toquio 116,2cm Preto",RORATO
13077,Gabinete Toquio 116cm Branco,RORATO
13079,Gabinete para Cozinha Tóquio Cerejeira,RORATO
13081,Aguarraz 5 Litros,Farben
13082,Thinner 5 Litros,Farben
13084,Galão Sempre Limpo Inova Branco,SUVINIL
13089,Gancho de Rede Preto - 1 Unidade,TOLEMAT
13091,"Galão Toque Fosco Completo Gelo 3,6L",SUVINIL
13092,"Galão Toque Fosco Palha 3,6L para Acabamento Sofisticado em Ambientes Internos",SUVINIL
13093,Galão Thinner Acabamento 7000 5 l,Farben
13095,Gatilho Ducha Higiênica Pop ABS Branco,CENSI
13097,Gaveta Gourmet Inox Vidro Jateado 74,REFRACON
13099,"Gel para Efeitos Especiais 3,48kg",SUVINIL
13100,Gel para Efeitos Especiais 890g,SUVINIL
13102,"Grelha Aço Galvanizado 15x50cm C/caixilho 1,5mm",RONCONI
13106,"Grelha Aço Galvanizado 20x100cm C/caixilho 1,5mm",RONCONI
13108,"Grelha Aço Galvanizado 20x50cm C/caixilho 1,5mm",RONCONI
13109,"Grelha Aço Galvanizado 20x20cm C/caixilho 1,5mm",RONCONI
13111,Grelha 1118-A 304 com Caixilho 10x10cm,DINOX
13112,Grelha Ecológica Quadrada Branca,TIGRE
13117,Grelha Ecológica Redonda Branca,TIGRE
13119,Grelha Hemisférica Flexível 88x100,TIGRE
13123,Grelha Hidráulica Redonda Inox 15CM 123 sem Caixilho,MOLDENOX
13124,Grelha Quadrada Cromada para Caixa Sifonada,KRONA
13129,Grelha para Calha de Piso 13x50cm Cinza para 3 Toneladas,TIGRE
13132,Grelha para Calha de Piso DN 130 Piscina Areia 13x50cm,TIGRE
13133,Grelha Quadrada Abre e Fecha PVC Branca,TIGRE
13136,Grelha Quadrada Branca,KRONA
13138,Grelha Redonda Abre e Fecha Branca,TIGRE
13142,Haste Metálica Zincada Aquapluv Style,TIGRE
13145,"Hidrofugante Repele Água 3,6L",QUARTZOLIT
13146,"Impermeabilizante Manta Líquida Branca 4,5kg",QUARTZOLIT
13148,"Impermeabilizante Manta Líquida Preta 3,6kg",QUARTZOLIT
13150,Impermeabilizante Parede Branco 18l,QUARTZOLIT
13153,Impermeabilizante Camada Grossa 20kg,QUARTZOLIT
13155,Impermeabilizante Manta Líquida Branca 18kg,QUARTZOLIT
13157,Impermeabilizante Tecplus 1 18L,QUARTZOLIT
13159,Impermeabilizante Tecplus Lastic 7000 18kg,QUARTZOLIT
13161,Impermeabilizante Tecplus Top 18kg,QUARTZOLIT
13162,Impermeabilizante Veda Tudo,QUARTZOLIT
13165,"Impermeabilizante Suviflex Parede Externa 4,2Kg",SUVINIL
13182,Isolante Térmico em Polietileno 15mm C/2M,FORUSI
13183,Isolante Térmico em Polietileno 22mm C/2M,FORUSI
13186,Isolante Térmico em Polietileno 28mm C/2M,FORUSI
13188,Janela Alumínio de Correr C/4 Folhas e Bandeira 100x120cm,ESQUADROMIL
13189,Isolante Térmico em Polietileno 35mm C/2M,FORUSI
13191,Janela Branca de Correr C/4 Folhas e Bandeira 100x120cm,ESQUADROMIL
13193,Janela Branca de Correr Móvel C/2 Vidros 100x100cm,ESQUADROMIL
13194,Janela Branca de Correr Móvel C/2 Vidros 100x120cm,ESQUADROMIL
13197,Janela de Alumínio 2 Folhas JM1010I2S 100x100cm,ESQUADROMIL
13200,Janela de Correr em Alumínio Duas Folhas Móveis 100x150cm,MGM
13201,Janela de Alumínio de Correr 2 Folhas 100X120cm,ESQUADROMIL
13203,Janela de Correr em Alumínio 100x100cm,MGM
13205,Janela de Correr Móvel C/2 Vidros 100x150cm,ESQUADROMIL
13483,Jogo de Alicates com 3 Peças (AQUATOOLS),AQUATOOLS
13485,Jogo de Chaves Allen Curta 9 Peças,AQUATOOLS
13487,Jogo de Chaves Philips 6 Peças,AQUATOOLS
13491,Jogo de Panelas Clove 5 Peças Antiaderente com Tampa em Vidro,BRINOX
13493,Jogo de Panelas Garlic 7 Peças Antiaderente Vermelho com Tampa em Vidro,BRINOX
13498,Junção de Esgoto Simples,KRONA
13503,Junção de Esgoto Simples 100x100,KRONA
13505,Junção de Esgoto Simples 150x100mm,KRONA
13508,Junção de Esgoto Simples 150x150,KRONA
13509,Junção de Esgoto Simples 40x40,KRONA
13512,Junção de Esgoto Simples 50x50,KRONA
13514,Junção de Esgoto Simples 40mm,TIGRE
13515,Junção de Redução Simples para Esgoto 100x50,KRONA
13518,Junção de Redução Simples para Esgoto 100x75,KRONA
13519,Junção de Redução Simples para Esgoto 75x50,KRONA
13521,Junção de Redução Simples para Esgoto 100x50mm,TIGRE
13522,Junção de Redução Simples para Esgoto 100x75mm,TIGRE
13525,Junção de Redução Simples para Esgoto 150x100mm,TIGRE
13527,Junção de Redução Simples para Esgoto 75x50mm,TIGRE
13528,Junção Dupla Esgoto 100x100mm,KRONA
13530,Junção Dupla Esgoto Primário 100x100x100mm,TIGRE
13532,Junção Dupla Série R,TIGRE
13533,Junção Dupla Esgoto Primário 75x75x75mm,TIGRE
13537,Junção Esgoto Simples Série R 100x100mm,TIGRE
13538,Junção Esgoto Simples Série R 100x75mm,TIGRE
13540,Junção Esgoto Simples Série R 150x150mm,TIGRE
13542,Junção Esgoto Simples Série R 75x50mm,TIGRE
13544,Junção Invertida de Redução Esgoto Primário 75x75mm,KRONA
13546,Junção Esgoto Simples Série Reforçada 100x50mm,TIGRE
13549,Junção Invertida Esgoto Primário 100x75mm,TIGRE
13553,Junção Invertida Esgoto Primário 100x50mm,TIGRE
13557,Junção Simples de Esgoto 150x150mm,TIGRE
13558,Junção Invertida Esgoto Primário 75x75mm,TIGRE
13559,Junção de Esgoto de Redução 100x75m,AMANCO
13563,Junção Simples de Esgoto 200x200mm,TIGRE
13564,Junção Simples 0628 75x75mm Branca,KRONA
13567,Junção Simples para Esgoto 75x75mm,TIGRE
13568,Junção Simples para Esgoto 100x100mm,TIGRE
13569,Junção Simples para Esgoto 50x50mm,TIGRE
13570,Junta de Dilatação 17x3mm C/2 MTS,CORTAG
13574,a Escolha Ideal para Absorção de Dilatação Térmica - Junta de Expansão Aquatherm 28mm,TIGRE
13576,Kit 3 Nichos Decorare Branco,PRAT-K
13578,Kit 3 Nichos Decorare Preto,PRAT-K
13579,Kit 4x Ralo Anti Espuma 100mm Elimina Cheiro sem Grelha,TIGRE
13582,Kit Acessórios 5 Peças para Banheiro Net Cromado,DECA
13586,Kit Acessórios 5 Peças para Banheiro Pix Cromado,DECA
13592,"Kit de Bacia Convencional, Assento Termofixo e Itens de Instalação Nexo Beige",ROCA
13593,"Kit Bacia Convencional, Assento Termofixo Softclose e Itens de Instalação Matte Black",INCEPA
13595,Kit Banheiro Acessório 5 Peças 9020 Stander Quadra Talita,METAIS TALITA
13598,Kit Vaso Sanitário C/caixa Acoplada e Assento Close Smart Branco Brilhante,CELITE
13599,Kit Banheiro com 5 Suportes/acessórios Inox Cromados de Parede Single,DOCOL
13602,Kit Banheiro com 5 Suportes/acessórios Inox Cromados de Parede Trip,DOCOL
13603,"Kit Banheiro Suspenso Branco 55,4cm",RORATO
13606,"Kit Banheiro Suspenso Gianduia 55,4cm",RORATO
13608,"Kit Bergamo Suspenso 63,5cm Branco",RORATO
13609,Kit Boss com Caixa Acoplada Bacia e Assento Branco Matte,INCEPA
13610,"Kit Banheiro Suspenso Nogal 55,4cm",RORATO
13613,Kit c/10 Prolongamento Caixa Luz Octogonal Amarela,KRONA
13616,Kit c/4 Ralos Sinfonados 100x53x40mm,TIGRE
13620,Kit Acessórios 5 Peças One Cromado,CELITE
13621,"Kit City de Vaso Sanitário com Caixa Acoplada, Assento e Itens de Instalação",CELITE
13622,Conheça o Kit Slim Vaso Sanitário com Caixa Acoplada e Assento Duplo Acionamento 3/6L Saída Vertical Branco,CELITE
13626,Kit Instalação Telha para Telha Colonial Cerâmica 3 1/2,PRECON
13629,Kit Conversor para Duo 1 1/4 Red,DECA
13630,Kit Conversor para Plus Cromado 12mm,DECA
13632,Kit de Acessórios Trip 3 Peças Cromado – Código 90.021.001.006,DOCOL
13635,Kit de Acessórios de Banheiro One Black Matte 5 Peças,CELITE
13636,Kit de Acessórios para Banheiro Idea Cromado,DOCOL
13637,Kit de Acessórios Top para Banheiro 5 Peças Cromado,DOCOL
13640,"Kit de Bacia Convencional, Assento Softclose e Itens de Instalação Elite",CELITE
13643,Kit de Chaves Especiais para Instalação de Caixa Acoplada 8050,CENSI
13644,Kit de Fixação para Mictório Pequeno 10'' Cromado,CELITE
13646,Kit de Pintura Básico Econômico 3 Peças,TIGRE
13650,Kit de Pintura Econômico Antirrespingo com 3 Peças,TIGRE
13652,Kit Debba com Caixa Acoplada e Assento Branco Brilhante,ROCA
13654,Kit de Vedação 20 Peças para Telha de PVC Cerâmica,PRECONVC
13657,Kit Descarga/mecanismo Completo para Caixa Acoplada Pop Flux & Pneumático,CENSI
13658,Kit Descarga/mecanismo Completo para Caixa Acoplada Pop Flux & Dual Flush,CENSI
13661,Kit Elite com Caixa Acoplada Bacia Assento Black Matte,CELITE
13663,Kit Gabinete de Banheiro Treviso com Pia 63cm,RORATO
13666,Kit Giratório para Churrasqueira com 04 Espetos em Aço Inox 430,REFRACON
13668,Kit Giratório para Churrasqueira com 05 Espetos em Aço Inox 430,REFRACON
13669,"Kit Bacia com Caixa, Assento Termofixo com Queda Amortecida Boss Matte Black – Sofisticação e Conforto para Banheiros Modernos",INCEPA
13673,Conheça o Kit Boss Vaso Sanitário Convencional com Assento Sanitário Branco,INCEPA
13674,Conheça o Kit Bacia Convencional e Assento Termofixo Boss,INCEPA
13675,Kit C/vaso e Caixa Acoplada Boss Stone,INCEPA
13677,"Kit Modena Armário Suspenso Nogal 2 Gavetas 59,5cm",RORATO
13682,Kit para Instalação de Aquecedor a Gás,CENSI
13685,Kit Porta com Batente Neblina 215cm X 85cm - Mogno,MGM
13688,Kit Porta de Madeira Direita e Batente Neblina Mogno 217x75cm,MGM
13690,Kit Porta de Madeira Esquerda e Batente Neblina Mogno 217x65cm,MGM
13692,Porta Neblina Mogno 217x75cm Esquerda: Estilo e Qualidade para Seu Espaço,MGM
13694,Conheça o Kit Completo 3 1/2 Cerâmico com 10 Unidades,PRECON
13696,Conheça o Kit para Vedação e Fixação de Telhas,PRECON
13698,Kit Nexo Bacia Convencional + Assento + Kit Instalação Branco,ROCA
13700,Kit com Caixa Acoplada e Assento Nexo Branco,ROCA
13702,Kit Amelia Lavanderia com Tanque Gelo,RORATO
13703,"Kit Bergamo Suspenso 63,5cm Nogal",RORATO
13706,Kit Lavanderia Amelia com Tanque 110x55 cm Gelo,RORATO
13708,Kit Lavanderia Amelia com Tanque 110x55cm Preto,RORATO
13709,"Kit Napole Suspenso 59,5cm Branco",RORATO
13710,"Kit Lavanderia Amelia com Tanque 61,5x61 Preto",RORATO
13714,"Kit Napole Suspenso 59,5cm Nogal",RORATO
13716,"Kit Napole Suspenso 59,5x58,5x29cm Preto",RORATO
13717,Kit Siena Suspenso 39cm Branco,RORATO
13720,"Kit Siena Suspenso 55,5 cm Preto",RORATO
13721,Kit Siena Suspenso 39cm Preto,RORATO
13725,"Kit Turim Suspenso 55,5cm Branco",RORATO
13726,Kit Trevisa C/espelheira e Pia Mármore Gianduia Quinto 63cm,RORATO
13727,"Kit Siena Suspenso 55,5cm Branco",RORATO
13730,"Kit Turim Suspenso 55,5cm Nogal",RORATO
13733,Kit Thema Bacia Convencional + Itens de Instalação Preto – Qualidade e Estilo para Seu Banheiro,INCEPA
13734,Kit Bacia Convencional + Itens de Instalação Thema: Eficiência e Praticidade,INCEPA
13738,Kit Vaso Sanitário com Caixa Acoplada + Assento 3/6L Elite,CELITE
13740,Kit Vaso Sanitário com Caixa Acoplada + Assento Boss,INCEPA
13741,Kit Vaso Sanitário com Caixa Acoplada + Assento PP Close,CELITE
13743,Kit Vaso Sanitário com Caixa Acoplada Debba Square e Acessórios,ROCA
13746,Kit Vaso Sanitário com Caixa Acoplada Smart Clean City,CELITE
13748,Kit Vaso Sanitário Thema Branca Brilhante Completo para Instalação,INCEPA
13750,Kit Vaso Sanitário Rimless Vip com Caixa Acoplada Smart Clean,CELITE
13752,Kit Vedação e Fixação para Caixa Acoplada,CENSI
13755,Lâmina para Estilete Estojo 18mm 10 Unidades,AQUATOOLS
13769,Conheça o Lápis Carpinteiro,CORTAG
13774,Conheça a Lata Aguarraz,Farben
13775,Conheça a Lata Querosene,Farben
13777,Lata Thinner 5000 900ml – Desempenho Superior em Diluição e Limpeza,Farben
13778,Conheça a Lata Thinner 7000,Farben
13782,Latão Acrílica Peg e Pinte Neve 18L,EUCATEX
13784,Lavatório Suspenso Azaléa Branco,CELITE
13787,Lavatório Fit para Coluna Branco,CELITE
13788,Lavatório Suspenso Canto Oval Branco,CELITE
13790,Lavatório para Coluna Acesso Branco,CELITE/INCEPA
13791,Lavatório para Coluna Saveiro/az Branco,CELITE
13794,Lavatório Plástico Branco 36x26cm,ASTRA
13795,"Lavatório Suspenso Canto Branco m 39,5x30cm",CELITE
13799,Lavatório Suspenso Eco Branco 41x30cm,CELITE
13800,Leito de Secagem (FORTLEV),FORTLEV
13802,Leito de Secagem para Biodigestor,ACQUALIMP
13804,Leito de Secagem (TECNIPAR),TECNIPAR
13808,Limpador de Rejunte Acrílico/epóxi 250g,QUARTZOLIT
13810,Limpador de Rejunte Diário,QUARTZOLIT
13812,Limpador Pós-obra 1L,QUARTZOLIT
13815,Limpador Pós Obra Rejunte Cimentício 1L,QUARTZOLIT
13816,Conheça a Linha Trançada para Pedreiro 100M,CORTAG
13819,Linha Trançada para Pedreiro 50 m – Precisão e Confiabilidade nas Suas Obras,CORTAG
13820,"Liquibase Galão de 3,6L",SUVINIL
13874,"Lixeira Inox com Aro 3,2L",BRINOX
13877,Lixeira Inox Cromado com Pedal e Balde Ágata 30L,MOR
13886,Lona Leve Azul 3x2m,AQUATOOLS
13895,Alinhador de Correia Laser TKBA 21,Skf
13896,Alimentador de Arame Mig para Fabricator 500I FEED 364,Esab
13900,Alinhador de Polia Laser TKBA 11,Skf
13902,Alinhador de Polia Laser TKBA 40,Skf
13903,Alinhador Laser para Eixos Display LCD TKSA 31,Skf
13904,Luva Aquatherm 22mm,TIGRE
13905,Alisadora de Concreto 6.5HP 4A 900mm 3600RPM Gasolina (desmontado),Toyama
13906,Luva Aquatherm 28mm,TIGRE
13909,Luva Aquatherm 35mm,TIGRE
13910,Luva Aquatherm 114mm - Conexão Durável e Segura,TIGRE
13911,Luva Aquatherm 42mm - Conexão Durável e Segura,TIGRE
13912,Almotolia Metálica de 300ml com Bico Flexível,Sparta
13913,Luva Aquatherm 54mm - Conexão Durável e Segura,TIGRE
13925,Luva de Correr Aquatherm 15mm,TIGRE
13926,Luva de Correr Aquatherm 22mm,TIGRE
13927,Luva de Correr Aquatherm 28mm,TIGRE
13928,Almotólia para Oléo 500ml com Bico Rigido 2500,Bozza
13930,Almotólia para Oléo 750ml com Bico Rigido e Flexivel,Jactoil
13936,Almotolia Plástica de 500ml Transparente 0005 GG,Gg
13937,Almotolia Plástica de 250ml Transparente 0004 GG,Gg
13940,Amortecedor Calço P 700KG 100x100x25MM,Vibrastop
13942,"Amortecedor de Vibração 3/8""",Vibrastop
13943,Amortecedor Nivelador de Vibração Tradicional Intermediário 5/8'',Vibrastop
13948,Analisador de Gases de Combustão 310 II,Testo
13959,Luva de Correr PBA JE 60mm,TIGRE
13965,Luva de Correr Série R,TIGRE
13981,Anel 0.5mm Série 511,Mitutoyo
13983,Conheça a Luva de Correr JE 85mm,TIGRE
13985,Anel 1.0mm Série 511,Mitutoyo
13986,Anel Capa Ar (Ref MBC-368),Devilbiss
13988,Anel Capa Ar (Ref SGK-0023),Devilbiss
13994,"Anel de Ancoragem 0,60cm com Olhal CG 1985",Carbografite
13996,"Anel de Ancoragem 0,60cm com Proteção CG 1983",Carbografite
13997,Luva de Pressão Amarela P/conduite 20mm,KRONA
13998,"Anel de Ancoragem 0,60cm sem Proteção CG 1983",Carbografite
13999,"Anel de Ancoragem 0,80cm com Olhal CG 1985",Carbografite
14000,Luva de Pressão Amarela P/conduite 25mm,KRONA
14001,"Anel de Ancoragem 0,80cm com Proteção CG 1983",Carbografite
14002,Luva de Pressão Amarela P/conduite 32mm,KRONA
14003,"Anel de Ancoragem 0,80cm sem Proteção CG 1983",Carbografite
14006,"Anel de Ancoragem 1,20cm com Proteção CG 1983",Carbografite
14007,Luva de Pressão Laranja P/conduite 25mm,KRONA
14008,"Anel de Ancoragem 1,20cm com Olhal CG 1985",Carbografite
14009,"Anel de Ancoragem 1,20cm sem Proteção CG 1983",Carbografite
14010,Luva de Pressão Laranja P/conduite 32mm,KRONA
14011,"Anel de Ancoragem 1,50cm com Olhal CG 1985",Carbografite
14013,"Anel de Ancoragem 1,50cm com Proteção CG 1983",Carbografite
14014,Luva de Redução Soldada 32x25mm,KRONA
14015,"Anel de Ancoragem 1,50cm sem Proteção CG 1983",Carbografite
14017,"Anel de Ancoragem 2,00cm com Olhal CG 1985",Carbografite
14018,"Anel de Ancoragem 2,00cm com Proteção CG 1983",Carbografite
14022,"Anel de Ancoragem 2,00cm sem Proteção CG 1983",Carbografite
14023,Luva de Transição Aquatherm 22mmx3/4 - Confiabilidade e Versatilidade,TIGRE
14028,Luva de Transição Aquatherm 28mmx3/4 - Confiabilidade e Versatilidade,TIGRE
14030,"Luva de Transição Aquatherm 28mmx1""",TIGRE
14032,Luva de Transição Aquatherm 35mmx1.1/4 - Conexão Segura e Durável,TIGRE
14033,Luva de Transição Aquatherm 42mmx11/2 - Conexão Segura e Durável,TIGRE
14043,Anel Padrão 08mm,Mitutoyo
14045,Anel Padrão 12mm,Mitutoyo
14048,Anel Padrão,Mitutoyo
14050,Anel Padrão em Aço de 100mm 110.787V,Digimess
14051,Anel Padrão em Aço de 10mm 110.787F,Digimess
14052,Luva em Latão N1 15mm,FORUSI
14053,Luva em Latão N12 22mm,FORUSI
14054,Anel Padrão em Aço de 11mm 110.787G,Digimess
14055,Anel Padrão em Aço de 125mm 110.787W,Digimess
14056,Luva em Latão N1 28mm,FORUSI
14057,Anel Padrão em Aço de 12mm 110.787H,Digimess
14058,Anel Padrão em Aço de 150mm 110.787X,Digimess
14061,Anel Padrão em Aço de 175mm 110.788A,Digimess
14062,Anel Padrão em Aço de 16mm 110.787I,Digimess
14066,Anel Padrão em Aço de 17mm 110.787J,Digimess
14067,Luva Roscável 1.1/4'',TIGRE
14068,Anel Padrão em Aço de 20mm 110.787K,Digimess
14069,Anel Padrão em Aço de 25mm 110.787L,Digimess
14070,Anel Padrão em Aço de 35mm 110.787N,Digimess
14071,Anel Padrão em Aço de 30mm 110.787M,Digimess
14072,Luva Roscável 3/4'',TIGRE
14073,Luva Roscável de 1/2'',TIGRE
14074,Anel Padrão em Aço de 40mm 110.787O,Digimess
14075,Luva Sch80 Fire 1.1/2: a Proteção Completa para Profissionais,TIGRE
14076,Luva Roscável 1.1/2,TIGRE
14077,Luva Sch80 Fire 1.1/4: Proteção Superior para Profissionais Exigentes,TIGRE
14078,Anel Padrão em Aço de 4mm 110.787A,Digimess
14079,Anel Padrão em Aço de 5.50mm 110.787C,Digimess
14080,Anel Padrão em Aço de 5mm 110.787B,Digimess
14081,Luva Sch80 Fire 2.1/2: a Proteção Perfeita para Ambientes de Alto Risco,TIGRE
14082,Anel Padrão em Aço de 50mm 110.787P,Digimess
14083,"Luva Sch80 Fire 1"" – Conexão Hidráulica de Alta Resistência",TIGRE
14084,"Luva Sch80 Fire 2"": a Proteção Necessária para Ambientes Extremamente Perigosos",TIGRE
14085,Anel Padrão em Aço de 62mm 110.787Q,Digimess
14087,Anel Padrão em Aço de 6mm 110.787D,Digimess
14090,Anel Padrão em Aço de 70mm 110.787R,Digimess
14091,Anel Padrão em Aço de 75mm 110.787S,Digimess
14093,Anel Padrão em Aço de 8mm 110.787E,Digimess
14098,Anel Padrão em Aço de 90mm 110.787U,Digimess
14100,Luva Simples Série R,TIGRE
14105,Anel Trava Interno 62x2,Ati Brasil
14109,Anemômetro de Molinete com Hélice Portátil -10 a +50 °C,Testo
14114,Anemômetro de Molinete Portátil com Hélice -10 a +50 °C,Testo
14125,Anemômetro Digital de Molinete Telescópio -20 a +50 °C 416,Testo
14127,Anemômetro Digital 925,Fluke
14128,Anemômetro Digital Portátil 100mm -20 a +50 °C com Hélice 417,Testo
14130,Anemômetro Digital Portátil 16mm -10 a +50 °C com Hélice 416,Testo
14132,Anemômetro Molinete com Bluetooth -20 a +60 °C 410i,Testo
14146,Anti Respingo 1 Litro Biodegradavel,Carbografite
14151,Anti Respinga 400Ml sem Silicone,Walter Abrasivos
14156,Anti Respingo 20 Litros Biodegradável,Walter Abrasivos
14158,"Anti Respingo 20 Litros Biodegradavel (Ref 53W217, Walter Abrasivos)",Walter Abrasivos
14159,Anti Respingo 350g com Silicone 3540,Ledan
14163,Anti Respingo 350g sem Silicone 3543,Ledan
14164,Anti Respingo 20 Litros e,Walter Abrasivos
14165,Luva Tigrefire 3/4,TIGRE
14166,Luva Tigreflex para Conduítes 32mm: Proteção e Qualidade para Suas Instalações,TIGRE
14168,Luva Tigreflex para Conduítes Laranja 20mm,TIGRE
14169,Luva Tigreflex para Conduítes Laranja 25mm,TIGRE
14170,Anti Respingo 5 Litros Biodegradavel,Walter Abrasivos
14171,Anti Respingo 50 Litros Biodegradavel (Ref 10216210),Carbografite
14172,Anti Respingo com Borrifador 500ml Off Spatter,Carbografite
14173,Luva Tigreflex para Conduítes Laranja 32mm,TIGRE
14175,Anti Respingo 50 Litros Biodegradavel (Ref 10493410),Carbografite
14178,Anti Respingo com Silicone 280g,Mundial Prime
14180,Anti Respingo com Silicone,Carbografite
14181,Máquina de Assentar Piso: Agilidade e Precisão com a,CORTAG
14188,Anti Respingo Ecológico 20 Litros,Carbografite
14189,Anti Respingo em Gel Lata 200gr e,Walter Abrasivos
14194,Antirrespingo a Base de Água 500ml ALLSTEEL,Walter Abrasivos
14198,Anti Respingo sem Silicone 280g,Mundial Prime
14199,"Aparador Cerca 24"" 1.0CV 23CC Gasolina HS 82R",Stihl
14201,Massa Acrílica 25kg,EUCATEX
14202,"Massa Acrílica Galão 5,8kg",EUCATEX
14203,"Massa Acríllica Galão 5,5kgs",SUVINIL
14205,"Massa Acrílica para Acabamento 1,3kg",SUVINIL
14207,Massa Acrílica Latão 25kg,SUVINIL
14211,Massa Corrida Balde 25 kg,EUCATEX
14212,"Massa Corrida PVA 5,8kg",EUCATEX
14213,"Massa Corrida 1,4kg",SUVINIL
14215,"Massa Corrida 5,7kg",SUVINIL
14218,Massa Corrida Latão 25kg,SUVINIL
14221,Aplicador 55ml HYSOL,Loctite
14222,Massa de Preparação Cinza 10kg,QUARTZOLIT
14223,"Massa Especial para Efeito Texturatto 3,7kg",SUVINIL
14224,Massa Niveladora Branca 90 Gramas,SANTA LUZIA
14226,Aplicador de Detergente,Karcher
14227,Aplicador de Detergente Snow Foam 1000ML para HD e HDS 6.394-668.0,Karcher
14228,Massa para Efeito Toque da Areia Brita 5kg,SUVINIL
14229,Massa para Efeito Toque da Calcita Alaranjada 5kg,SUVINIL
14230,Massa para Efeito Toque da Casca de Pinus 5kg,SUVINIL
14231,Aplicador de Detergente Snow Foam 300ml 9.302-054.0,Karcher
14232,Aplicador de Detergente Snow Foam M22 1000 ml 9.313-174.0,Karcher
14233,"Massa para Madeira Galão 5,5L",SUVINIL
14234,Aplicador de Detergente Snow Foam TR Advanced 3 1000ML 4.112-065.0,Karcher
14235,"Aplicador de Silicone de 15"" Alumínio Reforçado",Cortag
14236,"Massa para Madeira Litro 1,3L",SUVINIL
14237,Massa Plástica Branca 400g,MASSAFIX
14238,"Aplicador de Silicone de 9"" Profissional",Cortag
14239,"Aplicador de Silicone de 9"" Profissional em Alumínio",Cortag
14241,Massa Plástica Cinza 400g,MASSAFIX
14242,"Aplicador de Silicone de 9"" Uso Leve",Cortag
14243,Maxi Aquecedor Ultra Elétrico,LORENZETTI
14244,Massa Plástica Preta 400 g,MASSAFIX
14245,Aplicador Manual,Ancora
14246,Maxi Ducha Branca 3 Temperaturas,LORENZETTI
14249,Mecanismo de Entrada para Caixa Acoplada Master Flux,CENSI
14250,Aplicador Manual Cartucho Duplo 50ml,Loctite
14251,Mecanismo de Saída para Caixa Acoplada Pneumático,CENSI
14255,Aplicador para Anti Respingo E- NOZZIE 53L121 E- NOZZLE,Walter Abrasivos
14256,Aplicador Manual Peristáltico,Loctite
14257,Mesa Desmontável Redonda Mariana Antares Branca,ANTARES PLASTICOS
14258,Mesa Monobloco Ouro Preto Antares Plástico Preta,ANTARES PLASTICOS
14260,Mictório com Sifão Eco Branco,CELITE
14261,Mesa Plástica Bela Vista Branca 70x70cm,MOR
14262,Aplicador para Silicone Vermelho,Nove54
14263,Aplicador para,WD-40
14267,"Minibomba de Circulação TP40 G4 127V - Potência, Versatilidade e Conforto para Sua Rede Hidráulica",KOMECO
14271,Misturador Monocomando de Mesa para Cozinha Cromado,DECA
14272,Aquecedor de Indução para Rolamentos TIH,Skf
14273,Apontador para Lápis Carpinteiro,Irwin
14274,Misturador Monocomando de Banheiro Paola 2875 Cromado,TIGRE
14276,Aquecedor Indutivo para Rolamentos TIH,Skf
14277,Misturador Monocomando de Mesa Bica Baixa P/lavatório Black Matte,DECA
14278,Misturador Monocomando de Mesa Bica Alta P/lavatório Level: Sofisticação e Praticidade para o Seu Espaço,DECA
14279,Misturador Monocomando de Mesa para Lavatório Bica Alta Ona Preto Matte,ROCA
14282,Misturador Monocomando de Mesa para Lavatório Bica Alta Ona Cromado,ROCA
14283,Aquecedor Indutivo para Rolamentos TWIM,Skf
14284,Misturador Monocomando de Mesa para Lavatório Bica Alta Ona Rose,ROCA
14285,Aralbras Rápido 2 Minutos 23g,Brascola
14286,Misturador Monocomando de Mesa para Lavatório Bica Baixa Ona Cromado,ROCA
14287,Misturador Monocomando de Mesa para Lavatório Bica Baixa Ona Rose,ROCA
14288,Arame Farpado Gir 500 Metros,Gerdau
14289,Misturador Monocomando de Mesa para Lavatório Bica Baixa Ona Preto Matte,ROCA
14290,Arame Galvanizado 10 Metros Bitola 18,Fixtil
14291,Arame Galvanizado 5 Metros Bitola 16,Fixtil
14292,Misturador Monocomando de Piso para Banheira Quadrado You Cromado,DECA
14293,Misturador Monocomando de Piso para Banheira Redondo,DECA
14295,Arame MIG 1mm 18KG,Gerdau
14296,Misturador Monocomando Lavatório de Mesa para Cuba de Apoio – 2877 C72,LORENZETTI
14297,"Arame Mig Arco Submerso 2,4mm 30kg EM12K OK AUTROD 12.20",Esab
14298,Misturador Monocomando para Lavatório de Mesa Bica Alta 2885.C109 Cromado,DECA
14299,Arame Mig de Aço Carbono 2.4mm 30Kg OK AUTROD 12.10,Esab
14300,"Arame Mig Sólido 0,8mm 15kg",Gerdau
14301,Misturador Monocomando para Lavatório de Mesa Bica Baixa,DECA
14303,Arame Mig Sólido 0.8mm 5kg,Lynus
14305,Misturador Monofuro Gourmet Cromado 067 C100,METAIS TALITA
14306,"Arame MIG Sólido 0,8mm com 5Kg Aço ER70S-6 722623 OK AUTROD 12.51",Esab
14308,"Arame Mig Sólido 0,9mm 18kg",Gerdau
14309,Arame Mig Solido 1.0 mm 18Kg,Esab
14310,Misturador para Lavatório de Mesa Bica Baixa Level Black Matte,DECA
14311,"Arame MIG Sólido 1,00mm com 18Kg Aço ER70S-6 OK AUTROD 12.51",Esab
14312,Módulo Campainha Cigarra 127v,SLEEK
14313,Arame Mig Sólido 1.2mm 18Kg Baixa Liga OK ARISTOROD 13.26,Esab
14314,Modulo Cego Preto Ebony Clean,SLEEK
14315,"Arame Mig Sólido 1,2mm 18Kg ER70S-6 OK AUTROD 12.51",Esab
14316,"Arame Mig Sólido 1,2mm 18kg",Gerdau
14317,Módulo Cego com 2 Unidades 1604,SLEEK
14318,Módulo Dimmer Rotativo de Potência Branco,SLEEK
14319,"Arame MIG Sólido ER-CU Cobre Puro 1,2mm (BOB 15kg) CUPRO 98",Tecbras
14322,Arame MIG Sólido ER70S-6 1.0mm Bobina 15Kg S6,Esab
14327,Módulo Luz Emergência Bivolt 3 Leds,SLEEK
14328,"Arame MIG Sólido ER70S-6 Aço 1,00mm (bobina 18kg) WEST ARCO 70S6",Esab
14330,Módulo P/churrasqueira Predial Natural 64x25cm,REFRACON
14331,"Arame MIG Sólido ER70S-6 Aço 1,20mm Bobina 18kg WEST ARCO 70S6",Esab
14332,Módulo P/churrasqueira Predial Natural 74x25cm,REFRACON
14337,Modulo Pulsador Minuteria,SLEEK
14340,"Arame Mig Sólido Inox ER309L 1,20mm 15Kg OK AUTROD 309L",Esab
14341,"Arame Mig Sólido Inox ER309LSI 1,2mm 15Kg OK AUTROD",Esab
14342,"Arame Mig Sólido sem Gás 0,8mm 1kg",Noll
14345,Arame MIG Tubular 0.8mm Aço Bobina com 4.5Kg CORESHIELD 15,Esab
14346,Arame Mig Tubular 1.2mm 16Kg Baixa Liga OK TUBROD 81 NI1 ULTRA,Esab
14349,Arame MIG Tubular 1.20mm 15Kg 749486 OK TUBROD 71,Esab
14351,Arame MIG Tubular 1.2mm Aço rolo com 16Kg DUAL SHIELD 7100 LH,Esab
14352,"Arame Mig Tubular 1,2mm 16kg OK TUBROD 71 ULTRA",Esab
14355,Arame MIG Tubular 1.2mm Inox Bobina com 12.5Kg SHIELD-BRIGHT 309L,Esab
14357,Arame MIG Tubular 1.6mm Inox Bobina com 12.5Kg SHIELD-BRIGHT 309L,Esab
14358,Multimassa Uso 20 kg PP,QUARTZOLIT
14359,Arame Mig Tubular Aço Inox 1.2mm 12.5Kg SHIELD-BRIGHT 316,Esab
14361,Multimassa Uso 20Kg PL,QUARTZOLIT
14364,Nicho Kids Duplo Branco 56x28x20cm,PRAT-K
14366,Nicho Kids em MDP Branco 28x28x20cm,PRAT-K
14368,Nicho Kids Triplo Branco 80x28x20cm,PRAT-K
14369,"Nípel Roscável 2"" - Conexão Segura e Durável",TIGRE
14372,Niple Duplo em Latão N127 3/4'',FORUSI
14374,Niple Duplo em Latão N.127 1/2,FORUSI
14376,Niple Paralelo Roscável 1.1/4'',TIGRE
14378,Niple Paralelo Roscável 1/2'',TIGRE
14380,Niple PVC Roscável 1/2'',KRONA
14383,Niple Roscável 1 - Resistência e Eficiência para Sua Instalação,TIGRE
14384,Níple Roscável 3/4 - Segurança e Durabilidade para Sua Instalação,TIGRE
14399,Nivela Piso Cunha Slim com 100 Peças,CORTAG
14400,"Nivela Piso Slim 1,5mm Pacote com 100 Peças Vermelho",CORTAG
14402,Nivelador de Piso Smart 60694 - 50 Unidades,CORTAG
14404,Niveladores de Rosca para Piso 50 Unidades,NIVELMAX
14405,Número Residencial 0 15cm,DECORE
14406,Número Residencial 1 15cm,DECORE
14409,Número Residencial 1 20cm,DECORE
14412,Número Residencial 2 15cm,DECORE
14414,Número Residencial 2 20cm,DECORE
14415,Número Residencial 3 15cm,DECORE
14417,Número Residencial 4 15cm,DECORE
14419,Número Residencial 4 20cm,DECORE
14422,Número Residencial 5 15cm,DECORE
14424,Número Residencial 6 15cm,DECORE
14426,Número Residencial 6 20cm,DECORE
14427,Número Residencial 7 15cm,DECORE
14431,Número Residencial 7 20cm,DECORE
14433,Número Residencial 9 15cm,DECORE
14434,Número Residencial 8 15cm,DECORE
14444,Painel Flat - 18W - Deluxe By,AVANT
14451,Papel de Parede Vinílico Classic 2,EVOLUX
14455,Papel de Parede Vinílico Tijolos,EVOLUX
14456,Papeleira de Parede New City CR,CELITE
14457,Papeleira Up Cromado: Sofisticação e Funcionalidade para Ambientes Modernos,CELITE
14458,Armário Compacto para Ferramentas com 2 Portas 3 Prateleiras e 3 Gavetas (Ref AM-75),Marcon
14459,Papeleira Up Preto Matte,CELITE
14460,Armário Compacto para Ferramentas com 2 Portas 3 Prateleiras e 3 Gavetas (Ref AM-76),Marcon
14461,Papeleira com Tampa Talita Stander,METAIS TALITA
14462,Armário Compacto para Ferramentas com 2 Portas e 2 Prateleiras,Marcon
14463,Armário Compacto para Ferramentas com 2 Portas Visores de Vidro e 2 Prateleiras,Marcon
14464,Papeleira com Suporte Hotels Black Matte,CELITE
14465,Papeleira de Parede Docolflat Cromado,DOCOL
14466,Armário Corta Fogo 1000X1000X450MM Vermelho para Líquidos Inflamáveis,Tekin
14467,Armário Corta Fogo 2000X1000X450MM Vermelho para Líquidos Inflamáveis,Tekin
14468,Papeleira Acessórios Clean 2020.BL.CLN.NO Black Noir,DECA
14470,Papeleira Versa Cromado,DECA
14471,Papeleira Clean Cromado,DECA
14472,Armário de Parede para Ferramentas AR-5,Marcon
14473,Papeleira You Cromado,DECA
14475,Papeleira Idea Cromada,DOCOL
14476,Papeleira Flat Cobre: Elegância e Praticidade para Seu Banheiro,DOCOL
14477,Armário de Parede para Ferramentas com 2 Portas,Marcon
14478,Armário de Parede para Ferramentas com 3 Gavetas NA-1,Nocram
14479,Armário de Parede para Ferramentas com 3 Prateleiras 650x230x980mm NA-3,Nocram
14480,Papeleira Loft 2020 Rose,LORENZETTI
14481,Papeleira Loren Loft Preto,LORENZETTI
14482,Armário de Parede para Ferramentas com Persiana de PVC AM-6,Marcon
14483,Armário de Parede para Ferramentas com Chapa Perfurada e Porta de Vidro,Marcon
14484,Papeleira Loren Vogue Cromada,LORENZETTI
14485,Papeleira de Parede de Banheiro Way 2020 C30 Cromado,LORENZETTI
14486,Papeleira New City Preto Matte,CELITE
14487,Armário de Parede para Ferramentas Multiuso AR-2,Marcon
14488,Armário de Parede para Ferramentas Painel Perfurado AM-9,Marcon
14489,Papeleira Tempo,ROCA
14491,Papeleira Tempo Titanium Black,ROCA
14494,Papeleira Versa Black Matte – Código,DECA
14496,Armário Multiuso 8 Portas Quadruplo,Nilko
14500,Armário Multiuso de 2 Portas,Nilko
14501,Armário para Componente Porta com Visor + 66 Caixas Numero 3,Marcon
14514,Armário para Ferramentas 5 Bandejas e Visor de Vidro,Marcon
14516,Passador de Fios Profissional 10m – Agilidade e Eficiência para Instalações Elétricas,CORTAG
14518,Descubra o Passador de Fios Profissional 20m,CORTAG
14546,Pé de Cabra Liso,SÃO ROMÃO
14558,Armário para Ferramentas com 2 Portas 1 Prateleira em Aço,Fercar
14563,Peneira Aro Plástico: a Solução Ideal para Areia e Arroz,COMEP
14568,Perfil de Desnível D1 120cm Inox Escovado,MOZAIK
14569,Perfil de Transição Dzero Inox Escovado,MOZAIK
14571,Perfil Plastilon Novaforma 6M 20x30cm,NOVII
14573,"Conheça o Perfil Redutor Eucaflor Tecno Nº10 1,80m",EUCAFLOOR
14576,"Conheça o Perfil T Eucaflor Tecno Nº10 3,7x180cm",EUCAFLOOR
14578,Persiana Horizontal Off PVC 140x130cm,EVOLUX
14580,"Persiana Horizontal PVC Off Branca 1,40x1,30m",EVOLUX
14582,"Persiana Horizontal PVC Off Preto 1,40X1,30m",EVOLUX
14584,Persiana Premier Horizontal 120x160 Preta,EVOLUX
14586,Persiana Premier Horizontal 120x160 Branca,EVOLUX
14588,"Persiana Rolô Toucher Branco Translúcida 1,20X1,40m",EVOLUX
14590,"Persiana Horizontal Premier 25mm Chumbo 1,40x1,60m",EVOLUX
14592,"Persiana Horizontal Premier 1,20X1,60m",EVOLUX
14594,"Persiana Horizontal Premier 1,40x1,60m",EVOLUX
14595,"Persiana Horizontal Premier Chumbo 1,20x1,60m",EVOLUX
14597,Persiana Premier PVC 140x160cm Branco,EVOLUX
14600,"Persiana Rolô Rainbow Zebra Branca 1,20x1,60m",EVOLUX
14601,Armário para Ferramentas com 3 Gavetas Azul,Fercar
14602,Armário para Ferramentas com 4 Gavetas e Porta de Aço AM-2,Marcon
14603,"Persiana Rolô Rainbow Zebra Preta 1,20x1,60m",EVOLUX
14604,"Persiana Rolô Solar Screen Champagne 1,20x1,60m",EVOLUX
14606,Persiana Rolô Solar: Praticidade e Sofisticação para Todos os Ambientes,EVOLUX
14608,"Persiana Rolô Solar Screen Champagne 1,40x1,60m",EVOLUX
14609,Armário para Ferramentas com 4 Prateleiras,Fercar
14611,"Persiana Rolô Solar Screen Champagne 1,60x1,60m",EVOLUX
14612,"Persiana Toucher Rolô Translucida 1,40X1,40m",EVOLUX
14613,Pia de Cozinha Preta com Cuba 120x55cm,RORATO
14614,Armário para Ferramentas com 5 Gavetas e Porta de Aço,Marcon
14615,Armário para Ferramentas com 5 Gavetas 2 Bandejas e Porta de Vidro,Marcon
14616,Pia de Cozinha Roralit Gelo 120x55cm,RORATO
14617,Pia de Cozinha Roralit Travertino 120x55cm,RORATO
14620,Pia Plus Inox com Concreto 120x53cm,
14621,Armário para Ferramentas com Persiana e Chapa Perfurada AM-7,Marcon
14622,Armário para Ferramentas com Porta Cones ISO 40 e 2 Portas de Acrílico,Marcon
14623,"Pia Roralit Monaco Marmore Sintetico 64x45,5cm Branco",RORATO
14625,Pincel Trincha 538 1 1/2,TIGRE
14626,Armário para Ferramentas com Porta Cones ISO 40 e Porta de Vidro,Marcon
14627,Armário para Ferramentas com Porta de Aço e Vidro,Marcon
14628,"Pincel Trincha 538 4""",TIGRE
14629,"Pincel Trincha 538 1""",TIGRE
14630,Armário para Ferramentas com Porta de Aço Fechadura Eletrônica,Marcon
14631,Armário para Ferramentas com Porta de Visor Vidro,Marcon
14632,Pincel Trincha Dupla 538 2.1/2'' Cerdas Brancas,TIGRE
14633,Armário para Ferramentas com Portas de Aço (Ref AM-11),Marcon
14634,"Pincel Trincha Média 696 2""",TIGRE
14635,Armário para Ferramentas com Portas de Aço (Ref AM-13),Marcon
14636,"Pincel Trincha Média 696 4""",TIGRE
14637,Armário para Ferramentas com Portas de Aço (Ref AM-71),Marcon
14638,"Pincel Trincha Média 696 3/4""",TIGRE
14639,Armário para Ferramentas com Portas de Aço (Ref AM-79),Marcon
14640,"Pincel Trincha Média 696 1 1/2""",TIGRE
14641,Armário para Ferramentas com Portas de Aço e Vidro,Marcon
14642,"Pincel Trincha Média 3"" Amarela",TIGRE
14643,"Pincel Trincha Média 4"" Amarela",TIGRE
14644,Armário para Ferramentas com Portas de Aço Visor Vidro e 5 Prateleiras Line,Marcon
14645,Armário para Ferramentas com Prateleira e Gancho 650x230x980mm NA-2,Nocram
14646,Trincha Pro Angular Sintético 2 Polegadas,TIGRE
14647,Pincel Trincha Simples 1.1/2,TIGRE
14648,Armário para Ferramentas Compact 4 Bandejas,Marcon
14649,Armário para Ferramentas Compacto com 2 Bandejas e 2 Portas de Aço,Marcon
14650,Pincel Trincha Simples 186 1/2'' Cerdas Pretas,TIGRE
14651,Pincel Trincha Simples Marrom 186 2.1/2,TIGRE
14652,Armário para Ferramentas Compacto com 4 Bandejas e Porta de Vidro,Marcon
14653,Armário para Ferramentas Compacto Porta de Vidro com 2 Prateleiras e Caixas,Marcon
14654,Pincel Trincha Startec 915 X 2.1/2,TIGRE
14655,Armário para Ferramentas de 2 Portas com 5 Prateleiras,Marcon
14656,Piscina Feijão P1010041 100 Litros Rosa,AFORT
14657,Armário para Ferramentas de 2 Portas com Visores de Vidro com 30 Caixas Número 30,Marcon
14658,Piscina Feijão Polietileno 100 Litros,AFORT
14659,Piscina Feijão Polietileno,AFORT
14660,Armário para Ferramentas de 2 Portas e 5 Prateleiras 1200x500x1680mm Azul,Fercar
14661,Piscina Feijão de Polietileno Azul 50L,AFORT
14662,Piscina Feijão Polietileno 500L,AFORT
14663,Armário para Ferramentas de 5 Prateleiras e 7 Gavetas 1200x500x1680mm Azul,Fercar
14664,Armário para Ferramentas de 2 Portas Visor de Viro e 5 Prateleiras 1200x500x1680mm Azul,Fercar
14665,Armário para Ferramentas de 5 Prateleiras e 7 Gavetas 2 Portas Visor de Vidro 1200x500x1680 Azul,Fercar
14666,Piso Acetinado PHD70570R Speciale Retificado 74x74cm,INOUT
14668,Piscina 400 Litros Azul,MOR.
14670,Piso Acetinado PHD86070R Andromeda 86x86cm,INOUT
14671,Piso Acetinado Retificado PHD70500R 74x74cm,INOUT
14672,Armário para Ferramentas Hobby 2 Gavetas e Visor de Vidro AR-3,Marcon
14673,Piso Acetinado Tivolly VAC375018A 75x75cm,VIVENCE
14675,Armário para Ferramentas Porta de Vidro,Marcon
14676,Piso Acetinado Gris VAC391005 90x90cm,VIVENCE
14678,Piso Acetinado HD 170085 Ladrilhado 58x58cm,VIVENCE
14680,Piso Dry Retificado 27x110cm com Estética Natural e Aplicação Versátil,INOUT
14682,Piso Andromeda PHD86430R Drytech In Out 86x86cm,INOUT
14684,Piso Antideslizante 170048 58x58cm,VIVENCE
14685,Piso Antideslizante 170037 Madeira 58x58cm,VIVENCE
14688,Armário Porta-componente Grande,Marcon
14689,Piso Apollo Hard RU 575016 75x75cm,MARMOGRES
14690,Piso Campestre MRU 518007 18x113cm,MARMOGRES
14691,Armário Roupeiro 8 Portas,Marcon
14692,Armário Porta-componentes com 40 Caixas Número 5,Marcon
14693,Piso Cerâmica Urban Avela Acetinado 75x75cm,VIVENCE
14694,Piso Cerâmica Rodes Acetinado 74x74cm,INOUT
14695,Armário Roupeiro Aço de 1 Porta e com 5 Prateleiras,Marcon
14696,Armário Roupeiro com 1 Porta,Marcon
14697,Piso Cerâmico Acetinado VPC 58050 58x58cm: Estilo e Funcionalidade para o Seu Ambiente,VIVA
14698,Piso Cerâmico Polido PPI70900R 74x74cm: Beleza Atemporal com Brilho Sofisticado,INCEFRA
14699,Armário Roupeiro com 2 Portas,Marcon
14700,Piso Cerâmico Interno Polido Speciale PPI70060R 74x74cm,INOUT
14701,Piso Cerâmico Lamparquet MRE 18x113cm: Beleza e Funcionalidade para Seus Espaços,VIVENCE
14702,Piso Cerâmico Lyon Gris SD 56x113cm: Design e Qualidade para Seus Ambientes,VIVENCE
14703,Armário Roupeiro de 4 Portas,Marcon
14704,Armário Roupeiro de 2 Compartimentos com Portas e 4 Prateleiras,Marcon
14705,Armário Roupeiro com 8 Portas,Marcon
14706,Piso Cerâmica Polido Stellar MPR 56x113cm,MARMOGRES
14707,Piso Cerâmico Nude Acetinado Solari 75x75cm,VIVENCE
14708,Armário Roupeiro Duplo com 4 Portas (Ref AM-66),Marcon
14709,Armário Roupeiro Duplo com 4 Portas (Ref AM-67),Marcon
14710,Piso Cerâmico Polido Tiffany 56x113: Sofisticação para Seus Ambientes,VIVENCE
14711,Armário Roupeiro Duplo com 4 Portas (Ref AM-90),Marcon
14712,Piso Cerâmico Puglia Grigio 90x90cm,MARMOGRES
14713,Armário Roupeiro Duplo de 4 Portas,Marcon
14714,Piso Cerâmico Retificado Evidence Crema 75x75cm,VIVENCE
14715,Armário Roupeiro Grande de 2 Portas com 2 Compartimentos,Marcon
14716,Armário Roupeiro Duplo de 8 Portas,Marcon
14717,Piso Cerâmico Retificado Fuji Solf Touch 86x86cm,INOUT
14718,Piso Cerâmico Toronto Grigio 90x90cm: a Elegância Que Seu Ambiente Merece,VIVENCE
14719,Armário Roupero com 4 Portas,Marcon
14720,Piso Cerâmico Boulevard 90x90cm,VIVENCE
14721,Piso Gris 591006 90x90cm,MARMOGRES
14723,Armário Vertical com Painel Perfurado,Marcon
14724,Piso Citta Grigio Granilhado Retificado 75x75cm,MARMOGRES
14725,Piso Copan Ru 375024 75x75cm,VIVENCE
14726,Armário Vertical com Porta 72 Suportes para Cones ISO 40,Marcon
14727,Armário Vertical com Porta Componente 80 Caixas Número 3,Marcon
14728,Piso Dublin MPR574011 74x74cm,MARMOGRES
14729,Armário Vertical com Porta Componentes 48 Caixas Número 5,Marcon
14730,Armário Vertical com Porta Cone para 84 Cones ISO 30,Marcon
14731,Piso Gran Ônix Bianco 56x113cm,MARMOGRES
14732,Piso HD em Mármore Cerâmico Estilo Pedra 557008 58x58cm,MARMOGRES
14733,Armário Vertical com Porta de 10 Bandejas com Divisórias,Marcon
14734,Piso HD Gotejado 557014 58x58cm,MARMOGRES
14736,Piso Polido Retificado Branco 74x74cm,INCEFRA
14738,Armário Vertical Porta Cone com 60 Cones ISO 50,Marcon
14739,Piso Polido Retificado 74x74cm,INCEFRA
14740,Aro de Alumínio 3.5X8,Nove54
14741,Piso Ret 56x113 Aurora Polido,INCOPISOS
14743,Piso Acetinado Retificado 27x110cm,INOUT
14744,Piso Amadeirado,INOUT
14747,Piso Polido Retificado 86x86cm,INOUT
14748,Piso Amadeirado Dry Tech Retificado 27x110cm,INOUT
14751,Piso Retificado Fuji Drytech 86x86cm,INOUT
14753,Piso para Área Interna/externa Acetinado Retificado 27x110 Honey,INOUT
14754,Piso Retificado para Área Externa 27x110cm Honey Dry Tech,INOUT
14755,Piso Madeira Acetinado,INOUT
14759,Piso Mocha Mousse Acetinado Retificado 27x110cm,INOUT
14761,Piso Acetinado 74x74cm,INOUT
14762,Piso Poseidon Touch PHD86000R 86x86cm,INOUT
14763,Piso Zesu Retificado 27x110cm,INOUT
14766,Piso Urano Touch Acetinado 86x86cm,INOUT
14768,Piso Laminado Clicado Prime Click Carvalho Maiorca,EUCAFLOOR
14769,Piso Laminado Clicado Prime Click Carvalho Rustic,EUCAFLOOR
14772,Piso Laminado Clicado Prime Click Nogueira Natural,EUCAFLOOR
14774,Piso Laminado Click Elegance Carvalho Chamonix,EUCAFLOOR
14778,"Piso Laminado Prime Click Cappuccino 135,7 X 21,7 cm",EUCAFLOOR
14779,Piso Laminado New Elegance Carvalho Chamonix,EUCAFLOOR
14780,"Piso Laminado Prime Click Valência 21,7x135,7cm",EUCAFLOOR
14782,Piso Laminado New Elegance Click Freijó Âmbar,EUCAFLOOR
14784,Piso Laminado New Evidence Click Veneto,EUCAFLOOR
14786,Piso Laminado Prime Click Italian Noce,EUCAFLOOR
14790,Piso Madeira Antideslizante 557012 58x58cm,MARMOGRES
14792,Piso Calacatta Panda Polido 56x113cm,MARMOGRES
14794,Piso Campestre Acetinado 18x113cm,MARMOGRES
14795,Piso Rústico Cumaru Nature 46x113cm,MARMOGRES
14797,Ascensor de Punho Direito CG 5300,Carbografite
14798,Piso de Parede Fregio Naturalle Acetinado 39x75cm,MARMOGRES
14801,Piso Gran Venatto Polido Black 56x113cm,MARMOGRES
14803,Piso para Área Interna Lancelot Polido 56x113cm,MARMOGRES
14804,Piso Acetinado,MARMOGRES
14807,Piso PHD27140R Zesu Drytec 27x110cm,INOUT
14809,Piso PHD86660R Retificado 86x86cm,INOUT
14811,Piso Polido Gran Onix Bianco 56x113cm,MARMOGRES
14813,Piso Polido Maltha Ocre 74x74cm,VIVENCE
14815,Piso Polido Oceane VRP 313.000 56x113cm,VIVENCE
14816,Piso Polido Retificado PPI86250R 86x86cm,INOUT
14818,Piso Polido Retificado PPI86290R 86x86cm,INOUT
14820,Piso Polido Sevilha Gray 56x113cm,VIVENCE
14822,Piso Pulpis Gray MPR574007 74x74cm,MARMOGRES
14824,Piso R70502 Retificado Brilhante 70x70cm,ROCHA FORTE
14826,Piso Retificado Acetinado Concret Gray 75x75cm,MARMOGRES
14829,Piso Retificado Brilhante RT76160 Firenze Lux 76x76cm,EMBRAMACO
14830,Piso Retificado Dry Tech Turim PHD71480R 74x74?cm,INCEFRA
14832,Piso Retificado Esparta Dry Tech 27x110cm,INCEFRA
14834,Piso Retificado Acetinado 74x74cm,INOUT
14837,Piso Retificado Reinaldo Acetinado 74x74cm,INOUT
14838,Piso Retificado Madagascar VRU375019A 75x75cm,VIVENCE
14840,Piso Retificado PHD86160R Drytech 86x86cm,INOUT
14844,Piso Retificado Pólux PHD86150R Dry Tech 86x86cm,INOUT
14845,Piso para Áreas Internas Molhadas 20x20cm,ROCA
14847,Piso para Piscina 20x20cm,ROCA
14848,Piso Uno Fold Acetinado MT 20x20cm,ROCA
14850,Piso Savona Acetinado Retificado (Ref PHD71470R),INCEFRA
14852,Piso Savona Acetinado Retificado (Ref PHD71520R),INCEFRA
14853,"Piso Vinilico Polido Acetinado Trento Biancorgres 23,8x15cm",BIANCOGRES
14855,Piso Vinílico Abruzzo Acetinado 19x130cm,BIANCOGRES
14859,Piso Vinílico Vita Vernazza Acetinado 19x130cm,BIANCOGRES
14860,"Piso Vinílico Familiare Jatobá 22,8x121,9cm",DETALLI
14862,Piso Vinílico LVT Vita Colonna 19x130cm,BIANCOGRES
14863,Piso Vinílico Marmorizado Carrara 61x61cm,DETALLI
14866,Piso Vinílico Vita Athenna 19x130cm,BIANCOGRES
14868,Piso Cerâmica HD Cimentício Acetinado 58x58cm,VIVA
14869,Piso Vinílico Vita Ferrara Acetinado 19x130cm,BIANCOGRES
14872,Piso Cerâmico VPC Decorado Acetinado Externo 58x58: Estilo e Resistência para Seus Espaços,VIVA
14873,Piso Cerâmica HD Marmorizada Brilhante 58x58cm,VIVA
14876,Piso VPC Brillhante Branco 58055 58x58: Beleza e Sofisticação em Cada Detalhe,VIVA
14878,Piso Pedra 58x58cm,VIVA
14880,Piso VPC Cerâmico Cimentício Externo 58550 58x58: Resistência e Estilo para Ambientes Externos,VIVA
14882,Piso Ambiente HD Acetinado 58x58cm,VIVENCE
14883,Piso Armani Black 56x113cm,VIVENCE
14885,Piso Brilhante Retificado 56x56cm,VIVENCE
14887,Piso Calacata Oro Acetinado 75x75cm,VIVENCE
14888,Piso Calacata Sublime Acetinado 56x113cm,VIVENCE
14892,Piso Acetinado Diamond Ice 90x90,VIVENCE
14893,Piso Capuccino Crema Acetinado 75x75cm,VIVENCE
14896,Piso Gran Solari Polido Nude 56x113cm,VIVENCE
14898,Piso Nature Amendoa Acetinado 18x113cm,VIVENCE
14900,Piso Servilha Gray 56x113cm,VIVENCE
14901,Piso Solari Nude Polido 74x74cm,VIVENCE
14905,Piso Acetinado Urban Grafite 75x75cm,VIVENCE
14906,Piso Urban Greice Acetinado 75x75cm,VIVENCE
14907,Piso Urban Silver Acetinado 75x75cm,VIVENCE
14912,Placa 4x2 1P Horizontal Ebony Clean,SLEEK
14915,Placa 4x2 2P Horizontal Ebony Clean,SLEEK
14917,Placa Clean 4x4 6 Postos Preto Fosco Ebony Clean,
14919,Placa de Porcelana PL4810 30x30cm,JATOBA
14921,Placa de Porcelana PL8402 30x30cm,JATOBA
14924,Placa de Porcelana PL8166 30x30cm,JATOBA
14925,Placa de Porcelana PL8410 30x30cm,JATOBA
14928,Placa de Porcelana PL8420 30x30cm,JATOBA
14930,Placa de Porcelana PL8470 30x30cm,JATOBA
14931,Placa Ebony 4x2 1 Posto com Suporte,SLEEK
14933,Placa Ebony 4x2 1 Posto Horizontal,SLEEK
14934,Placa Ebony 4x2 2 Posto Separados com Suporte,SLEEK
14937,Placa Ebony 4x2'' 3 Posto com Suporte,SLEEK
14938,Placa Ebony 4x2'' Cega com Suporte,SLEEK
14939,Placa Ebony 4x4 2 Postos Horizontal,SLEEK
14943,Placa Ebony 4x4 6 Postos com Suporte,SLEEK
14945,Placa 2 Postos 16025 Branca 4x2cm,SLEEK
14947,Placa 4x2cm com 1 Posto Horizontal e Suporte Branca,SLEEK
14949,Placa 3 Postos 16023 Branca 4x2cm,SLEEK
14952,Placa 4x2cm com 2 Postos Horizontais Separados e Suporte Branca,SLEEK
14954,Placa 4x4cm com 4 Postos Horizontais Separados e Suporte Branca,SLEEK
14955,Placa Cega 16022 Branca 4x4cm,SLEEK
14958,Placa Cega 4x2cm e Suporte Branca,SLEEK
14960,Placa Postos 160021 Branca 2 4x4cm,SLEEK
14962,Placa: a Escolha Ideal para Postos de Combustível,SLEEK
14995,Poltrona Bela Vista Branca: Conforto e Estilo para Seu Espaço - bistro,MOR
14996,Poltrona Bela Vista Branca: Conforto e Estilo para Seu Espaço - bela vista,MOR
14999,Polyfort Massa Epóxi 100g,PULVITEC
15001,Polyfort Massa Epóxi 50g,PULVITEC
15003,"Polyfort Massaplic para Azulejos 1,5kg",PULVITEC
15005,Polyfort Massaplic para Azulejos 5kg,PULVITEC
15007,Ponteiro Redondo 3/4X10'',SÃO ROMÃO
15009,Polyfort Massaplic para Azulejos 700g,PULVITEC
15010,Ponteiro SDS Plus 14x250mm,AQUATOOLS
15064,Assentador de Telão,Viluz
15068,Ativador Adesão 150 ml 7649,Loctite
15070,Ativador para Adesão Âmbar 150 ml 7471,Loctite
15082,Auto Escova para Lavadoras 9.302.051.0,Karcher
15095,Autotransformador Bivolt (Ref 1010VA),Fiolux
15099,Autotransformador Bivolt (Ref 1500VA),Fiolux
15101,Autotransformador Bivolt (Ref 3000VA),Fiolux
15103,Autotransformador Bivolt (Ref 2000VA),Fiolux
15106,Autotransformador Bivolt (Ref 5000VA),Fiolux
15107,Autotransformador Bivolt (Ref 500VA),Fiolux
15109,Autotransformador Bivolt (Ref 750VA),Fiolux
15118,Avental Barbeiro de Raspa com Emendas com Mangas CA,Zanel
15123,"Avental de Raspa com Costura 60cm X 1,00m CA 19515 9002 SÃO MANOEL",Sao Manoel
15124,Avental de Raspa Barbeiro com Mangas g CA 17816 9006,Sao Manoel
15126,Avental de Raspa com Forro e Mangas 120/70 CA,Zanel
15128,Avental de Raspa com Mangote + Luva + Perneira de Raspa SÃO MANOEL,Sao Manoel
15130,Avental de Raspa Frontal 120 X 60 cm CA 17816 9004,Sao Manoel
15132,"Avental de Raspa sem Costura 1,2m com Perneira de Raspa e Luva de Raspa Média SÃO MANOEL",Sao Manoel
15135,"Avental de Raspa sem Costura 60cm X 1,00m CA 19515 9001 SÃO MANOEL",Sao Manoel
15136,"Avental de Raspa sem Costura 60cm X 1,2m CA 19515 9003 SÃO MANOEL",Sao Manoel
15139,Avental de Raspa sem Mangas Tipo Açougueiro (soldador) com Costura 120x60cm CA,Zanel
15140,Avental de Raspa sem Mangas Tipo Açougueiro (soldador) com Costura 60cmx1.00mt CA,Zanel
15143,Avental de Raspa sem Mangas Tipo Açougueiro (soldador) sem Costura 120x60cm CA,Zanel
15144,Avental de Raspa sem Mangas Tipo Açougueiro (soldador) sem Costura 60cmx1.00mt CA,Zanel
15145,"Avental em Raspa 1,00 X 0,60 m sem Costura",Carbografite
15148,Avental de Raspa Tipo Barbeiro com Emendas e Gola CA,Zanel
15150,"Avental PVC Forrado 1,20 X 0,65m Branco 69",Brasopolis
15152,"Avental PVC Forrado 1,20 X 0,65m Preto 87",Brascamp
15153,Avental Raspa sem Costura com Luva de Raspa 20cm e Perneira de Raspa com Velcro SÃO MANOEL,
15155,"Avental Trevira Laranja/preto 1,20 X 0,70m",Plastcor
15157,"Avental Vinil 1,20x0,70m Incolor 112",Brasopolis
15164,Bacia Redonda 6 Litros 2036,Lupus
15168,Badame para Acanelar Interno 1616 Aço FAI 1616 DP30,Souza Fer
15171,Badame para Acanelar Interno 2020 Aço FAI 2020 DP30,Souza Fer
15178,Balanceadora de Rodas Manual Monofásica Azul MR50,Ribeiro
15183,Balanceadora de Rodas Motorizada Azul MR70,Ribeiro
15184,Balanceadora de Rodas Motorizada Vermelho,Máquinas Ribeiro
15185,Balanceadora de Rodas Motorizada Vermelho MR70,Ribeiro
15190,Balancim 0.4 a 1.0kg 1.6mt Industrial (mola),Chicago
15192,Balancim 0.5 a 3.0 kg Industrial P-3,Draw
15194,Balancim 1.0 a 2.0kg 1.6mt Industrial (mola),Chicago
15196,Balancim Capacidade de 0.3 kg a 0.8 kg SB - 600,Carbografite
15198,Balancim Capacidade de 0.5 kg a 1.50 kg SB - 1.5K,Carbografite
15201,Balancim Capacidade de 0.6 kg a 1.50 kg SB,Carbografite
15204,Balancim Capacidade de 0.8 kg a 2.0 kg,Carbografite
15206,Balancim Capacidade de 1.00 kg a 2.00 kg SB,Carbografite
15208,Balancim Capacidade de 1.5 kg a 3.00 kg SB,Carbografite
15210,Balancim Capacidade de 1.5 kg a 3.00 kg SB - 3K,Carbografite
15212,Balancim Capacidade de 5.00 kg a 9.00 kg SB - 9K,Carbografite
15213,Balancim Capacidade de 3.00 kg a 5.00 kg SB - 5K,Carbografite
15217,Balancim Capacidade de 9.00 kg a 15.0 kg SB - 15K,Carbografite
15219,Balancim Industrial 0.6 a 3kg,Sigma Tools
15222,Balancim Industrial 2 kg a 5 kg P5,Draw
15223,Balancim Industrial 17 kg a 23 kg P23,Draw
15227,Balancim Industrial 22 kg a 28 kg P25,Draw
15229,Balancim Industrial 27kg a 34kg P-30,Draw
15230,Balancim Industrial 3.0 a 5.0kg,Sigma Tools
15231,Balancim Industrial 5.0 a 9.0kg,Sigma Tools
15233,Balancim Industrial 9 kg a 12 kg P12,Draw
15235,Balancim Industrial 7 kg a 10 kg P10,Draw
15237,Balancim Industrial de Mola 4 kg a 8 kg para Ferramentas Pneumáticas P-8,Draw
15239,Balancim para Ferramentas Pneumáticas 1.5 a 3.0 kg LBS2,Schulz
15242,Balancim para Ferramentas Pneumáticas 0.6 a 1.5 kg LBS1,Schulz
15244,Balancim para Ferramentas Pneumáticas 3.0 a 5.0 kg,Carbografite
15245,"Balancim para Ferramentas Pneumáticas 5,0 a 9,0 kg",Puma
15248,Balancim para Ferramentas Pneumáticas de 0.6 a 1.5kg,Puma
15250,Balancim para Ferramentas Pneumáticas de 3.0 a 5.0kg,Puma
15251,Balancim para Ferramentas Pneumáticas de 1.5 a 3.0kg,Puma
15253,Balancim para Ferramentas Pneumáticas HSB-1 (300-1200G),Carbografite
15255,Balancim Profissional 3.0 a 5.0kg,Sigma Tools
15261,Balde de Nylon 300x350mm,Carbografite
15267,Balde de Lona 350mm X 300mm CG 435,Carbografite
15271,Balde Graduado 10 Litros com Bico Bicromatizado,Lubefer
15272,Balde Graduado com Bico Bicromatizado 20 Litros,Lubefer
15275,Balde Graduado em Aço Inox 20 Litros,Lupus
15278,Balde Métalico para Concreto 10 Litros,Nove54
15284,Balde para Mistura e Transporte Graduado de 20 Litros Transparente 6681,Bremen
15296,Balômetro Teste Vazamento de Ar -20 a +60 °C 420,Testo
15597,Bandaca de Trabalho Multiuso,Cortag
15599,Bandagem Industrial Taperepair 10cm X 9m TR2,Tapmatic
15603,"Bandagem Industrial Taperepair 5cm X 3,6m TR1",Tapmatic
15632,Banqueta em Alumínio com 2 Degraus,Alulev
15642,Banqueta Industrial em Alumínio com 2 Degraus (Ref BI-401),Alulev
15645,Banqueta Industrial em Alumínio com 2 Degraus (Ref BI-501),Alulev
15646,Banqueta Isolante Fibra de Vidro 30cm 50 KVA,Cogumelo
15684,Barra Roscada 1/2'' X 1 Metro UNC Zincada,Ancora
15685,Porta Abrir Veneziana Total Esquerda 210x70cm,ESQUADROMIL
15686,"Porta Angelim Lisa 210X60X3,5cm",DIFLADI
15688,Barra Roscada 1/2'' X 3 Metros,Cemar
15689,Barra Roscada 1/4'' X 3 Metros,Cemar
15690,"Porta Angelim Lisa 210x70x3,5 cm",DIFLADI
15691,"Porta Angelim Lisa 210X80X3,5cm",DIFLADI
15692,Barra Roscada 1/4'' X 3 Metros UNC Zincada,Ancora
15693,Porta Branca Abrir Veneziana Total Direita 210x70cm,ESQUADROMIL
15694,Barra Roscada 3/8'' X 3 Metros,Cemar
15695,Barra Roscada 5/16'' X 1 Metro UNC Zincada,Ancora
15696,Porta Branca Abrir Veneziana Total Direita 210x80cm,ESQUADROMIL
15697,Porta Branca Abrir Veneziana Total Esquerda 210x80cm,ESQUADROMIL
15698,Porta Branca Abrir Veneziana Total Esquerda 210x70cm,ESQUADROMIL
15699,Barra Roscada 5/16'' X 3 Metros,Cemar
15700,Barramento Neutro Azul,Steck
15701,Porta Branca de Abrir C/postigo Direita 210x80cm,ESQUADROMIL
15703,Porta Branca de Abrir C/postigo Esquerda 210x80cm,ESQUADROMIL
15704,Barramento Neutro com Suporte Azul 8 Ligações 89mm SBN8,Steck
15705,Porta de Abrir C/postigo Esquerda 210x80cm,ESQUADROMIL
15706,Barramento Neutro/11 Furos com Suporte,Cemar
15707,Barramento Neutro/7 Furos com Suporte,Cemar
15708,Porta de Alumínio com Postigo Direita 210x80cm,ESQUADROMIL
15709,Porta de Alumínio com Veneziana Total Direita 210x80cm,ESQUADROMIL
15710,Barramento Pente Bifásico para 12 Disjuntores 80A,Steck
15711,Porta de Alumínio Veneziana Total Direita 210x70cm,ESQUADROMIL
15712,Barramento Pente Bifásico para 16 Disjuntores 80A,Steck
15713,Porta de Alumínio Veneziana Total Esquerda 210x80cm,ESQUADROMIL
15714,Porta de Madeira C/batente de Aço Neblina Mogno 217x65cm Direita,MGM
15715,Barramento Pente Bifásico para 28 Disjuntores 80A,Cemar
15716,Porta Grelha Quadrado Branco,KRONA
15717,Barramento Pente Bifásico para 57 Disjuntores 80A,Steck
15719,Barramento Pente Monofásico para 12 Disjuntores 80A,Steck
15720,Barramento Pente Monofásico para 57 Disjuntores 80A (Steck),Steck
15721,Barramento Pente Monofásico para 16 Disjuntores 80A,Steck
15722,Porta Grelha Quadrado Cromado,KRONA
15723,Porta Grelha para Caixa Sinfonada,TIGRE
15725,Porta Grelha Quadrada Branca,TIGRE
15726,Barramento Pente Trifásico para 12 Disjuntores 80A,Steck
15728,Barramento Pente Trifásico para 19 Disjuntores 80A,Cemar
15729,Porta Grelha Quadrado Prata,TIGRE
15730,Barramento Pente Trifásico para 57 Disjuntores 80A,Steck
15731,Porta Laminada Direita 210x63x6cm,RAMASSOL
15732,Barramento Suporte com Barra Neutro Azul com 12 Ligações para Cabos de 16mm²,Cemar
15733,Porta Laminada Direita Preto Primer Completa 210x83x6cm,RAMASSOL
15734,Barramento Suporte com Barra Neutro Azul com 7 Ligações para Cabos de 16mm²,Cemar
15735,Porta Laminada Esquerda 210x73x6cm,RAMASSOL
15736,Barramento Suporte com Barra Verde 16mm² (Ref 928055),Cemar
15737,Porta Laminada Esquerda Preto Primer Completa 210x83x6cm,RAMASSOL
15738,Porta Laminada Direita 210x73x6cm,RAMASSOL
15739,Barramento Suporte com Barra Verde 16mm² (Ref 928056),Cemar
15740,Porta Neblina Mogno 217x85cm Esquerda: Elegância e Durabilidade para Seu Espaço,MGM
15741,Barramento 10T Verde,Steck
15742,Barramento com Suporte Verde 8 Ligações 89mm SBT8,Steck
15743,Porta Laminada Esquerda 63cm,RAMASSOL
15745,Porta Mista Xadrez 215X83X6cm Esquerda,RAMASSOL
15746,"Base Borracha Cone Pirulito 2,1kg 70.000.131",Plastcor
15747,Porta Papel Higiênico Flat em Grafite Escovado,DOCOL
15748,Barreira Pantográfica para Isolação de Área,Carbografite
15749,Porta Papel Higiênico Trip Cromado,DOCOL
15750,"Base com Velcro 6"" para Lixadeiras Pneumáticas sem Furos PC6P",Puma
15751,Porta Papel Higiênico Soul Aço Escovado,KROMMA
15754,Porta Papel Preto/suporte de Parede Flat Ônix 20cm,DOCOL
15756,Porta PVC Sanfonada Marmorizado 210x72,PERMATTI
15757,Porta PVC Sanfonada Marmorizado 210x97,PERMATTI
15759,Porta PVC Sanfonada Mogno Liso 210x60,PERMATTI
15760,Base Fixação Fusível Unipolar NH00/000 Contato Faca 160A,Weg
15761,Porta Sanfonada Marmorizado PVC 210x60cm,PERMATTI
15762,Base Fixação Fusível Unipolar NH1 Contato Faca 250A,Weg
15763,Porta PVC Sanfonada Mogno Liso 210x97,PERMATTI
15764,Base Fusível Fixação Rápida DZ 25A DIN 35mm,Weg
15765,Porta Sanfonada Marmorizado PVC 210x85cm,PERMATTI
15766,Base Fixação Fusível Unipolar NH2 Contato Faca 400A,Weg
15767,Base Fusível Fixação Rápida DZ 63A DIN 35mm,Weg
15768,Base Fusível NH T000/T00 160A 690V,Siemens
15769,Porta Sanfonada Mogno PVC 210x72cm,PERMATTI
15770,Porta Sanfonada em PVC Branca 210x97cm,PERMATTI
15771,Porta Sanfonada PVC Branca 210x72cm,PERMATTI
15772,Base Giratória para Morsa Hidráulica HS-150 HS-6,Btfixo
15773,Porta Sanfonada Mogno PVC 210x85cm,PERMATTI
15775,Porta Sanfonada PVC Branca 210x85cm,PERMATTI
15776,Porta Sanfonada PVC Branca 60x210cm,PERMATTI
15777,Base Giratória para Morsa Hidráulica,Manrod
15780,Porta Sanfonada PVC Cinza Marmorizado 210x60cm,PERMATTI
15781,Porta Sanfonada PVC Cinza Marmorizado 210x72cm,PERMATTI
15783,Porta Sanfonada PVC Cinza Marmorizado 210x85cm,PERMATTI
15787,Porta Toalha Argola Single Cromado,DOCOL
15791,Porta Toalha Argola Trip Cromado,DOCOL
15792,"Base para Lixadeiras 6"" com Furos e Velcro",Puma
15793,Porta Toalha Barra Clean Black Noir 60 cm,DECA
15796,Porta Toalha Argola Universal Cromado,TIGRE
15797,Porta Toalha Barra Clean Cromado 20Cm,DECA
15798,"Bastão Balizador Articulado 2,00 Metros Smart 1.02.0545",Agmov
15799,Porta Toalha Barra You Cromado 60cm,DECA
15800,Bastão Balizador Articulado 4 Metros Smart 1.02.0608,Agmov
15801,"Bastão Balizador Articulado Smart 2,00 Metros 1.02.0545",Agmov
15802,Porta Toalha Barra Duplo Lorenvogue 2042 C98 Cromado,LORENZETTI
15803,Porta Toalha Bastão Flat Cromado 67cm,DOCOL
15804,Porta Toalha/cabide Cromado Duplo de Parede Talita Stander,METAIS TALITA
15805,"Bastão Balizador Articulado Smart 3,00 Metros 1.02.0487",Agmov
15806,Porta Toalha/cabide Cromado Clean Duplo de Parede,DECA
15807,"Bastão Balizador de Haste Única Smart 1,00 Metro 1.01.0796",Agmov
15808,"Bastão Balizador de Haste Única Smart 1,50 Metros 1.01.0797 (Ref 142789)",Agmov
15809,Porta Toalha Bastão Flat em Cobre Escovado,DOCOL
15810,"Bastão Balizador de Haste Única Smart 1,50 Metros 1.01.0797 (Ref 145128)",Agmov
15811,"Bastão Balizador de Haste Única Smart 2,50 Metros 1.01.1380",Agmov
15812,Porta Toalha/cabide Cromado Simples Talita,METAIS TALITA
15813,Porta Toalha Cromado/barra de Parede Talita 50cm,METAIS TALITA
15814,"Bastão Balizador Offshore Fibra de Vidro 2,30 Metros 1.05.0800",Agmov
15815,"Bastão Balizador Offshore Haste Alumínio 1,50 Metros 1.05.0910",Agmov
15816,Porta Toalha de Rosto Bastão Trip,DOCOL
15817,Porta Toalha de Rosto Idea Cromado,DOCOL
15818,Porta Toalha de Rosto Flat Cobre 30cm,DOCOL
15819,"Bastão Balizador ON/OFF 1,00 Metros CG 1.03.0562",Agmov
15820,Porta Toalha de Rosto Top em Cobre Escovado,DOCOL
15821,"Bastão Balizador On/off CG 1,00 Metro 1.03.0562",Agmov
15822,"Bastão Balizador On/off CG 1,25 Metros 1.03.0323",Agmov
15823,Porta Toalha de Rosto Versa Black Matte 30 cm,DECA
15824,Porta Toalha 60cm Black Matte,DECA
15825,"Bastão Balizador On/off CG 1,50 Metros 1.03.0565",Agmov
15826,"Bastão Balizador On/off CG 2,00 Metros 1.03.0563",Agmov
15827,Porta Toalha Barra Polo Cromado 60cm,DECA
15828,Porta Toalha Barra Polo Cromado 20cm,DECA
15831,Porta Toalha Clean 30cm Cromado: Elegância Funcional para o Seu Banheiro,DECA
15832,Bastão Rei 228.6x25.4mm C20 R5V6,Pontabras
15833,Porta Toalha Clean 50cm Cromado: Funcionalidade e Elegância para Seu Banheiro,DECA
15834,Bastão Salvador Standard 300mm 1.30.0396,Agmov
15835,Bastão Salvador Standard 375mm 1.30.0224,Agmov
15837,Porta Toalha Versa Cromado 60cm,DECA
15838,Bastão Salvador Standard 600mm 1.30.0340 (Ref 142797),Agmov
15839,Bastão Salvador Standard 600mm 1.30.0340 (Ref 142869),Agmov
15840,Porta Toalha Duplo Flat Onix,DOCOL
15841,Bastão Salvador Standard 850mm 1.30.0337,Agmov
15842,Porta Toalha Bastão Idea Cromado,DOCOL
15843,Porta Toalha Flat 30cm Cromado: o Toque Final de Elegância para Seu Banheiro,DOCOL
15845,Porta Toalha em Barra Cromado Lorenvogue,LORENZETTI
15847,Batente para Comparador de Diâmetro Interno 18mm Série 511,Mitutoyo
15848,Porta Toalha Preto de Parede Flat Ônix Barra 60cm,DOCOL
15849,Porta Toalha Talita Argola Stander,METAIS TALITA
15850,Batente para Comparador de Diâmetro Interno 20mm Série 511,Mitutoyo
15851,Batente para Comparador de Diâmetro Interno 26mm Série 511,Mitutoyo
15852,Porta Toalha Top Cromado Bastão,DOCOL
15853,Batente para Comparador de Diâmetro Interno 22mm Série 511,Mitutoyo
15854,Porta Toalha Valle Metais Reto Black 50cm,VALLEMETAL
15855,Porta Toalhas 300 Ônix,DOCOL
15857,Porta Toalhas Bastão Trip,DOCOL
15859,Porta Toalhas de Rosto Flat Grafite Escovado,DOCOL
15861,Porta Toalhas de Rosto You Cromado,DECA
15865,Prateleira Clean em Resina Red,DECA
15866,Porta Toalhas de Rosto Loren Vogue Cromado,LORENZETTI
15868,Prateleira em Resina Polo 2030.GL33.RD Red,DECA
15869,Prateleira Polo Acessórios em Resina Cromado,DECA
15871,Prateleira Loren Like 2030 C78 Cromada,LORENZETTI
15874,Prateleira Revisteiro Decorare 45x10x10cm Branco,PRAT-K
15876,Prateleira Revisteiro Decorare Branco 10x10x70cm,PRAT-K
15878,Prato Quadrado JPQDK30 Café,JAPI
15879,Prato Quadrado JPQDK30 Cimento: a Solução Perfeita para Suas Plantas,JAPI
15881,Prato Redondo Cimento Slim 35cm,JAPI
15883,Prato Redondo JPRDK25 Café,JAPI
15885,Prato Redondo JPRDK30 Café,JAPI
15887,Prato Redondo para Vaso de Planta Pedra 24cm,AFORT
15889,Prato Redondo Linea Chumbo 35,JAPI
15891,Primer Antiumidade 3.8Kg,QUARTZOLIT
15892,"Primer Flex para Pisos 3,6L",QUARTZOLIT
15893,Primer Flex para Pisos 18L,QUARTZOLIT
15898,Primer para Manta Asfáltica 1L,QUARTZOLIT
15899,"Primer para Manta Asfáltica 3,6L",QUARTZOLIT
15902,Primer para Manta Asfáltica Base Água 18l,QUARTZOLIT
15904,Prolongador de Caixinha de Luz 4x4,SLEEK
15905,Prolongador P/caixa de Luz Octogonal Amarelo,KRONA
15907,Prolongador P/caixa Sifonada 150x150mm,KRONA
15908,Prolongador P/caixa de Luz Octogonal Laranja,KRONA
15911,Prolongador P/caixa Sifonada 150x200mm,KRONA
15915,Prolongador P/caixa Sifonada 250x200mm,KRONA
15916,Prolongador para Caixa de Esgoto e Elétrica,KRONA
15917,Prolongador para Caixa Múltipla 1 Entrada dn300 - Qualidade e Eficiência,TIGRE
15919,Prolongador para Caixa Sifonada 150x200mm,TIGRE
15921,Prolongador para Caixa Múltipla S/entrada,TIGRE
15923,Prolongamento P/caixa Sifonada 250mmx200mm - Eficiência e Qualidade,TIGRE
15925,Protetor de Armadura 1kg,QUARTZOLIT
15927,Protetor Montante Dryfix,TIGRE
15929,Prumo de Parede,CORTAG
15930,Purificador de Água Branco Gioviale,LORENZETTI
15933,Purificador de Água Acqua Bella de Parede - Branco,LORENZETTI
15938,Purificador de Água Vitale - Branco,LORENZETTI
15939,Purificador de Água Acqua Due Branco,LORENZETTI
15964,Quadro Sistema VDI de Embutir 30x50,KRONA
15967,Quadro Sistema VDI de Embutir 30x30,TIGRE
15969,Quadro Sistema VDI de Embutir 40x40,TIGRE
15971,Quadro Sistema VDI de Embutir 20x20,TIGRE
15973,"Ralo Elegance Aço Inox Escovado 12,5x12,5cm",MOZAIK
15975,"Ralo Elegance Aço Inox Escovado 17,5x17,5cm",MOZAIK
15977,"Ralo Elegance Aço Inox Ouro 12,5x12,5cm",MOZAIK
15979,"Ralo Elegance Aço Inox Ouro 17,5x17,5cm",MOZAIK
15981,"Ralo Elegance Aço Inox Polido 12,5x12,5cm",MOZAIK
15983,"Ralo Elegance Aço Inox Preto 12,5x12,5cm",MOZAIK
15986,"Ralo Elegance Aço Inox Preto 17,5x17,5cm",MOZAIK
15988,Ralo Galvanizado com Caixilho 10x50cm,RONCONI
15989,"Ralo Elegance Polido 17,5x17,5cm",MOZAIK
15990,Ralo Galvanizado com Caixilho 10x100cm,RONCONI
15993,Ralo Grelha Aço Inox 304 com Caixa 15x15cm,DINOX
15995,Ralo Grelha Aço Inox 304 sem Caixilho 10x10cm,DINOX
15996,Ralo Grelha Aço Inox 304 sem Caixilho 15x15cm,DINOX
15999,Ralo Inox com Sifão Polido Rapp1010 10x10cm,MOZAIK
16001,Descrição Técnica,RALO LINEAR
16002,Oculto 120 cm Base PVC: Solução Inovadora para Drenagem de Águas,RALO LINEAR
16004,Invisível Branco 50cm,TIGRE
16008,Invisível Branco 70cm,TIGRE
16010,Invisível Branco 90cm,TIGRE
16011,Inox Tampa Oculta Saída Lateral 80cm,MOZAIK
16013,Tampa Oculta,RALO LINEAR
16018,Royal com Tampa Inox 80cm,RALO LINEAR
16019,Royal com Tampa Oculta,RALO LINEAR
16021,Royal com Tampa Oculta 80cm,RALO LINEAR
16022,Smart Tampa Inox sem Sifão 70cm,RALO LINEAR
16026,Smart Tampa Oculta sem Sifão 60cm,RALO LINEAR
16027,Smart Tampa Oculta sem Sifão 70cm,RALO LINEAR
16028,Square Tampa Inox Escovado 15x15cm,RALO LINEAR
16032,Square Tampa Oculta 15x15cm,RALO LINEAR
16033,Square Tampa Oculta 10x10cm,RALO LINEAR
16035,Flat Grelha Branca 50cm,TIGRE
16036,Flat Grelha Branca 70cm,TIGRE
16039,Flat Grelha Branca 90cm,TIGRE
16040,Flat Grelha Inox 50cm,TIGRE
16043,Flat Grelha Inox 70cm,TIGRE
16045,Versatile Tampa Inox Escovado 75cm,RALO LINEAR
16046,Flat Grelha Inox 90cm,TIGRE
16048,Versatile Tampa Oculta 75cm,RALO LINEAR
16051,Ralo para Pia 3.1/2 Americana Inox,ASTRA
16052,Ralo Quadrado com Saída Articulada 100x40mm,TIGRE
16055,Ralo Quadrado Tampa Oculta 10x10cm,RALO LINEAR
16057,Ralo Quadrado Tampa Oculta 15x15cm,NOVII
16059,Ralo Quattro Tampa Oculta Mini 10x10cm,MOZAIK
16061,Ralo Quattro Tampa Oculta 15x15cm,MOZAIK
16062,Ralo Galvanizado com Caixilho 15x100,RONCONI
16064,Ralo Sifonado Cônico Branco 100x40mm,TIGRE
16066,Ralo Sifonado Quadrado Branco 100x52x40mm,KRONA
16068,Ralo Sifonado Branco 100x53x40mm,TIGRE
16070,Ramo Latão Cotovelo Bolsaxfemea N.11 BXR 22X1/2,FORUSI
16073,Ramo Latão Curva Transposição 22mm,FORUSI
16075,Raspador de Argamassa: Precisão e Eficiência em Acabamentos,CORTAG
16076,Raspador de Rejunte Standard,CORTAG
16078,Redução Excêntrica de Esgoto 200x150mm,SHIVA
16081,Redução Excêntrica Esgoto 100x50mm,KRONA
16084,Baú para Ferramentas 635x1219x609mm 2448,Greenlee
16086,Baú para Ferramentas 762x1219x762mm 3048,Greenlee
16087,Baú para Ferramentas com Bandeja 02,Fercar
16089,Baú para Ferramentas com Bandeja 400mm 640,Marcon
16090,Redução Excêntrica Esgoto Primário 100x50mm,TIGRE
16091,Redução Excêntrica Esgoto Primário 100x75mm,TIGRE
16092,Baú para Ferramentas com Bandeja 500mm 650,Marcon
16093,Redução Excêntrica Esgoto Série Normal 100x75,KRONA
16095,Baú para Ferramentas sem Bandeja,Marcon
16096,Baú para Ferramentas sem Bandeja 300mm R-30,Marcon
16098,Redução Excêntrica Esgoto 250x200mm,TIGRE
16100,Baú para Ferramentas sem Bandeja 500mm 750,Marcon
16101,Redução Excêntrica Série R 75x50mm,TIGRE
16102,Baú Reforçado com Bandeja Removível 700x370x280mm Azul 15,Fercar
16104,Baú Reforçado para Ferramentas com Bandeja Removível 600x300x250mm 14,Fercar
16105,Bebedouro de Mesa 65W Bivolt,Ventisol
16106,Redução Excêntrica Série R 100x75mm: a Solução Ideal para Seus Projetos de Instalação,TIGRE
16107,Redução Excêntrica Série R 150x100mm: a Conexão Perfeita para Suas Instalações,TIGRE
16109,"Bedame HSS 1/2"" X 1/8"" X 6"" (Ades)",Ades
16110,Refil Blindado,ACQUABIOS
16111,Refil Purificador Gioviale,LORENZETTI
16112,"Bedame HSS 1/2"" X 1/8"" X 6"" (Ref UL-104, Nvo)",Nvo
16113,"Bedame HSS 1/2"" X 3/32"" X 4.1/2""",Ades
16114,Refil para Filtro Acqua Bella/vitale,LORENZETTI
16115,Refil para Filtro Twin 4266.088,DECA
16117,"Bedame HSS 1/2""x 1/8"" X 6""",Htom
16118,Refil para Purificador Acqua Due,LORENZETTI
16119,"Bedame HSS 1"" X 3/16"" X 6""",Ades
16121,"Bedame HSS 12 1 X 3/16"" X 6""",Htom
16123,"Bedame HSS 12 3/4"" X 5/32"" X 6""",Htom
16124,"Bedame HSS 12 3/4"" X 1/8"" x5"" (Ref 38513, Htom)",Htom
16126,"Bedame HSS 12 7/8"" X 1/8"" X 6""",Htom
16128,"Bedame HSS 3/4"" X 1/8"" X 5"" (Ades)",Ades
16130,"Bedame HSS 3/4"" X 1/8"" X 5"" (Ref UL-115, Nvo)",Nvo
16133,"Bedame HSS 3/4"" X 1/8"" X 6"" (Ades)",Ades
16135,"Bedame HSS 3/4"" X 1/8"" X 6"" (Ref 41542, Htom)",Htom
16136,"Bedame HSS 3/4"" X 1/8"" X 6"" (Ref UL-116, Nvo)",Nvo
16139,"Bedame HSS 3/4"" X 5/32"" X 6""",Ades
16140,"Bedame HSS 3/4"" X 3/16"" X 6""",Ades
16142,"Bedame HSS 5/8"" X 1/8"" X 6"" (Ades)",Ades
16143,"Bedame HSS 5/8"" X 1/8"" X 5""",Nvo
16147,"Bedame HSS 5/8""x1/8""x6""",Htom
16149,"Bedame HSS 5/8"" X 1/8"" X 6"" (Ref UL-108, Nvo)",Nvo
16150,"Bedame HSS 5/8"" X 3/32"" X 5""",Ades
16151,"Bedame HSS 7/8"" X 1/8"" X 6"" (Ref 1026250961, Ades)",Ades
16154,"Bedame HSS 7/8"" X 1/8"" X 6"" (Ref UL-122, Nvo)",Nvo
16155,"Bedame HSS 7/8"" X 3/16"" X 6""",Ades
16158,"Bedame Hss-co 10% 1/2"" X 1/8"" X 6"" (Ades)",Ades
16159,"Bedame Hss-co 10% 1/2"" X 1/8"" X 4.1/2""",Ades
16163,"Bedame Hss-co 10% 1/2"" X 3/32"" X 4.1/2"" (Ades)",Ades
16164,"Bedame Hss-co 10% 1/2"" X 1/8"" X 6"" (Ref SU-504, Nvo)",Nvo
16166,"Bedame Hss-co 10% 1/2"" X 3/32"" X 4.1/2"" (Ref SU-500, Nvo)",Nvo
16168,"Bedame Hss-co 10% 1"" X 1/8"" X 6""",Ades
16171,"Bedame Hss-co 10% 1"" X 3/16"" X 6""",Ades
16172,"Bedame Hss-co 10% 3/4"" X 1/8"" X 5"" (Ades)",Ades
16176,"Bedame Hss-co 10% 3/4"" X 1/8"" X 5"" (Ref SU-515, Nvo)",Nvo
16177,"Bedame Hss-co 10% 3/4"" X 1/8"" X 6"" (Ref SU-516, Nvo)",Nvo
16178,"Bedame Hss-co 10% 3/4"" X 1/8"" X 6"" (Ades)",Ades
16180,"Bedame Hss-co 10% 3/4"" X 3/16"" X 6""",Ades
16181,"Bedame Hss-co 10% 5/8"" X 1/8"" X 5""",Ades
16184,"Bedame Hss-co 10% 3/4"" X 5/32"" X 6""",Ades
16187,"Bedame Hss-co 10% 5/8"" X 1/8"" X 6"" (Ades)",Ades
16188,"Bedame Hss-co 10% 5/8"" X 1/8"" X 6"" (Ref SU-508, Nvo)",Nvo
16190,"Bedame Hss-co 10% 5/8"" X 5/32"" X 6""",Ades
16191,"Bedame Hss-co 10% 5/8"" X 5/32"" X 5""",Ades
16192,"Bedame Hss-co 10% 7/8"" X 1/8"" X 6""",Ades
16196,"Bedame Hss-co 10% 7/8"" X 3/16"" X 6""",Ades
16197,Bedame para Acanalar Interno Aço FAI 1212 DP30,Souza Fer
16200,"Bedame Hss-co 10% 7/8"" X 5/32"" X 6""",Ades
16201,Bedame para Sangrar/cortar Aço ISO 7 1208 DK10,Souza Fer
16204,Bedame para Sangrar/cortar Aço ISO 7 2012 DP30,Souza Fer
16207,Bedame para Sangrar/cortar Aço ISO 7 2516 DK10,Souza Fer
16208,Bedame para Sangrar/cortar FOFO ISO 7 2012 DK10,Souza Fer
16211,Bedame para Sangrar/cortar FOFO ISO 7 1212 EK01,Souza Fer
16250,Registros Duas Porcas,TIGRE
16253,Régua de Alumínio Grossa para Pedreiro 2 Metros Azul,NOVO HORIZONTE
16254,Registros Duas Porcas 85mm,TIGRE
16258,Régua para Pedreiro em Alumínio 2 Metros,NOVO HORIZONTE
16259,Rejuntamento Flexível Cinza Platina 5kg,QUARTZOLIT
16261,Rejunte Acrílico 1 kg Marrom,QUARTZOLIT
16262,Rejunte Acrílico 1Kg,QUARTZOLIT
16265,Rejunte Acrílico Cairo 1Kg,QUARTZOLIT
16266,Rejunte Acrilico Marfim 1Kg,QUARTZOLIT
16267,Rejunte Acrilico Cinza Ártico 1Kg,QUARTZOLIT
16271,Rejunte Acrílico Palha 1Kg,QUARTZOLIT
16272,Rejunte Acrílico Cinza Outono 1kg,QUARTZOLIT
16275,Rejunte Acrílico Preto Grafite 1Kg,QUARTZOLIT
16276,Rejunte Acrílico Ypê 1Kg,QUARTZOLIT
16278,Rejunte Cerâmicas Cortiça 1kg,QUARTZOLIT
16280,Rejunte Cerâmicas Flexível Marrom Café 5Kg,QUARTZOLIT
16282,Rejunte Cerâmicas Flexível Cairo 1Kg,QUARTZOLIT
16283,Rejunte Cerâmicas Flexível Cinza Outono 5Kg,QUARTZOLIT
16285,Rejunte Cerâmico Flexível Cortiça 5kg,QUARTZOLIT
16289,Rejunte Époxi 1kg Cinza Ártico,QUARTZOLIT
16290,Rejunte Epóxi Cinza Outono 1Kg,QUARTZOLIT
16291,Rejunte Epóxi Marfim 1Kg,QUARTZOLIT
16295,Rejunte Epóxi Marrom Café 1Kg,QUARTZOLIT
16297,Rejunte Epóxi Palha 1Kg,QUARTZOLIT
16299,Rejunte Epoxi Preto Grafite 1kg,QUARTZOLIT
16300,Rejunte Flexível Cinza Ártico 5kg,QUARTZOLIT
16303,Rejunte Flexível 1Kg Corda,QUARTZOLIT
16304,Rejunte Flexível Branco 1Kg,QUARTZOLIT
16306,Rejunte Flexível Cairo 5Kg,QUARTZOLIT
16309,Rejunte Flexível Caramelo 5Kg,QUARTZOLIT
16310,Rejunte Flexível Caramelo 1Kg,QUARTZOLIT
16313,Rejunte Flexível Cerâmicas 5 kg Branco,QUARTZOLIT
16314,Betoneira 120 Litros Monofásica com Painel 220V,Csm
16315,Rejunte Flexível Cerâmicas 5 kg Palha,QUARTZOLIT
16316,"Betoneira 150 Litros com Motor Monofásica 0,5CV 220V CS 150 l",Csm
16317,Rejunte Flexível Cerâmicas 5 kg Marrom Tabaco,QUARTZOLIT
16318,Rejunte Flexível Cerâmicas 5Kg,QUARTZOLIT
16319,Rejunte Flexível Cerâmicas 5 kg Preto Grafite,QUARTZOLIT
16322,Rejunte Flexível Cerâmicas 1kg,QUARTZOLIT
16323,Rejunte Flexível Cerâmicas Corda 5Kg,QUARTZOLIT
16327,Rejunte Flexível Cinza Ártico 1Kg,QUARTZOLIT
16329,Rejunte Flexível Cinza Outono 1Kg,QUARTZOLIT
16330,Rejunte Flexível Marrom Café 1Kg,QUARTZOLIT
16333,Betoneira 400 Litros Monofásica com Painel 220V 1 TRAÇO SUPER 400,Csm
16336,Rejunte Flexível Marrom Tabaco 1Kg,QUARTZOLIT
16337,Rejunte Flexível Palha 1Kg,QUARTZOLIT
16338,Rejunte Flexível Platina 1Kg,QUARTZOLIT
16345,Rejunte Piscina Azul Cobalto 5Kg,QUARTZOLIT
16354,Rejunte Porcelanatos e Cerâmicas Argila 1kg,QUARTZOLIT
16355,Rejunte Porcelanatos e Cerâmicas 1Kg,QUARTZOLIT
16357,Rejunte Porcelanatos e Cerâmicas Cinza Ártico 1Kg,QUARTZOLIT
16358,Rejunte Porcelanatos e Cerâmicas Caramelo 1Kg,QUARTZOLIT
16362,Rejunte Porcelanatos e Cerâmicas Cinza Ártico 5Kg,QUARTZOLIT
16363,Rejunte Porcelanatos e Cerâmicas Cinza Urbano 1kg,QUARTZOLIT
16366,Rejunte Porcelanatos e Cerâmicas Marfim 1Kg,QUARTZOLIT
16367,Rejunte Porcelanatos e Cerâmicas Kraft 1kg,QUARTZOLIT
16369,Rejunte Porcelanatos e Cerâmicas Marrom Canela 5Kg,QUARTZOLIT
16370,Rejunte Porcelanatos e Cerâmicas Marrom Tabaco 1Kg,QUARTZOLIT
16373,Rejunte Porcelanatos e Cerâmicas Palha 1Kg,QUARTZOLIT
16376,Rejunte Porcelanatos e Cerâmicas Preto Grafite 1Kg,QUARTZOLIT
16377,Rejunte Porcelanatos e Cerâmicas Tijolo 1kg,QUARTZOLIT
16378,Rejunte Acrílico 1kg Cinza Platina,QUARTZOLIT
16379,Bico Aplicador Staticmix 3.2mm com 10 Peças B16E,Loctite
16380,"Bico Automático para Abastecimento 1""",Lupus
16382,Rejunte Acrílico 1kg Corda,QUARTZOLIT
16383,Rejunte Acrílico Piscina Verde 1kg,QUARTZOLIT
16384,Rejunte Branco Acrílico 1kg,QUARTZOLIT
16385,Rejunte Epóxi 1 kg,QUARTZOLIT
16386,"Bico Automático para Abastecimento 1"" Verde 4628",Bremen
16387,"Bico Automático para Abastecimento Curto 3/4"" Preto 4651",Bremen
16388,Rejunte Epóxi 1 kg Branco,QUARTZOLIT
16389,"Bico Automático para Abastecimento Saída 1"" Curto BR120 1843",Bremen
16391,Bico de Aquecimento N°300 Acetileno BMA AC,Condor
16392,Bico de Ar de Botão em Alumínio para Limpeza 8,Arprex
16393,Rejunte Epóxi 1 kg Cinza Platina,QUARTZOLIT
16395,Rejunte Epóxi 1 kg Corda,QUARTZOLIT
16396,Rejunte Flexível Preto Grafite 1Kg,QUARTZOLIT
16397,Rejunte para Piscina Cinza Platina 5Kg,QUARTZOLIT
16398,Bico de Baixa Pressão para Lavadora 9.371-008.0,Karcher
16399,Rejunte para Piscina Verde Floresta 5Kg,QUARTZOLIT
16401,"Bico de Ar para Limpeza (Ref LUB-1989C, Lubefer)",Lubefer
16402,"Bico de Contato M6 1,2mm",Esab-Tbi
16403,Rejunte para Piscinas 5Kg Azul Celeste,QUARTZOLIT
16404,Rejunte para Piscinas 5Kg Branco,QUARTZOLIT
16406,Bico de Contato M6 8mm,Esab-Tbi
16408,Bico de Contato M6 1mm,Esab-Tbi
16410,"Bico de Contato M8 0,8mm",Esab-Tbi
16412,"Bico de Contato M8 1,2mm",Esab-Tbi
16414,"Bico de Contato M8 1,6mm",Esab-Tbi
16417,Bico de Contato M8 1mm,Esab-Tbi
16418,Bico de Contato M8x30mm ECU 1.6,Esab-Tbi
16434,Rejunte Porcelanatos e Cerâmicas Argila 5kg,QUARTZOLIT
16435,Rejunte Porcelanatos e Cerâmicas Cortiça 5kg,QUARTZOLIT
16438,Rejunte Porcelanatos e Cerâmicas Kraft 5kg,QUARTZOLIT
16440,Rejunte Porcelanatos e Cerâmicas Preto Grafite 5kg,QUARTZOLIT
16441,Rejunte Porcelanatos e Cerâmicas Marfim 5kg,QUARTZOLIT
16444,Rejunte Porcelanatos e Cerâmicas Preto Ônix 5kg,QUARTZOLIT
16445,Rejunte Porcelanatos e Cerâmicas Tijolo 5kg,QUARTZOLIT
16446,Rejunte Superfino Porcelanatos e Cerâmicas Ype 1Kg,QUARTZOLIT
16449,Rejunte Urbano Porcelanatos e Cerâmicas 5kg,QUARTZOLIT
16450,Rejunte Superfino 2Kg,QUARTZOLIT
16452,Rejunte Superfino Branco 2Kg,QUARTZOLIT
16453,Rejunte Superfino Marrom Café 2Kg,QUARTZOLIT
16458,Conheça o Removedor Pastoso,Farben
16459,Rejunte Superfino Marrom Tabaco 2Kg,QUARTZOLIT
16461,"Repara Trinca 1,5kg",QUARTZOLIT
16462,Repara Trinca 500g,QUARTZOLIT
16466,Bico de Fluído 1.8mm para Pistolas de Pintura (Ref AV-0213-18),Devilbiss
16467,Bico de Fluido 1.1mm,Devilbiss
16468,Repele Água 18L,QUARTZOLIT
16470,Bico de Fluído 1.8mm para Pistolas de Pintura (Ref AV-2115-EX),Devilbiss
16473,Reservatório Inox Térmico 304 Horizontal Alta Pressão 600L,KOMECO
16475,Reservatório Inox Térmico 304 Horizontal Alta Pressão 400L,KOMECO
16476,Reservatório Inox Térmico 304 Horizontal Baixa Pressão,KOMECO
16477,Bico de Limpeza com Bico Longo com Gatinho 100mm -8SL,Arprex
16478,"Bico de Limpeza com Gatilho Bico Longo 1/4""",Puma
16479,Reservatório Inox Térmico 304 Horizontal Baixa Pressão 200L,KOMECO
16480,Bico de Limpeza com Gatilho BL-2,Bozza
16481,Reservatório Inox Térmico 304 Horizontal Baixa Pressão 300L,KOMECO
16483,Reservatório Inox Térmico 304 Horizontal Baixa Pressão 400L,KOMECO
16484,Reservatório Inox Térmico 304 Horizontal Baixa Pressão 800L,KOMECO
16485,"Bico de Limpeza com Gatinho 1/4""",Puma
16486,Bico de Limpeza em Alumínio,Puma
16487,Resina Acqua Multiuso Incolor 18L,HYDRONORTH
16488,Bico de Limpeza em Alumínio com Gatilho Bico Longo MS 2-TL,Steula
16489,Resina Acqua Incolor,HYDRONORTH
16490,Bico de Limpeza em Alumínio com Gatilho MS 2,Steula
16491,"Resina Acrílica Acqua Cerâmica Galão Cor Telha 3,6L",HYDRONORTH
16492,"Resina Acrílica Acqua Incolor Galão 3,6l",HYDRONORTH
16493,Bico de Limpeza em Polipropileno Azul com Vazão Controladora BSP 1/4 MS,Steula
16494,"Resina Acrílica Base Solvente para Telha 3,6l Cerâmica",HYDRONORTH
16495,Resina Acrílica Multiuso Acqua 18L Cerâmica,HYDRONORTH
16497,Bico de Limpeza Injetado com Gatilho Longo,Schweers
16499,Resina Impermeabilizante Base de Solvente Incolor,HYDRONORTH
16501,Resina Acrílica Multiuso Solvente Incolor 18L,HYDRONORTH
16504,"Resina Multiuso Base Solvente Incolor 3,6L",HYDRONORTH
16505,Resistência 220V Loren Shower,LORENZETTI
16506,Bico de Limpeza Nylon com Gatilho OMEGA 8,Arprex
16508,Resina Multiuso Cerâmica/telha,HYDRONORTH
16509,Resistência Bella Ducha 4T,LORENZETTI
16510,Bico de Limpeza Plástico com Bico de Segurança MS 15-P VC,Steula
16512,Resistência Duo Shower e Ducha Futura 3060A 127V,LORENZETTI
16514,Resistência para Aquecedor 127V 500W,LORENZETTI
16515,Bico de Limpeza Reto com Gancho,Puma
16517,Bico de Trava para Encher Pneus MS 11,Steula
16518,Resistência para Aquecedor Versátil 220V 5500W 755G,LORENZETTI
16520,Bico Duplo para Encher Pneu 140mm BC,Steula
16525,Bico Duplo para Encher Pneus MS 5-CR,Steula
16549,Bico Leque Alta Potência 5.765-067.0,Karcher
16551,Resistência para Ducha Bello Banho 127V 3T,LORENZETTI
16554,Resistência para Ducha Higiênica 127V,LORENZETTI
16564,Bico Misturador 125ml 10 Peças STATMIX BIG,Loctite
16566,Bico Misturador 200/400ml 10mm 10 Peças,Loctite
16567,Bico Misturador 200/400ml 8mm 10 Peças,Loctite
16570,Bico Misturador 25ml 12 Peças TEROSON ET QUAD ST MIX SMALL,Loctite
16572,Bico Misturador 400ml 6mm com 10 Peças STATICMIXER,Loctite
16575,Bico Misturador 400ml 8mm 10 Peças para AA H8510 STATICMIX 24E,Loctite
16577,Bico Misturador 5.4 X 40mm Ajustável,Loctite
16579,Bico Misturador 50ml 5mm 10 Peças para HY 4080 STATICMIX 24E,Loctite
16580,Bico Misturador 50ml 6mm 20E B 10 Peças STATICMIX B,Loctite
16583,Bico Misturador para Aplicador,Ancora
16588,Bico para Engraxadeira Manual 4 Castanhas,Nove54
16590,Bico para Limpeza em Alumínio MS 4,Steula
16591,Bico para Lavadora MB 0147C Turbo Rotopower 852872 JHF 4X,Hydronlubz
16593,Bico para Limpeza em Alumínio MS 4-TL,Steula
16596,Bico para Limpeza em Alumínio MS 6,Steula
16604,Bico Power 25080 5.765-058.0,Karcher
16605,Bico Power 25040 para HD 6/15 5.765-050.0,Karcher
16617,Bico Turbo para Lavadora HD/HDS 07/08 9.302-496.0,Karcher
16621,Bico Turbo para Lavadora HD 585 9.302-49,Karcher
16625,Bico Turbo Simples para Lavadora,Karcher
16626,Biseladora/chanfradeira 45gr 60mm 1250W 220V B45S,Euroboor
16627,Biseladora/chanfradeira 45gr 60mm 1250W 220V B45S - max,Euroboor
16629,Biseladora/chanfradeira 60gr 24mm 1800W 200V B60S,Euroboor
16632,Biseladora Elétrica 150 a 340mm 750W 220V ISY 351,Merax
16633,Biseladora Elétrica 20 a 28mm 750W 220V ISY,Merax
16638,"Biseladora Elétrica 6"" a 12"" 1000W 220V ISD 323",Merax
16639,Biseladora Pneumática 150 a 340mm TCM 351,Merax
16640,Biseladora Elétrica 65 a 159mm 750W 220V ISY 150,Merax
16641,"Biseladora Portátil com Cabeçote 37 1/2"" 220V/230V",Ridgid
16644,Bisnaga Almotolia Plástica 200ML 1002H SS,SS
16645,Bisnaga Almotolia Plástica 500ML 1002I SS,SS
16728,Restimento de Parede,INCEFRA
16841,Rodapé Biancrogres Tech Branco Liso 15x240cm,BIANCOGRES
16842,Rodaforro PVC Tipo F Standart 6 Metros,FORTLEV
16845,Rodapé Classico Branco Frisado 7x240cm,BIANCOGRES
16847,Rodapé 10x190cm Carvalho,DETALLI
16848,Rodapé Clássico Branco Frisado 10x240cm,BIANCOGRES
16849,"Rodapé Liso 15x24,4cm Branco",DETALLI
16853,Rodapé Estilo 18 70x2400x15cm,EUCAFLOOR
16856,Rodape Estilo Nº10 240 X 7cm,EUCAFLOOR
16857,Rodape Fit Branco Frisado 10x240cm,BIANCOGRES
16859,Rodapé Fit Branco Frisado 7x240cm,BIANCOGRES
16861,Rodapé Fit Branco Frisado 15x240cm,BIANCOGRES
16864,Rodapé Guarnição Fit Branco 7x240,BIANCOGRES
16865,Rodapé Fit Branco Liso 10x240cm,BIANCOGRES
16866,Rodapé Liso Branco em Poliestireno 10x240cm,ARQUITECH
16868,Rodapé Poliestireno 454 com 100mm Altura,SANTA LUZIA
16870,Rodapé 480 Frisado Branco 15x24cm Unidade,SANTA LUZIA
16871,Rodapé 456 Frisado Branco 7x24cm Unidade,SANTA LUZIA
16874,"Rodapé com Friso LEV102 Branco de Poliestireno 10x1,3cm",SANTA LUZIA
16876,Rodapé de Poliestireno Fris Black 100×16×2400 mm,SANTA LUZIA
16879,Rodapé Frisado 7x240cm Branco,SANTA LUZIA
16880,Rodapé Frisado Branco 457 10x24cm Unidade,SANTA LUZIA
16882,Rodapé Liso 7x240cm Branco,SANTA LUZIA
16885,"Rodapé Liso LEV101 Branco de Poliestireno 10x1,3cm",SANTA LUZIA
16887,Rodapé Tech Branco Frisado 10x240cm,BIANCOGRES
16888,Rodapé Tech Branco Frisado 15x240cm,BIANCOGRES
16891,Rodapé Tech Branco Liso: o Detalhe Que Faz Toda a Diferença,BIANCOGRES
16892,rolo 23cm Lã de Carneiro 1320,PINCEIS TIGRE
16912,rolo de Lã de Carneiro 23cm,TIGRE
16915,rolo de Lã para Pintura 23cm,TIGRE
16919,rolo de Lã Sintética Microfibra 23cm,PINCEIS TIGRE
16921,rolo de Lã Sintética para Pintura 23cm,TIGRE
16923,rolo de Lã Sintética 61374230 Antirrespingo de 23cm,TIGRE
16925,rolo de Pintura Espuma Amarela 5cm,TIGRE
16926,rolo de Pintura Espuma Amarela 9cm,TIGRE
16929,rolo de Pintura Lã de Carneiro 23cm,TIGRE
16930,rolo Espuma Amarelo R.1342-230 23cm,TIGRE
16932,rolo Lã Sintética Antirrespingo Profissional 9CM,TIGRE
16935,rolo Lona Preta 4x110mt,MAXILONA
16937,rolo Lona Preta 6x110mt,MAXILONA
16939,rolo para Textura Média 23cm,TIGRE
16942,Conheça o rolo Pintura Pro 2111-46 Microfibra 37mm,TIGRE
16945,Conheça o rolo Pintura Pro Microfibra 37mm,TIGRE
16946,Conheça o rolo Pintura Pro Microfibra 46mm,TIGRE
16949,Saboneteira de Parede Talita Stander,METAIS TALITA
16950,Saboneteira Clean de Parede Red,DECA
16952,Saboneteira Flat Cobre Escovado,DOCOL
16955,Saboneteira Flat em Grafite Escovado,DOCOL
16957,Saboneteira Loren Loft Preta,LORENZETTI
16960,Saboneteira Single Inox Polido Cromado de Parede,DOCOL
16964,Salva Piso Kraft com Bolha (Ref 1mx15m),SALVABRAS
16965,Sela Trincas Cartucho 280ml Branco,UNIPEGA
16966,Salva Piso Kraft com Bolha (Ref 1mx25m),SALVABRAS
16969,"Selador Acrílico 3,6L",EUCATEX
16971,Conheça o Selador Acrílico Balde 18L,EUCATEX
16974,"Selador Acrílico Galão 3,6L",SUVINIL
16975,"Selador Selatrinca Paredes 3,6L",SUVINIL
16978,Seladora para Madeira,SUVINIL
16979,"Seladora para Madeira Galão 3,6L",SUVINIL
17010,"Sifão Articulado para Lavatório (entrada: 1""/Saída: 1 1/2"") Cromado",DECA
17013,"Sifão Cromado para Pia/lavatório 1"" 1 1/2""",DECA
17014,Sifão Top para Banheiro Grafite Escovado,DOCOL
17016,Sifão P/banheiro Square Grafite Polido,DOCOL
17018,"Sifão para Banheiro Cromado 1.1/2""",DOCOL
17021,"Sifão para Cozinha Cromado 1.1/2""",DOCOL
17023,Sifão para Lavatório Cromado 1x1,FABRIMAR
17025,"Sifão para Cozinha e Tanque 1 1/2"" 1680 112 Cromado",DECA
17026,"Sifão Sanfonado Universal C/suporte 1,50mt Branco",CENSI
17029,Sifão Sanfonado Multiuso Universal Branco,KRONA
17032,"Sifão Sanfonado Multiuso Copo Branco 32,5x70cm – Praticidade e Eficiência",TIGRE
17033,Sifão Sanfonado Multiuso Universal 66cm – Versatilidade e Qualidade,TIGRE
17047,Silicone Acético Multiuso 50g,QUARTZOLIT
17048,Silicone Neutro Multiuso 280g,QUARTZOLIT
17050,Solução Preparadora Frasco (Ref 1000CC),TIGRE
17053,Silicone Acético Branco 250 ml,UNIPEGA
17056,Solução Preparadora P/tubos e Conexões,KRONA
17058,Solução Preparadora Frasco (Ref 200CC),TIGRE
17061,Solvente Aguarraz,SUVINIL
17064,Solvente Aguarraz 5L,SUVINIL
17068,Spa Floratta Quadrado 179 X 179 X 55 cm Top Line P/6 Pessoas,OURO FINO
17073,Supercal Hidradata 15kg CH-III,ICAL
17076,Suporte Aquapluv Style PVC Branco,TIGRE
17077,Suporte/cabide Preto Inox Fosco de Parede Ônix,DOCOL
17080,Suporte Metálico Aquapluv Zincado,TIGRE
17081,Suporte Metálico Dobrado Aquapluv Style Branco,TIGRE
17084,Suporte para Calha Moldura 25,RC EFICAZ
17089,Suporte para Calha Moldura 30,RC EFICAZ
17091,Suporte para Papel Higiênico Top Polido Cromado,DOCOL
17092,Suporte para rolo de Pintura 23cm,TIGRE
17096,Suporte para Placa 4x2,SLEEK
17097,Suporte PVC Aquapluv 125,TIGRE
17098,Suporte para rolo Pro Ajuste Big Rolo: Versatilidade e Praticidade,TIGRE
17099,Suporte/pendurador Top Argola para Banheiro Cromado,DOCOL
17103,Suporte para rolo Pro 37 mm da Pro – o Acessório Ideal para Acabamento com Qualidade,TIGRE
17105,Suporte para rolo Pro 46 mm da – Mais Robustez e Desempenho para Sua Pintura,TIGRE
17108,Suporte Ultra para rolo de Pintura 23cm,TIGRE
17110,Suviflex Impermeabilizante de Parede 18l,SUVINIL
17112,Conheça a Liqui-base Balde 18L,SUVINIL
17113,Talhadeira Aço Chato N08'',SÃO ROMÃO
17115,Talhadeira SDS Plus 14x250mm,AQUATOOLS
17116,Tampa de Rosca com Anel Injetável P/tanques,FORTLEV
17118,Tampa/moldura Quadro Distribuidor Branco Avulso (Ref 12/16),TIGRE
17120,Tampa/moldura Quadro Distribuidor Branco Avulso (Ref 18/24),TIGRE
17122,Tampa para Caixa D'água de Polietileno 500L,FORTLEV
17124,Tampa para Caixa D'água em Polietileno,FORTLEV
17126,Conheça a Tampa para Caixa D'água em Polietileno 750L,FORTLEV
17130,Tampão em Latão N21 15mm,FORUSI
17133,Tampão em Latão N21 28mm,FORUSI
17134,Tanque Branco Gelo em Mármore Sintético Duplo N1 100x52cm,RORATO
17136,Tanque g 59x52 cm Branco,CELITE
17143,Tanque de Fibra Duplo Gelo 110x55cm,RORATO
17145,Tanque de Lavar Roupas Branco Ergonômico 40L,ASTRA
17146,Tanque de Lavar Roupas Branco Ergonômico 22L,ASTRA
17149,Tanque de Polietileno,FORTLEV
17150,Tanque de Polietileno 500L,FORTLEV
17153,Tanque de Polietileno 1.000L,FORTLEV
17154,Tanque de Polietileno 2.000L,FORTLEV
17157,Tanque de Polietileno 3.000L,FORTLEV
17159,Tanque de Polietileno 5.000L: Solução Robusta e Segura para Armazenamento de Água,FORTLEV
17160,Tanque Inox de Parede Alto Brilho 23 Litros 44x48cm,DOCOL
17163,Tanque Mármore Sintético Duplo 110x59cm Gelo Nº2,RORATO
17164,Tanque Polietileno,FORTLEV
17165,Tanque Simples de Mármore Sintético 55x41cm Gelo,RORATO
17169,Tanque Simples Mármore Sintetico 55x41cm Preto,RORATO
17172,Tanque Sintético Duplo Fibra 100x51cm Preto,RORATO
17174,Tanque Sintético Duplo Mármore 110x52cm Travertino,RORATO
17176,Tanque Sintético Duplo Cinza 100x52cm,RORATO
17178,Tanque Sintético Duplo Gelo 100x51cm,RORATO
17179,Tanque Sintético Duplo Cinza 110x55cm,RORATO
17180,Tanque Sintético Duplo Granitado Preto 110x55cm,RORATO
17183,Tanque Sintético Duplo Preto 100x52cm,RORATO
17185,Tanque Sintético Duplo Travertino 110x55cm,RORATO
17189,"Tanque Suspenso m Branco Brilhante 54,5x48,5cm",CELITE
17191,Tanque Suspenso P 53x38cm,CELITE
17195,Tê 1.1/2 SCH80 Fire - Qualidade e Segurança,TIGRE
17197,Tê 1 Polegada SCH80 Fire - Resistência e Segurança,TIGRE
17199,Tê 2 SHC80 Fire - Segurança e Eficiência,TIGRE
17200,Tê 1.1/4 SCH80 Fire - Qualidade e Segurança,TIGRE
17203,Tê 3/4 SCH80 Tigrefire: Qualidade e Durabilidade para Sua Obra,TIGRE
17204,Tê 90º Aquatherm 22mm,TIGRE
17206,Tê 90º Aquatherm 28mm,TIGRE
17209,Tê 90º Aquatherm 42mm,TIGRE
17210,Tê 90º Aquatherm 35mm,TIGRE
17214,"Adaptador de Bico Tigrefire sch80 1""",TIGRE
17223,Te CPVC de Redução Aquatherm 28x15mm,TIGRE
17225,Te CPVC de Redução Aquatherm 22x15mm,TIGRE
17227,Te CPVC Ultraterm 15mm,KRONA
17230,Te CPVC Ultraterm 22mm,KRONA
17231,Te CPVC Ultraterm 28mm,KRONA
17232,Te de 90° CPVC Aquatherm 15mm,TIGRE
17238,Te de Esgoto Secundário 40mm,TIGRE
17239,Tê de Inspeção Série R 150x100mm,TIGRE
17240,Tê de Inspeção Série R 100x75mm,TIGRE
17243,Te de Inspeção Esgoto 100x75: Eficiência e Segurança em Redes Hidráulicas,TIGRE
17245,Tê de Redução Aquatherm 28x22mm,TIGRE
17247,Tê de Redução Aquatherm 28x22mm: Solução Ideal para Conexões Eficientes,TIGRE
17250,Tê de Redução Aquatherm 42x22mm: Conectividade e Eficiência para Sistemas de Água Quente,TIGRE
17251,Tê de Redução Aquatherm 54x22mm: Eficiência e Segurança na Condução de Água Quente,TIGRE
17259,Te de Redução em Latão N20 22x1/2,FORUSI
17263,Te de Redução Esgoto 150x100mm,KRONA
17273,Te de Redução Esgoto Série R 100x50mm,KRONA
17275,Conheça o Tê de Redução Roscável 3/4x1/2: a Solução Ideal para Suas Instalações,TIGRE
17278,Tê de Redução Sch80 Fire 1.1/2x1 - Confiabilidade e Resistência,TIGRE
17280,Conheça o Tê de Redução Sch80 Fire 1.1/4x1: Solução Prática e Segura para Seu Projeto,TIGRE
17281,Conheça o Tê de Redução Sch80 Fire 1.1/2x3/4: Qualidade e Durabilidade para o Seu Projeto,TIGRE
17283,Conheça o Tê de Redução Sch80 Fire 1.1/4x3/4: Solução Ideal para Projetos de Qualidade,TIGRE
17285,Explore a Versatilidade do Tê de Redução Sch80 Fire 1x3/4 para Seus Projetos,TIGRE
17287,Descubra o Tê de Redução Sch80 Fire 2x1.1/4: Qualidade e Eficiência para Seus Projetos,TIGRE
17288,Conheça o Tê de Redução Sch80 Fire 2x3/4: a Solução Perfeita para Sua Instalação,TIGRE
17292,Conheça o Tê de Redução Sch80 Fire 2x1: a Solução Ideal para Seus Projetos,TIGRE
17338,Te de Redução Aquatherm 35x28mm: Eficiência e Precisão em Conexões,TIGRE
17341,Te de Transição CPVC Aquatherm 15x1/2'',TIGRE
17342,Te de Transição CPVC Aquatherm 22x3/4'',TIGRE
17343,Te de Transição CPVC Aquatherm 22mm X 1/2'',TIGRE
17345,Te de Transição CPVC Ultraterm 22x3/4'',KRONA
17356,Te em Latão Curva Dupla N34 15x1/2,FORUSI
17358,Te em Latão Curva Dupla N34 22x3/4,FORUSI
17359,Te em Latão N19 15x1/2,FORUSI
17365,Te Esgoto Serie R 100x50mm: Conexões Precisas e Seguras,TIGRE
17367,Te para Esgoto Serie R 150mm: Conexões Seguras e Eficientes,TIGRE
17369,Te Esgoto Serie R 100x75mm: Conexões Precisas e Seguras,TIGRE
17371,Te Esgoto Serie R 75x50mm: Confiabilidade e Desempenho,TIGRE
17372,Te Inspeção Série R 100x75mm,KRONA
17375,Te Inspeção Serie R 75x75mm,KRONA
17379,Tê Interno 1,AMANCO
17380,Te Latão Bronze N19 22x3/4,FORUSI
17382,Tê Latão n.15 22mm,FORUSI
17385,"Tê Misturador de Transição Aquatherm 15mmx1/2""",TIGRE
17387,"Tê Misturador de Transição Aquatherm 22mmx3/4""",TIGRE
17391,Tê Misturador RF Ultraterm 22mm X3/4,KRONA
17403,Te PVC para Esgoto 150x150mm,KRONA
17404,Te PVC para Esgoto 40mm,KRONA
17408,Te PVC para Esgoto 50mm,KRONA
17413,Te PVC para Esgoto,TIGRE
17414,Te PVC para Esgoto 75x75mm,KRONA
17416,Te PVC Roscável 1/2'',KRONA
17417,Te PVC para Esgoto Primário 75x75,TIGRE
17418,Te Roscável 3/4'',TIGRE
17422,"Tê Roscável 1.1/2"" - Qualidade e Durabilidade para Sua Instalação",TIGRE
17423,"Tê Roscável 1.1/4"" - Qualidade e Durabilidade para Sua Instalação",TIGRE
17424,"Tê Roscável 1/2"" - Qualidade e Durabilidade para Sua Instalação",TIGRE
17425,"Tê Roscável 1"" - Qualidade e Durabilidade para Sua Instalação",TIGRE
17428,"Tê Roscável 2"" - Qualidade e Durabilidade para Sua Instalação",TIGRE
17438,Te Soldável C/rosca Central 20x1/2'',TIGRE
17446,Te Soldável com Rosca 25x1/2'',TIGRE
17450,Te Soldável de,KRONA
17451,Te Soldável de 85mm,KRONA
17453,Te Soldável 20mm,KRONA
17455,Te Soldável 32mm,KRONA
17463,Te Soldável 60mm,KRONA
17484,Te Soldável 85mm,TIGRE
17487,Tecbond Tix 1kg,QUARTZOLIT
17489,Tecla ABS P/acabamento Preto,CENSI
17491,"Tela Estruturante Impermeabilizante 0,21x5m",QUARTZOLIT
17493,Telha de Fibra de Vidro Translúcida 183X110cm,AFORT
17494,"Telha Cumeeira Normal Tod 15 Graus 1,10m",BRASILIT
17498,Telha de Fibra de Vidro Translúcida 244x50cm,AFORT
17499,"Telha de Fibrocimento 2,44x1,10m 5mm",BRASILIT
17500,"Telha de Fibrocimento Ondulada 1,83x1,10m 5mm",BRASILIT
17504,"Telha de Fibrocimento Ondulada 3,05x1,10m 6mm",BRASILIT
17505,"Telha de PVC Colonial Americana Cerâmica 0,86x3,28m",PRECONVC
17507,"Telha em PVC Plan Cerâmica 2,42m X 0,88 m",PRECON
17509,Telha Fibra Translúcida 244x110Cm,AFORT
17512,"Telha Fibrocimento Fibrotex 2,44X0,50X4mm",BRASILIT
17513,Telha PVC Colonial Cerâmica 230x86cm,PRECON
17515,Telha PVC Colonial Marfim 328x86cm,PRECONVC
17516,"Telha PVC Colonial Marfim 2,30x0,86",PRECONVC
17520,"Telha PVC Plan Cerâmica 3,3Mx0,88M",PRECONVC
17523,"Telha Térmica de Fibrocimento Topcomfort 2,13x1,10m 6mm",BRASILIT
17536,Linha Wood Teca Castanho 200MM 6M,ARAFORROS
17537,Linha Wood Teca Noz 200MM 6M,ARAFORROS
17539,Origens 200mm3xm Tauari,TETO VINÍLICO
17541,Wood Teca Cinza,TETO VINÍLICO
17543,Texturatto Efeito Suave Branco 22Kg,SUVINIL
17737,Bloco de Contanto Sinalização 1 na,Schneider
17738,Bloco de Contanto Sinalização 1 NF,Schneider
17740,"Bloco de Contato 1NA (Ref A7B10000050026, Siemens)",Siemens
17742,Bloco de Contato 1NF Comando Sinalização CSW,Weg
17743,"Bloco de Contato 1NA (Ref LPL42, Steck)",Steck
17746,Bloco de Contato 1NF,Steck
17751,Bloco de Contato 2NA+1NF 2 Velocidades,Schneider
17753,Bloco de Contato Auxiliar Alarme 1NAF,Siemens
17754,Bloco de Contato Auxiliar Contador 1NA+1NF,Siemens
17767,Bloco de Contato Auxiliar Frontal 1NA+1NF TESYS D,Schneider
17769,Bloco de Contato Auxiliar Frontal 1NA+1NF para Contatores,Weg
17773,Bloco de Contato Auxiliar Frontal 1NA,Weg
17774,Bloco de Contato Auxiliar Frontal 1NA TESYS D,Schneider
17776,Bloco de Contato Auxiliar Frontal 1NF,Weg
17779,Bloco de Contato Auxiliar Frontal 1NF TESYS D,Schneider
17781,Bloco de Contato Auxiliar Frontal 2NA+2NF para Contatores,Weg
17782,Bloco de Contato Auxiliar Frontal 2NA TESYS D,Schneider
17783,Bloco de Contato Auxiliar Frontal 2NA+2NF TESYS D,Schneider
17787,Bloco de Contato Auxiliar Frontal 2Nf TESYS D,Schneider
17802,Bloco de Contato Auxiliar Lateral 1NA+1NF,Siemens
17815,Bloco de Contato Impulso 1NA + 1NF E111,Ace Schmersal
17819,Bloco de Contato Impulso 1NA E110,Ace Schmersal
17821,Bloco de Contato Impulso 1NF E101,Ace Schmersal
17823,Bloco de Contato Sinalização 1NA BC01F-CSW X10,WEG
17824,Bloco de Contato NF,Steck
17827,Bloco de Contato Sinalização 1NF BC01F-CSW X10,Weg
17836,Bloco de Controle 60BAR para Bomba Elétrica,Ridgid
17840,Bloco em v 25mm com Grampo,Mitutoyo
17843,Bloco em v Magnético 100x95x70mm 2 Unidades 310.105,Digimess
17845,Bloco em v Magnético 100x95x70mm 310.104,Digimess
17848,Bloco em v Magnético 70x60x72mm 310.102,Digimess
17850,Bloco Padrão Aço Jogo com 10 Peças CL. 0,Mitutoyo
17854,Bloco Padrão em Aço de 0.5mm Classe 0 150.499,Digimess
17856,Bloco Padrão em Aço de 1.002mm Classe 0 150.499-3,Digimess
17858,Bloco Padrão em Aço de 1.001mm Classe 0 150.499-2,Digimess
17859,Bloco Padrão em Aço de 1.003mm Classe 0 150.499-4,Digimess
17862,Bloco Padrão em Aço de 1.004mm Classe 0 150.499-5,Digimess
17865,Bloco Padrão em Aço de 1.005mm Classe 0 150.499-6,Digimess
17866,Bloco Padrão em Aço de 1.007mm Classe 0 150.499-8,Digimess
17867,Bloco Padrão em Aço de 1.006mm Classe 0 150.499-7,Digimess
17870,Bloco Padrão em Aço de 1.008mm Classe 0 150.499-9,Digimess
17872,Bloco Padrão em Aço de 1.01mm Classe 0 150.499-11,Digimess
17873,Bloco Padrão em Aço de 1.009mm Classe 0 150.499-10,Digimess
17877,Bloco Padrão em Aço de 1.02mm Classe 0 150.499-12,Digimess
17879,Bloco Padrão em Aço de 1.03mm Classe 0 150.499-13,Digimess
17880,Bloco Padrão em Aço de 1.04mm Classe 0 150.499-14,Digimess
17881,Bloco Padrão em Aço de 1.05mm Classe 0 150.499-15,Digimess
17883,Bloco Padrão em Aço de 1.06mm Classe 0 150.499-16,Digimess
17886,Bloco Padrão em Aço de 1.07mm Classe 0 150.499-17,Digimess
17889,Bloco Padrão em Aço de 1.08mm Classe 0 150.499-18,Digimess
17890,Bloco Padrão em Aço de 1.09mm Classe 0 150.499-19,Digimess
17891,Bloco Padrão em Aço de 1.10mm Classe 0 150.499-20,Digimess
17892,Toalheiro Anel Nova City Preto Matte,CELITE
17893,Toalheiro Anel Up Preto,CELITE
17894,Bloco Padrão em Aço de 1.11mm Classe 0 150.499-21,Digimess
17895,Toalheiro Barra Hotels Black Matte 60cm,CELITE
17896,Bloco Padrão em Aço de 1.13mm Classe 0 150.499-23,Digimess
17897,Toalheiro Barra Loren Loft Preto,LORENZETTI
17898,Bloco Padrão em Aço de 1.14mm Classe 0 150.499-24,Digimess
17899,Toalheiro Barra Tempo 45cm,ROCA
17900,Bloco Padrão em Aço de 1.15mm Classe 0 150.499-25,Digimess
17901,Toalheiro Barra Tempo Titanium Black 45cm,ROCA
17902,Bloco Padrão em Aço de 1.16mm Classe 0 150.499-26,Digimess
17903,Toalheiro Barra Tempo Titanium Black 60cm,ROCA
17904,Bloco Padrão em Aço de 1.17mm Classe 0 150.499-27,Digimess
17905,Bloco Padrão em Aço de 1.18mm Classe 0 150.499-28,Digimess
17906,Toalheiro para Banheiro New City Cromado 60cm,CELITE
17907,Toalheiro de Barra Up 60cm Cromado: Elegância e Funcionalidade,CELITE
17908,Bloco Padrão em Aço de 1.19mm Classe 0 150.499-29,Digimess
17909,Bloco Padrão em Aço de 1.21mm Classe 0 150.499-31,Digimess
17910,Toalheiro de Barra 60cm New City Preto Matte,CELITE
17911,Toalheiro de Barra Preto Matte,CELITE
17912,Bloco Padrão em Aço de 1.20mm Classe 0 150.499-30,Digimess
17913,Toalheiro de Barra Tempo Rose 60cm,ROCA
17914,Bloco Padrão em Aço de 1.22mm Classe 0 150.499-32,Digimess
17915,Toalheiro Duplo 50cm Soul Aço Escovado,KROMMA
17916,Toalheiro Duplo Loren Like Cromado,LORENZETTI
17917,Bloco Padrão em Aço de 1.23mm Classe 0 150.499-33,Digimess
17918,Toalheiro Quadratta Cromado,KROMMA
17919,Bloco Padrão em Aço de 1.24mm Classe 0 150.499-34,Digimess
17920,Bloco Padrão em Aço de 1.26mm Classe 0 150.499-36,Digimess
17921,Toalheiro em Barra Loren Like: Sofisticação e Funcionalidade para o Seu Banheiro,LORENZETTI
17922,Bloco Padrão em Aço de 1.25mm Classe 0 150.499-35,Digimess
17924,Bloco Padrão em Aço de 1.27mm Classe 0 150.499-37,Digimess
17925,Toalheiro Formato Barra de Parede Way 2040 C30 Cromado,LORENZETTI
17926,Bloco Padrão em Aço de 1.28mm Classe 0 150.499-38,Digimess
17927,Toalheiro de Parede Argola 2050 C30 Cromado,LORENZETTI
17928,Bloco Padrão em Aço de 1.30mm Classe 0 150.499-40,Digimess
17929,Bloco Padrão em Aço de 1.29mm Classe 0 150.499-39,Digimess
17930,Toalheiro Barra Duplo Preto,LORENZETTI
17931,Bloco Padrão em Aço de 1.31mm Classe 0 150.499-41,Digimess
17934,Bloco Padrão em Aço de 1.32mm Classe 0 150.499-42,Digimess
17935,Toque da 5kg Barro do Cerrado,SUVINIL
17936,Bloco Padrão em Aço de 1.33mm Classe 0 150.499-43,Digimess
17938,Bloco Padrão em Aço de 1.34mm Classe 0 150.499-44,Digimess
17940,Bloco Padrão em Aço de 1.35mm Classe 0 150.499-45,Digimess
17942,Bloco Padrão em Aço de 1.36mm Classe 0 150.499-46,Digimess
17944,Bloco Padrão em Aço de 1.37mm Classe 0 150.499-47,Digimess
17946,Bloco Padrão em Aço de 1.38mm Classe 0 150.499-48,Digimess
17950,Bloco Padrão em Aço de 1.39mm Classe 0 150.499-49,Digimess
17951,Bloco Padrão em Aço de 1.40mm Classe 0 150.499-50,Digimess
17952,Bloco Padrão em Aço de 1.41mm Classe 0 150.499-51,Digimess
17954,Bloco Padrão em Aço de 1.42mm Classe 0 150.499-52,Digimess
17956,Bloco Padrão em Aço de 1.43mm Classe 0 150.499-53,Digimess
17958,Bloco Padrão em Aço de 1.44mm Classe 0 150.499-54,Digimess
17961,Bloco Padrão em Aço de 1.45mm Classe 0 150.499-55,Digimess
17964,Bloco Padrão em Aço de 1.46mm Classe 0 150.499-56,Digimess
17965,Bloco Padrão em Aço de 1.47mm Classe 0 150.499-57,Digimess
17966,Bloco Padrão em Aço de 1.48mm Classe 0 150.499-58,Digimess
17970,Bloco Padrão em Aço de 1.49mm Classe 0 150.499-59,Digimess
17971,Bloco Padrão em Aço de 1.7mm Classe 0 150.499-62,Digimess
17972,Bloco Padrão em Aço de 1.5mm Classe 0 150.499-60,Digimess
17974,Bloco Padrão em Aço de 1.6mm Classe 0 150.499-61,Digimess
17977,Bloco Padrão em Aço de 1.8mm Classe 0 150.499-63,Digimess
17978,Bloco Padrão em Aço de 1.9mm Classe 0 150.499-64,Digimess
17980,Bloco Padrão em Aço de 10.05mm Classe 0 150.499-82,Digimess
17982,Bloco Padrão em Aço de 1000mm Classe 0 150.499-134,Digimess
17985,Bloco Padrão em Aço de 100mm Classe 0 150.499-120,Digimess
17986,Bloco Padrão em Aço de 10mm Classe 0 150.499-81,Digimess
17988,Bloco Padrão em Aço de 11.5mm Classe 0 150.499-84,Digimess
17991,Bloco Padrão em Aço de 11mm Classe 0 150.499-83,Digimess
17992,Bloco Padrão em Aço de 12.5mm Classe 0 1150.499-86,Digimess
17994,Bloco Padrão em Aço de 125mm Classe 0 150.499-121,Digimess
17997,Bloco Padrão em Aço de 12mm Classe 0 150.499-85,Digimess
17998,Bloco Padrão em Aço de 13mm Classe 0 150.499-87,Digimess
18000,Bloco Padrão em Aço de 14.5mm Classe 0 150.499-90,Digimess
18002,Bloco Padrão em Aço de 14mm Classe 0 150.499-89,Digimess
18004,Bloco Padrão em Aço de 15.5mm Classe 0 150.499-92,Digimess
18007,Bloco Padrão em Aço de 150mm Classe 0 1150.499-122,Digimess
18008,Bloco Padrão em Aço de 15mm Classe 0 150.499-91,Digimess
18010,Bloco Padrão em Aço de 16.5mm Classe 0 150.499-94,Digimess
18012,Bloco Padrão em Aço de 16mm Classe 0 150.499-93,Digimess
18014,Bloco Padrão em Aço de 17.5mm Classe 0 150.499-96,Digimess
18017,Bloco Padrão em Aço de 175mm Classe 0 150.499-123,Digimess
18018,Bloco Padrão em Aço de 18mm Classe 0 150.499-97,Digimess
18019,Bloco Padrão em Aço de 18.5mm Classe 0 150.499-98,Digimess
18021,Bloco Padrão em Aço de 19.5mm Classe 0 150.499-100,Digimess
18024,Bloco Padrão em Aço de 19mm Classe 0 150.499-99,Digimess
18025,Bloco Padrão em Aço de 1mm Classe 0 150.499-1,Digimess
18028,Bloco Padrão em Aço de 2.5mm Classe 0 150.499-66,Digimess
18029,Bloco Padrão em Aço de 200mm Classe 0 150.499-124,Digimess
18032,Bloco Padrão em Aço de 20mm Classe 0 150.499-101,Digimess
18034,Bloco Padrão em Aço de 21mm Classe 0 150.499-103,Digimess
18035,Bloco Padrão em Aço de 21.5mm Classe 0 150.499-104,Digimess
18037,Bloco Padrão em Aço de 22.5mm Classe 0 150.499-106,Digimess
18040,Bloco Padrão em Aço de 22mm Classe 0 150.499-105,Digimess
18042,Bloco Padrão em Aço de 23.5mm Classe 0 150.499-108,Digimess
18044,Bloco Padrão em Aço de 24.5mm Classe 0 150.499-110,Digimess
18046,Bloco Padrão em Aço de 24mm Classe 0 150.499-109,Digimess
18047,Bloco Padrão em Aço de 2mm Classe 0 150.499-65,Digimess
18050,Bloco Padrão em Aço de 250mm Classe 0 150.499-125,Digimess
18051,Bloco Padrão em Aço de 3.5mm Classe 0 150.499-68,Digimess
18055,Bloco Padrão em Aço de 3mm Classe 0 150.499-67,Digimess
18056,Bloco Padrão em Aço de 300mm Classe 0 150.499-126,Digimess
18058,Bloco Padrão em Aço de 4.5mm Classe 0 150.499-70,Digimess
18059,Bloco Padrão em Aço de 400mm Classe 0 150.499-127,Digimess
18062,Bloco Padrão em Aço de 4mm Classe 0 150.499-69,Digimess
18065,Bloco Padrão em Aço de 500mm Classe 0 150.499-128,Digimess
18067,Bloco Padrão em Aço de 50mm Classe 0 150.499-114,Digimess
18069,Bloco Padrão em Aço de 5.5mm Classe 0 150.499-72,Digimess
18070,Bloco Padrão em Aço de 5mm Classe 0 150.499-71,Digimess
18072,Bloco Padrão em Aço de 6.5mm Classe 0 150.499-74,Digimess
18074,Bloco Padrão em Aço de 60mm Classe 0 150.499-115,Digimess
18075,Bloco Padrão em Aço de 600mm Classe 0 150.499-129,Digimess
18078,Bloco Padrão em Aço de 6mm Classe 0 150.499-73,Digimess
18080,Bloco Padrão em Aço de 7.5mm Classe 0 150.499-76,Digimess
18082,Bloco Padrão em Aço de 70mm Classe 0 150.499-116,Digimess
18083,Bloco Padrão em Aço de 700mm Classe 0 150.499-130,Digimess
18087,Bloco Padrão em Aço de 8.5mm Classe 0 150.499-78,Digimess
18088,Bloco Padrão em Aço de 7mm Classe 0 150.499-75,Digimess
18089,Bloco Padrão em Aço de 800mm Classe 0 150.499-132,Digimess
18092,Bloco Padrão em Aço de 80mm Classe 0 150.499-118,Digimess
18094,Bloco Padrão em Aço de 8mm Classe 0 150.499-77,Digimess
18096,Bloco Padrão em Aço de 900mm Classe 0 150.499-133,Digimess
18097,Bloco Padrão em Aço de 90mm Classe 0 150.499-119,Digimess
18098,Bloco Padrão em Aço de 9.5mm Classe 0 150.499-80,Digimess
18102,Bloco Padrão Individual Aço 0.996mm Classe 0,Mitutoyo
18103,Bloco Padrão em Aço de 9mm Classe 0 150.499-79,Digimess
18107,"Bloco Padrão Individual de Aço 1,00mm Classe 2",Mitutoyo
18109,"Bloco Padrão Individual de Aço 0,41mm Classe 0",Mitutoyo
18110,"Bloco Padrão Individual de Aço 1,0005mm Classe 0",Mitutoyo
18111,"Bloco Padrão Individual de Aço 1,02mm Classe 2",Mitutoyo
18114,"Bloco Padrão Individual de Aço 1,03mm Classe 2",Mitutoyo
18115,"Bloco Padrão Individual de Aço 1,05mm Classe 2",Mitutoyo
18116,"Bloco Padrão Individual de Aço 1,04mm Classe 2",Mitutoyo
18118,"Bloco Padrão Individual de Aço 1,08mm Classe 2",Mitutoyo
18122,"Bloco Padrão Individual de Aço 1,40mm Classe 2",Mitutoyo
18125,"Bloco Padrão Individual de Aço 1,50mm Classe 2",Mitutoyo
18127,"Bloco Padrão Individual de Aço 1,80mm Classe 2",Mitutoyo
18128,"Bloco Padrão Individual de Aço 1,60mm Classe 2",Mitutoyo
18130,"Bloco Padrão Individual de Aço 10,00mm Classe 2",Mitutoyo
18131,"Bloco Padrão Individual de Aço 1,90mm Classe 0",Mitutoyo
18135,"Bloco Padrão Individual de Aço 2,50mm Classe 1",Mitutoyo
18137,"Bloco Padrão Individual de Aço 2,50mm Classe 2",Mitutoyo
18140,"Bloco Padrão Individual de Aço 40,00mm Classe 2",Mitutoyo
18141,"Bloco Padrão Individual de Aço 4,00mm Classe 2",Mitutoyo
18142,Bloco Padrão Individual de Aço 23mm Classe 2,Mitutoyo
18145,Bloco Padrão Individual de Aço 6mm Classe 2,Mitutoyo
18146,"Bloco Padrão Individual de Aço 8,00mm Classe 2",Mitutoyo
18148,Bloco Padrão Individual em Aço 75mm Classe 0 150.499-117,Digimess
18150,Bloco Padrão Individual em Aço de 20.5mm Classe 0 150.499-102,Digimess
18151,Bloco Padrão Individual em Aço de 23mm Classe 0 150.499-107,Digimess
18154,Bloco Padrão Individual em Aço de 40mm Classe 0 150.499-113,Digimess
18155,Bloco Padrão Individual em Aço de 30mm Classe 0 150.499-112,Digimess
18169,Bloco Volumétrico de Pistão com Numerador 12 a 100 L/min 3.5 Bar 9644,Bremen
18175,Blocos em v com Grampo Par 105X105X78mm 310.004,Digimess
18178,Blocos em v com Grampo Par 35X35X30mm 310.002,Digimess
18180,Blocos em v com Grampo Par 60X60X50mm 310.003,Digimess
18182,Blocos em v Magnético Par 70X60X72mm 310.103,Digimess
18213,Bloqueio de Botão Emergência Códigos Iguais BBE,Tagout
18223,"Bloqueio de Válvulas em Plástico 1/4"" a 1""",Tagout
18226,"Bloqueio de Válvulas em Plástico Pequeno 1/4"" a 1"" Furo 7mm",Tagout
18231,Bloqueio Ponte Rolante Grande 40x10mm BPRG,Tagout
18232,Bloqueio Ponte Rolante Extra Grande 54x10mm BPREXG,Tagout
18235,Bloqueio Ponte Rolante Médio 26x10mm BPRM,Tagout
18247,"Bloqueio Válvulas Plástico Grande 1.1/4"" a 3"" Furo 7mm",Tagout
18248,Blusão de Raspa com Fecho Velcro Gola Padre CA,Zanel
18251,Blusão de Raspa para Soldador Tamanho g CA 17818 9017 SÃO MANOEL,Sao Manoel
18252,Blusão de Raspa para Soldador Tamanho GG CA 17818 9017 SÃO MANOEL,Sao Manoel
18255,Blusão Raspa para Soldador com Fecho Velcro Gola Padre Tamanho g BR-TGV,Zanel
18257,Bobina de Arame MIG Tubular E71T-GS 0.80 mm com 1 kg GAS FREE,Esab
18261,Bobina de Arame MIG Tubular E71T-GS 0.80 mm com 5 kg GAS FREE,Esab
18263,Bobina de Arame MIG Tubular E71T-GS 1.00 mm com 1 kg GAS FREE,Esab
18268,Bobina de Arame MIG Tubular E71T-GS 1.00mm com 5 kg GAS FREE,Esab
18281,Misturador Monocomando Kitchen com Bica Extraível Cromado,CELITE
18308,"Boina de Lã para Polimento 8""",Nove54
18318,Bolsa 20'' PACKOUT,Milwaukee
18319,Bolsa Colde para Ferramentas com Cliptech,Toughbuilt
18322,Bolsa Coldre para Ferramentas com Cliptech Multifunção,Toughbuilt
18324,Bolsa Coldre para Ferramentas com Cliptech para Instalador em,Toughbuilt
18326,Bolsa Coldre para Ferramentas com Cliptech para Mestre Eletricista,Toughbuilt
18328,Bolsa Coldre para Ferramentas com Cliptech Pequena,Toughbuilt
18330,Bolsa Coldre para Ferramentas com Cliptech,Toughbuilt
18332,Bolsa Coldre para Ferramentas Universal com Cliptech,Toughbuilt
18334,Bolsa Coldre para Furadeiras Compactas Cliptech,Toughbuilt
18335,Bolsa Coldre para Furadeiras e Brocas com Cliptech,Toughbuilt
18339,Bolsa Coldre Universal para Ferramentas com Cliptech,Toughbuilt
18342,Bolsa de Ferramentas com 15 Peças Isoladas 1000V 98 99 13,Knipex
18348,"Bolsa de Lona para Ferramentas 19""",Stanley
18350,Bolsa de Nylon 35x15x5mm,Carbografite
18364,Bolsa de Selim para Bicicleta,Robust
18388,Bolsa de Transporte Rolling Massive Mouth l 14'',Toughbuilt
18390,Bolsa de Transporte Rolling Massive Mouth XL 18'',Toughbuilt
18391,Bolsa em Lona Aberta para Ferramentas CG 420,Carbografite
18406,Bolsa Fechada em Lona com Alça Regulável CG 425,Carbografite
18411,Bolsa de Transporte para Termovisor ONE,Flir
18415,Bolsa Nylon para Ferramentas 39x21x35cm,Carbografite
18416,Bolsa Nylon para Ferramentas 40x30x20cm,Carbografite
18418,Bolsa Nylon para Ferramentas Fechada 30x15x5cm,Carbografite
18421,Bolsa Nylon para Ferramentas Fechada 50x31x20cm,Carbografite
18430,Bolsa para Ferramentas 12'' com Abertura Ampla Massive Mouth,Toughbuilt
18432,"Bolsa para Ferramentas 12"" Reforçada com 13 Divisões",Stanley
18434,"Bolsa para Ferramentas 12""",Stanley
18438,"Bolsa para Ferramentas 14"" com 20 Bolsos",Dewalt
18439,Bolsa para Ferramentas 14'' com Rodas,Toughbuilt
18445,Bolsa para Ferramentas 15'' PACKOUT,Milwaukee
18450,Bolsa para Ferramentas 16'' com Abertura Massiva,Toughbuilt
18453,"Bolsa para Ferramentas 16""",Stanley
18454,"Bolsa para Ferramentas 18""",Milwaukee
18456,"Bolsa para Ferramentas 18"" com Rodas",Dewalt
18465,"Bolsa para Ferramentas 23"" com Rodas",Stanley
18478,Bolsa para Ferramentas com Cliptech com Caderno e Lápis,Toughbuilt
18480,Bolsa para Ferramentas com Rodas Lona,Cortag
18485,Bolsa para Ferramentas e Acessórios com 25 Bolsos C550,Fluke
18486,Bolsa para Ferramentas e Notebook 00 21 10 LE,Knipex
18491,Bolsa para Ferramentas em Lona 510mm com 18 Bolsos,Mtx
18493,Bolsa para Ferramentas em Lona,Robust
18502,Bolsa para Ferramentas Flexível 220x140x65mm C35,Fluke
18508,Bolsa para Ferramentas Lona com Alça BLA 400,Cortag
18509,Bolsa para Ferramentas Lona 55x40x20cm,Carbografite
18512,Bolsa para Ferramentas Modulável Topo 10'' PACKOUT,Milwaukee
18515,Bolsa para Ferramentas Modulável Topo 15'' PACKOUT,Milwaukee
18516,Bolsa para Ferramentas Modulável Topo 20'' PACKOUT,Milwaukee
18520,Bolsa para Ferramentas Packout 58 Bolsos,Milwaukee
18524,Torquês Armador 12'',HALTEN
18525,Bolsa para Ferramentas Tipo Tote 8'' com Clipech e Bolsa,Toughbuilt
18527,Torques Armador 12 Hobby - a Escolha Certa para a Construção Civil,OPER
18529,Bolsa para Pochete e Coldre para Ferramentas com 7 Bolsos,Mtx
18530,"Torquês Azulejista Corte Reto 8"": Precisão e Eficiência",CORTAG
18531,Trava de Segurança 601 Externa Antique Roseta 527,HAGA
18535,Travesseiro para Banheiro de Hidromassagem Preto,OURO FINO
18536,Bolsa Pochete para Ferramentas 9'' Nylon,Stanley
18540,Bolsa Pochete Porta Ferramentas com 10 Bolsos Internos 14 Compartimentos Externos CG 406,Carbografite
18541,Bolsa Pochete para Ferramentas com 3 Bolsos Cinta Fivela CG 405,Carbografite
18542,Bolsa Porta Ferramentas para Cinto Eletricista com 19 Bolsos,Dewalt
18544,Bolsa Portátil para Laptop com Alça de Ombro,Toughbuilt
18549,Trincha 915 1.1/2,TIGRE
18550,Trincha 915 2,TIGRE
18552,Trincha 915 3 - a Escolha Certa para Pinturas Profissionais,TIGRE
18554,Bomba Almotolia 500ML com Bico Rígido 2008,Lupus
18555,Trincha Dupla Branca 538 2'',TIGRE
18556,Bomba Almotolia Bico Rígido 250 ml 2007,Lupus
18557,Trincha Dupla Branca 538 3'',TIGRE
18558,Trincha Média Branca 696 1/2'',TIGRE
18561,Bomba de Abastecimento Elétrica,Bozza
18562,Trincha Média Cerdas Pretas 1.1/2'' 519,TIGRE
18563,Trincha Média Cerdas Pretas 1'' 519,TIGRE
18564,Trincha Média Cerdas Pretas 2.1/2'' 519,TIGRE
18568,Trincha Média Cerdas Pretas 2'' 519,TIGRE
18570,Trincha Média para Pintura Cerda Preta 519 3/4,TIGRE
18571,Trincha Média Preta 519 1/2'',TIGRE
18573,Trincha Média Verniz e Stain 1'' 696,TIGRE
18575,Trincha Média Verniz e Stain 2.1/2'' 696,TIGRE
18577,Trincha para Paredes e Tetos 920 2 Polegadas,TIGRE
18578,Trincha Média Verniz e Stain 3'' 696,TIGRE
18580,"Bomba de Ar para Encher Pneus com Pedal (Ref 3598100001, Nove54)",Nove54
18581,Trincha Seda Macia Pincel Orelha Boi 186 3/4,TIGRE
18583,"Trincha Simples 1"" Marrom",TIGRE
18584,"Trincha Simples 2"" Marrom",TIGRE
18587,Bomba de Sucção Manual para Produtos Químicos 100ml 8182,Bremen
18592,Bomba de Teste Hidrostático 30BAR 12L RP 50 DIGITAL,Rothenberger
18599,Bomba de Transferência Manual Rotativa Diversos Fluídos 200 Litros,Lupus
18601,Bomba de Transferência Manual Rotativa para Tambores 9008,Lupus
18616,Bomba Elétrica de Teste 1580W Pressão 25 Bar Aço Inoxidável 12 Litros 220V,Ridgid
18693,Bomba Manual 2 Velocidades 2800BAR Simples Ação,Enerpac
18698,Bomba Manual com Tampa Capacidade 20 kg 7001,Lupus
18761,Bomba Manual para Líquidos Tipo Sifão,Nove54
18772,União Aquatherm 22mm,TIGRE
18773,União Aquatherm 42mm,TIGRE
18774,Bomba Manual para Transferência de Fluídos 50 a 220 Litros 7022-PP-G2 50,Bozza
18775,Bomba Manual para Transferência de Fluídos 50 a 220 Litros,Bozza
18776,União Aquatherm 54mm: a Solução Ideal para Sua Construção,TIGRE
18778,União Cônica em Latão N.9 22mm,FORUSI
18779,Bomba Manual para Transferência de Fluidos Tambor de 50-209 Litros,Bozza
18780,União Cônica em Latão N9 15mm,FORUSI
18783,União Cônica em Latão N9 28mm,FORUSI
18784,União Cônica em Latão N9 35mm,FORUSI
18786,União CPVC Aquatherm 15mm,TIGRE
18789,União CPVC Aquatherm 35mm,TIGRE
18790,União CPVC Aquatherm 28mm,TIGRE
18792,União F/F CPVC Ultraterm 28mm (Ref 74985),KRONA
18794,União F/F CPVC Ultraterm 22mm,KRONA
18797,União F/F CPVC Ultraterm 28mm (Ref 75331),KRONA
18798,União Mista CPVC Aquatherm 22mm,TIGRE
18799,União Latão n.9 15mm,FORUSI
18803,União PVC Roscável 1.1/2'',TIGRE
18804,União PVC Roscável 1/2'',TIGRE
18805,Bomba para Teste de Pressão 750 Psi 13.5L,Ridgid
18807,União PVC Soldável 20mm,KRONA
18808,"Bomba Periférica 1 CV X 50 Metros X 1"" Bivolt 110/220V ACQUAPUMP",Ferrari
18809,União PVC Soldável 50mm,KRONA
18811,União PVC Soldável 60mm,KRONA
18813,"União Roscável 2"": Conexão Ideal para Seu Sistema Hidráulico",TIGRE
18814,"Bomba Periférica 1 CV X 65 Metros X 1"" Bivolt Monofásico",Ferrari
18815,União Roscável 1.1/4 - Conexão Segura e Eficiente,TIGRE
18816,União Roscável 3/4: a Solução Ideal para Seu Sistema Hidráulico,TIGRE
18820,União Soldável 25mm,KRONA
18821,União Soldável 32mm,KRONA
18823,União Soldável de 20mm,TIGRE
18824,União Soldável de 25mm,TIGRE
18825,União Soldável 40mm,KRONA
18826,Bomba Submersa 220V SAPPO DRAIN FIT EXTREME,Anauger
18828,"Bomba Submersa de Mangote 6 Metros 60m³/h 2"" sem Motor BS2",Csm
18829,União Soldável de 50mm,TIGRE
18830,"Bomba Submersa de Mangote 6 Metros 75m³/h 3"" sem Motor BS3",Csm
18831,União Soldável 110mm – Qualidade e Segurança para Sua Instalação Hidráulica,TIGRE
18832,"Bomba Submersa Mangote 6 Metros 3"" 75M3/H 15MCA BSR 3",Csm
18833,União Soldável 32mm – Confiabilidade e Eficiência,TIGRE
18836,União Soldável 40mm – Confiabilidade e Eficiência,TIGRE
18837,União Soldável 60mm – Confiabilidade e Eficiência,TIGRE
18838,União Soldável 75mm – Qualidade e Segurança,TIGRE
18841,União Soldável 85mm - Segurança e Facilidade na Instalação,TIGRE
18844,Bomba Submersa para Reservatório 1.1/2 750W 220V,Ferrari
18848,Bomba Submersa para Reservatório 1/2 CV 370W,Ferrari
18849,"Bomba Submersa para Reservatório 1"" 700L/H 450W 900",Anauger
18853,"Bomba Submersa para Reservatório 3/4"" 380W 500L/H 800",Anauger
18854,"Bomba Submersa para Reservatório 3/4"" 300W 500L/H 650",Anauger
18855,"Bomba Submersa para Reservatório 3/4"" 450W 220V 750L/H 700",Anauger
18859,"Bomba Submersa Vibratória para Poço 3/4"" 320W SAPPO 5G",Anauger
18860,"Bomba Submersa Vibratória para Poço 8"" 300W ECCO",Anauger
18862,Bomba Submersível 1CV 8500L/H 220V,Ferrari
18866,Bomba Submersível 6H X 7500L/H 400W 220V XKS,Ferrari
18867,"Bomba Submersível Mangote 6mts 2"" 27M3/H",Toyama
18872,Bomba Submersível para Reservatório 1 CV 750W,Gamma
18874,Bomba Teste Hidrostático 30BAR 4.5L RP 30,Rothenberger
18875,Bomba Teste Hidrostática 0 a 725PSI (50BAR) RP50,Merax
18893,Boné de Proteção Preto com Regulagem,Carbografite
18894,Boné de Proteção Azul Marinho com Regulagem,Carbografite
18926,Varal de Chão Summer em Aço 91x51cm,SECALUX
18927,Varal de Teto Mônaco em Aço 120x56cm,SECALUX
18928,Borne K 16mm² BTWP 16T,Weg
18929,Varal Sanfonado em Aço 1m Branco,SECALUX
18930,Borne K 4mm² BTWP 2.5/4T,Weg
18931,Vaso de Fibra Cônico Moderno 38cm Preto,JAPI
18932,Vaso Bacia Octogonal Jeans 57cm,JAPI
18933,Borne K 35mm² BTWP 35T,Weg
18934,Vaso em Polipropileno Bacia Safira Pedra 10cm,AFORT
18935,Borne K 6/10mm² BTWP,Weg
18937,Vaso para Caixa Acoplada 3/6 Litros Acesso Conforto,CELITE
18939,Vaso Octogonal JVOCJ46 Jeans 44 cm,JAPI
18941,Vaso para Caixa Acoplada Saveiro Pergamon Brillo,CELITE
18944,Vaso Sanitário Convencional Branco City Plus,CELITE
18946,Vaso Sanitário Branco para Caixa Acoplada Art,INCEPA
18947,Vaso Sanitário Convencional 6L Branco Turca Pro,CELITE
18949,Vaso Sanitário Convencional Branco Saveiro,CELITE
18950,Vaso Sanitário Convencional Fit Plus,CELITE
18954,Vaso Sanitário Convencional Elite Branco,CELITE
18955,Vaso Sanitário Convencional Thema Branco,INCEPA
18957,Vaso Sanitário Convencional Linha Like,CELITE
18958,Vaso Sanitário Convencional Infantil Branco,CELITE
18960,Vaso Sanitário Convencional Louça Azalea Plus Branco,CELITE
18961,"Borne Push In K 2,5mm² BTWI 2,5 A-CZ",Weg
18962,"Borne Push In K Duplo 2,5mm² BTWI 2,5-2F-CZ",Weg
18963,Vaso Sanitário Convencional Branco Boss: Elegância e Eficiência para o Seu Banheiro,INCEPA
18964,Vaso Sanitário para Caixa Acoplada Thema Plus Branco,INCEPA
18965,Vaso Sanitário para Caixa Acoplada Like Branco,INCEPA
18967,Vaso Sanitário para Caixa Acoplada Bali Plus Branco,INCEPA
18970,Vaso Sanitário para Caixa Acoplada Branco Azálea Plus,CELITE
18972,Bota de PVC Cano Curto Branca Acqua Flex CA,Bracol
18973,Vaso Sanitário para Caixa Acoplada Branco City Plus,CELITE
18974,Vaso Sanitário para Caixa Acoplada Branco Saveiro,CELITE
18975,Bota de PVC Cano Curto Preta Acqua Flex CA,Bracol
18976,Vaso Sanitário para Caixa Acoplada Branco Smart,CELITE
18977,Vaso Sanitário para Caixa Acoplada Fit Pergamon,CELITE
18978,Bota de PVC Cano Longo Branca Acqua Lev CA,Bracol
18979,Vaso Sanitário para Caixa Acoplada Branco Matte Boss,INCEPA
18980,Bota de PVC Cano Longo Preta ACQUA LEV CA,Bracol
18981,Bota Motosafe de PVC Sola Amarela CA,Bracol
18983,Vaso Sanitário para Caixa Acoplada Smart Pergamon,CELITE
18984,Vaso Sanitário para Caixa Saída Horizontal Azalea Branca,CELITE
18986,Vaso Sanitário Quadrado para Caixa Acoplada Fit Plus,CELITE
18989,Vaso Tanque de Expansão 24L,KOMECO
18990,Vaso Tanque de Expansão 50L,KOMECO
18991,Vaso Tanque de Expansão 30L,KOMECO
18994,Veda Calha Cinza 360g,QUARTZOLIT
18998,Veda Rosca 18x50mm,KRONA
19001,Vedação para Calha Aquapluv,TIGRE
19002,Vedante Acrílico Selatrinca Branco Cartucho,SUVINIL
19008,Ventilador de Teto Aura com 3 Pás Branco 127V,TRON
19011,Ventilador de Teto Aura com 3 Pás Branco e Transparente 127V,TRON
19012,Ventilador de Teto Citrino 3 Pás 127V Branco,TRON
19014,Ventilador de Teto Citrino 3 Pás 127V Preto,TRON
19016,Ventosa de Sucção Manual,CORTAG
19019,Verniz de Proteção Tripla Natural e Brilhante,SUVINIL
19020,"Verniz Base de Água Secagem Rápida Incolor 3,6l",SUVINIL
19022,Verniz Fosco Proteção Natural Tripla,SUVINIL
19023,Botão 30mm Plástico Vermelho 22mm,Siemens
19026,Verniz Marítimo: Proteção e Beleza para Suas Madeiras,SUVINIL
19028,"Verniz Marítimo Madeira Protegida Brilhante Galão 3,6 Litros",SUVINIL
19029,Verniz Marítimo Maderia Protegida Acetinado Natural,SUVINIL
19030,"Verniz Marítimo Maderia Protegida Fosco Natural Galão 3,6L",SUVINIL
19031,Verniz Marítimo Maderia Protegida Fosco Natural,SUVINIL
19035,"Botão Comutador com Manopla Curta D0 Fixa 0-1 Metálica 22,5mm",Steck
19036,Verniz Protetor para Pisos 1L,QUARTZOLIT
19037,"Verniz Stain Protetor Acetinado Imbuia Galão 3,6L",SUVINIL
19038,Verniz Madeira Protegida Brilhante Litro,SUVINIL
19039,"Botão Comutador com Manopla Curta D0 Fixa 0-1 Plástica 22,5mm",Steck
19040,"Botão Comutador com Manopla Curta D2 Retorno 0-1 Metálica 22,5mm",Steck
19041,Verniz Stain Protetor Acetinado Imbuia Litro,SUVINIL
19042,"Botão Comutador com Manopla Curta D2 Retorno 0-1 Plástica 22,5mm",Steck
19043,Verniz Stain Protetor Acetinado Mogno,SUVINIL
19044,Botão Comutador com Manopla Curta Fixa 0-2 Metálica 22mm 1NA+1NF,Schneider
19045,Verniz Stain Protetor Acetinado Natural,SUVINIL
19046,Verniz Tinge & Protege Brilhante Imbuia,SUVINIL
19047,Botão Comutador com Manopla Curta Fixa 0-1 Plástica 22mm 1NA,Schneider
19048,"Verniz Stain Protetor Acetinado Mogno Galão 3,6L",SUVINIL
19049,Botão Comutador com Manopla Curta Fixa 0-2 Metálica 22mm 1NA,Schneider
19050,Botão Comutador com Manopla Curta Fixa 0-3 Metálica 22mm 2NA,Schneider
19051,"Verniz Tinge & Protege Brilhante Mogno 3,6L",SUVINIL
19052,"Botão Comutador com Manopla Curta Fixa 1-0-2 Plástica 22,5mm 2NA",Schneider
19053,Verniz Tinge & Protege Brilhante Mogno,SUVINIL
19054,"Verniz Tripla Proteção Brilhante Imbuia Galão 3,6L",SUVINIL
19055,"Botão Comutador com Manopla Curta T0 Fixa 1-0-2 Metálica 22,5mm",Steck
19056,"Botão Comutador com Manopla Curta T3 Retorno 1-0-2 Metálica 22,5mm",Steck
19057,"Botão Comutador com Manopla Curta T0 Fixa 1-0-2 Plástica 22,5mm",Steck
19058,"Verniz Tripla Proteção Brilhante Natural Galão 3,6L",SUVINIL
19059,"Verniz Tripla Proteção Brilhante Mogno Galão 3,6L",SUVINIL
19060,"Botão Comutador com Manopla Curta T3 Retorno 1-0-2 Plástica 22,5mm",Steck
19061,"Verniz Tripla Proteção Fosco Natural Galão 3,6L",SUVINIL
19062,"Botão Comutador com Manopla Longa D0 Fixa 0-1 Plástica 22,5mm",Steck
19063,"Botão Comutador com Manopla Longa D0 Fixa 0-1 Metálica 22,5mm",Steck
19064,"Verniz Tripla Proteção para Madeira Fosco Incolor 3,6L",SUVINIL
19065,"Verniz Tingidor Tinge & Protege Brilhante Imbuia 3,6L",SUVINIL
19066,Zarcao Inibidor de Ferrugem,SUVINIL
19067,"Botão Comutador com Manopla Longa T0 Fixa 1-0-2 Plástica 22,5mm",Steck
19068,"Botão Comutador com Manopla Longa T0 Fixa 1-0-2 Metálica 22,5mm",Steck
19069,Botão de Emergência Giratório Vermelho 1NF 22mm,Weg
19070,"Botão de Emergência Rotativo Vermelho 22,5mm CSW-BESG WH",Weg
19071,"Botão Comutador com Manopla Longa T3 Retorno 1-0-2 Metálica 22,5mm",Steck
19072,"Zarcão Galão 3,6L",SUVINIL
19073,"Botão de Impulsão Soco Metálico Vermelho 40mm Encaixe 22,5mm",Steck
19074,"Botão de Impulsão Metálico Amarelo 22,5mm",Steck
19075,"Botão de Impulsão Soco Plástico Vermelho 60mm Encaixe 22,5mm",Steck
19076,Botão de Impulsão Metálico Amarelo 22mm 1NA,Schneider
19077,"Botão de Impulsão Metálico Azul 22,5mm",Steck
19078,"Botão de Impulsão Metálico Preto 22,5mm",Steck
19079,"Botão de Impulsão Metálico Verde 22,5mm",Steck
19080,Botão de Impulsão Metálico Preto 22mm NA+NF,Schneider
19081,Botão de Impulsão Metálico Verde 22mm 1NA,Schneider
19082,"Botão de Impulsão Metálico Vermelho 22,5mm",Steck
19083,Botão de Impulsão Metálico Vermelho 22mm NA+NF,Schneider
19084,"Botão de Impulsão Plástico Amarelo 22,5mm",Steck
19085,"Botão de Impulsão Plástico Azul 22,5mm",Steck
19086,"Botão de Impulsão Plástico Branco 22,5mm",Steck
19087,"Botão de Impulsão Plástico Preto 22,5mm 1NA",Schneider
19088,"Botão de Impulsão Plástico Verde 1NA 22,5mm",Weg
19089,"Botão de Impulsão Plástico Verde 22,5mm 1NA (Ref XB5AA31)",Schneider
19090,"Botão de Impulsão Plástico Preto 22,5mm",Steck
19091,"Botão de Impulsão Plástico Verde 22,5mm 1NA (Ref XB7NA31)",Schneider
19092,"Botão de Impulsão Plástico Verde 22,5mm BF2 WH",Weg
19093,"Botão de Impulsão Plástico Verde 22,5mm",Steck
19094,"Botão de Impulsão Plástico Vermelho 22,5mm 1NA",Schneider
19095,Botão de Impulsão Plástico Vermelho 22mm 1NF,Schneider
19097,"Botão de Impulsão Plástico Vermelho 1NA 22,5mm",Weg
19098,"Botão de Retenção Soco Metálico Vermelho 30mm Encaixe 22,5mm",Steck
19099,"Botão de Impulsão Plástico Vermelho 22,5mm",Steck
19100,"Botão de Retenção Soco Metálico Vermelho 40mm Encaixe 22,5mm",Steck
19101,"Botão de Retenção Soco Metálico Vermelho 60mm Encaixe 22,5mm",Steck
19102,"Botão de Retenção Soco Plástico Vermelho 40mm Encaixe 22,5mm (Ref SLPFN1R4, Steck)",Steck
19103,"Botão de Retenção Soco Plástico Vermelho 40mm Encaixe 22,5mm (Ref XB7NS8442, Schneider)",Schneider
19104,"Botão de Retenção Soco Plástico Vermelho 30mm Encaixe 22,5mm",Steck
19105,Botão Duplo Pulsador Vemelho/verde CSW2-BDFI21IO WH,Weg
19106,Botão de Retenção Soco Vermelho 40mm Encaixe 22mm,Schneider
19107,Botão Impulsão Redondo Faceado 1NA Preto 22.5mm,Weg
19108,Botão Duplo Verde e Vermelho Plástico 1NA 1NF 22MM,Weg
19109,Botão Duplo Pulsador Padrão I/O Vermelho/verde 22mm BD WH,Weg
19110,"Botão Liga/desliga Duplo Metálico Faceado 22,5mm SLMDNR",Steck
19111,"Botão Liga/desliga Duplo Metálico Saliente 22,5mm SLMDN",Steck
19112,"Botão Liga/desliga Duplo Plástico Faceado 22,5mm SLPDNR",Steck
19113,"Botão Liga/desliga Duplo Plástico Saliente 22,5mm SLPDN",Steck
19114,"Botão Liga/desliga Duplo Plástico Saliente Luminoso 22,5mm SLPDL",Steck
19135,Botão Soco em Plático 22 mm Vermelho,Schneider
19136,Botina de Segurança Bidensidade Elástico sem Bico,U-safe
19137,Botina de Segurança de Couro Preto com Bico de Aço,Bravo
19138,Botina de Segurança de Elástico em PU e Bico Composite CA,Bracol
19139,Botina de Segurança de Couro Preto com Bico de PVC,Bravo
19140,Botina de Segurança Elástico Lateral Solado Isolante Poliuretano CA,Bracol
19141,Botina de Segurança Marrom com Cadarço e Bico de PVC,Bracol
19142,Botina de Segurança em Couro de Amarrar Bico Composite CA,Bracol
19143,"Botina de Segurança Marrom com Cadarço e Bico de PVC CA (Ref 40872, Bracol)",Bracol
19144,Botina de Segurança Marrom Poliuretano de Amarrar sem Bico Nobuck Bidensidade CA,Bracol
19145,Botina de Segurança Preta com Elástico Bico de Aço Solado Bid,Bracol
19146,Botina de Segurança Preta com Cadarço com Bico de Aço Nº 45,Bracol
19147,Botina de Segurança Microfibra Biqueira Composite Bidensidade Solado Estabilizador Preta CA,Bracol
19148,Botina de Segurança Preta com Cadarço e Bico de PVC CA,Bracol
19149,Botina de Segurança Preta com Elástico Bico de Composite CA,Bracol
19150,Botina de Segurança Preta com Elástico Bico de PVC CA,Bracol
19151,Botina de Segurança Preta com Elástico de Bico PVC CA,Bracol
19152,Botina de Segurança Preta PU com Bico de Aço CA,Bracol
19153,Botina de Segurança Preta PU com Cadarço Bico de PVC CA,Bracol
19154,Botina de Segurança PU com Bico de Aço N°39,U-Safe
19155,Botina Segurança Preto Poliuretano Amarrar com Biqueira Composta Couro Bidensidade CA,Bracol
19156,Botoeira Comando Controle 4 Botões + 1 Emergência PL05,Steck
19157,Botina de Segurança PU com Bico de Aço N°40,U-Safe
19158,Botina de Segurança PU com Bico de Aço N°43,U-Safe
19159,"Botoeira de Comando com 1 Furo 22,5mm SQ1K",Steck
19160,"Botoeira de Comando com 2 Furos 22,5mm SQ2K",Steck
19161,"Botoeira de Comando com 3 Furos 22,5mm SQ3K",Steck
19162,Botoeira de Comando Botão Impulsão,Steck
19164,Botoeira de Comando com 3 Furos para Movimentação,Schneider
19170,Brilha Inox 300ml/200g E-nox Shine,Walter Abrasivos
22345,Brocas Concreto 4.0 a 10.0mm com 5 Peças,Stanley
22349,Broxa Redonda 75mm 799,Atlas
22356,Brunidor de Camisas de Cilindro,Raven
22359,Brunidor de Camisa de Cilindro para Veículos de Passeio,Raven
22442,Cabeça Cortadora para Maçarico,Harris
22515,"Cabeça Micrométrica Padrão Média 0-25mm 0,001mm",MITUTOYO
22520,"Cabeçote Micrométrico Digital de 50mm/2""",Mitutoyo
22521,Cabeçote Deseintegrador Helicoidal HW 80x80x30mm 6 Dentes 3200.01,Indfema
22523,Cabeçote de Corte FS160/220/280/290/300/350/380/460 AUTO-CUT 46-2,Stihl
22524,"Cabeçote Manual 1/8"" a 2""",Ridgid
22525,Cabeçote Crimpador sem Matriz para Crimpadora Elétrica 4P-6 4PIN,Ridgid
22526,"Cabeçote para Rosqueadeira 2.1/2"" a 4"" BSPT 1224 914 Abertura Automática",Ridgid
22527,"Cabeçote Tarraxa 1/8"" NPT 00-R",Ridgid
22528,Cabeçote de Fim de Curso Angular sem Haste,Schneider
22530,"Cabeçote Tarraxa 3/8"" NPT 00-R",Ridgid
22531,Cabeçote Tarraxa BSPT 1.1/2'' 12-R,Ridgid
22532,Cabeçote Tarraxa NPT 1'' 00-R,Ridgid
22533,Cabeçote Tarraxa BSPT 1'' 00-R,Ridgid
22534,Cabeçote Tarraxa BSPT 3/4'' 00-R,Ridgid
22535,Cabeçote Tarraxa NPT 1/2'' 00-R,Ridgid
22536,Cabeçote Tarraxa NPT 1/4'' 00-R,Ridgid
22538,Cabeçote Tarraxa NPT 3/4'' 00-R,Ridgid
22539,Cabeçote Vazador,Ridgid
22837,Cabos de Teste Fotovoltaicos Solares MC4 TA89,Flir
22838,Cabos de Teste Fotovoltaicos Solares Duplo TA90,Flir
22843,Cacamba Guincho Coluna 48 Litros PA-200 a 1000,Maqtron
22844,Caçamba para Guinchos de Coluna 50 Litros,Csm
22850,Cadeado de Latão 30/75mm Haste Longa,Pado
22855,Cadeado de Latão 30mm com Segredos Iguais S1,Pado
22856,Cadeado em Latão 60mm CR60,Papaiz
22857,Cadeado de Latão com Segredo 25mm,Stam
22858,Cadeado em Latão 20mm Verde SM LT-20 COLOR,Pado
22859,Cadeado Latão 20mm Segredo CR20 KA1,Papaiz
22860,Cadeado Latão 20mm CR20,Papaiz
22864,Cadeado Latão 25mm Segredo CR25 KA1,Papaiz
22866,Cadeado Latão 30mm CR30,Papaiz
22867,Cadeado Latão 30mm LT-30 S4,Pado
22868,Cadeado Latão 35/75mm de Haste Longa SM,Pado
22869,Cadeado Latão 35mm com Haste Longa,Pado
22871,Cadeado Latão 35mm CR35,Papaiz
22873,Cadeado Latão 40mm CR40,Papaiz
22874,Cadeado Latão 45mm CR45,Papaiz
22875,Cadeado Latão 40mm Tetra Segredos Iguais S1 SM LT-T40 S1,Pado
22876,Cadeado Latão 50mm CR50,Papaiz
22878,Cadeado Latão 50mm Treta,Papaiz
22879,Cadeado Latão 50mm Treta Segredos Iguais CRT50 KA1,Papaiz
22881,Cadeado Latão 60mm Treta,Papaiz
22882,"Cadeado Plástico 38,0mm Haste Metálica (cromada) Amarelo com 2 Chaves",Tagout
22886,Cadeado Latão 70mm CR70,Papaiz
22887,Cadeado Latão com Segredo 40mm,Stam
22912,"Cadeado Plástico Laranja 38,0mm Haste Aço Inox com 2 Chaves",Tagout
22978,Caixa Aço Inox de Bloqueio em Grupo para 13 Cadeados,Tagout
22979,Caixa Baú com Bandeja Removível 80cm 16,Fercar
22985,Caixa Botoeira Amarela 1 Furo 22mm Amarela CSW,Weg
22991,"Caixa de Bloqueio em Aço 28,5x15,5x16cm para 26 Cadeados",Tagout
22992,Caixa de Embutir 6x6 Octogonal Prolongável 2134,Coflex
22999,Caixa de Embutir Drywall 4x2 108mm de Comprimento,Pial
23000,Caixa de Embutir Alvenaria 4x4 Retangular,Pial
23003,Caixa de Embutir Estanque 4x2,Pial
23004,"Caixa de Embutir Drywall 4x4 (Ref 6890-25, Pial)",Pial
23008,Caixa de Pasagem Cega PVC 100x100x60mm IP65,Steck
23014,Caixa de Passagem 102x102 (Ref 901020),Cemar
23015,Caixa de Passagem 145x155,Cemar
23016,Caixa de Passagem 102x102 (Ref 901001),Cemar
23017,Caixa de Passagem 120x120,Cemar
23021,Caixa de Passagem 152x152,Cemar
23022,Caixa de Passagem 185x210,Cemar
23024,Caixa de Passagem 190x140,Cemar
23026,Caixa de Passagem 240x190,Cemar
23027,Caixa de Passagem 202x202 (Ref 901022),Cemar
23028,Caixa de Passagem 202x202 (Ref 901003),Cemar
23029,Caixa de Passagem 250x250,Cemar
23030,Caixa de Passagem 302x302,Cemar
23031,Caixa de Passagem 302X302,Cemar
23032,Caixa de Passagem 402x402,Cemar
23033,Caixa de Passagem Cega 102x102,Steck
23034,Caixa de Passagem Cega 100x100 S303 ICE,Steck
23035,Caixa de Passagem Cega 170x145,Steck
23036,Caixa de Passagem Cega 154x110,Steck
23037,Caixa de Passagem Cega 196x145,Steck
23038,Caixa de Passagem Cega 234x174mm,Steck
23039,Caixa de Passagem Cega 300x220 (Ref SEX322-LIGHT),Steck
23040,Caixa de Passagem Cega 300x220 (Ref SEX322A-LIGHT),Steck
23042,Caixa de Passagem Cega Opaca 234x174mm,Steck
23044,Caixa de Passagem PVC 251x150x107mm Cega IP65,Steck
23045,Caixa de Passagem PVC 300x220x120mm,Cemar
23066,"Caixa de Uso Empilhável Stacktech 19"" sem Tampa",Toughbuilt
23067,Caixa Externa Porta Componentes SM-J,Marcon
23073,Caixa Inspeção Aterramento 250x250,Paratec
23204,Caixa para Placa 1-3 Módulo Sistema X,Pial
23205,Caixa Passagem PVC Cega IP65 251x150x107mm,Steck
23307,Caixa Sanfona Reforçada com 7 Gavetas 507R,Marcon
23352,"Calandra Chapa Manual 300 mm X 2,0 mm",Manrod
23353,Calço de Metal Duro para Suporte DDJN - 15,Blacktools
23354,Calço Ergonômico HD para Pneu de Caminhão 26kg 1.33.1859,Agmov
23355,Calço de Metal Duro para Suporte,Blacktools
23356,Calço de Metal Duro para Suporte SVJB 16,Blacktools
23357,"Calço Padrão 12"" para Padrão de Altura Série 515",Mitutoyo
23358,"Calço Padrão 24"" para Padrão de Altura Série 515",Mitutoyo
23359,"Calço Padrão 6"" para Padrão de Altura Série 515",Mitutoyo
23360,Calço para Suporte DWLN- 08 5322.331.12,Blacktools
23362,Calço para Suporte S25-DCL-12 5322.236.03,Blacktools
23363,Calco Rosca,Vargus
23672,Calibre Cônico Medição Furo 3-16mm 0.1mm,Insize
23674,Calibre de Ângulo de 1 a 45° com 20 Peças,Insize
23678,Calibre de Folga 0.005 a 1.00 29 Lâminas 200mm 729865 B,Skf
23682,Calibre de Folga 0.03 a 0.30 13 Lâminas 100mm 729865 a,Skf
23686,"Calibre de Folga 0,038 a 0,889mm 32 Lâminas",Stanley
23687,Calibre de Folga 0.03 a 1mm 100mm de 32 Peças,Insize
23688,"Calibre de Folga 0,03 a 1mm 32 Lâminas 600.012",Kingtools
23689,Calibre de Folga 0.038 a 1mm com 25 Lâminas,Stanley
23691,Calibre de Folga 0.03mm rolo de 5 Metros,Insize
23692,Calibre de Folga 0.04 a 1mm 75mm com 25 Peças,Insize
23696,Calibre de Folga 0.04 a 6mm Tipo Cunha,Insize
23698,Calibre de Folga 0.05 a 15mm Tipo Cunha,Insize
23700,Calibre de Folga 0.05 a 1mm 100mm de 13 Peças,Insize
23701,"Calibre de Folga 0,05 a 1mm 13 Lâminas",Mitutoyo
23702,Calibre de Folga 0.05 a 1mm 100mm de 20 Peças,Insize
23703,"Calibre de Folga 0,05 a 1mm 13 Lâminas 600.010",Kingtools
23705,Calibre de Folga 0.05 a 1mm 150mm de 20 Peças,Insize
23707,Calibre de Folga 0.05 a 1mm 150mm de 13 Peças,Insize
23709,"Calibre de Folga 0,05 a 1mm 20 Lâminas 600.011",Kingtools
23719,Calibre de Folga 0.05mm rolo de 5 Metros,Insize
23725,Calibre de Folga 0.12mm rolo 5 Metros,Insize
23726,Calibre de Folga 0.10mm rolo de 5 Metros,Insize
23731,Calibre de Folga 0.15mm rolo 5mts,Insize
23736,"Calibre de Folga 0,5 a 10mm Tipo Unha K7",Insize
23744,Calibre de Folga 0.80mm rolo 5mts,Insize
23745,Calibre de Folga 100mm 0.02 a 1mm com 17 Peças,Insize
23747,Calibre de Folga 1.00mm rolo 5mts,Insize
23750,Calibre de Folga Avulso 0.50mm com 10 Peças,Insize
23751,"Calibre de Folga em rolo de 5 Metros 0,04mm",Insize
23752,Calibre de Folga Avulso 0.02mm com 10 Peças,Insize
23755,"Calibre de Folga em rolo de 5 Metros 0,06mm",Insize
23756,"Calibre de Folga em rolo de 5 Metros 0,07mm",Insize
23757,"Calibre de Folga em rolo de 5 Metros 0,08mm",Insize
23758,"Calibre de Folga em rolo de 5 Metros 0,09mm",Insize
23759,"Calibre de Folga em rolo de 5 Metros 0,25mm",Insize
23760,"Calibre de Folga em rolo de 5 Metros 0,20mm",Insize
23761,"Calibre de Folga em rolo de 5 Metros 0,30mm",Insize
23762,"Calibre de Folga em rolo de 5 Metros 0,40mm",Insize
23763,"Calibre de Folga em rolo de 5 Metros 0,50mm",Insize
23766,"Calibre de Folga Longo 0,05 a 1mm Tipo Leque",Insize
23767,Calibre de Folga Longo de 0.05 a 1mm 20 Lâminas Tipo Leque,Insize
23784,Calibre de Folga Tipo rolo com 0.02mm de 5 Metros,Insize
23785,"Calibre de Furo 0.45 a 1.50mm 20 Peças 113,0008",Zaas
23790,"Calibre de Raio 1 a 7mm 34 Lâminas (Ref 4801-17, Insize)",Insize
23793,"Calibre de Raio 15,5 a 25mm 30 Lâminas",Mitutoyo
23794,"Calibre de Raio 17/64 a 1/2"" 16 Lâminas",Mitutoyo
23796,"Calibre de Raio 7,5 a 15mm 32 Lâminas (Ref 4801-16, Insize)",Insize
23797,Calibre de Raio Côncavos e Convexos 25 a 40mm com 31 Peças,Insize
23798,Calibre de Raios 15.5 a 25mm com 30 Peças,Insize
23799,"Calibre de Raios Côncavos e Convexos 1 a 6,50mm 600.000",Kingtools
23801,Calibre de Raios Côncavos e Convexos 15 a 25mm 600.002,Kingtools
23802,"Calibre de Raios Côncavos e Convexos 7 a 14,5mm 600.001",Kingtools
23805,"Calibre de Rosca 0,35 a 6mm 21 Lâminas",Mitutoyo
23807,"Calibre de Rosca 0,25 a 7mm",Insize
23808,Calibre de Rosca 4 a 60FPP 28 Lâminas,Mitutoyo
23810,Calibre de Rosca 4 a 42FPP 30 Lâminas,Mitutoyo
23811,Calibre de Rosca 4 a 62FPP 52 Lâminas 600.072,Kingtools
23812,Calibre de Rosca 4 a 84FPP 61 Lâminas 600.071,Kingtools
23813,"Calibre de Rosca Anel Não Passa M8 X 1,25 6G",Insize
23814,"Calibre de Rosca Anel Não Passa M12x1,50",Kingtools
23815,"Calibre de Rosca com 58 Lâminas 113,0004",Zaas
23817,"Calibre de Rosca Tampão 3/16""-24 TPNP BSW",Kingtools
23818,Calibre de Rosca Métrica 2 a 20mm Trapedoizal,Insize
23820,"Calibre de Rosca Tampão M5 X 0,5 6H TPNP M5",Kingtools
23827,Calibre para Chanfros 30x15mm,Insize
23828,Calibre Rosca 0.4 a 7.0mm/4 a 62mm Métrico/withorth,Insize
23829,Calibre Rosca 0.4 a 7mm 4-42 Métrica/unificada 60°,Insize
23830,Calibre Rosca 4 a 62FPP Withworth 55Gr,Insize
23831,Calibre Rosca 1 a 12TPI Métrico Trapedoizal,Insize
23833,Calibres para Dentes de Engrenagens 0.35-4.5mm 15 Peças,Insize
23837,Câmera de Imagem Térmica 464X348 Pixels 30Hz T840 24° 14° (Ref 145440),Flir
23838,Câmera de Imagem Térmica 464X348 Pixels 30Hz T840 24° 42°,Flir
23839,Câmera de Imagem Térmica 464X348 Pixels 30Hz T840 14°,Flir
23840,Câmera de Imagem Térmica 464X348 Pixels 30Hz T840 24° 14° (Ref 145442),Flir
23841,Câmera de Imagem Térmica 464X348 Pixels 30Hz T840 24°,Flir
23842,Câmera de Imagem Térmica 464X348 Pixels 30Hz T840 42° 14°,Flir
23843,Câmera de Imagem Térmica 464X348 Pixels 30Hz T840 42°,Flir
23844,Câmera de Imagem Térmica 480X640 Pixels I65,Flir
23845,Câmera de Imagem Térmica 640X480 Pixels 30Hz T865 14°,Flir
23846,Câmera de Imagem Térmica 640X480 30Hz T865 24° 42°,Flir
23847,Câmera de Imagem Térmica 640X480 Pixels 30Hz T865 42°,Flir
23848,Câmera de Imagem Térmica 640X480 Pixels 30Hz T865 24° 14°,Flir
23849,Câmera de Inspeção Boroscópio Digital 5.50mm X 1mt com Sonda,Hikari
23850,Câmera de Inspeção Boroscópio Visual e Térmica 160X120 Pixels,Flir
23852,"Câmera de Inspeção Digital 3.5"" 90mm Micro",Ridgid
23857,Câmera Inspeção Boroscópio com Articulação 4 Vias e Sonda 3.9mm X 2m,Flir
23858,Câmera Inspeção Boroscópio com Articulação 4 Vias e Sonda 6mm X 2m,Flir
23859,Câmera Inspeção Boroscópio com Carretel de Encanamento 10mm X 25m,Flir
23860,Câmera Inspeção Boroscópio com Carretel de Encanamento 30mm X 30m,Flir
23861,Câmera Inspeção Boroscópio com Sonda 5.5mm X 1m,Flir
23862,Câmera Inspeção Boroscópio com Sonda Articulada Bidirecional 4.5mm X 1m,Flir
23863,Câmera Inspeção Boroscópio com Sonda Térmica Infravermelho 19mm X 1m,Flir
23864,Câmera Inspeção Boroscópio Dupla HD com Sonda 4.9mm X 1m,Flir
23865,Câmera Inspeção Boroscópio HD com Sonda 5.5mm X 1m,Flir
23867,Câmera Inspeção Boroscópio Visual e Térmica 160x120 Pixels com Sonda 1m,Flir
23868,Câmera Inspeção Boroscópio Visual e Térmica 160x120 Pixels com Sonda 2 Metros,Flir
23871,Câmera Padrão Seesnake com Truesense 35mm,Ridgid
23873,Canaleta Lisa 2m 30x30 Cor Cinza 101.071,Dutoplast
23874,Câmera Termográfica Portátil Compacta para Celular -10°C a +550°C 9HZ -TC01A 9HZ,Fluke
23875,Canaleta Lisa 2m 30x50 101.072,Dutoplast
23876,Canaleta Lisa 2m 50x50mm 101.073,Dutoplast
23877,Canaleta Lisa 2m 80x50 Cor Cinza 101.074,Dutoplast
23878,Canaleta Lisa 2m 50x80mm 101.079,Dutoplast
23882,Canaleta Piso 2m 25x12mm 512.196,Dutoplast
23884,Canaleta Piso 2m 50x20mm 512.198,Dutoplast
23885,Canaleta Piso 2m 50x10mm 512.197,Dutoplast
23887,Canaleta PVC 2 Metros 30x80mm Recorte Aberto Cinza CRR-RA,Dutoplast
23888,Canaleta PVC 2 Metros 80x80mm Recorte Aberto Cinza CRR-RA,Dutoplast
23889,Canaleta PVC 2mt 20x12mm sem Divisória Fita Branco Dexson,Schneider
23890,Canaleta PVC 2 Metros 50x20mm com Divisória Branco,Pial
23891,Canaleta Recorte 2m 50x50 105.073,Dutoplast
23892,Canaleta Recorte Aberto 2m 30x50 105.072,Dutoplast
23893,Canaleta Recorte Aberto 2m 50x80 105.079,Dutoplast
23894,Canaleta Recorte Aberto 2m 30x30 105.071,Dutoplast
23895,Canaleta Recorte Fechado 2m 110x50mm 109.076,Dutoplast
23896,Canaleta Recorte Aberto 2m 22x22 105.070,Dutoplast
23897,Canaleta Recorte Fechado 2m 30x50mm 109.072,Dutoplast
23898,Canaleta Recorte Aberto 2m 110x50mm 105.076,Dutoplast
23899,Canaleta Recorte Aberto 2m 80x50 105.074,Dutoplast
23900,Canaleta Recorte Fechado 2m 50x50 109.073,Dutoplast
23901,Canaleta Recorte Fechado 2m 30x30mm 109.071,Dutoplast
23902,Canaleta Recorte Fechado 2m 22x22mm 109.070,Dutoplast
23903,Canaleta Recorte Fechado 2m 50x80mm 109.079,Dutoplast
23905,Canaleta Recorte Fechado 2m 80x50mm 109.074,Dutoplast
23910,Caneta de Gravação Pneumática 11.400BPM,Chicago
23911,Caneca de Sucção 1 Litro,Devilbiss
23912,Caneca Gravidade Plástico,Devilbiss
23922,Caneta Marcadora para Metais Pneumática 13.000 BPM,Puma
23923,Caneta Marcadora Pneumática 3.400 BPM,Puma
23925,Caneta Medidora de Umidade Portátil com Lanterna MR40,Flir
23927,Caneta para Afiador de Tugstênio,Carbografite
23935,Canivete Multiuso 10 em 1,Robust
23945,Cantil Safari 1 Litro Verde Mate 09003.3100.39,Soprano
23946,Capa Corte Plasma 70A para Powercut,Esab
23947,Capa Corte Plasma 90A para Powercut,Esab
23948,Capa Curta para Tocha TBI SR,Esab-Tbi
23950,Capa de Ar Sucção,Devilbiss
23951,Capa de Chuva em PVC Amarela Tamanho GGG,Carbografite
23952,Capa de Chuva Forrada Plus Amarela 320,Brascamp
23956,Capa de Pressão de Ar N67 JGA,Devilbiss
23957,Capa de Chuva Forrada Plus Amarela Tam GG 326,Brascamp
23962,Capa de Proteção 60A para Tocha Handyplasma,Esab
23969,Capa Longa para Tochas TBI SR,Esab-Tbi
23971,"Capa Protetor para Disco 4""",Puma
23972,"Capa Protetor para Disco 7""",Puma
23973,"Capa Protetor para Disco 5""",Puma
23984,Capacímetro Digital CAT II 600V,Hikari
23987,Carburador C1S-S3H para Roçadeira,Stihl
23989,Carcaça Base Baixa 1 Trava 16P,Steck
23992,Carcaça Base Baixa 1 Trava 10P,Steck
24109,Carretel de Corte Trimcut de Nylon 120R/KM85R/FR220/TRIM-CUT C 32-2,Stihl
24114,Carretel de Nylon para Roçadeira TRIM-CUT 42-2,Stihl
24116,Carretel de Nylon para Roçadeira,Trapp
24118,Carretel e Sonda de Encanamento 10mm X 25m,Flir
24120,Carretel e Sonda de Encanamento 30mm X 30m para VS80,Flir
24122,Carretel Giz de Linha SPEEDLINE 30 Metros,Irwin
24131,Carretel Retrátil para Água 1/2'',Bozza
24135,Carretel Retrátil para Ar 1/2'',Bozza
24466,Carro Aberto com Painel para Transporte de Componentes,Marcon
24471,"Carro Armazém com Capacidade de 180 kg e Rodas Maciças 8""",Fercar
24472,Carro Armazém Alumínio Dobrável com Capacidade para 60Kg,Stanley
24474,Carro Armazém com Capacidade de 200Kg Rodas Pneumáticas,Stanley
24475,Carro Armazém com Capacidade de 200 kg e Rodas Maciças,Marcon
24476,Carro Armazém Dobrável com Capacidade de 120 kg,Stanley
24477,Carro Armazém Dobrável com Capacidade de 120Kg 3 Rodas,Stanley
24479,Carro Armazém Dobrável com Capacidade de 70Kg,Stanley
24480,Carro Armazém Reforçado com Capacidade de,Stanley
24481,Carro Armazém/plataforma de Alumínio 2 em 1,Riosul
24483,Carro de Transporte para Armazém com Capacidade para Até 300 kg TM-2,Marcon
24484,Carro Entornador de Tambor com Capacidade de 300 kg TM-6,Marcon
24485,Carro Esteira Dobrável para Mecânico 2 em 1 07 0031,Riosul
24490,Carro Esteira para Mecânico 1100x465x120mm Plástico com Encosto Cabeça,Bovenau
24493,Carro Esteira para Mecânico com Encosto 90Kg,Nocram
24496,Carro Esteira para Mecânico com Encosto Azul CE01,Fercar
24498,Carro Esteira para Mecânico com Encosto para Cabeça e Porta-ferramentas Plástico Azul 9500,Bremen
24503,Carro Gari para Transporte de Lixo 88 Litros,Marcon
24509,Carro Pantográfico Hidráulico/elétrico 1500kg 1150mmx680mm (8 Metros) PPE 1500,Paletrans
24511,Carro Pantográfico Hidráulico 350kg 910mm X 500mm Aproximação Rápida (1.3MTS) Roda PU,Bovenau
24512,Carro Pantográfico Hidráulico 1000kg 1150mmx680mm (0.8mts) PP 1000,Paletrans
24513,Carro Pantográfico Manual LT 1000,Paletrans
24514,Carro para Ferramentas 1 Gaveta Menor e 2 Gavetas Medias,Nocram
24517,Carro para Ferramentas 3 Gaveta,Nocram
24523,Carro para Ferramentas Aberto 3 Gaveta NC-8,Nocram
24532,Carro para Transporte de Cilindros de Oxigênio/acetileno com Corrente,Marcon
24533,Carro para Transportar Cilindro de Oxigênio TM-9,Marcon
24534,Carro para Transporte de Oxigênio 2 Cilindros (Ref TM-22),Marcon
24535,Carro para Transporte de Oxigênio 2 Cilindros (Ref TM-90),Marcon
24536,Carro para Transporte de Tambor 300Kg TM-5,Marcon
24537,Carro para Transporte de Tambor Capacidade para 300 kg,Marcon
24538,Carro Plataforma Aberto com Capacidade de,Marcon
24539,Carro Plataforma com Tampo em Aço Capacidade,Marcon
24540,Carro Plataforma de Aço com Capacidade para 150 kg,Marcon
24541,Carro Plataforma em Aço com Capacidade,Marcon
24542,Carro Plataforma Aço Dobrável para Transporte de Carga,Riosul
24543,Carro Plataforma Fechado com Tela Capacidade de 300 kg,Marcon
24544,Carro Plataforma de Aço com Capacidade de,Fercar
24545,Carro Tartaruga para Transporte de Tambor Até 300 kg,Marcon
24546,Cartucho de Gás Butano 190g para Maçarico Portátil NTK CARTUCHO,Nautika
24547,Cartucho Plasma para Tocha SL60/100 PN:9-8213 CUTMASTER,Esab
24549,Cartucho para Cilindro de Gás Butano 190G para Maçarico Portátil NTK CARTUCHO,Nautika
24638,Cavatele para Veículos 2TON,Nove54
24641,Centelhador CG,Carbografite
24642,Centelhador Tipo Concha,Carbografite
24643,Central de Alta Pressão para Lavadoras Água Quente 380V HDC,Karcher
24644,Cera para Cavidade Anticorrosiva 1 Litro TEROSON WX 350,Loctite
24645,"Centralizador de Peças com Relógio 3mm 0,01mm",Insize
24646,Cera Cristalizadora 100g 3890200100 w,Wurth
24647,Certificador de Cabos DSX2-8000QI INT,Fluke
24648,"Cesto Dobrável Multiuso 22"" 50 Litros",Stanley
24656,Chapa Alfabeto Vazada para Pintura 100mm 26 Peças 1360010 AMATOOLS,Noll
24657,Chapa Alfabeto Vazada para Pintura 20mm 26 Peças 1360006 AMATOOLS,Noll
24658,Chapa Alfabeto Vazada para Pintura 50mm 26 Peças 1360008 AMATOOLS,Noll
24659,Chapa Alfabeto Vazada para Pintura 35mm 26 Peças 1360007 AMATOOLS,Noll
24660,Chapa Alfabeto Vazada para Pintura 80mm 26 Peças 1360009 AMATOOLS,Noll
24661,Chapa Algarismos Vazada para Pintura 100mm 9 Peças 1360005 AMATOOLS,
24662,Chapa Algarismos Vazada para Pintura 50mm 9 Peças 1360003 AMATOOLS,
24663,Chapa Algarismos Vazada para Pintura 35mm 9 Peças 1360002 AMATOOLS,
24665,Chapa para Fecho Lingueta CHAPA,Tagout
24666,Chapa Algarismos Vazada para Pintura 80mm 9 Peças 1360004 AMATOOLS,
32374,Chaves Seccionadora Rotativa 3P 80A Topo/manopla MSW 80 P-3 H,Weg
32388,Chumbador CBA 5/8'' X 165mm com Prisioneiro,Ancora
32392,Chupeta para Esmerilhar Válvulas,Nove54
32393,Chumbador Químico Poliéster,Ancora
32394,Cilindro de Aço Ultra Baixo 100 Toneladas 16mm 86X102mm,Bovenau
32395,Chumbador Químico Metacrilato,Ancora
32396,Cilindro de Aço Ultra Baixo 5 Toneladas 6mm 33X39mm,Bovenau
32397,Cilindro de Aço Ultra Baixo 20 Toneladas 11mm 51X63mm,Bovenau
32399,Cilindro de Gás 100% Propileno 400gr TURBOMAP MARIEL,Nevada
32400,Cilindro de Metal Duro Retificado 5x100mm H6,Heinz
32401,Cilindro de Gás Butano e Propano 190g (Ref 185361),Nautika
32403,Cilindro de Gás Mappro Propileno 400g,Bernzomatic
32404,Cilindro de Gás Butano e Propano 190g,Nautika
32405,Cilindro de Metal Duro Retificado 6x100mm H6,Heinz
32407,Cilindro Gás Butano 227g para Maçarico Portátil,Nautika
32408,Cilindro de Metal Duro Retificado 8x100mm H6,Heinz
32409,Cilindro Gás Butano 227g para Maçarico Portátil Guepardo,Nautika
32410,Cilindro Gás MAP 400g Propileno,Rothenberger
32411,Cilindro Hidráulico 10 TON Aço Simples Ação 105mm 171X276mm,Bovenau
32412,Cilindro Hidráulico 10 Toneladas Curso 105mm Simples Ação,Enerpac
32413,Cilindro Hidráulico 10 TON Aço Compacto 38mm 88X126mm,Bovenau
32414,Cilindro Hidráulico 10 Toneladas Curso 203mm Simples Ação,Enerpac
32415,Cilindro Hidráulico 10 TON Simples Ação 356 X,Enerpac
32416,Cilindro Hidráulico 10 Toneladas com Conjunto de Bomba Manual (Ref SCL1002H),Enerpac
32417,Cilindro Hidráulico 10 Toneladas com Conjunto de Bomba Manual (Ref SCR102H),Enerpac
32418,Cilindro Hidráulico 10 Toneladas Curso 54mm Simples Ação,Enerpac
32419,Cilindro Hidráulico 10 Toneladas Curso 156mm Simples Ação,Enerpac
32420,Cilindro Hidráulico 100 Toneladas Curso 168mm Simples Ação,Enerpac
32421,Cilindro Hidráulico 100 Toneladas Curso 57mm Simples Ação,Enerpac
32422,Cilindro Hidráulico 12 Toneladas Simples 42x120mm,Enerpac
32423,Cilindro Hidráulico 15 Toneladas Curso 152mm Simples Ação,Enerpac
32424,Cilindro Hidráulico 15 Toneladas Curso 101mm Simples Ação,Enerpac
32425,Cilindro Hidráulico 15 Toneladas Curso 51mm Simples Ação,Enerpac
32426,Cilindro Hidráulico 20 TON Aço Compacto 45mm 98X143mm,Bovenau
32427,Cilindro Hidráulico 20 Toneladas Curso 11 mm Simples Ação,Enerpac
32428,Cilindro Hidráulico 20 Toneladas com Conjunto de Bomba Manual,Enerpac
32429,Cilindro Hidráulico 20 Toneladas Curso 150mm Simples Ação,Enerpac
32430,Cilindro Hidráulico 20TON Simples Ação 155X306MM,Enerpac
32431,Cilindro Hidráulico 25 TON Aço Simples Ação 50mm 165X215mm,Bovenau
32432,Cilindro Hidráulico 25 TON Aço Simples Ação 102mm 215X317mm,Bovenau
32433,Cilindro Hidráulico 25 TON Simples Ação 210X324MM,Enerpac
32434,Cilindro Hidráulico 25 TON Simples Ação 261X375MM,Enerpac
32435,Cilindro Hidráulico 25 Toneladas Curso 102mm Simples Ação,Enerpac
32436,Cilindro Hidráulico 25 Toneladas Curso 362mm Simples Ação,Enerpac
32437,Cilindro Hidráulico 25 Toneladas Curso 158mm Simples Ação,Enerpac
32438,Cilindro Hidráulico 25TON Simples Aço 26X140MM,Enerpac
32439,Cilindro Hidráulico 25Ton Simples Ação 5x165mm,Enerpac
32440,Cilindro Hidráulico 30 TON Aço Compacto 62mm 117X180mm,Bovenau
32441,Cilindro Hidráulico 5 TON Simples Ação 177 X 273mm RC57,Enerpac
32442,Cilindro Hidraulico 5 Toneladas 25mm RC51,Enerpac
32443,Cilindro Hidráulico 30 Toneladas Curso 62mm Simples Ação,Enerpac
32444,Cilindro Hidráulico 5 Toneladas Curso 127mm Simples Ação RC55,Enerpac
32445,Cilindro Hidráulico 5 Toneladas Curso 16mm Simples Ação RC50,Enerpac
32446,Cilindro Hidráulico 5 Toneladas Curso 79mm Simples Ação RC53,Enerpac
32447,Cilindro Hidráulico 50 TON Aço Compacto 60mm 122X182mm,Bovenau
32448,Cilindro Hidráulico 50 TON Aço Simples Ação 51mm 176X227mm,Bovenau
32449,Cilindro Hidráulico 50 Toneladas 16x66mm,Enerpac
32450,Cilindro Hidráulico 50 Toneladas com Conjunto de Bomba Manual,Enerpac
32451,Cilindro Hidráulico 50 Toneladas 101x227mm,Enerpac
32452,Cilindro Hidráulico 50 Toneladas Curso 159mm Simples Ação,Enerpac
32453,Cilindro Hidráulico 50 Toneladas Curso 51mm Simples Ação,Enerpac
32454,Cilindro Hidráulico 50 Toneladas Curso 337mm Simples Ação,Enerpac
32455,Cilindro Hidráulico 5TON Simples Ação 232X323MM RC59,Enerpac
32456,Cilindro Hidráulico 60 Toneladas 76x247mm,Enerpac
32457,Cilindro Hidráulico 60 Toneladas 153x323mm,Enerpac
32458,Cilindro Hidráulico Aço Simples 10 Ton 26mm 89 X,Bovenau
32459,Cilindro Hidráulico Aço Compacto 100 Ton 57mm 141 X,Bovenau
32460,Cilindro Hidráulico 60 Toneladas com Conjunto de Bomba Manual,Enerpac
32461,Cilindro Hidráulico 75 TON Simples Ação 16x79mm,Enerpac
32462,Cilindro Hidráulico Aço Simples 5 Ton 16mm 42 X 58mm,Bovenau
32463,Cilindro Hidráulico Alumínio Duplo 30 Toneladas 100 mm 251X351,Bovenau
32464,Cilindro Hidráulico com Haste Vazada 100 Toneladas Curso 76mm Simples Ação,Enerpac
32465,Cilindro Hidráulico com Haste Vazada 12 Toneladas Curso 76mm Simples Ação,Enerpac
32466,Cilindro Hidráulico com Haste Vazada 20 Toneladas Curso 49mm Simples Ação,Enerpac
32467,Cilindro Hidráulico com Haste Vazada 12 Toneladas Curso 8mm Simples Ação,Enerpac
32468,Cilindro Hidráulico com Haste Vazada 30 Toneladas Curso 155mm Simples Ação,Enerpac
32469,Cilindro Hidráulico Compacto 20 Toneladas Curso 45mm Simples Ação,Enerpac
32470,Cilindro Hidráulico Compacto 10 Toneladas Curso 11mm Simples Ação,Enerpac
32471,Cilindro Hidráulico com Haste Vazada 30 Toneladas Curso 64mm Simples Ação,Enerpac
32472,Cilindro Hidráulico Compacto 100 Toneladas Curso 16mm Simples Ação,Enerpac
32473,Cilindro Hidráulico Compacto 30 Toneladas Curso 13mm Simples Ação,Enerpac
32474,Cilindro Hidráulico Compacto 10 Toneladas Curso 38mm Simples Ação,Enerpac
32475,Cilindro Hidráulico Compacto 5 Toneladas Curso 6mm Simples Ação,Enerpac
32476,Cilindro Hidráulico de Aço Simples Vazão 30 Toneladas 64mm 178X243mm,Bovenau
32477,Cilindro Hidráulico Compacto 50 Toneladas Curso 60mm Simples Ação,Enerpac
32478,Cilindro Hidráulico de Aço Simples Vazão 60 Toneladas 153mm 323X476mm,Bovenau
32479,Cilindro Hidráulico de Aço Ultra Baixo 10 Toneladas 10mm 43X55mm,Bovenau
32480,Cilindro Metal Duro Retificado 10.00x100.00,Heinz
32482,Cinta Acolchoado Profissional com Cliptech,Toughbuilt
32523,Cinta Dupla para Ombro,Stihl
32610,Cinta Magnética para Manifold Digital 0564 1001,Testo
32627,"Cinta para Anel de Pistão Nº1 53-125mm 333,0001",Noll
32628,"Cinta para Anel de Pistão Nº3 53-175mm 4"" 333,0002",Noll
32629,"Cinta para Anel de Pistão Nº5 60-175mm 6"" 333,0003",Noll
32701,Cintel Carretilha para Maçarico,Condor
32702,Cintel e Carretilha 500mm para Maçarico de Corte,Carbografite
32707,Cinto de Segurança Paraquedista 010415610 CG,Carbografite
32708,Cinto de Segurança Paraquedista 010419910 EVOLUTION 2P,Carbografite
32709,Cinto de Segurança Paraquedista 010526910 CG,Carbografite
32710,Cinto de Segurança Paraquedista 010641510 CG 700 CG 343 AB,Carbografite
32711,Cinto de Segurança Paraquedista 010644810 CG,Carbografite
32712,Cinto de Segurança Paraquedista Blue Line 010692510 CG 1A,Carbografite
32713,Cinto de Segurança Paraquedista Blue Line 010692610 CG 2A,Carbografite
32714,Cinto de Segurança Paraquedista Blue Line 010692810 CG 2A 1P 1S,Carbografite
32715,Cinto de Segurança Paraquedista Blue Line 010692710 CG 1A 1P,Carbografite
32716,Cinto de Seguranca Paraquedista CG 760E,Carbografite
32717,Cinto de Seguranca Paraquedista com Talabarte em Fita CG 750W,Carbografite
32718,Cinto de Segurança Paraquedista Para-aramida 010527010 CG,Carbografite
32719,Cinto de Segurança Paraquedista Tam. 1 010556710 EVOLUTION 5i,Carbografite
32720,Cinto de Seguranca Paraquedista sem Talabarte CG 700,Carbografite
32721,Cinto de Segurança Paraquedista Tam. 1 010557410 EVOLUTION 3i,Carbografite
32722,Cinto de Segurança Paraquedista Tam. 1 010556410 EVOLUTION 5i PLUS,Carbografite
32723,Cinto de Segurança Paraquedista Tam. 1 010567110 EVOLUTION 3P,Carbografite
32724,Cinto de Segurança Paraquedista Tam. 1 010583110 EVOLUTION 7i,Carbografite
32725,Cinto de Segurança Paraquedista Tam. 1 010578510 CG,Carbografite
32726,Cinto de Segurança Paraquedista Tam. 1 CG 795EP VIVO,Carbografite
32727,Cinto de Segurança Paraquedista Tam. 1 010695910 CG 780E,Carbografite
32728,Cinto de Segurança Paraquedista Tam. 1 010664110 CG,Carbografite
32729,Cinto de Segurança Paraquedista Tam. 1 CG,Carbografite
32730,Cinto de Segurança Paraquedista Tam. 2 010556810 EVOLUTION 5i,Carbografite
32731,Cinto de Segurança Paraquedista Tam. 2 010484810 CG 780E,Carbografite
32732,Cinto de Segurança Paraquedista Tam. 2 CG 781E,Carbografite
32733,Cinto de Segurança Paraquedista Tam. 2 010581210 CG 795EP VIVO,Carbografite
32734,Cinto de Segurança Paraquedista Tam.2 010583210 EVOLUTION 7i,Carbografite
32735,Cinto de Segurança Paraquedista Tam. 2 010664210 CG,Carbografite
32736,Cinto de Segurança Paraquedista Tam. 2 CG,Carbografite
32737,Cinto de Segurança Paraquedista Tam. 3 010581310 CG 795EP VIVO,Carbografite
32738,Cinto de Segurança Paraquedista Tam. 2 EVOLUTION 3i,Carbografite
32739,Cinto de Segurança Paraquedista Tam. 2 EVOLUTION 5i PLUS,Carbografite
32740,Cinto de Segurança Paraquedista Tam. 3 CG 781E,Carbografite
32741,Cinto de Segurança Paraquedista Tam. 3 CG,Carbografite
32742,Cinto de Segurança Paraquedista Tamanho 1 CG,Carbografite
32743,Cinto de Segurança Paraquedista Tam. 3 EVOLUTION 3i,Carbografite
32744,Cinto de Segurança Paraquedista Tamanho 2 CG,Carbografite
32745,Cinto de Segurança Paraquedista Tamanho 3 CG 730E,Carbografite
32746,Cinto de Seguranca Paraquedista Tamanho 2 CG 730E,Carbografite
32747,Cinto de Segurança Paraquedista Tamanho 3 CG (Ref 790EP),Carbografite
32748,Cinto de Segurança Paraquedista Tamanho 3 CG (Ref 797EP),Carbografite
32749,Cinto de Segurança Paraquedista Tamanho 3 EVOLUTION 3P,Carbografite
32750,Cinto de Segurança Paraquedista Tamanho 3 CG (Ref 792EP),Carbografite
32751,Cinto de Segurança Paraquedista Tamanho 3 EVOLUTION 5i,Carbografite
32752,Cinto de Segurança Paraquedista Tamanho 3 EVOLUTION 7i,Carbografite
32753,Cinto de Segurança Paraquedista Tamanho 3 EVOLUTION 5i PLUS,Carbografite
32757,Cinto para Ferramentas com Bolso Lona,Cortag
32761,Cinturão de Segurança Paraquedista CG,Carbografite
32763,Cinturão para Ferramentas com 10 Bolsos em Lona,Irwin
32764,Cinturão para Ferramentas com 9 Bolsos,Stanley
32767,Cinturão para Trabalho,Toughbuilt
32777,Clip Porta Luvas CG,Carbografite
32778,Clip Porta Luvas Azul DA99,Danny
32811,Codecard com 1 Liberação de Licença de Software para Scanners,Raven
32823,Colete de Sinalização Verde Limão com Velcro Tamanho Único CG 01,Carbografite
32824,Colete de Sinalização Laranja com Velcro Tamanho Único CG 01,Carbografite
32827,Colete Refletivo CG 06,Carbografite
32829,Colete Refletivo com Zíper Tamanho Único CG (Ref 04-2B),Carbografite
32830,Colete Refletivo com Velcro Tamanho Único CG,Carbografite
32831,Colete Refletivo Laranja com Velcro Tamanho Único CG,Carbografite
32832,Colete Refletivo em X Laranja CG07,Carbografite
32833,Colete Refletivo com Zíper Tamanho Único CG (Ref 04-1B),Carbografite
32834,Colete Refletivo em X Verde Limão CG07,Carbografite
32835,Colete Refletivo Laranja com Velcro Tamanho Único CG 02,Carbografite
32836,Colete Refletivo Tipo X Laranja Diurno 423,Brascamp
32837,"Colete Refletivo Tipo ""X"" Laranja Noturno 1000",Eqpro
32838,Colete Refletivo Tipo X Verde Noturno 432,Brascamp
32839,Colete Refletivo Tipo X Laranja Noturno 426,Brascamp
32840,Colete Refletivo Tipo XH Verde 437,Brascamp
32842,Colete Refletivo Tipo XH Laranja 436,Brascamp
32843,Colete Refletivo Verde com Velcro sem Bolso,Vicsa
32852,Colher de Pedreiro 10'' 2002,Pacetta
32854,"Colher de Pedreiro 6""",Brasfort
32856,Colher de Pedreiro 6'' 2002,Pacetta
32858,"Colher de Pedreiro 7"" 2002",Pacetta
32859,"Colher de Pedreiro 8"" 2002",Pacetta
32862,"Colher de Pedreiro 9"" 2002",Pacetta
32865,"Colher Oval para Pedreiro 10"" (Ref 3354101000, Nove54)",Nove54
32866,"Colher Oval para Pedreiro 7"" (Ref 3354100700, Nove54)",Nove54
32867,"Colher Oval para Pedreiro 10"" Pintada Soldada",Cortag
32869,"Colher Oval para Pedreiro 8""",Nove54
32870,"Colher Oval para Pedreiro 8"" Forjada",Cortag
32872,"Colher Oval para Pedreiro 9"" (Ref 3354100900, Nove54)",Nove54
32876,"Colher Oval para Pedreiro 9"" Forjada",Cortag
32894,"Colher Reta para Pedreiro 10"" (Ref 3364101000, Nove54)",Nove54
32896,"Colher Reta para Pedreiro 7""",Nove54
32897,"Colher Reta para Pedreiro 8"" (Ref 3364100800, Nove54)",Nove54
32899,"Colher Reta para Pedreiro 9"" (Ref 3364100900, Nove54)",Nove54
32900,Coluna Base para Montagem de Suporte em Bancadas SM-X,Marcon
32901,Coluna Fixa para Manutenção de Motores Caixas de Transmissão e Diferenciais,Raven
32904,"Colher Reta para Pedreiro 9"" Fojada",Cortag
32959,Combo Kit 1 para Fluxo de Ar com Bluetooth 0563 4406 440,Testo
32962,Combo Kit 1 para Fluxo de Ar com Bluetooth P 0563 4409 440,Testo
32964,Combo Kit 2 para Fluxo de Ar com Bluetooth 0563 4407 440,Testo
32967,Combo Kit 2 para Fluxo de Ar com Bluetooth P 0563 4410 440,Testo
32983,Combo Transpalete 525mm 2500Kg Simples Nylon + Kit de Rodas de Direção + Carga Simples Nylon e Vedação,Paletrans
32984,Combo Transpalete 680mm 2500Kg Simples Nylon + Kit de Rodas de Direção + Carga Simples Nylon e Vedação,Paletrans
32985,Combo Transpalete 525mm 2500Kg Simples Poliuretano + Kit de Rodas de Direção + Carga Simples Poliuretano e Vedação,Paletrans
32986,Combo Transpalete 680mm 2500Kg Simples Poliuretano + Kit de Rodas de Direção + Carga Simples Poliuretano e Vedação,Paletrans
32987,Combo Transpalete Balança sem Impressora 700mm 2000Kg Simples Poliuretano + Kit de Rodas de Direção + Carga Simples Poliuretano e Vedação,Paletrans
32988,Combo Transpalete Manual 525mm 2.500Kg Tandem de Poliuretano + Kit de Rodas de Direção + Carga Tandem Poliuretano e Vedação,Paletrans
32989,Combo Transpalete Manual 525mm 2500Kg Tandem de Nylon + Kit de Rodas de Direção + Carga Tandem Nylon e Vedação,Paletrans
32990,Combo Transpalete Manual 530mm 3.000Kg Tandem de Poliuretano + Kit de Rodas de Direção + Carga Tandem Poliuretano e Vedação,Paletrans
32991,Combo Transpalete Manual 530mm 3.000Kg Tandem de Nylon + Kit de Rodas de Direção + Carga Tandem Nylon e Vedação,Paletrans
32992,Combo Transpalete Manual 680mm 3.000Kg Tandem de Nylon + Kit de Rodas de Direção + Carga Tandem Nylon e Vedação,Paletrans
32993,Combo Transpalete Manual 680mm 2.500Kg Tandem de Poliuretano + Kit de Rodas de Direção + Carga Tandem Poliuretano e Vedação,Paletrans
32994,Combo Transpalete Manual 680mm 2500Kg Tandem de Nylon + Kit de Rodas de Direção + Carga Tandem Nylon e Vedação,Paletrans
32995,Combo Transpalete Manual 680mm 3.000Kg Tandem de Poliuretano + Kit de Rodas de Direção + Carga Tandem Poliuretano e Vedação,Paletrans
32996,Combo Transpalete Manual Balança Digital sem Impressora 545mm 2000kg Simples Poliuretano + Kit de Rodas de Direção + Carga Simples Poliuretano e Vedação,Paletrans
32999,Compactador de Percussão 300x250mm 4 hp 1.100 kg CS 55,Csm
33000,Compactador de Percussão Gasolina 4CV 4T 290x330mm,Toyama
33001,Compactador de Percussão Gasolina com Horímetro 4CV,Toyama
33002,Comparador de Diâmetro Interno 10 a 18mm/0.001mm 130.666,Digimess
33003,Compactador de Solo À Gasolina 3CV 4T 280X300mm 1200KGF CS 55,Csm
33004,Comparador de Diâmetro Interno 10 a 18mm 130.556,Digimess
33005,Comparador de Diâmetro Interno 10 a 18mm/0.01mm 130.751,Digimess
33006,Comparador de Diâmetro Interno 10 a 18mm/0.01mm 510.001,Kingtools
33007,Comparador de Diâmetro Interno 160 a 250mm/0.001mm 130.687,Digimess
33008,Comparador de Diâmetro Interno 160 a 250mm 0.01mm 130.568,Digimess
33009,Comparador de Diâmetro Interno 160 a 250mm/0.001mm 130.776,Digimess
33010,Comparador de Diâmetro Interno 160 a 250mm/0.01mm 130.683,Digimess
33011,Comparador de Diâmetro Interno 160 a 250mm/0.01mm 130.772,Digimess
33012,Comparador de Diâmetro Interno 160 a 250mm/0.01mm 510.005,Kingtools
33013,Comparador de Diâmetro Interno 160 a 250mm/0.01mm 130.755,Digimess
33014,Comparador de Diâmetro Interno 160 a 250mm com Haste Prolongada 130.808,Digimess
33015,Comparador de Diâmetro Interno 160 a 250mm/0.01mm com Espaçador 510.012,Kingtools
33016,Comparador de Diâmetro Interno 160 a 250mm com Haste Prolongada 130.810,Digimess
33017,Comparador de Diâmetro Interno 160 a 250mm com Haste Prolongada 130.811,Digimess
33018,Comparador de Diâmetro Interno 18 a 35mm/0.001mm 130.668,Digimess
33019,Comparador de Diâmetro Interno 18 a 35mm/0.01mm 510.002,Kingtools
33020,Comparador de Diâmetro Interno 18 a 35mm/0.01mm 130.752,Digimess
33021,Comparador de Diâmetro Interno 250.0 a 450.0MM 0.01MM 130.570,Digimess
33022,Comparador de Diâmetro Interno 18 a 35mm 130.558,Digimess
33023,Comparador de Diâmetro Interno,Mitutoyo
33024,Comparador de Diâmetro Interno 250 a,Mitutoyo
33025,Comparador de Diâmetro Interno 250 a 450mm/0.01mm 130.684,Digimess
33026,Comparador de Diâmetro Interno 250 a 450mm/0.01mm 130.773,Digimess
33027,Comparador de Diâmetro Interno 250 a 450mm/0.01mm com Espaçador 510.013,Kingtools
33028,Comparador de Diâmetro Interno 250 a 450mm/0.01mm 510.006,Kingtools
33029,Comparador de Diâmetro Interno 250 a 450mm com Haste Prolongada 130.814,Digimess
33030,Comparador de Diâmetro Interno 250 a 450mm com Haste Prolongada 130.812,Digimess
33031,Comparador de Diâmetro Interno 35 a 60mm/0.01mm 130.681,Digimess
33032,Comparador de Diâmetro Interno 35 a 60mm/0.001mm 130.685,Digimess
33033,Comparador de Diâmetro Interno 35 a 60mm/0.01mm 130.753,Digimess
33034,Comparador de Diâmetro Interno 35 a 60mm/0.01mm 130.770,Digimess
33035,Comparador de Diâmetro Interno 35 a 60mm/0.01mm 510.003,Kingtools
33036,Comparador de Diâmetro Interno 35 a 60mm/0.01mm com Espaçador 510.010,Kingtools
33037,Comparador de Diâmetro Interno 35 a 60mm 130.560,Digimess
33038,Comparador de Diâmetro Interno 35 a 60mm com Haste Prolongada 130.800,Digimess
33040,Comparador de Diâmetro Interno 35 a 60mm com Haste Prolongada 130.801,Digimess
33041,Comparador de Diâmetro Interno 50 À,Mitutoyo
33042,Comparador de Diâmetro Interno 50 a,Mitutoyo
33043,Comparador de Diâmetro Interno 50 a 160mm/0.001mm 130.686,Digimess
33044,Comparador de Diâmetro Interno 50 a 160mm/0.001mm 130.775,Digimess
33045,Comparador de Diâmetro Interno 50 a 160mm/0.01mm 130.771,Digimess
33046,Comparador de Diâmetro Interno 50 a 160mm/0.01mm 510.004,Kingtools
33047,Comparador de Diâmetro Interno 50 a 160mm/0.01mm 130.682,Digimess
33048,Comparador de Diâmetro Interno 50 a 160mm/0.01mm 130.754,Digimess
33049,Comparador de Diâmetro Interno 50 a 160mm/0.01mm com Espaçador 510.011,Kingtools
33050,Comparador de Diâmetro Interno 50 a 160mm 130.562,Digimess
33051,Comparador de Diâmetro Interno 50 a 160mm com Haste Prolongada 130.804,Digimess
33052,Comparador de Diâmetro Interno 50 a 160mm com Haste Prolongada 130.805,Digimess
33053,Comparador de Diâmetro Interno 6 a 10mm/0.01mm 130.554,Digimess
33054,Comparador de Diâmetro Interno de 10 a 18.5mm,Mitutoyo
33055,Comparador de Diâmetro Interno 6 a 10mm/0.01mm 510.000,Kingtools
33056,Comparador de Diâmetro Interno de 100 a,Mitutoyo
33057,Comparador de Diâmetro Interno de 160 a,Mitutoyo
33059,Comparador de Diâmetro Interno de 18 a 35mm,Mitutoyo
33060,"Comparador de Diâmetros Interno 10 a 18,5mm sem Relógio e sem Capa",Mitutoyo
33061,Comparador de Diâmetro Interno de 6 a 10mm (Ref 511-210-20),Mitutoyo
33062,Comparador de Diâmetro Interno de 160 a 250mm sem Relógio,Mitutoyo
33063,Comparador de Diâmetro Interno de 6 a 10mm (Ref 511-211-20),Mitutoyo
33064,Comparador de Diâmetros Interno 18 a 35mm,Mitutoyo
33065,Comparador de Diâmetros Interno 35 a 60mm,Mitutoyo
33066,Comparador de Diâmetros Interno 18 a 35mm sem Relógio,Mitutoyo
33067,Comparador de Diâmetros Interno 50 a 150mm sem Relógio,Mitutoyo
33069,Comparador Diâmetro Interno 35 a 60mm,Mitutoyo
33071,Comparador de Diâmetros Interno sem Relógio 35 a 60mm,Mitutoyo
33165,Concentrado para Limpeza 20 Litros LIMPOMAQ,Tapmatic
33168,Comutador Pulsante MOM 3 Posições 2x1 na PT,Siemens
33169,Concentrado para Limpeza 5 Litros LIMPOMAQ,Tapmatic
33170,"Conduíte Corrugado Amarelo PVC 1/2"" 50m para Parede 2142",Coflex
33171,"Conduíte Corrugado Amarelo PVC 1"" 25m para Parede 2144",Coflex
33172,"Conduíte Corrugado Laranja PVC 1"" 25m para Laje 2164",Coflex
33173,"Conduíte Corrugado Preto Aço 1"" por Metro",Ekoflex
33174,"Conduíte Corrugado Amarelo PVC 3/4"" 50m para Parede 2143",Coflex
33175,"Conduíte Corrugado Preto Aço 2"" por Metro",Ekoflex
33176,"Conduíte Corrugado Preto Aço 3/4"" por Metro",Ekoflex
33177,"Conduíte Corrugado Preto Aço 1.1/2"" por Metro",Ekoflex
33178,"Conduíte Corrugado Preto Aço 1/2"" por Metro",Ekoflex
33179,"Conduíte Corrugado Preto Aço 1.1/4"" por Metro",Ekoflex
33180,"Conduíte Corrugado Preto Aço 3/8"" por Metro",Ekoflex
33184,"Conduíte para Tocha com Isolação 1mm 5,4m",Esab-Tbi
33317,"Condulete Múltiplo l 1.1/2"" com Tampa",Ventiluz
33319,Cone Balizador Pirulito 110cm Laranja e Branco sem Base 700.30960,Plastcor
33320,Cone de Sinalização 1 Metro Laranja e Branco Refletivo,Carbografite
33322,Cone Balizador 58x58cm 110cm Laranja Refletivo 600.30093,Plastcor
33324,Cone de Sinalização 50 cm Preto e Amarelo,Carbografite
33325,Cone de Sinalização 50 cm Laranja e Branco,Carbografite
33328,Cone de Sinalização 50cm Preto e Amarelo 700.01304,Plastcor
33329,Cone de Sinalização 75 cm Laranja e Branco CG,Carbografite
33330,Cone de Sinalização 50cm Laranja e Branco 700.01283,Plastcor
33331,Cone de Sinalização 75 cm Preto e Amarelo CG,Carbografite
33333,Cone de Sinalização 75cm Laranja e Branco 700.01291,Plastcor
33334,Cone de Sinalização 75 cm Refletivo CG,Carbografite
33335,Cone de Sinalização 75cm Preto e Amarelo 700.01312,Plastcor
33336,Cone de Sinalização Flexível 50 cm Laranja Refletivo 700.00654,Plastcor
33337,Cone de Sinalização Flexível Laranja e Branco 75cm 700.00652,Plastcor
33338,Cone de Sinalização 75cm Preto e com Faixas Refletivas Amarelas 70.000.653,Plastcor
33339,Cone de Sinalização PLT 75 cm Preto e Amarelo Refletivo 700.01313,Plastcor
33340,Cone de Sinalização Refletivo Flexível Preto e Amarelo 50cm 700.00655,Plastcor
33341,Cone de Sinalização Refletivo Laranja e Branco 75cm 700.00018,Plastcor
33342,Cone de Sinalização Refletivo NBR 15.071,Carbografite
33343,Cone Morse 24x148mm para,Ferrari
33344,Cone para Sinalização 75cm Laranja e Branco Refletivo 700.01292,Plastcor
33346,Cone Porta Pinça BT40 100mm ER32,Btfixo
33349,Cone Porta Pinça BT40 70mm ER40 MAS,Btfixo
33559,Conexão para 2 Mangueiras de Alta Pressão HD/HDS 9.369.046.0,Karcher
33560,Conexão do Bico para Pulverizador 20 Litros,Eccofer
33562,"Conexão Rosca Externa 1/8"" BSPT 24-A",Tapmatic
33563,"Conexão Rosca Interna Tipo Luva 3/8"" BSPT 16-A",Tapmatic
33566,Conformadora de Chapa (roda Inglesa),Manrod
33568,Conjunto 4x2 2 Interruptores Paralelos 10A,Pial
33589,Conjunto Acessório de Travessa e Parafusos para Extração Manual de Rolamentos (Ref 700003),Raven
33590,Conjunto Acessório de Travessa e Parafusos para Extração Manual de Rolamentos (Ref 700004),Raven
33592,Conjunto Balde 24 Litros com Espremedor 1006,Tomki
33593,Conjunto C/2 Ferramentas P/posicionar Eixos de Comando de Válvulas do Alfa Romeo,Raven
33594,Conjunto C/4 Ferramentas P/posicionar Eixos de Comando de Válvulas do Fiat Marea 2.0,Raven
33598,Conjunto Cilindro Hidráulico Baixo e Bomba Manual Curso 60mm,Enerpac
33599,Conjunto Cilindro Hidráulico e Bomba Manual Curso,Enerpac
33600,Conjunto Cilindro Hidráulico e Bomba Manual Curso 64mm,Enerpac
33601,Conjunto Cinto de Segurança Paraquedista com Talabarte CG (Ref 750PE),Carbografite
33602,Conjunto Cinto de Segurança Paraquedista com Talabarte CG 750N,Carbografite
33603,Conjunto Cinto de Segurança Paraquedista com Talabarte CG (Ref 750YE),Carbografite
33604,Conjunto com 2 Ferramentas P/posicionar Eixos de Comando de Válvulas do Marea,Raven
33605,Conjunto com 2 Ferramentas P/posicionar Eixos de Comando de Válvulas do Marea 2.4,Raven
33607,Conjunto com 2 Ferramentas para Fasagem dos Eixos de Comando de Válvulas,Raven
33608,Conjunto com 2 Ferramentas para Fasagem dos Pistões de Motores Fiat,Raven
33611,Conjunto de 3 Peças Hubs Cliptech,Toughbuilt
33613,Conjunto de Bico e Agulha 1.8mm para Pistolas,Devilbiss
33614,Conjunto de Cabos Mig 400A 10 Metros,Esab
33615,Conjunto de Bico e Agulha de 1.1mm para SGK,Devilbiss
33616,Conjunto de Bico e Agulha de 1.4mm para SGK,Devilbiss
33617,Conjunto de Cabos de Teste Industriais TLK289 Sure Grip,Fluke
33618,Conjunto de Cabos Mig 70mm 5 Metros,Esab
33619,Conjunto de Cabos Mig para Alimentador de Arame 400A 10 Vias 2m,Esab
33624,Conjunto de Cilindro Hidráulico 10 Toneladas com Bomba Manual,Enerpac
33626,Conjunto de Cinto para Profissional em 3 Peças com Cliptech,Toughbuilt
33627,Conjunto de Cinto de Segurança Paraquedista com Talabarte,Carbografite
33628,Conjunto de Cinto de Segurança Paraquedista Talabarte 010546210 CG,Carbografite
33629,Conjunto de Cinto para Profissionais de Manutenção 3 Peças,Toughbuilt
33630,Conjunto de Encolhedores para Molas de Suspensão Dianteiras,Raven
33631,Conjunto de Equipamento para Teste Intercooler Sistema de Ar 33 Peças,Raven
33632,Conjunto de Conectores e Esguicho Bronze para Mangueiras com 4 Peças,Trapp
33633,Conjunto de Espátulas para Desmontagem de Acabamentos Internos,Raven
33634,Conjunto de Espumas Filtrantes Retangular 830.1102-0,Schulz
33640,Conjunto de Extratores de Terminais de Direção e Pivôs de Automóveis,Raven
33643,Conjunto de Ferramentas Extratoras do Eixo Piloto da Embreagem do Monza e Kadett,Raven
33647,Conjunto de Ferramentas para Instalar Capas de Rolamentos Retentor e Selo,Raven
33649,Conjunto de Ferramentas para Retornar Êmbolos de Pinças de Freio,Raven
33650,Conjunto de Ferramentas para Sincronismo da VW Amarok,Raven
33651,Conjunto de Ferramentas para Posicionar em Sincronismo as Árvores Compensadoras de Massas,Raven
33652,Conjunto de Ferramentas para Posicionar em PMS Pistões e Válvulas,Raven
33653,Conjunto de Ferramentas para Sincronismo de Motor PSA 1.2 12V,Raven
33654,Conjunto de Ferramentas para Sincronismo de Motores,Raven
33655,Conjunto de Ferramentas para Sincronismo de Motores Fiat (Ref 141500),Raven
33656,Conjunto de Ferramentas para Sincronismo de Motores Fiat (Ref 141502),Raven
33657,Conjunto de Ferramentas para Sincronismo de Motores Fiat Fire,Raven
33658,Conjunto de Ferramentas para Sincronismo de Motores Peugeot/citröen,Raven
33659,Conjunto de Ferramentas para Sincronismo de Motores Peugeot/citröen 2.0 16V,Raven
33660,Conjunto de Ferramentas para Sincronismo de Motores Renault (Ref 151500),Raven
33661,Conjunto de Ferramentas para Sincronismo de Motores Renault (Ref 151501),Raven
33662,"Conjunto de Ferramentas para Sincronismo de Motores Renault, Peugeot e Citröen",Raven
33663,Conjunto de Ferramentas para Sincronismo de Motores VW,Raven
33664,Conjunto de Ferramentas para Sincronismo do Motor FPT 2.0 16V,Raven
33665,Conjunto de Ferramentas para Sincronismo de Motores VW e GM,Raven
33666,Conjunto de Ferramentas para Sincronismo dos Motores (Ref 121502),Raven
33667,Conjunto de Ferramentas para Sincronismo dos Motores (Ref 141506),Raven
33668,Conjunto de Ferramentas para Sincronismo dos Motores VW 2.0 16V,Raven
33669,Conjunto de Ferramentas para Sincronismo dos Motores FPT 2.0 16V Turbo,Raven
33670,Conjunto de Ferramentas para Sincronismo dos Motores Vw/audi EA888 2.0 16V TSI,RAVEN
33671,Conjunto de Ferramentas para Sincronismo Motores,Raven
33672,Conjunto de Ferramentas para Sincronismo Motor Renault Master 2.3 16V DCI,Raven
33673,Conjunto de Ferramentas para Soltar a Trava de Fixação do Filtro de Combustível,Raven
33674,Conjunto de Ferramentas para Travar Polias,Raven
33679,Conjunto de Jardinagem para Vasos 4 com Peças,Trapp
33684,Conjunto de Lente de Projeção Ampliação 20X para Projetor,Mitutoyo
33698,Conjunto de Teste da Linha de Baixa Pressão de Combustível de Motores Diesel,Raven
33704,Conjunto de Tomadas 2P+T 4x2 2 Módulos 10A 250V,Pial Plus+
33705,Conjunto Extrator Completo Hidráulico 24 Ton 3 Garras 6 Peças e Maleta,Enerpac
33707,Conjunto Ferramentas Ajuste Sincronismo Motor Ford,Raven
33710,Conjunto Multifuncional para Serralheria Hobby,Manrod
33713,Conjunto Multifuncional para Serralheria,Manrod
33716,Conjunto para Extração de Volantes de Direção 41 Peças,Raven
33718,Conjunto para Instalar e Extrair Rolamentos de Roda Dianteira e Apoiar Mangas de Eixo 29 Peças,Raven
33722,Conjunto para Medição de Compressão dos Cilindros de Motores Ciclo Otto,Raven
33724,Conjunto para Medição de Compressão de Motores Diesel,Raven
33726,Conjunto para Soldagem e Corte PPU,Condor
33728,Conjunto para Teste de Bicos Injetores Diesel,Raven
33729,Conjunto para Teste de Vedação dos Cilindros de Motores Ciclo Otto,Raven
33730,Conjunto para Teste de Sistema Arrefecimento 15 Peças,Raven
33731,Conjunto para Teste do Sistema de Arrefecimento de Utilitários a Diesel Caminhões Ônibus,Raven
33732,Conjunto para Troca de Correia Dentada Master,Raven
33733,Conjunto para Teste de Sistemas de Arrefecimento Automóveis e Utilitários,Raven
33734,Conjunto Porta Plaqueta de Abrir Preto,Weg
33735,Conjunto Porta Plaqueta de Avanço/recuo Preto,Weg
33736,Conjunto Porta Plaqueta de Fechar Preto,Weg
33737,Conjunto Porta Plaqueta de Desligar Preto,Weg
33738,Conjunto Porta Plaqueta de Manual/auto Preto,Weg
33739,Conjunto Porta Plaqueta de Ligar Preto,Weg
33740,Conjunto Porta Plaqueta Trasparente sem Gravação (Ref APP30T),Weg
33741,Conjunto Porta Plaqueta Trasparente sem Gravação (Ref APP60T),Weg
33742,Conjunto de Pontas de Prova TL71,Fluke
33744,Conjunto PVC Forrado Amarelo Tamanho g 533,Brascamp
33745,Conjunto PVC Forrado Amarelo Tamanho GG 533,Brascamp
33746,Conjunto Sobrepor 1P 1 TOM 2P + 10A Branco,Pial
33747,Conjunto Reparo de Vedação FLG,Devilbiss
33748,Conjunto Separadores Flanges 80mm Hidráulico Spread Máximo,Enerpac
33753,Contador Digital 2 Eixos,Mitutoyo
33754,Contato Auxiliar 1 na,Siemens
33755,Contador Tripolar 40A 110V 50/60HZ CWM40-00-30 D13,Weg
33756,Contato Auxiliar 1 NF,Siemens
33757,Contato Auxiliar Contador 4NA,Weg
33758,Contato Auxiliar Contador 2NA,Weg
33759,Contato Auxiliar Instantâneo Frontal 2NA Tesys,Schneider
33931,Controlador de Segurança,Ace Schmersal
33934,Controlador Digital Semiautomático Canal Duplo com Reservatório EQ RC40,Loctite
33936,Controle Parada Emergência Reset Manual CP-D,Weg
33937,Controle Ventilador com Capacitor 200W CONTROL,Margirius
33939,Controle Parada Emergência Reset Manual/automático,Weg
33943,Convertedor de Ferrugem Primer PCF 100ml DD1,Tapmatic
33944,Cooler PACKOUT,Milwaukee
33945,Convertedor de Ferrugem Primer PCF 20 Litros DD5,Tapmatic
33947,Cooler 20 Litros PACKOUT,Milwaukee
33949,Copo Térmico,Milwaukee
33955,Corda de Nylon Trançada Branca 12mm por Metro,Dully
34012,Corpo Acoplamento Antiespuma com Boia Vedação,Ipc
34013,Corpo Fim Curso Fixo 1NA + 1NF,Schneider
34014,Corpo para Esticador M10 Inox 316,Robur
34015,"Corpo Fixador 3,25mm para Tocha TIG",Anhanguera
34016,Corpo para Esticador M10 Zincado,Robur
34017,Corpo para Esticador M11 Zincado,Robur
34018,Corpo para Esticador M12 Galvanizado,Robur
34019,Corpo para Esticador M12 Zincado,Robur
34020,Corpo para Esticador M12 Inox 316,Robur
34021,Corpo para Esticador M14 Inox 316,Robur
34022,Corpo para Esticador M14 Zincado,Robur
34023,Corpo para Esticador M16 Galvanizado,Robur
34024,Corpo para Esticador M16 Inox 316,Robur
34025,Corpo para Esticador M20 Inox 316,Robur
34026,Corpo para Esticador M16 Zincado,Robur
34027,Corpo para Esticador M18 Zincado,Robur
34028,Corpo para Esticador M20 Galvanizado,Robur
34029,Corpo para Esticador M20 Zincado,Robur
34030,Corpo para Esticador M24 Galvanizado,Robur
34031,Corpo para Esticador M22 Zincado,Robur
34032,Corpo para Esticador M24 Zincado,Robur
34033,Corpo para Esticador M27 Galvanizado,Robur
34034,Corpo para Esticador M27 Zincado,Robur
34035,Corpo para Esticador M30 Galvanizado,Robur
34036,Corpo para Esticador M30 Zincado,Robur
34037,Corpo para Esticador M33 Zincado,Robur
34197,"Corrente 33 Dentes 40cm 1,6mm",Stihl
34199,"Corrente Aço Inox 1/8"" 3.0mm por Metro",Carbografite
34200,"Corrente Aço Inox 5/16"" 8.0mm por Metro",Carbografite
34204,Corrente de Amarração 10mm X 3.5 Metros,Robur
34206,Corrente de Amarração 8mm X 3.5 Metros,Robur
34209,Corrente Elevação 1x1 Metro 2 TMT Gancho Encurtador com Gancho Segurança 8096,Robur
34211,Corrente Elevação com 4 Braços 2 Metros 4.25 TON com Gancho Segurança 8094,Robur
34212,Corrente Elevação com 4 Braços 4 Metros 11.2 TON com Gancho Segurança,Robur
34213,Corrente para Motosserra 14 Dentes 10cm 1.1mm,Stihl
34214,Corrente para Motosserra 22 Dentes 10cm 1.3mm,Stihl
34215,Corrente para Motosserra 25 Dentes 35cm 1.1mm,Stihl
34216,Corrente para Motosserra 26RS 60cm 1.6mm,Stihl
34217,Corrente para Motosserra 27 Dentes 40cm 1.3mm,Stihl
34218,"Corrente para Motosserra 30cm 1,1mm",Stihl
34219,Corrente para Motosserra 30 Dentes 40cm 1.6mm (Ref MS260/361/381),Stihl
34220,Corrente para Motosserra 30 Dentes 40cm 1.6mm (Ref MS310/361/460/362/382),Stihl
34221,Corrente para Motosserra 32 Dentes 30cm 1.1mm,Stihl
34222,Corrente para Motosserra 36 Dentes 50cm 1.6mm Modelos,Stihl
34223,Corrente para Motosserra 36 Dentes 50cm 1.6mm,Stihl
34224,Corrente para Motosserra 36RM 40cm 1.6mm,Stihl
34225,Corrente para Motosserra 36RS 50cm 1.6mm,Stihl
34226,Corrente para Motosserra 42 Dentes 63cm 1.6mm,Stihl
34227,Corrente Plástica Laranja Elo Pequeno 5 Metros 700.10812,Plastcor
34228,Corrente Plástica Laranja Elo Pequeno por Metro 70.000.389,Plastcor
34229,Corrente Plástica Preta/amarela Elo Grande 5 Metros 70.000.098,Plastcor
34230,Corrente Plástica Preta/amarela Elo Pequeno 700.10818 - METRO,Plastcor
34231,Corrente Plástica Preta/amarela Elo 8mm por Metro,Carbografite
34232,"Corrente Simples 1/2"" por Metro 08B1",Ati Brasil
34233,Corrente Sinalização 5.0mm rolo 30MT Vermelho/branco Galvanizado 8129,Robur
34262,"Corta Tubos 1/4"" a 1.5/8"" Serviço Leve 151",Ridgid
34263,"Corta Tubos 1/4"" a 2.5/8"" Serviço Leve 152",Ridgid
34264,"Corta Tubos 1.7/8"" a 4.1/2"" Serviço Leve 154",Ridgid
34265,"Corta Tubos 1/8"" a 1.1/8"" Serviço Leve 150",Ridgid
34269,"Corta Tubos 1/8"" a 2"" Serviço Pesado 2-A",Ridgid
34270,"Corta Tubos 4"" a 6"" Serviço Pesado 6-S",Ridgid
34271,"Corta Tubos 3/16"" a 15/16"" Serviço Leve 104",Ridgid
34273,"Corta Tubos de PVC de 42mm 1/8"" a 1.5/8""",Ridgid
34274,"Corta Tubos de 2"" a 4"" para Serviço Pesado 4-S",Ridgid
34275,Corta Tubos de PVC e Alumínio de 42mm,Ferrari
34279,"Corta Vergalhão 36"" 71 72 910",Knipex
34423,"Cortadora de Piso Concreto Asfalto Gasolina 18"" 13HP 4 Tempos",Toyama
34713,"Cossinetes Caracol para Rosqueadeira 2.1/2"" a 4"" NPT",Ferrari
34727,"Creme de Limpeza das Mãos 2,5kg Gel SF 7849",Loctite
34728,Creme de Proteção Luva Química Grupo 3 120g,Nutriex
34729,Creme de Proteção para as Mãos Grupo 3 200gr CA,Nutriex
34730,Creme de Proteção para Mãos 200g Grupo 3 Bisnaga,Nutriex
34731,Creme de Proteção para Pele 200g SPECIAL,Luvex
34732,Creme de Proteção para as Mãos Proteção Química Grupo 3 Bombona 1kg,Nutriex
34733,Creme de Proteção para Pele 200g INDUSTRIAL,Luvex
34734,Creme de Proteção para Mãos 200g Grupo 2 Bisnaga CA,Luvex
34735,Creme de Proteção para Mãos 1Kg CA 43802 GRUPO 3,Nutriex
34736,Creme de Proteção para Mãos 120g Grupo 3 Bisnaga,Nutriex
34737,Creme de Proteção para Pele Grupo 2 200g,Nutriex
34738,Creme de Proteção para Pele Grupo 3 120gr CA,Nutriex
34739,"Creme em Gel Desengraxante para Limpeza de Pele 2,5Kg",Pinheiro
34740,Creme Desengraxante Esfoliante 200G,Nutriex
34741,Creme em Gel Desengraxante para Limpeza de Pele,Pinheiro
34742,Creme em Pasta para Limpeza das Mãos 1kg,Pinheiro
34743,Creme Protetor Luva Química Grupo 2 Bisnaga 200g CA,Nutriex
34744,Creme Proteção para Pele Grupo 2,Nutriex
34746,Creme Ultra-hidratante Regenerador Regederme G3 200g,Nutriex
34751,CRZ Galvanização a Frio 900ml DB2,Tapmatic
34752,Cronômetro Portátil com Contagem Progressiva e Regressiva Digital,Instrutherm
34753,CRZ Galvanização a Frio 225ml DB1,Tapmatic
34754,CRZ Galvanização a Frio Aerossol 300ml DM1,Tapmatic
34755,Cultivador Duplo para Jardim,Trapp
34762,Cunha Hidráulica 1 TON Abertura 94mm WR5,Enerpac
34766,Cunha para Desmontar Pneus C01,Kraucher
34772,"Curva Galvanizada a Fogo Média 90° 1/2"" EC-EDE 71",Elecon
34773,"Curva Galvanizada a Fogo Média 90° 2"" EC-EDF 86",Elecon
34774,"Curva Galvanizada a Fogo Média 90° 3/4"" EC-EDF 82",Elecon
34775,"Curva Galvanizada a Fogo Pesada 90° 1/1/2"" EC-EDF 85",Elecon
34790,"Curva Média Galvanizada a Fogo 90° 1/1/2"" EC-EDE 75",Elecon
34792,"Curva Média Galvanizada a Fogo 90° 1"" EC-EDE 73",Elecon
34798,"Curvador de Tubos 1/2"" para Aço Inox 608",Ridgid
34817,"Curvador de Tubos Hidráulico 1/2"" a 3"" Tripé 4501",Marcon
34819,"Curvador de Tubos Hidráulico 13ton 1/2"" a 2"" com Tripé HHW - 2J",Merax
34821,Curvador Hidráulico 3/8'' 2'',Ridgid
34831,"Curvadora de Tubos Hidro-pneumática 1/2"" a 4"" HHW - 4Q",Merax
34832,Data Logger Temperatura/umidade com Bluetooth e Aplicativo -20 a 70C/0 a 100% 174H BT,Testo
34833,Data Logger Temperatura -200 a +1000°C 176 T4,Testo
34834,Data Logger para Temperatura/umidade -20 a +70 °C 174H,Testo
34835,Data Logger Wifi para Temperatura/Umidade/CO2/Pressão Atmosférica 160 IAQ,Testo
34838,Data Logger de Temperatura e Umidade -20 a +55 °C 175 H1,Testo
34839,"Decapador de Cabos 7.3/4"" de 0,08mm a 16mm Precistrip 12 52 195",Knipex
34840,Decapador de Cabos 0.2 a 4mm 16 95 01 SB Ergostrip,Knipex
34842,"Decapador de Cabos Autoajustável 8"" de 0,03mm a 10mm 12 40 200",Knipex
34843,"Decapador de Cabos Autoajustável 7.3/4"" de 0,03mm a 10mm 12 42 195",Knipex
34844,Decapador de Cabos com Corte Espiral 6mm a 29mm 16 30 135 SB,Knipex
34845,Decapador de Cabos Corte Espiral 19 a 40mm 16 30 145 SB,Knipex
34846,Decapador de Cabos de 25-150mm 16 40 150,Knipex
34847,Decapador de Fios e Cabos de 25MM a 35MM AM 35 WEIDMULLER CONEXEL,Conexel Weidmuller
34849,Defletor da Tampa 51,Arprex
34850,Defletor de Ar com Anel JGA,Devilbiss
34858,Descolador Manual de Penus,Viluz
34951,Desempeno de Granito 1000x1000x160mm CL.0,Insize
34953,Desempeno de Granito 300x200x60mm CL.0,Insize
34956,Desempeno de Granito 400 X 400 X 70mm Classe 0 270.163,Digimess
34957,Desempeno de Granito 400x400x80mm CL.0,Insize
34958,Desempeno de Granito 630 X 400 X 100mm Classe 0 270.166,Digimess
34959,Desempeno de Granito 630 X 630 X 100mm Classe 0 270.167,Digimess
34960,Desempeno de Granito 800 X 500 X 100mm Classe 0 270.169,Digimess
34962,Desempeno de Granito 800x500x120mm CL.0,Insize
34963,Desempeno de Granito Preto para Medições 1000x630x150mm 270.172,Digimess
34966,Desengraxante 20 Litros BIO-CIRCLE l,Walter Abrasivos
34968,Desengraxante 20 Litros,Walter Abrasivos
34970,Desengraxante 20 Litros MATRIX ALL PURPOSE,Walter Abrasivos
34971,Desengraxante 300ml Spay EXPRESS W,Wurth
34972,Desengraxante 5 Litros E-NOX CLEAN,Walter Abrasivos
34973,Desengraxante CB 100 5 Litros,Walter Abrasivos
34974,Desengraxante Biodegradável 5 Litros SF 7839 POWER ONE,Loctite
34975,Desengraxante CB 100 500 ml,Walter Abrasivos
34976,Desengraxante 500mL E-NOX CLEAN,Walter Abrasivos
34977,Desengraxante Concentrado 5 Litros Ecológico para Lavadoras de Peças Industriais ED LAV,Tapmatic
34978,Desengraxante Concentrado Biodegradável 2L ECOLIMP,Marcon
34979,Desengraxante Concentrado Ecológico 20 Litros ED LAV,QUIMATIC
34980,Desengraxante de Limpeza Alto Desempenho com Baixa Espuma 5 Litros 53G016.4 UNO SF,Walter Abrasivos
34981,Desengraxante Concentrado Biodegradável 5 Litros Limpeza Industrial ED BIO DX2,Tapmatic
34982,Desengraxante Dielétrico 20 Litros para Limpeza de Componentes Elétricos DT3,Tapmatic
34983,Desengraxante Dielétrico 5 Litros DT2,Tapmatic
34984,Desengraxante Dielétrico 5 Litros,Wurth
34986,Desengraxante Industrial Biodegradável 20 Litros DX3,Tapmatic
34987,Desengraxante Industrial Biodegradável 20 Litros ED SOLV,Tapmatic
34988,Desengraxante Industrial Biodegradável 5 Litros ED SOLV,Tapmatic
34989,Desengraxante Limpa Freios,Wurth
34990,Desengraxante Lava Peças 20 Litros,Wurth
34992,Desengraxante Tira Grude Removedor de Etiquetas e Pegajosidades 20 Litros FA4,Tapmatic
34993,Desengraxante Limpante 1 Litro TEROSON PU 8550,Loctite
34994,Desengraxante Limpante 5 Litros,Wurth
34995,Desengraxante Tira Grude Removedor de Etiquetas e Pegajosidades 5 Litros FA3,Tapmatic
34996,Desengraxante Tira Grude Removedor de Etiquetas e Pegajosidades 40ml FA1,Tapmatic
34998,Desentupidor de Tubulação com 10mts de Extensão 9.302-143.0,Karcher
34999,"Desentupidor com Mola Manual 3,8 Metros",Nove54
35004,Desentupidor de Tubulações Residencial com 3 Metros,Karcher
35008,Desentupidora de Tambor 1.1/2'' a 4'' 23 Metros 110V AUTOFEED,Ridgid
35011,"Desentupidora Elétrica 4"" a 10"" 32 Metros 220V",Ridgid
35012,"Desentupidora Elétrica Bivolt 1.1/2"" a 3""",Engesteel
35014,"Desentupidora Elétrica de Tambor 1.1/2"" a 4"" 23 Metros 220V AUTOFEED",Ridgid
35015,"Desentupidora Elétrica de Tubulações 3/4"" a 2.1/2"" 7.6MT CJ-5 220V",Ridgid
35016,"Desentupidora Flexshaft 9,1 Metros",Ridgid
35019,Desentupidora Manual para Bacias,Ridgid
35020,"Desentupidora Seccional 3/4"" a 4"" 220V com Acessórios",Ridgid
35021,Desentupidora Seccional 3/4'' a 4'' 220V com Acessórios,Ridgid
35023,"Desentupidora Seccional 3/4"" a 4"" com Acessórios",Ridgid
35025,"Desincrustador Pneumático 1/4"" com 19 Agulhas",Stanley
35030,Desincrustador Pneumático 19 Agulhas SFP 32,Schulz
35032,Desincrustador Pneumático,Puma
35033,Desincrustador Pneumático 28 Agulhas,Sigma Tools
35035,Desincrustador Pneumático com 12 Agulhas 3800ipm SFP 38,Schulz
35038,Desincrustador Pneumático PS1,Sigma Tools
35039,Desincrustador Pneumático Rotativo,Sigma Tools
35040,Desincrustador Pneumático Reto com 19 Pontas,Puma
35041,Desincrustador Redondo Pneumático,Puma
35042,Desincrustadora Pneumática 12 Agulhas 4000 Gpm,Chicago
35043,Desiscrustador Pneumática Triplo PS3,Sigma Tools
35044,Desiscrustador Pneumático Anti Vibração PS1,Sigma Tools
35046,Desmontadora de Pneu Monofásica 220V Vermelho (Ref MR1201),Ribeiro
35047,Desmontadora de Pneu Monofásica 220V Azul,Ribeiro
35049,Desmontadora de Pneu Monofásica 220V Vermelho (Ref MR1260),Ribeiro
35050,Desparafusadeira de Grampos 5000Nm 380V Longa,Sigma Tools
35051,Desmontadora de Pneu Monofásica 220V Vermelho (Ref MR326),Ribeiro
35052,Desponteadeira Pneumática,Puma
35054,Destalonador de Pneus,Viluz
35056,Destalonadora Hidráulica de Pneus 5 Toneladas,Bovenau
35057,Destalonadora Hidráulica para Pneus 13 Toneladas,Bovenau
35058,Detector de Fibra Óptica Infravermelho 850 a,Fluke
35060,Detector de Tensão 1000V 1AC AII,Fluke
35061,Detector de Tensão 1000V CAT IV 2AC,Fluke
35062,Detector de Gás Combustível Micro,Ridgid
35065,Detector de Tensão 122000V (AC) -TIC300 PRO,Fluke
35066,Detector de Tensão 1000V CAT IV,Flir
35067,Detector de Tensão 50V a 1000V CA GT13,Greenlee
35072,Detector de Vazamento de Gás Refrigerante (CFC) -18 a +50 °C,Testo
35076,Detector e Testador de Circuito,Greenlee
35080,Detergente em Pó para Limpeza de Carpete e Estofado 800g RM 760,Karcher
35081,Detergente Limpador 1 Litro,Ipc
35082,Detergente Clareador Gansow,Ipc
35083,Detergente Clareador,Ipc
35084,Detergente Limpador,Ipc
35085,Detergente Limpador 5 Litros,Ipc
35086,Detergente para Linha Residencial 500ml Aplicação DETERJET GEL,Karcher
35087,Detergente Líquido Concentrado para Pisos 5 Litros RM 755 DAILY (5L),Karcher
35088,Detergente para Limpeza de Piso 5 Litros FLOOR CARE,Karcher
35089,Difusor de Gás 60A para Tocha 35i/45i Handyplasma,Esab
35090,Dinamômetro Digital Portátil 20000N 10N,Insize
35091,Dinamômetro Digital Portátil 10000N 10N,Insize
35092,Dinamômetro Digital Portátil 20N 0.05N,Insize
35093,Dinamômetro Digital Portátil 200N 0.05N,Insize
35094,Dinamômetro Digital Portátil 5N 0.0005N,Insize
35095,Dinamômetro Portátil 100N 0.05N,Insize
35096,Dinamômetro Portátil Digital 0 a 20Kg,Instrutherm
35097,Dinamômetro Digital Portátil 500N 0.1N,Insize
35098,Dinamômetro Portátil Digital 100N 0.01N,Insize
35108,Disco Apagador/removedor de Borracha,Puma
35111,Disco de Cerdas Verde 510mm 9.380-053.0,Karcher
35447,"Disco de Lamelas 3/8"" Grão 120",Dremel
35455,Disco de Limpeza Verde para Enceradeira 350mm CL350 PLUS Bettanin 043051.0,Cleaner
35458,Disco de Limpeza Verde para Enceradeira 410mm CL400 PLUS Bettanin 043052.0,Cleaner
35832,"Disco Flap 4.1/2"" GR 60",Mtx
35840,"Disco Flap 4.1/2"" Grão 120 (Ref DW8310-AR, Dewalt)",Dewalt
35842,"Disco Flap 4.1/2"" Grão 120 ALLSTEEL",Walter Abrasivos
35843,Disco Flap 4.1/2'' Grão 120 ENDURO-Flexível,Walter Abrasivos
35851,Disco Flap 4.1/2'' Grão 36/60 ENDURO-Flexível TURBO,Walter Abrasivos
35857,"Disco Flap 4.1/2"" Grão 40 ALLSTEEL",Walter Abrasivos
35860,"Disco Flap 4.1/2"" Grão 40 ALLSTEEL Curvo",Walter Abrasivos
35861,"Disco Flap 4.1/2"" Grão 40 (Ref DW8307-AR, Dewalt)",Dewalt
35862,Disco Flap 4.1/2'' Grão 40 ENDURO-Flexível,Walter Abrasivos
35881,"Disco Flap 4.1/2"" Grão 60 ALLSTEEL",Walter Abrasivos
35887,Disco Flap 4.1/2'' Grão 60 ENDURO,Walter Abrasivos
35888,Disco Flap 4.1/2'' Grão 60 ENDURO-Flexível,Walter Abrasivos
35889,Disco Flap 4.1/2'' Grão 60 Fibra Curvo,Dewalt
35900,"Disco Flap 4.1/2"" Grão 80 ALLSTEEL",Walter Abrasivos
35902,"Disco Flap 4.1/2"" Grão 80 (Ref DW8309-AR, Dewalt)",Dewalt
35903,Disco Flap 4.1/2'' Grão 80 ENDURO-Flexível,Walter Abrasivos
35912,Disco Flap 4.1/2'' M14 Inox 2 em 1 ENDURO-Flexível,Walter Abrasivos
35913,"Disco Flap 4.1/2"" X 7/8"" GR 80 ALLSTEEL TURBO",Walter Abrasivos
35914,"Disco Flap 4.1/2"" X 7/8"" Grão 60 ALLSTEEL TURBO",Walter Abrasivos
35918,Disco Flap 7'' Grão 120 ENDURO-Flexível,Walter Abrasivos
35920,"Disco Flap 7"" Grão 120 (Ref Fdpl180120, Dezco)",Dezco
35928,Disco Flap 7'' Grão 40 ALLSTEEL TURBO,Walter Abrasivos
35938,Disco Flap 7'' Grão 60 ENDURO-Flexível,Walter Abrasivos
35948,Disco Flap 7'' Grão 80 ENDURO-Flexível,Walter Abrasivos
35957,"Disco Flap de 7"" Grão 80",Dezco
35958,"Disco Flap de 7"" com Grão 60",Dezco
35959,"Disco Flap Disc 4.1/2"" Grao 120 Plastico",Dezco
35961,"Disco Flap Inox 4.1/2"" GR 40 ENDURO-Flexível (Ref 06F424)",Walter Abrasivos
35962,Disco Flap Grão 80 4.1/2'' ENDURO-Flexível,Walter Abrasivos
35963,"Disco Flap Inox 4.1/2"" GR 40 ENDURO-Flexível (Ref 15R454)",Walter Abrasivos
35964,"Disco Flap Inox 4.1/2"" GR 60 ENDURO-Flexível",Walter Abrasivos
35967,"Disco Flap Inox 4.1/2"" Grão 80 Fibra Ecológica ENDURO-Flexível",Walter Abrasivos
35968,"Disco Flap Inox 4.1/2"" X 7/8"" Grão 60 ENDURO-Flexível",Walter Abrasivos
35969,Disco Flap Inox 7'' GR 40 ENDURO-Flexível,Walter Abrasivos
35982,"Disco Flap Plástico Reto 4.1/2"" X 7/8"" G60",Dewalt
36008,Disco Flap Reto 4.1/2'' Grão 50,Nove54
36010,"Disco Flap Reto 4.1/2"" Grão 120",Nove54
36012,Disco Flap Reto 4.1/2'' Grão 40,Nove54
36014,Disco Flap Reto 7'' Grão 40,Nove54
36015,Disco Flap Reto 7'' Grão 120,Nove54
36016,Disco Flap Reto 4.1/2'' Grão 80,Nove54
36018,Disco Flap Reto 4.1/2'' Grão 60,Nove54
36019,Disco Flap Reto 7'' Grão 50,Nove54
36021,"Disco Flap Reto 7'' Grão 80 (Ref 1240081007, Nove54)",Nove54
36022,"Disco Flap Reto 7'' Grão 60 (Ref 1240061007, Nove54)",Nove54
36035,Disco PAD Branco 510mm 9.380-051.0,Karcher
36041,Disco Removedor em Nylon 115mm 5986218015 w,Wurth
36048,"Discos de Corte 1-1/4"" 540",Dremel
36049,Discos de Limpeza Vermelho 510mm para Modelos CT40/45/55/70/230 com 5 Unidades,Ipc
36315,Dispositivo Bloqueio de Plugue Elétrico 110/220V Pequeno DBPEP,Tagout
36322,Dispositivo Bloqueio Garra Etiqueta DBGE,Tagout
36323,Dispositivo Bloqueio Plugue Elétrico 220/380/440/460V Médio 16A DBPEM,Tagout
36324,Dispositivo de Ajuste da Profundidade Básica do Pinhão (Ref 714055),Raven
36325,Dispositivo de Ajuste da Profundidade Básica do Pinhão para Eixos Traseiros Mercedes-benz,Raven
36326,Dispositivo de Ajuste da Profundidade Básica do Pinhão (Ref 714056),Raven
36327,Dispositivo de Ajuste para Profundidade Básica do Pinhão,Raven
36332,Dispositivo de Bloqueio de Plugue Elétrico Grande DBPEG,Tagout
36339,Dispositivo de Bloqueio Universal para Válvulas e Disjuntores DBU,Tagout
36342,Dispositivo de Proteção de Surto 20KA 1P 275V com Cartucho,Steck
36343,Dispositivo de Proteção de Surto 20KA 1P 275V com Cartucho e Sinal Remoto,Steck
36344,Dispositivo de Proteção de Surto 40KA 1P 275V com Cartucho,Steck
36345,Dispositivo do Ajuste do Conjunto Coroa e Pinhão,Raven
36347,Dispositivo para Medir Profundidade do Pinhão,Raven
36348,Dispositivo Protetor Contra Surto 15KA 275V FRONT v,Clamper
36349,Dispositivo Protetor Contra Surto 20KA 175V FRONT v,Clamper
36350,Dispositivo para Limpeza de Barril BC,Karcher
36351,Dispositivo Protetor Contra Surto 15KA 175V FRONT v,Clamper
36352,Dispositivo Protetor Contra Surto 20KA 275V FRONT v,Clamper
36353,Dispositivo Protetor Contra Surto 45KA 175V FRONT v,Clamper
36354,Dispositivo Protetor Contra Surto 45KA 275V FRONT v,Clamper
36355,Dispositivo Protetor de Surto ACTI9 IPRD8 8KA 3P+N 340V,Schneider
36356,Dispositivo Protetor Surto 275V 20KA,Weg
36357,Distanciador 60 a 120A para Tocha Plasma,Esab
36358,Distensor para Banho de Partículas Magnéticas 1 Litro BC 502,MetalChek
36359,Distanciador 60A para Tocha Handyplasma,Esab
36360,Divisor de Linha de Corrente CA TA55,Flir
36388,Dressador para Rebolos 182 X 36 X 15mm,Ades
36390,Durepoxi Líquido 10 Minutos 16G DUREPOXI,Loctite
36392,Ducha Elétrica com 3 Temperaturas MAXI DUCHA,Lorenzetti
36393,Durômetro Analógico Portátil,Mitutoyo
36394,Durômetro Digital Portátil,Mitutoyo
36395,Durômetro Digital Portátil Shore,Mitutoyo
36396,Durômetro Digital Portátil Shore Tipo a,Mitutoyo
36397,Durômetro Digital Portátil Tipo Leeb Multi Sonda,Insize
36398,Durômetro Digital Rockwell,Mitutoyo
36399,Durômetro Digital Shore Longo,Mitutoyo
36400,Durômetro Digital Portátil Tipo Leeb,Insize
36401,Durômetro Portátil Rockwell 20 a 68.5HRC 0.01HRC ISH-SPHA,Insize
36403,Durômetro Rockwell Digital,Mitutoyo
36404,Durômetro Rockwell Analógico,Mitutoyo
36405,Durômetro Shore a Portátil Analógico 10 a 90 1SH ISH-SAM,Insize
36417,Elastômero Semi Secativo Multi Vedante 100Gr NS 1114,Loctite
36418,Elastomero Veda Junta 300gr MR 5922,Loctite
36420,Elemento Filtrante Admissão para Rotor Pack,Metalplan
36421,Elemento do Filtro de Admissão Rotor e Pack,Metalplan
36423,Elemento Filtrante para Filtro (Ref EF030-M20),Metalplan
36424,Elemento Filtrante para Filtro MDR-040 Plus (Ref EF-0070-M20),Metalplan
36425,Elemento Filtrante para Filtro (Ref EF-0300-M40),Metalplan
36426,Elemento Filtrante para Filtro MDR-040 Plus (Ref EF-0070-M40),Metalplan
36427,Elemento Filtrante para Filtro (Ref MFC-0025),Metalplan
36429,Elemento Filtrante para Filtro (Ref MFC-0050),Metalplan
36430,Elemento Filtrante para Filtro (Ref MFC-1350),Metalplan
36432,Elemento Filtrante para Filtro (Ref MFC0110),Metalplan
36433,Elemento Filtrante para Filtro (Ref MFC-0110),Metalplan
36434,Elemento Filtrante para Filtro MFC0700 M20,Metalplan
36435,Eletrocalha Curva Horizontal Lisa 90° 100x100mm Chapa n°20 PG,Cemar
36436,Elemento Filtrante para Filtro MFC0700 M40,Metalplan
36437,Eletrocalha Curva Inversão Lisa 100x100mm Chapa n°20 PG,Cemar
36438,Eletrocalha Curva TE Horizontal 90° Liso 100x100mm Chapa n°20 PG,Cemar
36439,Elemento Filtrante para Filtro MFC0910 M40,Metalplan
36440,Eletrocalha Curva Vertical Externa 90° Descida Lisa 100x100mm Chapa n°20 PG,Cemar
36441,Eletrocalha Emenda Interna Perfurada 150x100mm Chapa n°18 PG,Cemar
36442,Eletrocalha Curva Vertical Interna 90° Subida Lisa 100x100mm Chapa n°20 PG,Cemar
36443,Eletrocalha Emenda Interna Perfurada 200x100mm Chapa n°18 PG,Cemar
36444,Eletrocalha Perfurada 150x100x3000mm CH18,Cemar
36586,Eletrodos de Tungstênio 3.2x150mm 1/8'' E3CG (Ref 12632912),Carbografite
36587,Eletrodos de Tungstênio 3.2x150mm 1/8'' E3CG (Ref 12633012),Carbografite
36628,Elevador Hidráulico Monofásico 220V Azul ERH 400D,Ribeiro
36629,Elevador Hidráulico Monofásico 220V Vermelho ERH 400D,Ribeiro
36630,Elevador Mecânico Elétrico Monofásico 220V/380V Vermelho,Ribeiro
36631,Elevador Mecânico Elétrico Trifásico 220V/380V Azul (Ref ER2500),Ribeiro
36632,Elevador Mecânico Elétrico Trifásico 220V/380V Vermelho (Ref ER4000),Ribeiro
36633,Elevador Mecânico Elétrico Trifásico 220V/380V Azul (Ref ER4000),Ribeiro
36634,Elevador Mecânico Elétrico Trifásico 220V/380V Vermelho (Ref ER2500),Ribeiro
36635,Emborrachamento a Frio PLASTI FILM Preto 500 ml CK1,Tapmatic
36636,Emborrachamento a Frio PLASTI FILM Vermelho 500 ml CH1,Tapmatic
36638,"Emenda Corrente Simples 3/4"" X 7/16""",Ati Brasil
36651,Empilhadeira Elétrica Tracionária 1.600 kg 5.400mm PT 16/54 FAST,Paletrans
36653,Empilhadeira Elétrica Tracionária Monofásico 1600Kg 5400mm PT,Paletrans
36654,Empilhadeira Hidráulica Manual 1.500kg 1.6 Metros LM 1516,Paletrans
36656,"Empilhadeira Hidráulica Manual 1.000kg 1,6 Metros LM",Paletrans
36657,"Empilhadeira Hidráulica Manual 500 kg 1,6 Metros LM 516",Paletrans
36658,Empilhadeira Hidráulica Manual PM 516 N,Paletrans
36659,"Empilhadeira Hidráulica Manual Gira-tambor 300Kg 1,99 Metros LM 319T",Paletrans
36660,Empilhadeira Hidráulica Manual PM 1516 N com Pedal,Paletrans
36661,Empilhadeira Hidráulica Manual PM 1016 com Pedal,Paletrans
36662,Empilhadeira Manual Gira Tambor PM 319T,Paletrans
36691,Empilhadeira Tracionaria 1600kg/3500mm BAT 324+60A Monofásico PT,Paletrans
36706,Enceradeira Lavadora Industrial 500mm 1.0HP 175RPM CL500 PLUS,Cleaner
36708,Enceradeira Lavadora Industrial 350mm 0.75HP 175RPM CL350 PLUS,Cleaner
36709,Enceradeira Lavadora Industrial 400mm 1.0HP 175RPM 220V CL400 PLUS,Cleaner
36710,"Encolhedor da Mola da Suspensão Traseira do Gol, Parati e Saveiro",Raven
36711,Encolhedor de Mola da Suspensão Acionamento Mecânico,Raven
36712,Encolhedor de Mola da Suspensão Dianteira,Raven
36713,Encolhedor de Molas de Suspensão Dianteira,Raven
36714,Encolhedor de Mola da Suspensão Dianteira Monza,Raven
36715,Encolhedor de Molas da Suspensão Dianteira,Raven
36716,Encolhedor de Molas de Suspensões Dianteiras,Raven
36717,Encolhedor Hidráulico de Molas 1 Toneladas CMH,Bovenau
36719,Engate Rápido 1/4 BSP Rosca Fêmea com Capa de Metal MS,Steula
36720,Engate Rápido 1/2'' Bronze,Trapp
36724,Engate Rápido 1/4 BSP Rosca Fêmea com Capa Plástica MS,Steula
36730,Engate Rápido Ar 1/2'' com Rosca Fêmea 1/2'' BSP,Lubefer
36733,"Engate Rápido Ar 1/4"" com Adaptador Escamado 6mm H1",Puma
36735,"Engate Rápido Ar 1/4"" com Adaptador Escamado 8mm H2",Puma
36740,Engate Rápido Ar 1/4'' com Rosca Fêmea 1/4'' NPT,Lubefer
36747,Engate Rápido Ar 3/8'' com Rosca Fêmea 1/4'' BSP,Lubefer
36748,Engate Rápido Ar 3/8'' com Rosca Fêmea 3/8'' BSP,Lubefer
36753,"Engate Rápido de Ar 1/4"" Rosca Fêmea NPT F1",Puma
36769,Engraxadeira Manual com Capacidade de 15 kg 7002,Lupus
36770,Engraxadeira Pneumática 4.72L,Puma
36771,Engraxadeira Pneumática,Sigma Tools
36772,Engraxadeira Pneumática 500g SFP 500 CC,Schulz
36944,Escadas de Fibra de Vidro Extensível 27 Degraus 8.40 Metros,Sintese
36947,"Escala de Aço 12""/300mm",Mitutoyo
36948,"Escala de Aço 12""/300mm X 1/64""/1mm",Mitutoyo
36957,"Escala de Aço Flex 1000mm/40""",Mitutoyo
36959,"Escala de Aço Inox 1000mm/40"" 600.007",Kingtools
36960,"Escala de Aço Inox 1500/60"" 600.008",Kingtools
36961,Escala de Aço Inox (Insize),Insize
36962,"Escala de Aço Inox 1000mm/40""",Insize
36965,"Escala de Aço Inox 2000mm/80"" 600.009",Kingtools
36966,"Escala de Aço Inox 300mm/12"" 600.004",Kingtools
36968,"Escala de Aço Inox 600mm/24"" 600.006",Kingtools
36969,"Escala de Aço Inox 500mm/20"" 600.005",Kingtools
36970,"Escala de Aço Inox Flexível 300mm/12""",Mitutoyo
36976,"Escala de Aço Inoxidável 2000mm/80""",Insize
36977,"Escala de Aço Inoxidável 150mm/6"" 600.003",Kingtools
36979,"Escala de Aço Inoxidável 300/12""",Insize
36980,Escala Flexível para Medição 2190-3460mm 0.1mm,Insize
36982,Escala Flexível para Medição 100-230mm 0.05mm,Insize
36983,Escala Flexível para Medição 60-900mm 0.1mm,Insize
36984,Escala Flexível para Medição 940 a 2200mm 0.1mm,Insize
36985,Escala Graduada de Aço,Mitutoyo
36988,Escantilhão Métrico 60º 600.081,Kingtools
36989,Escala Métrica Poliestireno/plástico 2M com 10 Dobras,Nove54
36991,Escardilho Jardim,Trapp
36992,Escantilhão Whitworth 55º 600.082,Kingtools
36994,Escala Métrica Poliestireno 1M com 4 Dobras,Nove54
36997,"Escareador Cilíndrico 1/16"" para Retítica",Dremel
37002,"Escareador Circular 7,8mm HSS",Dremel
37003,"Escareador Cônico de Alta Velocidade 1/4""",Dremel
37005,"Escareador de Carbureto de Tungstênio 1/8""",Dremel
37006,"Escareador de Alta Velocidade 3/32""",Dremel
37007,"Escareador de Carbureto de Tungstênio 1/8"" 9905",Dremel
37008,"Escareador de Carbureto de Tungstênio 1/8"" para Micro Retíficas",Dremel
37009,"Escareador de Alta Velocidade 3/8"" 199",Dremel
37023,"Escareador HSS 16,00mm À 50,00mm Haste Cônica 60º Din 334B 4202 INDAÇO",Indaco
37026,Escareador HSS 1.50mm À 8.00mm Haste Cilíndrica 90º Din 335A 4221,Indaco
37027,"Escareador HSS 2,00mm À 12,50mm Haste Cilíndrica 90º Din 335A 4221",Indaco
37028,Escareador HSS 2.50mm À 10.00mm Haste Cilíndrica 90º Din 335C 4225 INDAÇO,Indaco
37029,"Escareador HSS 3,20mm À 16,00mm Haste Cilíndrica 90º Din 335A 4221",Indaco
37030,"Escareador HSS 2,80mm À 12,40mm Haste Cilindrica 90º Din 335C 4225",Indaco
37032,Escareador HSS 3.80mm À 25.00mm Haste Cilíndrica 90º Din 335C 4225,Indaco
37033,"Escareador HSS 3,20mm À 16,50mm Haste Cilindrica 90º Din 335C 4225 INDAÇO",Indaco
37034,Escareador HSS 3.50mm À 20.50mm Haste Cilíndrica 90º Din 335C 4225,Indaco
37035,Escareador HSS 3.20mm À 15.00mm Haste Cilíndrica 90º Din 335C 4225,Indaco
37038,"Escareador HSS 4,20mm À 30,00mm Haste Cilindrica 90º Din 335C 4225",Indaco
37039,"Escareador HSS 4,00mm À 16,00mm Haste Cilindrica 60º Din 334C 4205",Indaco
37040,"Escareador HSS 4,00mm À 8,00mm Haste Cilindrica 60º Din 334A 4201",Indaco
37041,Escareador HSS 4.20mm À 31.00mm Haste Cilíndrica 90º Din 335C 4225,Indaco
37043,Escareador HSS 7.00mm À 25.00mm Haste Cilíndrica 90º Din 335A 4221,Indaco
37046,"Escareador HSS 5,00mm À 20,00mm Haste Cilíndrica 90º Din 335A 4221",Indaco
37047,"Escareador HSS 9,00mm À 31,50mm Haste Cilindrica 90º Din 335A 4221",Indaco
37050,"Escareador HSS 9,00mm À 31,50mm Haste Cônica 90º Din 335B 4222",Indaco
37053,"Escareador para Gravação 1/32"" (Ref 26150111AC)",Dremel
37055,"Escareador para Gravação 1/32"" (Ref 26150105AE)",Dremel
37058,Escareador Paralelo de Alta Velocidade,Dremel
37068,Escariador Paralelo 5/16'' com 2 Peças,Dremel
37071,Escariador Cônico 1/4'',Dremel
37081,Escova Cilíndrica Laranja para Lavadora BR,Karcher
37088,"Escova Circular de Cerdas 3/4""",Dremel
37104,Escova com Cerdas de Nylon Super Clean e Hiper Clean,Ipc
37237,"Escova de Carvão (Ref MR-7550.54, Manrod)",Manrod
37249,Escova de Fibra de Carbono 54B029 SURFOX,Walter Abrasivos
37271,Escova Manual Antiestática ESD,Hikari
37294,"Escudo de Proteção com Base Magnética Sistema 3/4"" 9-M",Tapmatic
37298,Esguicho Metalico para Lavadoras 1500mm Longo MS 16,Steula
37607,Espaçador e Nivelador Eco de Pisos e Revestimentos 1.5MM,Cortag
37609,Espaçador e Nivelador Eco de Pisos e Revestimentos 1.0MM,Cortag
37610,Espaçador e Nivelador Eco de Pisos e Revestimentos 2.0MM com 50 Peças,Cortag
37611,Espaçador Eco 1.5mm Vermelho para Pisos e Porcelanatos 50 Peças,Cortag
37612,Espaçador Eco 2.0mm Verde para Pisos e Porcelanatos 50 Peças,Cortag
37613,Espaçador Juntapiso 1.0mm 100 Peças,Cortag
37615,Espaçador Juntapiso 2.0mm 100 Peças,Cortag
37616,Espaçador Juntapiso 1.5mm 100 Peças,Cortag
37681,Espatula em EVA para Rejunte,Cortag
37734,Espelho Convexo 800 mm Panorâmico em Alumínio 611,Vision
37735,Espelho Convexo 80cm X 80cm Panorâmico Borracha 612,Vision
37736,Espelho Convexo Panorâmico 60cm X 60cm 610,Vision
37737,Espelho Convexo 500mm Panorâmico Borracha 609,Vision
37742,"Espigão Fixo Rosca Fêmea BSP 1/2"" X 1/2"" Latão",Lubefer
37774,Esponja Abrasiva Grão 120 Diamantada,Cortag
37776,Esponja Abrasiva Grão 60 Diamantada,Cortag
37780,Esponja Metálica com Suporte,Hikari
37781,Esponja Vegetal Limpeza Pontas,Hikari
37782,Espora de Bico com Correias e Almofadas para Poste de Madeira,Tecnolin
37784,Espuma Expansiva de PU 340 Gramas,Nove54
37785,Espuma Expansiva de PU 480GR/500ML w,Wurth
37786,Espuma Expansiva PU 180 Gramas,TekBond
37787,Espuma Expansiva PU 460 Gramas 500ML BOOM 180,Sika
37789,Espuma Expansiva PU Lata 500ml BOOM,Sika
37807,Esquadro Combinado (Insize),Insize
37809,"Esquadro Combinado de 12""/305mm",Stanley
37811,Esquadro Combinado de Aço Inox 300mm 180.202,Digimess
37815,"Esquadro de Aço para Carpinteiro 24x16""",Stanley
37816,"Esquadro de Precisão 14""/350mm em Alumínio Fundido",Mtx
37817,"Esquadro de Precisão 16"" Alumínio Fundido",Mtx
37819,Esquadro de Precisão Aço Inox 150x100mm Plano com Base Classe 0 170.022,Digimess
37820,Esquadro de Precisão Aço Inox 300x200mm com Base Classe 1 170.034,Digimess
37823,"Esquadro de Precisão Alumínio Fundido 10""",Mtx
37828,"Esquadro de Precisão de Aço Carbono 12""",Mtx
37832,"Esquadro de Precisão de Aço Carbono 24""",Mtx
37833,Esquadro de Precisão Plano 100x70mm sem Base 170.061,Digimess
37834,Esquadro de Precisão Plano 100x70mm com Base 170.021,Digimess
37835,Esquadro de Precisão Plano 150x100mm sem Base 170.069,Digimess
37836,Esquadro de Precisão Plano 75x50mm com Base 170.030,Digimess
37837,Esquadro de Precisão Plano 500x330mm sem Base Aço Inox Classe 1 170.069-4,Digimess
37838,Esquadro de Precisão Plano com Base 100X70mm Classe 1 170.031,Digimess
37839,Esquadro de Precisão Plano com Base 150X100mm Classe 1 170.032,Digimess
37840,Esquadro de Precisão Plano com Base 200X130mm Classe 0 170.023,Digimess
37841,Esquadro de Precisão Plano com Base 200X130mm Classe 1 170.033,Digimess
37842,Esquadro de Precisão Plano com Base 300X200mm Classe 0 170.024,Digimess
37843,Esquadro de Precisão Plano com Base 400X265mm Classe 1 170.035,Digimess
37844,Esquadro de Precisão Plano com Base 500X330mm Classe 1 170.036,Digimess
37845,Esquadro de Precisão Plano sem Base 100x70mm Classe 1 170.068,Digimess
37846,Esquadro de Precisão Plano sem Base 150x100mm Classe 0 170.062,Digimess
37847,Esquadro de Precisão Plano sem Base 200x130mm Classe 1 170.069-1,Digimess
37848,Esquadro de Precisão Plano sem Base 300x200mm Classe 1 170.069-2,Digimess
37851,Esquadro de Precisão Plano sem Base 400x265mm Classe 1 170.069-3,Digimess
37855,Esquadro Magnético para Soldador 10Kg 974,Weld Vision
37872,Estação Bloqueio Aço Vermelha 40 Ganchos EBAEXG,Tagout
37873,Estação Bloqueio Aço Vermelho 30 Ganchos EBAG,Tagout
37874,Estação Conjugada Digital 220V,Hikari
37876,Estação de Bloqueio Aço 42 Ganhos 2 Suportes,Tagout
37877,Estação de Bloqueio Aço 18 Ganchos 1 Suporte,Tagout
37878,Estação de Bloqueio Aço 14 Ganchos,Tagout
37879,Estação de Bloqueio Vermelho 40 Ganchos Tampo de Vidro EBAAEXG,Tagout
37880,Estação de Bloqueio Vermelho 30 Ganchos Tampa de Vidro EBAAG,Tagout
37881,Estação de Retrabalho Analógica SMD 220V,Hikari
37882,Estação de Retrabalho Digital ESD 220V HK-939 PRO,Hikari
37883,Estação de Retrabalho DIG SMD 220V,Hikari
37890,"Estanho em Carretel 1,5 mm 40x60 500g SR40.Q15 METAIS",Soft
37894,Estação Dessoldadora Dig 140W Bivolt,Hikari
37895,Estanho em Carretel 1mm 60x40 500g SR60.Q10 METAIS,Soft
37902,Estante Aberta com 5 Prateleiras Grandes Desmontável PG-5,Marcon
37904,Estante com Porta Componentes de 30 Caixas Número 3,Marcon
37905,Estante de Chapa Desmontável com 6 Prateleiras,Marcon
37906,Estante de Porta Componentes com 108 Caixas Número 3,Marcon
37907,Estante de Parede com 2 Prateleiras para Caixas Empilháveis Stacktech,Toughbuilt
37908,Estante de Inox com 27 Caixas Número 5 Branco,Marcon
37909,Estante de Porta Componentes com 12 Caixas Número 5,Marcon
37910,Estante de Porta Componentes com 28 Caixas Número 7,Marcon
37911,Estante de Porta Componentes com 49 Caixas Número,Marcon
37912,Estante de Porta Componentes com 30 Caixas Número 3 (Ref EM30/3A),Marcon
37913,Estante de Porta Componentes com 30 Caixas Número 3 (Ref EP30/3P),Marcon
37915,Estante de Porta Componentes com 54 Caixas Número 5 (Ref EP54/5P),Marcon
37916,Estante de Porta Componentes com 49 Caixas Números,Marcon
37917,Estante de Porta Componentes com 54 Caixas Número 5 (Ref EF54/5P),Marcon
37918,Estante de Porta Componentes com 82 Caixas Número,Marcon
37919,Estante de Porta Componentes com 82 Caixas Números,Marcon
37921,Estante Desmontável com 49 Caixas Números 3/5/7 Preta,Marcon
37922,Estante Desmontável com 28 Caixas Número 7 Azul,Marcon
37923,Estante Desmontável com 4 Prateleiras Grandes PG-4,Marcon
37924,Estante Desmontável com 5 Prateleiras Pequenas PT-5,Marcon
37925,Estante Desmontável com 28 Caixas Número 7,Marcon
37926,Estante Desmontável com 54 Caixas Número 5 Azul,Marcon
37927,Estante Desmontável com 54 Caixas Número 5 Azuis,Marcon
37928,Estante Desmontável com 54 Caixas Número 5,Marcon
37929,Estante Desmontável com 6 Prateleiras Grandes PG-6,Marcon
37930,Estante Desmontável com 6 Prateleiras Pequenas PT-6,Marcon
37931,Estante Desmontável com Caixas Números 3/5/7 Pretas,Marcon
37933,Estante Inox Desmontável com 5 Prateleiras PI-3,Marcon
37934,Estante Inox Desmontável com 5 Prateleiras PI-1,Marcon
37959,Estante para Componentes com 38 Caixas Preto,Nocram
37961,Estante Porta Compinentes com 54 Caixas,Nocram
37964,Estante Porta Componentes 9 Caixas,Nocram
37965,Estante Porta Componentes 21 Caixas Azul,Nocram
37966,Estante Porta Componentes 21 Caixas Preto,Nocram
37967,Estante Porta Componentes com 108 Caixas Azuis Número 3,Marcon
37968,Estante Porta Componentes com 108 Caixas Azul,Nocram
37969,Estante Porta Componentes com 108 Caixa Preto,Nocram
37970,Estante Porta Componentes com 108 Caixas Número 3,Marcon
37971,Estante Porta Componentes com 12 Caixas Azul,Nocram
37972,Estante Porta Componentes com 21 Caixas,Nocram
37973,Estante Porta Componentes com 12 Caixas Preto,Nocram
37974,Estante Porta Componentes com 12 Caixas Número 5,Marcon
37975,Estante Porta Componentes com 21 Caixas Preto (Ref NE21/7P),Nocram
37976,Estante Porta Componentes com 21 Caixas Preto (Ref NE21/7),Nocram
37977,Estante Porta Componentes com 27 Caixas Preto (Ref NE27/5P),Nocram
37978,Estante Porta Componentes com 27 Caixas,Nocram
37979,Estante Porta Componentes com 27 Caixas Preto (Ref NE27/5),Nocram
37980,Estante Porta Componentes com 28 Caixas Azul,Nocram
37981,Estante Porta-componentes com 28 Caixas,Marcon
37982,Estante Porta Componentes com 28 Caixas NE28/7 NOCRAMM,Nocram
37983,Estante Porta Componentes com 30 Caixas,Nocram
37984,Estante Porta Componentes com 28 Caixas Número 7,Marcon
37985,Estante Porta Componentes com 30 Caixas Preto,Nocram
37986,Estante Porta Componentes com 49 Caixas Preto,Nocram
37987,Estante Porta Componentes com 49 Caixas NE49,Nocram
37988,Estante Porta Componentes com 54 Caixas Azul Numero 5,Marcon
37989,Estante Porta Componentes com 54 Caixas,Nocram
37990,Estante Porta Componentes com 54 Caixas Preto,Nocram
37991,Estante Porta Componentes com 60 Caixas Azul,Nocram
37992,Estante Porta-componentes com 60 Caixas,Marcon
37993,Estante Porta Componentes com 60 Caixas,Nocram
37994,Estante Porta Componentes com 60 Caixas Número 3,Marcon
37995,Estante Porta Componentes com 60 Caixas Preto,Nocram
37996,Estante Porta Componentes com 7 Caixas Azul,Nocram
37997,Estante Porta Componentes para 12 Caixas,Nocram
37998,Estante Porta Componentes com 9 Caixas Preto,Nocram
37999,Estante Porta Componentes com Encaixe 30 Azul,Nocram
38006,Estetocópio Mecânico,Stanley
38007,Estetoscópio para Automóveis,Planatc
38009,Estetoscópio Eletrônico TKST 11,Skf
38032,Esticador e Puxador Hidráulico 15 Toneladas,Bovenau
38033,Esticador e Puxador Hidráulico 10 Toneladas,Marcon
38051,Esticador Hidráulico 20 Toneladas,Bovenau
38053,Esticador Hidráulico 4 Toneladas 07 0024,Riosul
38054,Esticador Hidráulico 6 Toneladas,Bovenau
38058,Esticador Manual para Fita Pet 13x16mm,Magus
38068,Estilete 25mm Retrátil com Lâminas de Reposição Fatmax,Stanley
38070,Estilete Bico de Pato de Segurança BP22,Norma
38073,Estilete Caneta com Lâmina Retrátil 150 mm,Gross
38083,"Estilete de Segurança 17,5mm Auto Retrátil Lâmina Trapezoidal SK-4",Olfa
38084,"Estilete de Segurança 17,8mm Bico de Pato Plástico",Olfa
38085,Estilete de Segurança 18mm Alumínio Auto Retrátil Trapezoidal Ambidestro RA12,Norma
38088,Estilete de Segurança 18mm Retrátil Plástico Emborrachado L-1,Olfa
38090,Estilete de Segurança 18mm Retrátil Plástico Emborrachado L-5,Olfa
38091,Estilete de Segurança 18mm Zamac Auto Retrátil Trapezoidal AZ02,Norma
38096,Estilete de Segurança Bico de Pato BP25,Norma
38100,Estilete de Segurança Retrátil 18mm Trapezoidal Ambidestro RP12,Norma
38101,Estilete de Segurança Retrátil Trapezoidal RP14,Norma
38102,Estilete de Segurança Retrátil Lâmina Trapezoidal,Milwaukee
38103,Estilete e Raspador com 5 Lâminas,Toughbuilt
38104,Estilete Dobrável 6 em 1 Lâmina Trapezoidal FASTBACK,Milwaukee
38105,Estilete Dobrável de Metal Trapezoidal FASTBACK,Milwaukee
38109,Estilete Fixo 18mm Trapezoidal com Lâmina,Irwin
38117,Estilete Metal Dobrável 18mm,Stanley
38120,Estilete Profissional 25mm com Corpo de Plástico,Irwin
38123,Estilete Profissional 18mm Guia Metálica,Lufkin
38128,Estilete Retrátil 18mm com 2 Lâminas Segmentadas,Nove54
38129,Estilete Retrátil 18mm com Trava Automática,Stanley
38130,Estilete Retrátil 18mm Metal Trapezoidal,Milwaukee
38133,Estilete Retrátil 18mm Plástico Emborrachado com 5 Lâminas,Robust
38140,Estilete Retrátil com Lâmina Trapezoidal 18mm,Lufkin
38141,Estilete Retrátil com Trava Automática 18mm Heavy Duty,Stanley
38144,Estilete Retrátil de Uso 18mm,Stanley
38145,"Estilete Retrátil Trapezoidal 18mm (Ref 2082101, Irwin)",Irwin
38146,Estilete Retrátil Trapezoidal 18mm RP12,Norma
38147,Estilete Retrátil Trapezoidal 18mm RP11,Norma
38148,"Estilete Retrátil Trapezoidal 18mm (Ref STHT10479, Stanley)",Stanley
38149,Estilete Retratil Trapezoidal de Segurança 18mm,Stanley
38150,Estilete Retrátil Trapezoidal Multifunção,Milwaukee
38153,Estilete Trapezoidal 18mm Dobrável,Irwin
38156,"Estilete Trapezoidal Retrátil 18mm (Ref 1774106, Irwin)",Irwin
38160,Estilete Trapezoidal Retrátil com Lâmina Bi-metal 18mm,Irwin
38161,Estojo de Armazenamento para Instrumentos de Medição Smart Probes,Testo
38163,Estojo de Armazenamento para Instrumentos Smart Probes 0516 0260,Testo
38164,Estilete Universal 165mm Cutix 90 10 165 BK,Knipex
38165,Estojo de Armazenamento para Smart Probe 915i e Sonda TC 0516 0032,Testo
38171,Estojo Flexível para Instrumentos de Medição 218X128X64mm C25,Fluke
38177,Estojo Porta Componentes com 8 Compartimentos VF-4,Marcon
38186,Estrutura de Estante para 108 Caixas Nº3,Nocram
38203,Estufa para Eletrodos 200Kg 120 Graus 380V ECG 200T,Carbografite
38204,Estufa para Eletrodos 120 Graus 380V ECG 100T,Carbografite
38205,Estufa para Eletrodos 100Kg 120 Graus 380V ECG 100T,Carbografite
38206,Estufa para Eletrodos 500 w 50Kg 220V ECG 50,Carbografite
38207,Estufa para Eletrodos com Termomentro Digital 120 Graus 110 kg 380V ECG,Carbografite
38208,Estufa para Eletrodos com Termomentro Digital 120 Graus 110 kg ECG,Carbografite
38209,Estufa para Eletrodos ECG 10T,Carbografite
38210,Estufa para Eletrodos 200Kg 120 Graus 120 220V ECG 200T,Carbografite
38211,"Etiqueta de Bloqueio Flexível ""equipamento Travado, Não Opere""",Tagout
38212,"Etiqueta de Bloqueio Flexível ""não Ligue""",Tagout
38214,"Etiqueta de Bloqueio ""não Opere"" 0,45mm",Tagout
38375,Extensão Flexível 300mm para Bomba Manual 5651,Bozza
38392,Extensão Magnética com Guia,Dewalt
38395,"Extensão Isolada 1000V com Encaixe 1/2""",Unior
38410,Extensão Rigida com Acoplador 310 319,Bozza
38411,"Extensão Rigida de 1/8"" em Aço para Graxeiras e Comandos 1968",Lupus
38417,"Extensão Telescópica Flexível com Espelho 2.1/4""",Stanley
38429,Extrator a Percussão de Juntas Homocinéticas de Automóveis,Raven
38436,Extrator Bico Injetor MWM 29 Serie 10 e Sprint,Raven
38443,Extrator da Barra de Ligação de Direção e da Barra de Direção dos Eixos Dianteiros,Raven
38445,Extrator da Polia da Árvore de Manivelas de Motores Scania,Raven
38446,Extrator da Polia da Árvore de Manivelas e do Compensador Harmônico GM,Raven
38448,"Extrator da Engrenagem da 5ª Marcha do Monza, Kadett, Corsa e Vectra",Raven
38453,Extrator de Bico Injetor Motores Acteon 2V,Raven
38455,Extrator de Camisas de Motores MWM 229 e X-10,Raven
38456,Extrator de Camisa de Cilindro de Motores Scania,Raven
38457,Extrator de Ervas Daninhas,Trapp
38459,Extrator de Fusível NH para Fusível BT HRC Tamanho 000 a 3 com Capa de Couro,Siemens
38470,Extrator de Rolamentos com Diâmetro Externo Entre 17 e 75mm,Raven
38471,Extrator de Rolamentos com Diâmetro Externo Entre 30 e 52mm,Raven
38472,Extrator de Terminais de Direção e Braços Pitman de Automóveis e Utilitários,Raven
38473,Extrator de Válvulas para Monza 167,Raven
38474,Extrator de Rolamentos da Coroa do Diferencial Arvin Meritor,Raven
38475,Extrator do Braço Pitman com Caixa de Direção (Ref 715011),RAVEN
38476,Extrator do Braço Pitman com Caixa de Direção (Ref 715018),RAVEN
38477,Extrator do Braço Pitman da Caixa de Direção de Caminhões Scania,Raven
38478,Extrator do Braço Pitman dos Caminhões e Ônibus Mercedes,Raven
38480,Extrator do Cubo da Roda Dianteira para Veículos Vw/gm/renault,Raven
38481,"Extrator do Pivô da C10, D10 e C20, D20",Raven
38489,"Extrator do Volante de Direção do Corsa, Kadett, Ipanema, Vectra e Omega",Raven
38490,Extrator dos Pivôs Superior e Inferior da GM C-1020 e,Raven
38491,Extrator do Volante de Direção GM,Raven
38493,Extrator Duas Garras para Pista Interna do Rolamento do Eixo Dianteiro,Raven
38496,Extrator e Instalador da Camisa de Cobre dos Injetores (Ref 731003),Raven
38497,Extrator e Instalador da Camisa de Cobre dos Injetores (Ref 731805),Raven
38498,Extrator e Instalador da Camisa do Cilindro de Motores Cummins Série C,Raven
38500,Extrator e Instalador da Camisa do Cilindro de Motores Volvo,Raven
38501,Extrator e Instalador das Buchas da Suspensão Dianteira VW,Raven
38502,Extrator e Instalador das Juntas Homocinéticas,Raven
38505,Extrator e Instalador de Luva da Dobradiça da Porta,Raven
38506,Extrator e Instalador do Retentor da Tampa dos Injetores,Raven
38507,Extrator e Instalador de Rolamentos da Roda Dianteira,RAVEN
38509,Extrator e Instalador do Rolamento da Roda Dianteira,Raven
38510,Extrator e Instalador para Buchas das Bandejas de Suspensão Dianteiras,Raven
38511,Extrator Engrenagem Bomba Injetora sem Avanço,Raven
38512,Extrator Hidráulico do Cubo da Roda Dianteira de Caminhões Scania,Raven
38513,Extrator Hidráulico de Cubos de Roda Dianteiros e Traseiros de Automóveis,Raven
38514,Extrator Externo para Rolamentos da Caixa de Satélites Mercedes e Rolamento Traseiro Scania,Raven
38515,Extrator Hidráulico 200mm TMMA 75H,Skf
38516,Extrator Interno e Externo a Percussão com Garras Reversíveis para Capas de Rolamentos,Raven
38517,Extrator Interno para Rolamento 6204 Câmbio,Raven
38518,Extrator Mecânico 3 Garras TMMA 60,Skf
38520,Extrator para Rolamento Cônico Traseiro do Eixo Intermediário Scania,Raven
38522,Extrator para o Rolamento Cônico Traseiro do Eixo Secundário Scania,Raven
38523,Extrator para Rolamentos em Aço Forjado com Diâmetro Externo Entre 25 e,Raven
38565,Extrator Regulável 3 Garras TMMP 3X185,Skf
38585,Extrator Universal para Pivô da Suspensão e Terminais de Direção,Raven
38588,Extrator Universal para Pivôs e Terminais de Direção de Automóveis,Raven
38597,Faca Curva Dobrável Coom Clip,Toughbuilt
38603,Faca Decapadora de Cabos 4-16mm 16 20 16 SB,Knipex
38606,Faca Lâmina Vibratória de 18mm,Puma
38607,Faca Lâmina Vibratória de 24mm,Puma
38608,Faca Lâmina Vibratória de 35mm,Puma
38609,Faca Lâmina Vibratória de 57mm,Puma
38610,Faca Lâmina Vibratória de 36mm,Puma
38611,Faca Lâmina Vibratória de 30mm,Puma
38612,Faca Lâmina Vibratória de 90mm (Ref TP6014-1B),Puma
38614,Faca Lâmina Vibratória de 90mm (Ref TP6014-2D),Puma
38651,Faca Profissional 4'' com Bainha,Toughbuilt
38652,Faca Profissional 6'' com Bainha,Toughbuilt
38661,"Faca Vibratória Pneumática Profundidade de Corte 3""",Puma
38690,Facas para Desengrosso 400 X 75 X 9 mm 5000.20,Indfema
38691,Facas para Desengrosso 510 X 75 X 9 mm 5000.24,Indfema
38692,Facilitador de Aplicações 5 Litros PF2,Tapmatic
38693,Facas para Desengrosso 600 X 75 X 9 mm 5000.25,Indfema
38694,Facilitador de Aplicações 500ml PF1,Tapmatic
38697,Fasímetro Digital 300V,Hikari
38699,Fechadura Elétrica de Sobrepor Reversível Cinza C-90,Hdl
38700,Fechadura Elétrica Dupla Cinza C-90 (Ref 115158),Hdl
38701,Fechadura Elétrica Dupla Cinza C-90 (Ref 96850),Hdl
38702,Feltros Avulsos para Brunidor de Camisas,Raven
38703,Fechadura Externa Oxidado,Stam
38704,Fechadura Multiponto Segredos Diferentes com 4 Chaves,Pacri
38705,Fecho Lingueta para Painel 20mm FL20,Tagout
38802,Ferramentas para Girar Volante de Motor Volvo D13,Raven
38803,Ferramentas para Posicionar em Sincronismo a Árvore de Manivelas,Raven
38804,Ferramentas Soldada para Rosquear Interna Grão 60 Aço 2020 DP30,Souza Fer
38869,"Filtro Coalescente 1/2"" 50pcm com Purgador MFC-0050-M40 PRE",Metalplan
38870,Filtro Carvão Ativo com 5 Peças,Hikari
38871,"Filtro Coalescente 1/2"" 25pcm com Purgador MFC-0025-M40 PRE",Metalplan
38872,"Filtro Coalescente 3/4"" 109pcm com Purgador Automatico MFC-0110-M40 PRE",Metalplan
38873,"Filtro Coalescente 1/2"" 69pcm com Purgador MFC-0070-M40 PRE",Metalplan
38875,Filtro da Mascara Respiratoria CG 306 RC 203,Carbografite
38877,"Filtro de Ar Coalescente Fino 1/2"" MFC-0025-M20 POS",Metalplan
38878,"Filtro de Ar Coalescente Fino 1/2"" MFC-0070-M20 POS",Metalplan
38879,Filtro de Água 60 Micra para Lavadoras de Alta Pressão 9.302-052.0,Karcher
38880,"Filtro de Ar Coalescente Fino 3/4"" MFC-0110-M20 POS",Metalplan
38881,Filtro de Ar para Roçadeira (Ref FS160/220/FR22),Stihl
38882,Filtro de Ar Coalescente Fino MFC-0050-M20 POS,Metalplan
38883,Filtro de Ar para Roçadeira (Ref FS161/221/291/351/460/FR410),Stihl
38884,Filtro de Ar Regulador de Pressão em Carvão Ativado,Arprex
38885,"Filtro de Ar Regulador 1/4"" Mini com 2 Saidas AF-1",Arprex
38886,"Filtro de Ar Regulador e Lubrificador 1/2""",Puma
38887,"Filtro de Ar Regulador e Lubrificador 1/4"" 9KB",Eda
38888,"Filtro de Ar Regulador e Lubrificador 1/2"" 9KC",Eda
38890,Filtro de Linha Bivolt com 6 Tomadas e Fusível de Segurança 3046,Asantos
38893,Filtro de Espuma para Líquidos VF 7000,Ridgid
38894,Filtro de Espuma para Turbina de Aspiradores NT585 2000 e 3000 9.303-357.0,Karcher
38896,Filtro de Linha Régua 6 Tomadas ABS 2P+T 10A 1 Metro Preto,Fiolux
38897,Filtro de Linha Régua Corpo Metálico 5 Tomadas Espaçadas 2P+T 10A 1 Metro Preto,Fiolux
38902,Filtro de Papel com 03 Peças para Aspiradores NT20/1 9.302-239.0,Karcher
38904,Filtro de Papel com 05 Peças para Aspiradores NT65/2 9.303-275.0,Karcher
38908,Filtro de Purificador/secador de Ar,Mtx
38911,Filtro de Tecido para Aspiradores NT585 NT2000 e NT3000 9.391-073.0,Karcher
38915,Filtro Linha 8 Tomadas 2P + T 10A sem USB Bivolt Cinza,Daneva
38916,Filtro Linha 6 Tomadas 2P + T 10A sem USB Bivolt Cinza,Daneva
38917,Filtro Linha ABS 5 Tomadas 2P+T 10A 1m Preto,Fiolux
38927,Filtro Poliéster com Estrutura V600,Ipc
38929,"Filtro Regulador 1/2"" Série B",Puma
38930,"Filtro Regulador 1/2"" Rosca g 145 Lbf/pol² Série 300",Puma
38931,"Filtro Regulador 1/4"" Série 200",Puma
38932,Filtro Regulador de Ar 1/2'' Red 1/4'' com Carvão Ativado CENTURIUM X,Arprex
38933,"Filtro Regulador e Lubrificador 1/2""",Lupus
38934,"Filtro Regulador de Ar com Manômetro 1/4""",Bozza
38935,"Filtro Regulador e Lubrificador 1/4""",Lupus
38938,"Filtro Regulador Lubrificador 1/2"" 9kc",Eda
38941,"Filtro Regulador Lubrificador 1/4"" 9KB",Eda
38942,"Filtro Regulador Lubrificador 1/2"" Série 3",Puma
38943,"Filtro Regulador Lubrificador 1/4""",Puma
38944,"Filtro Regulador Lubrificador 1"" Série 600",Puma
38945,"Filtro Regulador Lubrificador Série 200 1/4""",Puma
38948,Filtro Saco de Papel Descartável com 3 Peças Leo Home Leo Luxo SBNFILTRODLEO,Ipc
38949,Filtro Regulador para Pintura Médio Rosca 1/2 com 2 Saídas de 1/4 BSP,Steula
38950,Filtro Regulador para Pintura Mini Rosca 1/4 BSP com 2 Saídas de 1/4 BSP,Steula
38981,Fita Adesiva Antirruído de PVC 20mmx5m 387235 20,Wurth
38985,Fita Adesiva de Alumínio 25mm X 30m 233S,Adere
38988,Fita Adesiva de Empacotamento 48mm X 50mm Marrom 770,Adelbras
38990,Fita Adesiva de Empacotamento 48x100mm Transparente,Adere
38991,Fita Adesiva de Alumínio Flexivel 50mm X 30m 233,Adere
39011,"Fita Antiderrapante 50mm X 15m Preta (Ref 1022005150, Nove54)",Nove54
39013,Fita Antiderrapante 50mm X 20m Transparente 865,Adere
39015,Fita Antiderrapante 50mm X 20m Preta 860,Adere
39016,Fita Antiderrapante 50mm X 45m Preta e Amarela,Carbografite
39017,Fita Antiderrapante 50mm X 5m Preta 860,Adere
39021,Fita Antiderrapante 50mm X 5m Trasparente 865,Adere
39023,Fita Antiderrapante 50mm X 5m Vagalume 867S,Adere
39024,Fita Antiderrapante 50mm X 5m Zebra Amarela/preta 866,Adere
39043,Fita Crepe Automotiva 18mm X 40m Amarela,Adere
39045,Fita Crepe Automotiva 48mm X 40m Amarela,Adere
39047,Fita Crepe Automotiva 24mm X 50m Verde 525,Adere
39048,Fita Crepe para Uso 18mm X 50m 423,Adere
39049,Fita de Aço Perfurada com 5 Metros,Fixtil
39050,Fita Crepe Automotiva 48mm X 50m Verde 525,Adere
39051,Fita Crepe para Uso Industrial 48mm X 50m 434,Adere
39052,Fita Crepe para Uso 48mm X 50m 423,Adere
39053,Fita Crepe para Uso 24mm X 50m 423,Adere
39054,"Fita de Ancoragem 0,60 Metros 010541710 CG 1982",Carbografite
39056,"Fita de Ancoragem 1,20 Metros Verde",Carbografite
39057,"Fita de Ancoragem 0,80 Metros 010542310 CG 1981",Carbografite
39058,"Fita de Ancoragem 1,20 Metros 010541910 CG 1982",Carbografite
39059,"Fita de Ancoragem 1,50 Metros",Carbografite
39060,"Fita de Ancoragem 2,00 Metros 010542110 CG 1982",Carbografite
39061,Fita de Demarcação de Solo 50mm X 15m,Adere
39064,Fita de Demarcação de Solo 100mm X 30m,Adere
39066,Fita de Demarcação de Solo 50mm X 30m Amarela 850,Adere
39067,Fita de Empacotamento Marrom 45mm X 40m 706,Adere
39071,Fita de Empacotamento Transparente 45mm X 50m 720,Adere
39072,Fita de Empacotamento Transparente 45mm X 40m 710U,Adere
39073,Fita de Empacotamento Transparente 48mm X 100m 710S,Adere
39080,"Fita de Travamento para Ferramentas 4,5kg",Milwaukee
39081,Fita de MOPP 25mm X 50m Laranja 822,Adere
39082,Fita de Travamento para Ferramentas 15kg,Milwaukee
39083,"Fita de Travamento para Ferramentas 6,8kg",Milwaukee
39084,"Fita Dessoldadora de Malha 1,5mx2,5m",Hikari
39085,Fita Dupla Face 12mm X 20m Transparente,Adere
39086,Fita Dupla Face 12mm X 2m Transparente FITA FORTE,Adere
39089,Fita Dupla Face 19mm X 2m Transparente FITA FORTE,Adere
39090,Fita Dupla Face 19mm X 20m Transparente,Adere
39092,Fita Dupla Face 25mm X 20m Transparente,Adere
39102,Fita Eureka para Sinalização em Escadas CG 1900,Carbografite
39127,"Fita Malha Dessoldadora 1,5m X 3,0mm",Hikari
39130,"Fita Malha Dessoldadora 1,5x2,0mm",Hikari
39131,Fita para Demarcação de Solo 48mm X 30m Amarela e Preta 700.01516,Plastcor
39133,"Fita Métrica Adesiva 3 Metros (Ref FAL3M, Lufkin)",Lufkin
39134,Fita para Demarcação de Solo 48mm X 30m Vermelha e Branca 700.01528,Plastcor
39136,Fita para Dedos 15 Metros Verde SAFE-BANDAGE,Kalipso
39139,Fita Silver Tape 45mm X 50m Preta 801,Adere
39141,Fita Silver Tape 45mm X 25m 800,Adere
39142,"Fita Silver Tape 45mm X 5m (Ref 800/S, Adere)",Adere
39144,Fita Silver Tape 50mm X 50m 800,Adere
39157,Fita Zebrada de Isolamento 70mm X 200m Amarela e Preta 700.00082,Plastcor
39158,Fita Zebrada de Isolamento 70mm X 200m Vermelha e Branca 700.00083,Plastcor
39164,"Fixo Flex Bico 1/4"" e Inclinação 90° 13-A",Tapmatic
39166,"Fixo Flex Bico 1/8"" Inclinação 90º Graus 12-A",Tapmatic
39167,"Fixo Flex Bico Largo 1.1/4"" 1/2"" 11-L",Tapmatic
39168,"Fixo Flex Bico Largo 1/2"" 6-L",Tapmatic
39169,"Fixo Flex Bico Largo 24X1mm 1/4"" 7-A",Tapmatic
39170,"Fixo Flex Bico Largo 76x5mm para Sistema 3/4"" 6-M",Tapmatic
39172,"Fixo Flex Bico Redondo 1/2"" a 90° 16-L",Tapmatic
39173,"Fixo Flex Bico Redondo 3/8"" a 90º Graus Sistema 1/2"" 15-L",Tapmatic
39177,"Fixo Flex Conexão Rosca Externa 1/2"" NPT 17-L",Tapmatic
39178,"Fixo Flex Conexão Rosca Externa 1/4"" NPT 17-A",Tapmatic
39179,"Fixo Flex Conexão Rosca Externa 1/8"" NPT 23-A",Tapmatic
39180,"Fixo Flex Conexão Rosca Externa 3/8"" BSPT para Sistema 1/2"" 19-L",Tapmatic
39181,"Fixo Flex Conexão Rosca Externa 3/8"" NPT 18-L",Tapmatic
39182,"Fixo Flex Jogo Bico de Aplicação Circular 0.140"" 12-L",Tapmatic
39183,"Fixo Flex Conexão ""Y"" 3/4"" para Bifurcação 5-M",Tapmatic
39184,"Fixo Flex Conexão ""Y"" para Bifurcação 1/2"" 5-L",Tapmatic
39185,"Fixo Flex Elo Tipo Cotovelo 1/2"" 13-L",Tapmatic
39186,Fixo Flex Jogo Básico com Bico Metálico,Tapmatic
39187,"Fixo Flex Jogo Bico de Aplicação Circular e Jato Lateral 0.080"" 10-A",Tapmatic
39188,"Fixo Flex Jogo Bicos Redondos 3/4"" 3-M",Tapmatic
39189,"Fixo Flex Jogo Bicos Redondos 5/8"" 4-M",Tapmatic
39190,"Fixo Flex Redutor em ""Y"" 3/4"" para Sistema 1/2"" 10-M",Tapmatic
39191,"Fixo Flex Redutor 3/4"" para Sistema 1/2"" 7-M",Tapmatic
39192,Fixo Flex Jogo Simples Montado 26-A,Tapmatic
39193,Fixo Flex Tipo Cotovelo 90° 11-A,Tapmatic
39194,"Fixo Flex Jogo de Redutores 1/2"" para 1/4"" 7-L",Tapmatic
39197,"Fixo Flex Super Jogo de Conexões 1/4"" 4-A",Tapmatic
39207,Flangeador 45° 3/16'' a 5/8'' Econômico 345,Ridgid
39209,FLK-100-CLKT Janela de Inspeção Termográfica,Fluke
39211,FLK ii910 Imageador Acústico de Precisão,Fluke
39212,FLK ii900 Imageador Acústico de Precisão,Fluke
39215,Fluido de Corte 20 Litros NR 1,Tapmatic
39217,Fluído de Corte 500ml Sutol RC Machão,Bio-Lub
39218,Fluido de Corte a Base D'água 20 Litros AQUATIC AT3,Tapmatic
39219,Fluido de Corte Ecológico 20 Litros NR 1 ECOLOGICO,Tapmatic
39220,Fluido de Corte a Base D'água 5 Litros AQUATIC AT2,Tapmatic
39221,Fluido de Corte Ecológico 20 Litros NR 2 ECOLOGICO,Tapmatic
39222,Fluido de Corte a Base D'agua AQUATIC 500mL AT1,Tapmatic
39223,Fluido de Corte Ecológico 5 Litros NR 1 ECOLOGICO,Tapmatic
39226,Fluido de Corte para Alumínio 500mL NR 2 ECOLÓGICO,Tapmatic
39227,Fluído de Corte para Metais 5 Litros NR 1,Tapmatic
39229,Fluido de Corte para Uso no Nebulizador 20 Litros JET,Tapmatic
39230,Fluido de Corte para Uso no Nebulizador 5 Litros JET,Tapmatic
39231,Fluido de Corte para Metais 500ml NR 11,QUIMATIC
39232,Fluido de Corte Sintético 20 Litros NR 11,Tapmatic
39233,Fluido de Corte Semi Ecológico -corte,Baden
39234,Fluido de Corte Sintético 5 Litros NR 11,Tapmatic
39235,Fluido de Corte Sintético para Alumínio 5 Litros NR 2,Tapmatic
39236,Fluido de Corte Sintético para Alumínio 20 Litros NR 2,Tapmatic
39237,Fluido para Radiador Rosa 1 Litro 5986153000 w,Wurth
39239,Fluído Integral para Rosqueamento e Corte 500ml ROSCAO,Bio-Lub
39240,Osciloscópio Industrial Portátil 20MHz FC,Fluke
39241,Fluido Protetivo e Anticorrosivo 5 Litros PRESERV PLASMA,Tapmatic
39242,Fluído Solúvel Sintético para Usinagem Concentrado 5 Litros SUTOL SV-E,Bio-Lub
39243,Fluido Protetivo e Anticorrosivo 20 Litros PRESERV PLASMA,Tapmatic
39245,KIT Megômetro Digital 10000 v + Acessórios,Fluke
39246,FC Megômetro Digital,Fluke
39247,Terrômetro Digital CAT II 300V,Fluke
39248,Megômetro Digital 10000 v,Fluke
39250,KIT Terrômetro Digital CAT II 300V + Acessórios,Fluke
39251,Terrômetro Digital CAT II 300V,Fluke
39252,FC Pinça de 1000V AC/DC CAT III,Fluke
39253,Analisador de Qualidade de Energia Trifásico,Fluke
39254,Certificador Multifunções de Instalações,Fluke
39255,Osciloscópio Portátil Digital 100MHZ 4 Canais Color com Kit e Software,Fluke
39256,Analisador de Qualidade de Energia Trifásico,Fluke
39259,Manômetro Digital de Precisão 14 a 10.000 PSI,Fluke
39261,Bomba de Teste Hidráulico 0 a,Fluke
39277,Contador de Partículas,Fluke
39280,CV200 Janela de Inspeção Termográfica 50mm com Trava Fenda,Fluke
39281,CV300 Janela de Inspeção Termográfica 75mm com Trava Fenda,Fluke
39282,FLK-SMFT-1000/KIT Kit de Instrumentos Solares Testador Multifuncional Fotovoltaico e Traçador de Curva,Fluke
39283,Ti401 PRO 9Hz Termovisor -20°C a 650°C,Fluke
39284,Ti480 PRO 9Hz Termovisor -20°C a 1000°C,Fluke
39285,PTi120 9Hz Termovisor de Bolso -20°C a 400°C,Fluke
39286,TiS20+ 9Hz Termovisor -20°C a 150°C,Fluke
39287,TiS20+ 9Hz Termovisor -20°C a 400°C,Fluke
39288,TiS75+ 9Hz Termovisor -20°C a 550°C,Fluke
39289,TiS55+ 9Hz Termovisor -20°C a 550°C,Fluke
39290,TL223 Conjunto de Pontas de Prova Elétrica,Fluke
39291,Fluxo de Arame Mig Arco Submerso 25kg OK FLUX 1081,Esab
39292,TL224 Suregrip Pontas de Teste Isoladas em Silicone,Fluke
39300,Fluxômetro,Carbografite
39361,Fonte Sitop Modular 24V 20A,Siemens
39432,Forno para Eletrodos 100Kg 220V FCG 100,Carbografite
39433,Forno para Eletrodos 200Kg 380V,Carbografite
39434,Forno para Eletrodos 200Kg 320 Graus 220V,Carbografite
39437,Forno para Eletrodos 100Kg 380V,Carbografite
40133,Fresas de Contornos,Walter
40137,Funil Curvo Longo para Kombi 602,Jactoil
40139,Funil Curvo para Volkswagem 603,Jactoil
40141,"Funil de Polietileno Laranja 1,3 Litros 2110",Bremen
40142,Funil Plástico Flexível 145mm para Uso,Sparta
40143,Funil para Trator com Tela 612,Jactoil
40144,Funil para Uso Grande Especial 618,Jactoil
40145,Funil Reto para Uso 610,Jactoil
40147,Funil Reto Pequeno para Uso 611,Jactoil
40603,Fusível Neozed 10A D01 400VCA GG,Siemens
40605,Fusível LV HRC NH000 10A 500 VCA,Siemens
40606,Fusível NH 00 Gl/gg Retardado 100A 120kA em,Siemens
40607,Fusível NH 00 Sitor Ultra Rápido 100A 100kA em,Siemens
40608,Fusível NH 00 Gl/gg Retardado 125A 120kA em,Siemens
40609,Fusível NH 000 Gl/gg Retardado 100A 120kA em,Siemens
40610,Fusível NH 00 Gl/gg Retardado 160A 120kA em,Siemens
40611,Fusível NH 00 Gs Sitor Ultra Rápido 125A 100kA em,Siemens
40612,Fusível NH 000 Gl/gg Retardado 16A 120kA em,Siemens
40613,Fusível NH 000 Gl/gg Retardado 20A 120kA em,Siemens
40614,Fusível NH 000 Gl/gg Retardado 25A 120kA em,Siemens
40615,Fusível NH 000 Gl/gg Retardado 32A 120kA em,Siemens
40616,Fusível NH 000 Gl/gg Retardado 35A 120kA em,Siemens
40617,Fusível NH 000 Gl/gg Retardado 40A 120kA em,Siemens
40618,Fusível NH 000 Gl/gg Retardado 50A 120kA em,Siemens
40619,Fusível NH 000 Gl/gg Retardado 63A 120kA em,Siemens
40620,Fusível NH 000 Gs Sitor Ultra Rápido 16A 100kA em,Siemens
40621,Fusível NH 1 Ar Sitor Ultra Rápido 160A 100kA em,Siemens
40622,Fusível NH 1 Gl/gg Retardado 100A 120kA em (Ref 500Vca),Siemens
40623,Fusível NH 1 Gl/gg Retardado 100A 120kA em (Ref 690Vca),Siemens
40624,Fusível NH 1 Gl/gg Retardado 125A 120kA em,Siemens
40625,Fusível NH 1 Gl/gg Retardado 160A 120kA em,Siemens
40626,Fusível NH 1 GL/GG Retardado 160A 120KA em,Siemens
40627,Fusível NH 1 Gl/gg Retardado 200A 120kA em,Siemens
40628,Fusível NH 1 Gl/gg Retardado 250A 120kA em,Siemens
40629,Fusível NH 1 Gl/gg Retardado 35A 120kA em,Siemens
40630,Fusível NH 1 Gl/gg Retardado 40A 120kA em,Siemens
40631,Fusível NH 1 Gl/gg Retardado 50A 120kA em,Siemens
40632,Fusível NH 1 Gl/gg Retardado 63A 120kA em,Siemens
40633,Fusível NH 1 GL/GG Retardado 63A 120KA em,Siemens
40634,Fusível NH 1 Gl/gg Retardado 80A 120kA em,Siemens
40635,Fusível NH 1 Gs Sitor Ultra Rápido 250A 100kA em,Siemens
40636,Fusível NH 2 Ar Sitor Ultra Rápido 710A 50kA em,Siemens
40637,Fusível NH 2 GL/GG Retardado 200A 120KA em,Siemens
40638,Fusível NH 2 GL/GG Retardado 250A 120KA em,Siemens
40639,Fusível NH 2 GL/GG Retardado 300A 120KA em,Siemens
40640,Fusível NH 3 Gl/gg Retardado 500A 120kA em,Siemens
40641,Fusível NH 63A T000 GL/GG Retardado,Weg
40642,Fusível NH 3 Gl/gg Retardado 630A 120kA em,Siemens
40643,Fusível NH 35A T000 GL/GG Retardado,Weg
40644,Fusível NH 80A T000 GL/GG Retardado,Weg
40645,Fusível NH Ar Ultra Rápido 100A 100kA em,Weg
40646,Fusível NH Ar Ultra Rápido 125A 100kA em,Weg
40647,Fusível NH Ar Ultra Rápido 160A 100kA em,Weg
40648,Fusível NH Ar Ultra Rápido 250A 100kA em,Weg
40649,Fusível NH Ar Ultra Rápido 25A 100kA em,Weg
40651,Fusível NH Ar Ultra Rápido 315A 100kA em,Weg
40653,Fusível NH Ar Ultra Rápido 350A 100kA em,Weg
40654,Fusível NH Ar Ultra Rápido 400A 100kA em,Weg
40655,Fusível NH Ar Ultra Rápido 35A 100kA em,Weg
40658,Fusível NH Ar Ultra Rápido 40A 100kA em,Weg
40659,Fusível NH Ar Ultra Rápido 500A 100kA em,Weg
40660,Fusível NH Ar Ultra Rápido 450A 100kA em,Weg
40661,Fusível NH Ar Ultra Rápido 50A 100kA em,Weg
40662,Fusível NH Ar Ultra Rápido 63A 100kA em,Weg
40663,Fusível NH Ar Ultra Rápido 710A 100kA em,Weg
40665,Fusível NH Gl/gg Retardado 100A 120 Ka em 500 Vca,Weg
40666,Fusível NH Ar Ultra Rápido 80A 100kA em,Weg
40667,Fusível NH Gl/gg Retardado 160A 120 Ka em 500 Vca (Ref FNH00-160U),Weg
40669,Fusível NH AR Ultra Rápido Flush 800A 200KA em,Weg
40670,Fusível NH Gl/gg Retardado 160A 120 Ka em 500 Vca (Ref FNH1-160U),Weg
40671,Fusível NH Gl/gg Retardado 16A,Weg
40672,Fusível NH Gl/gg Retardado 200A 120 Ka em 500 Vca,Weg
40673,Fusível NH Gl/gg Retardado 315A 120 Ka em 500 Vca,Weg
40674,Fusível NH Gl/gg Retardado 224A 120 Ka em 500 Vca,Weg
40675,Fusível NH Gl/gg Retardado 250A 120 Ka em 500 Vca,Weg
40676,Fusível NH Gl/gg Retardado 400A 120 Ka em 500 Vca,Weg
40677,Fusível NH Gl/gg Retardado 35a,Weg
40678,Fusível NH Gl/gg Retardado 50A 120 Ka em 500 Vca,Weg
40679,Fusível NH Gl/gg Retardado 425a,Weg
40680,Fusível NH GL/GG Retardado 500A,Weg
40681,Fusível NH Gl/gg Retardado 80a,Weg
40682,Fusível NH Gl/gg Retardado 80A 120 Ka em 500 Vca,Weg
40683,Fusível NH Gl/gg Retardado 63A 120 Ka em 500 Vca,Weg
40696,Gabarito Angular Multifunção Metálico,Cortag
40699,Gabarito para Ajuste dos Balancins das Unidades Injetoras PDE,Raven
40700,Gabinete com 3 Gavetas Deslizantes 1 Divisória Azul G3AZ,Fercar
40701,Gabinete com 4 Gavetas Deslizantes 2 Divisórias Azul G4AZ,Fercar
40702,Gabinete de 1 Gaveta e com 2 Prateleiras GT-1,Marcon
40703,Gabinete de 2 Gavetas e 2 Prateleiras GT-2,Marcon
40704,Gabinete de 3 Gavetas Deslizantes e 1 Divisória 349,Marcon
40705,Gabinete de 4 Gavetas,Stanley
40707,Gabinete para Ferramentas com 4 Gavetas Deslizantes G-4,Marcon
40708,"Galão de Metal para Água e Combustíveis 20L 0,6mm 6614",Bremen
40710,Gaiola de Proteção para Pneu Padrão,Viluz
40713,Galão Térmico 12 Litros Vermelho com Tripé,Invicta
40715,Galão Térmico 5 Litros Azul,Invicta
40716,Galão Térmico 5 Litros Azul 09018.0570.55,Soprano
40717,Galão Térmico 5 Litros Cor Azul 8705,Invicta
40718,Galão Térmico 5 Litros Azul PRO INCESS,Invicta
40719,Galão Térmico 5 Litros Vermelho 09018.0570.17,Soprano
40720,Galão Térmico 5 Litros Vermelho PRO INCESS,Invicta
40721,Galão Térmico 5 Litros Vermelho,Invicta
40723,Galão Térmico 9 Litros Azul com Tripé Incess Blue,Invicta
40724,Galão Térmico 9 Litros Vermelho com Tripé,Invicta
40725,Galvanização a Frio Aluminizada 900ml DA2,Tapmatic
40727,"Galvanização Alumizada a Frio Galvalum 3,6 Litros DA3",Tapmatic
40728,Galvanização a Frio Aluminizada 225ml DA1,Tapmatic
40729,"Galvanização Instantânea a Frio CRZ 3,6 Litros DB3",Tapmatic
40730,Galvanização a Frio Aluminizada Aerossol 300ml DN1,Tapmatic
40736,Gancho C/olhal Giratório e Trava 10000kg Aço Carbono,Robur
40740,Gancho C/olhal Giratório e Trava 5000kg Aço Carbono,Robur
40742,Gancho C/olhal Giratório e Trava 7500kg Aço Carbono,Robur
40753,Gancho de Alta Resistência 5400kg com Olhal e Trava,Robur
40754,Gancho de Alta Resistência 2000kg com Olhal e Trava 8052,Robur
40755,Gancho de Alta Resistência 800kg com Olhal e Trava 8052,Robur
40757,Gancho Magnético para Multímetros Digitais,Testo
40758,Gancho de Fixação M8 Inox 316,Robur
40760,Gancho Olhal com Trava 10 Ton,Carbografite
40761,Gancho Olhal Tipo Pesca 26mm Galvanizado 8535,Robur
40762,Gancho Olhal Tipo Pesca 30mm Galvanizado 8535,Robur
40774,Gancho Suporte Longo para Perfilados 150mm Chapa n°18 PG,Cemar
40778,"Garra Corrente Flexível 2500A 18""",Fluke
40780,"Garra de Bloqueio e Travamento em Aço 25,4mm/1""",Tagout
40782,"Garra de Bloqueio e Travamento em Aço 38mm/1.1/2""",Tagout
40784,"Garra de Bloqueio Travamento Aço 25,4mm/1""",Tagout
40785,Garra Flexível para Medição de Corrente CA Até 3000A 45Cm TA74,Flir
40787,Garra Negativa Alumínio 300A 2059,Ledan
40788,Garra Negativa Aço 500A,Carbografite
40790,Garra Negativa Alumínio 300A,Carbografite
40791,Garra Negativa Bronze 500A,Carbografite
40792,Garra Negativa Bronze 500A 2054,Ledan
40793,Garra Negativa Estampado 500A,Carbografite
40800,Garra Plástica de 6 Furos 6mm,Tagout
40801,Garra Plástica de Bloqueio e Travamento Boca 6 Furos 23 X 4mm,Tagout
40803,Garra Plástico 6 Furos 4mm Alça,Tagout
40804,Garra Plástica de Bloqueio e Travamento Boca 6 Furos,Tagout
40805,Garra Plástico 6 Furos 4mm Gancho 35mm Alça,Tagout
40809,Gatilho para Limpeza 2047,Lupus
40812,Gaveteiro Modular de 14 Gavetas G-14,Marcon
40815,Gaveteiro Modular de 2 Portas GP-9,Marcon
40816,Gaveteiro Modular de 5 Gavetas e 1 Divisória,Marcon
40820,Gaveteiro para Ferramentas com 8 Gavetas e Rodas Azul G8,Fercar
40821,Gaveteiro para Ferramentas com 8 Gavetas Deslizantes G-8,Marcon
40822,"Gaveteiro Plástico 3"" para Estante Azul 3A",Marcon
40823,"Gaveteiro Plástico 5"" para Estante Azul 5A",Marcon
40825,"Gaveteiro Plástico 3"" para Estante Preta 3P",Marcon
40826,"Gaveteiro Plástico 5"" para Estante Preta 5P",Marcon
40830,"Gaveteiro Plástico 7"" para Estante Preta 7P",Marcon
40841,"Gel Decapante e Passivante 1,2kg",Wurth
40842,Gerador a Diesel 10/9.0 KVA Monofásico 220V 4 Tempos Partida Elétrica,Toyama
40844,Gerador a Diesel 3.3/3 KVA Monofásico 110/220V 4 Tempos Elétrico/manual,Toyama
40846,Gerador a Diesel 7.5/7 KVA Trifásico 220V e Monofásico 110V 4 Tempos Partida Elétrica e Manual,Toyama
40847,Gerador a Diesel 7.5/7 KVA Trifásico 220V e Monofásico 110V 4 Tempos Partida Elétrica,Toyama
40848,Gerador À Gasolina 17 KVA Trifásico 4 Tempos Partida Elétrica 220V,Toyama
40850,Gerador a Gasolina 10/11.25 KVA Trifásico 220V 4 Tempos Partida Elétrica/manual,Toyama
40851,"Gerador a Gasolina 1,25KVA 4 Tempos 110/220V Partida Manual",Toyama
40852,Gerador a Gasolina 2.2/2.5 KVA Monofásico 110/220V 4 Tempos Partida Manual,Toyama
40856,Gerador a Gasolina 5.000W 12V 4 Tempos 110V/220V GM 5500,Csm
40857,Gerador a Gasolina 5.5/6.0 KVA Monofásico 110/220V 4 Tempos Partida Manual,Toyama
40859,Gerador a Gasolina 5000W 110/220V 12V 4 Tempos,Motomil
40861,Gerador a Gasolina 6.5/7.0 7000W 12V 4 Tempos,Motomil
40863,Gerador a Gasolina 8.0/9.0KVA 4 Tempos 110/220V Partida Manual/elétrica,Toyama
40864,Gerador a Gasolina 850W 2 Tempos 110V Partida Manual,Toyama
40865,Gerador a Gasolina 850W 2 Tempos 220V Partida Manual,Toyama
40866,Gerador a Gasolina 9.000 Kva 15HP 4 Tempos Portátil com Rodas Pegador Retrátil 110V/220V 40144408 GM,Csm
40869,Gerador de Energia a Gasolina 2T 800W 12V,Motomil
40870,Gerador de Energia Digital Inverter com Partida Manual,Toyama
40871,Gerador de Energia Gasolina Digital 8.0/9.0 KVA Bivolt 110/220V Partida Elétrica,Toyama
40873,Gerador Diesel 11.0/12.5 KVA Trifásico 4T Partida Elétrica Cabinado,Toyama
40874,Gerador Diesel 11.0/12.5 KVA Trifásico 4T Partida Elétrica,Toyama
40875,Gerador Diesel 2.0/2.2 KVA Monofásico 110/220V 4T Partida Manual,Toyama
40876,Gerador Diesel 2.0/2.2 KVA Monofásico Bivolt 115/230V Brushless Partida Manual,Toyama
40877,Gerador Diesel 20.0/22.0 KVA Monofásico 4C Partida Elétrica Cabinado 220V,Toyama
40878,Gerador Diesel 20/22 KVA Trifásico 380V 4C Partida Elétrica Cabinado,Toyama
40879,Gerador Diesel 25.0/40.0 KVA Trifásico 380V 4C Partida Elétrica Cabinado,Toyama
40880,Gerador Diesel 25.0/27.5 KVA Trifásico 220V 4C Partida Elétrica Cabinado,Toyama
40881,Gerador Diesel 25.0/27.5 KVA Trifásico 220V 4C Partida Elétrica,Toyama
40883,Gerador Diesel 25/27.5 KVA 380V Trifásico Cabinado Silencioso para Energia Confiável,Toyama
40884,Gerador Diesel 3.0/3.3 KVA Monofásico Bivolt 110/220V 4T Partida Manual,Toyama
40885,Gerador Diesel 35.0/40.0 KVA Trifásico 4C Partida Elétrica Cabinado 220V,Toyama
40886,Gerador Diesel 40.0/44 KVA Trifásico 4C com ATS Integrado 220V,Toyama
40888,Gerador Diesel 5.5/6.0 KVA Monofásico 110/220V 4T Partida Elétrica Cabinado,Toyama
40889,Gerador Diesel 5.5/6.0 KVA Monofásico 110/220V 4T Partida Elétrica/manual,Toyama
40891,Gerador Diesel 5.0/5.5 KVA Monofásico 110/220V 4T Partida Manual,Toyama
40892,Gerador Diesel 6.5/7.0 KVA Monofásico 115/230V 4T Partida Elétrica/manual,Toyama
40894,Gerador Diesel 60.0/66.0 KVA Trifásico 380V 4C Partida Elétrica Cabinado,Toyama
40895,Gerador Diesel 7.0/7.5 KVA Trifásico 380V 4T Partida Elétrica Cabinado,Toyama
40896,Gerador Diesel 7.0/7.5 KVA Trifásico 380V 4T Partida Manual/elétrica,Toyama
40897,Gerador Gasolina 1.6/1.8 KVA Monofásico 220V 4T Partida Manual,Toyama
40898,Gerador Gasolina 10.0/11.25 KVA Trifásico 380V 4T Partida Elétrica/manual,Toyama
40899,Gerador Gasolina 12.5/13.5 KVA Monofásico 110/220V 4T Partida Elétrica Controle AVR,Toyama
40900,Gerador Gasolina 10.0/11.25 KVA Trifásico 4T Partida Elétrica/manual,Toyama
40901,Gerador Gasolina 13.5/16.0 KVA Monofásico 110/220V 4T Partida Manual Retrátil + Elétrica,Toyama
40902,Gerador Gasolina 13.5 KVA 220V Monofásico 4T Partida Elétrica,Toyama
40903,Gerador Gasolina 12.5/13.7 KVA Trifásico 4T Partida Manual/elétrica,Toyama
40904,Gerador Gasolina 3.1/2.8 KVA Monofásico 110/220V 4T Partida Manual Controle de Tensão AVR,Toyama
40905,Gerador Gasolina 3.1/3.5 KVA Monofásico 220V 4T Partida Manual Retrátil/elétrica e Controle Remoto,Toyama
40906,Gerador Gasolina 17 KVA Mono 220/Tri 380V Partida Elétrica/manual,Toyama
40907,Gerador Gasolina 3.5/3.8 KVA Monofásico 110/220V 4T Partida Manual com AVR,Toyama
40908,Gerador Gasolina 6.5/7.0 KVA Monofásico 110/220V 4T Partida Elétrica/manual,Toyama
40909,Gerador Gasolina 70/875 KVA Trifásico 220V Partida Elétrica,Toyama
40910,Gerador Gasolina 3000W 12V 4 Tempos,Motomil
40911,Gerador Gasolina 8.5/9.0 KVA Monofásico 115/230V 4T Partida Retrátil/elétrico GMR,Csm
40912,Gerador Gasolina 81/875 KVA Trifásico 380V Partida Elétrica e Manual,Toyama
40914,Gerador Gasolina Digital Inverter 1.8/2.2 KVA Monocilíndrico 4T Partida Manual,Toyama
40919,Girica Meia Lua 180 Litros I-61,Imarc
40921,Grade de Proteção para Mini Ventilador 172X150mm,Cemar
40935,Grampeador Manual 4-14mm com Ajuste de Pressão Grampo Tipo 53,Mtx
40938,"Grampeador Manual 1/4"" a 9/6""",Stanley
40939,"Grampeador Manual de Aço 1/4"", 5/16"" e 3/8"" TR45",Stanley
40940,Grampeador Pinador Elétrico 110V,Infinity
40943,Grampeador Pinador Elétrico,Gamma
40947,Grampeador Pneumático 26 a 50 mm,Puma
40951,Grampeador Pneumático 35mm 15 a 19mm,Puma
40953,Grampeador Pneumático de 6 a 16mm,Puma
40955,Grampeador Pneumático para Grampos de 10mm a 22mm,Puma
40956,Grampeador Pneumático para Grampos 6 a 16mm,Puma
40957,Grampeador Pneumático Profissional 10 a 22mm,Mtx
40971,"Grampo ""C"" N°10 GC 036",Metalsul
40972,"Grampo ""C"" N°2 GC 031",Metalsul
40973,"Grampo ""C"" N°12 GC 037",Metalsul
40974,"Grampo ""C"" N°3 GC 032",Metalsul
40975,"Grampo ""C"" N°4 GC 033",Metalsul
40976,"Grampo ""C"" N°6 GC 034",Metalsul
40977,"Grampo ""C"" N°8 GC 035",Metalsul
40994,"Grampo de Fixação Nodular ""C"" (Ref GFC-10)",Ferrari
40995,"Grampo de Fixacao Tipo C 2"" NR 2",Somar
40996,"Grampo de Fixação Nodular ""C"" (Ref GFC-8)",Ferrari
40997,"Grampo de Fixação Tipo C 4""",Dezco
40998,"Grampo de Fixacao Tipo C 3"" NR 3",Somar
40999,Grampo Fixação Encaixe T 58 Peças M16,Manrod
41000,Grampo Fixação Encaixe T 58 Peças M14,Manrod
41003,"Grampo de Fixacao Tipo C 6"" NR 6",Somar
41016,Grampo Marceneiro Aperto Rápido,Mtx
41017,Grampo Marceneiro Barra Lisa,Mtx
41021,"Grampo Multiuso 2""",Irwin
41023,Grampo Multiuso 2'',Irwin
41024,"Grampo Multiuso 3""",Carbografite
41025,"Grampo Multiuso 3"" Quick-grip",Irwin
41027,"Grampo Multiuso 4"" (Ref 1868221, Irwin)",Irwin
41028,"Grampo Multiuso 4"" Profissional",Irwin
41029,"Grampo Multiuso 6""",Carbografite
41031,"Grampo Multiuso 6"" com Ajuste Preciso e Resistenteda",Irwin
41034,"Grampo Multiuso para Marceneiro 3""",Mtx
41036,"Grampo Multiuso 9"" (Ref 1868223, Irwin)",Irwin
41037,"Grampo Multiuso para Marceneiro 6""",Mtx
41038,"Grampo Multiuso para Marceneiro 4""",Mtx
41039,"Grampo Multiuso para Marceneiro 9""",Mtx
41052,Grampo para Grampeador 10mm 1000 Unidades,Infinity
41055,Grampo para Grampeador 14mm 1000 Unidades,Infinity
41060,Grampo para Grampeador Pneumático 14.520 Unidades,Puma
41061,Grampo para Grampeador Pneumático Caixa com 10.200 Unidades,Puma
41062,Grampo para Grampeador Tipo 53 6mm com 1000 Unidades,Mtx
41063,Grampo para Grampeador Tipo 53 8mm com 1000 Unidades,Mtx
41064,Grampo para Marceneiro 100 X 400 mm,Ferrari
41065,Grampo para Marceneiro 120 X,Ferrari
41067,"Grampo para Trabalho Pesado 5/16"" 1.000 Peças",Stanley
41068,Grampo para Marceneiro 800mm Barra,Metalsul
41072,"Grampo Sargento com Aperto Rápido 8""",Mtx
41074,"Grampo Sargento Tipo C 2"" (Ref 3575020001, Nove54)",Nove54
41075,Grampo Sargento 150 X 80mm com Ranhuras,Nove54
41079,"Grampo Sargento Tipo C 3"" (Ref 3575030001, Nove54)",Nove54
41080,"Grampo Sargento Tipo C 4"" (Ref 3575040001, Nove54)",Nove54
41083,"Grampo Sargento Tipo C 5""",Irwin
41086,Grampo 300 Ampers 10595210 i300,Carbografite
41088,Grampo 500 Ampers,Carbografite
41089,Grampo 500 Ampers 010595310 i500,Carbografite
41091,"Grampo Tipo C 104mm 4"" GF-4",Marcon
41092,"Grampo Tipo C 147mm 6"" GF-6",Marcon
41093,Grampo Estampado 300 Ampers 012538312 300A,Carbografite
41095,"Grampo Tipo C 195mm 8"" GF-8",Marcon
41096,Grampo Tipo C,Marcon
41097,"Grampo Tipo C 3""",Carbografite
41098,"Grampo Tipo C 4""",Carbografite
41099,"Grampo Tipo C 302mm 12""",Marcon
41100,"Grampo Tipo C 56mm 2"" GF-2",Marcon
41101,"Grampo Tipo C 6""",Nove54
41103,"Grampo Tipo C 76mm 3"" GF-3",Marcon
41108,"Grampo Tipo C Sargento 6""",Irwin
41112,Grampo Tipo Sargento 200mm X 80mm com Ranhuras,Nove54
41115,Grampo Tipo Sargento 250mm X 80mm com Ranhuras,Nove54
41116,Grampo Tipo Sargento 300mm X 80mm com Ranhuras,Nove54
41117,Grampo Tipo Sargento 400mm X 80mm com Ranhuras,Nove54
41119,Grampo Tipo Sargento 500mm X 80mm com Ranhuras,Nove54
41122,Grampo Tipo Sargento 600mm X 80mm com Ranhuras,Nove54
41139,"Grampos de Uso 3/8"" para Grampeador",Stanley
41140,"Grampos de Uso 1/4"" 1.000 Unidades",Stanley
41192,Guarnição Agulha 5 Peças,Devilbiss
41193,Guia de Corte Angular Moldura de Teto para Saw,Dremel
41194,Guarnição da Tampa Modelo 25 e 51,Arprex
41195,Guia de Corte Angular para Saw,Dremel
41196,Guia de Corte Circular e Reto 678,Dremel
41197,Guia de Corte Reto para Saw,Dremel
41198,Guia de Corte Multiuso,Dremel
41200,"Guia Espiral 1.2 - 1.6mm X 5,4 Metros Amarela com Isolação 915218 TBI",Esab-Tbi
41215,Guincho de Coluna 100kg 12 Metros/200kg 6 Metros sem Suporte Monofásico 220V,Motomil
41216,Guincho de Coluna Elétrico 600Kg 12M 220V sem Suporte 220V,Motomil
41217,Guincho de Coluna 500kg 12 Metros/1000kg 6 Metros sem Suporte Monofásico,Motomil
41219,Guincho Elétrico 100Kg/12 Metros 200Kg/6 Metros com Trole 220V TEC,Csm
41221,Guincho Elétrico 100 kg Monofásico 220V sem Suporte,Csm
41224,Guincho Elétrico 500kg/12 Metros 1000Kg/6 Metros com Trole 220V TEC,Csm
41230,"Guincho Hidráulico 0,5 Toneladas com Rodas de Ferro G500 em",Bovenau
41231,"Guincho Hidráulico 0,5 Toneladas com Rodas de Ferro (Ref MGH-500VFD)",Marcon
41232,"Guincho Hidráulico 0,5 Toneladas com Rodas de Ferro (Ref MGH-500VF)",Marcon
41233,"Guincho Hidráulico 0,5 Toneladas com Rodas de Ferro (Ref MGH-500F)",Marcon
41234,Guincho Hidráulico 1000 kg com Prolongador Rodas PU g,Bovenau
41235,Guincho Hidráulico 1 Tonelada com Rodas de Ferro,Marcon
41237,Guincho Hidráulico 2 Toneladas com Rodas de Ferro,Bovenau
41240,Guincho Hidráulico 3 Toneladas com Rodas de Ferro g 3000,Bovenau
41241,Guincho Hidráulico 3 Toneladas com Rodas de Ferro,Marcon
41242,Guincho Hidráulico 450 kg Giratório para Caminhonete,Bovenau
41243,Guincho Hidráulico 500 kg Dobrável Tipo U Rodas em PU,Bovenau
41244,Guincho Hidráulico 3000Kg Alongado com Rodas em PU,Bovenau
41245,Guincho Hidráulico 500 kg Tipo U Dobrável Rodas de Ferro g,Bovenau
41246,Guincho Hidráulico 500 kg Tipo v Rodas em PU,Bovenau
41247,Guincho Hidráulico 500Kg com Rodas de Ferro,Bovenau
41248,Guincho Hidráulico 500Kg Fixo Giratório,Marcon
41249,Guincho Hidráulico Até 2000 kg com Prolongador g,Bovenau
41251,Guincho Hidráulico Dobrável 1000 kg com Prolongador Roda Nylon,Bovenau
41252,Guincho Hidráulico Dobrável 2 Toneladas com Prolongador e Rodas de Nylon g,Bovenau
41254,"Guincho Manual 1 TON X 1,5 Metro com Trava de Segurança",Carbografite
41255,Haste 8mm para Relógio,Mitutoyo
41256,"Guincho Manual 2 TON X 1,5 Metro com Trava de Segurança",Carbografite
41257,"Guincho Manual 2,5 TON X 1,5 Metro com Trava de Segurança",Carbografite
41262,"Haste Adaptadora para Discos de Corte 1/8"" Ez-lock",Dremel
41264,Haste Cônica CM1 - B12,Ades
41265,Haste Cônica CM2 - B12,Ades
41266,Haste Cônica CM1 - B16,Ades
41267,Haste Cônica CM2 B16,Btfixo
41268,Haste Cônica CM2 - B18,Ades
41269,Haste Cônica CM2 - J3,Ades
41270,Haste Cônica CM2 - J6,Ades
41271,Haste Cônica CM3 B12,Btfixo
41272,Haste Cônica CM3 B18,Btfixo
41273,Haste Cônica CM3 B16,Btfixo
41274,Haste Cônica CM3 - B24,Btfixo
41275,Haste Cônica CM3 - J1,Ades
41276,Haste Cônica CM3 B24,Ades
41277,Haste Cônica CM3 J3,Ades
41278,Haste Cônica CM4 - B22,Ades
41279,Haste Cônica CM3 - J6,Ades
41280,Haste Cônica CM4 B16 (Ades),Ades
41281,Haste Cônica CM4 B16 (Btfixo),Btfixo
41282,Haste Cônica CM4 - B18,Ades
41283,Haste Cônica CM4 B22,Btfixo
41284,Haste Cônica CM4 - B24,Btfixo
41285,Haste Cônica CM4 B24,Ades
41286,Haste Cônica CM4 J3,Ades
41287,Haste Cônica CM4 - J6,Btfixo
41288,Haste Cônica CM5 B16,Btfixo
41289,Haste Cônica CM5 - B18,Ades
41290,Haste Cônica CM5 B22,Btfixo
41291,Haste Cônica CM5 B24 (Btfixo),Btfixo
41292,Haste Cônica CM5 B24 (Ades),Ades
41294,Haste Cônica de Engate para Mandris CM2 - B22,Ades
41304,Haste Cônica para Mandris (Ref CM3-B22),Ades
41305,Haste Cônica para Mandris (Ref CM3-B18),Ades
41306,Haste Cônica para Máquinas CM3 - B16,Ades
41308,"Haste de Aterramento (alta Camada) Cobre 5/8""",Intelli
41309,"Haste de Aterramento Cobre Alta Camada 5/8""",Intelli
41310,"Haste de Aterramento Cobre Baixa Camada 3/4""",Intelli
41311,"Haste de Aterramento Cobre Baixa Camada 5/8""",Intelli
41316,Haste de Extensão para Indicadores,Mitutoyo
41317,Haste de Extensão para Relógios Comparadores 20mm,Mitutoyo
41321,Haste Extensão 30mm para Indicadores,Mitutoyo
41324,"Haste Magnética Flexível 18""",Stanley
41336,Haste Relógio Cilíndrica com Pinça 8mm,Insize
41337,Haste Relógio Retangular com Piça 9x9mm,Insize
41345,Hidratante de Couro 120g 5986135500 w,Wurth
41348,Identificador Plástico DEKAFIX 5 FW 51-100 C047346.0051 WEIDMULLER CONEXEL,Conexel Weidmuller
41349,Identificador Plástico DEKAFIX 5 FW 1-50 C047346.0001 WEIDMULLER CONEXEL,Conexel Weidmuller
41356,Ímã Neodímio N35 13x6mm NDFEB REDONDO,Magtek
41358,Imageador Acústico Industrial 2 a 100 Khz,Fluke
41359,Ímã Neodímio N35 8x4mm NDFEB REDONDO,Magtek
41360,Impermeabilizante 18litros Balde OTTO BAUMGART,Vedacit
41363,Indicador de Rotação de Fases 700V 9040,Fluke
41365,Inserto Cabeçote para Reposição,Manrod
41367,Inserto Crimpador para Conectores F/NC/RCA 97 40 20 SB,Knipex
41401,Inserto para Peças Ocas 114 60°,Rohm
41403,Instalador do Retentor de Saída da Caixa de Transmissão,Raven
41404,"Instalador para Capa de Rolamentos de Roda com Traseira 39 Ou 49,5 mm",Raven
41405,Instrumento de Medição de RPM sem Contato 1 a 99999 U/min 465,Testo
41406,Instrumento de Medição de RPM 1 a 99999 U/min 470,Testo
41407,Instrumento de Medição Digital de CO2 0 a 10000 Ppm 535,Testo
41408,Instrumento de Medição Digital de Pressão Diferencial 0 a +200 Hpa,Testo
41410,Instrumento de Medição Velocidade do Ar e Qualidade 440 0560 4401,Testo
41414,Instrumento Medição de Temperatura TC Tipo K (nicr-ni) -50 a +1000 °C 925,Testo
41419,Interface Modelo de Conversão para USB/SPC IT-016U Saídas de Dados,Mitutoyo
41420,Interface USB para Comunicação Data Logger 2 Canais sem Visor,Testo
41441,Inversor de Frequência 0.25CV 1.6A Monofásico 200-240V IP20,Weg
41442,Inversor de Frequência 0.5CV 2.6A Monofásico,Weg
41443,Inversor de Frequência 10CV 28A Trifásico 220V,Weg
41445,Inversor de Frequência 20CV 31A Trifásico,Weg
41447,Inversor de Frequência 15CV 24A Trifásico,Weg
41448,Inversor de Frequência 15CV 47A Trifásico,Weg
41449,Inversor de Frequência 1CV 4.2A Monofásico,Weg
41451,Inversor de Frequência 30CV 49A Trifásico,Weg
41452,Inversor de Frequência 3CV 10A Monofásico/trifásico 200-240V IP20,Weg
41453,Inversor de Frequência 3CV(380V) 4CV(440V) 6.1A Trifásico,Weg
41454,Inversor de Frequência 3CV 4.8A Trifásico,Weg
41455,Inversor de Frequência 5CV 16A Trifásico,Weg
41456,Inversor de Frequência 5CV 15.2A Trifásico,Weg
41459,Inversor de Frequência Monofásico 0.75CV 3.5A,Schneider
41460,Inversor de Frequência Monofásico 1CV 4.2A,Schneider
41461,Inversor de Frequência 7.5CV 24A Trifásico,Weg
41462,Inversor de Frequência Trifásico 20cv 31A,Weg
41463,Inversor de Frequência Monofásico 2cv 7A,Weg
41464,Inversor de Frequência Trifásico 10CV 16A,Weg
41465,"Inversor de Frequência Trifásico 12,5cv 33A",Weg
41466,Inversor de Frequência Trifásico 3cv 10A (Ref 200-240V),Weg
41467,Inversor de Frequência Trifásico 15cv 24A,Weg
41468,Inversor de Frequência Trifásico 3cv 10A (Ref 380-480V),Weg
41469,Inversor de Frequência Trifásico 5CV 16.7A,Schneider
41470,"Inversor de Frequência Trifásico 7,5cv 14A",Weg
41471,Inversor de Frequência Trifásico 5cv 16A,Weg
41473,Inversor de Frequência Trifásico 7.5cv 24A,Weg
41485,Isolador para Tocha SR,Esab-Tbi
41486,Isolador Superior para Tocha SBME 450,Oximig
41497,Jarra Graduada 2 Litros Transparente 2164,Bremen
41498,Jateadora de Gelo Seco 15/50kg/h 600W 220V IB 7/40,Karcher
41499,Jarra Graduada de Polietileno com Escala em Alto Relevo Transparente 5 Litros 2167,Bremen
41501,Joelheira de Proteção 2 em 1 Gelfit Rocker,Toughbuilt
41502,Joelheira de Proteção e Estabilização com Suporte de Coxa,Toughbuilt
41504,Joelheira de Proteção com Suporte de Coxa Gelfit,Toughbuilt
41505,Joelheira de Proteção Impermeáveis 2 em 1,Toughbuilt
41506,Joelheira de Proteção Impermeáveis para Trabalhos Umidos e Sujos,Toughbuilt
41507,Joelheira de Proteção Par CG 01,Carbografite
41508,Joelheira de Proteção Rocker Gelfit,Toughbuilt
41509,Joelheira para Serviços Gerais em E.V.A para Segurança e Conforto,Cortag
41510,Joelheiras de Proteção 2 em 1 Gelfit,Toughbuilt
41516,"Jogo Alfabeto Aço 10mm com 27 Peças 60,0019",Rocast
41517,"Jogo Alfabeto Aço 2.0mm com 9 Peças 60,0002",Rocast
41518,"Jogo Alfabeto Aço 10mm com 9 Peças 60,0009",Rocast
41519,"Jogo Alfabeto Aço 2mm com 27 Peças 60,0012",Rocast
41520,"Jogo Alfabeto Aço 3mm com 27 Peças 60,0014",Rocast
41521,"Jogo Alfabeto Aço 8mm com 27 Peças 60,0018",Rocast
41522,"Jogo Algarismo Aço 3mm com 9 Peças 60,0004",Rocast
41523,"Jogo Alfabeto Aço 5mm com 27 Peças 60,0016",Rocast
41524,"Jogo Alfabeto Aço 6mm com 27 Peças 60,0017",Rocast
41525,"Jogo Algarismo Aço 5mm com 9 Peças 60,0006",Rocast
41528,"Jogo Algarismo Aço 6mm com 9 Peças 60,0007",Rocast
41540,"Jogo Brocas Escalonadas HSS Tin 4 a 12mm/4 a 20mm/6 a 30mm 3 Peças 170,0004",Rocast
41541,"Jogo Brocas para Metais 1/16"" À 1/2"" 29 Peças",Htom
41545,Jogo Brocas para Metais 1 À 13mm 25 Peças,Htom
41573,Jogo Chaves Hexagonais l 1.5mm a 10.0mm 10 Peças C/suporte,Htom
41574,"Jogo Chaves Hexagonais l Abaulada Longa 1/16"" a 3/8"" 12 Peças C/suporte",Htom
41575,Jogo Chaves Hexagonais l Abaulada Longa 1.5mm a 10.0mm 9 Peças C/suporte,Htom
41589,Jogo de 10 Chaves Fenda e,Nove54
41593,Jogo de 3 Chaves Fenda e,Nove54
41594,Jogo de 3 Escovas Manuais Aço/nylon/latão Pequena,Mtx
41595,Jogo de 3 Ferramentas para Sincronismo,RAVEN
41601,Jogo de 6 Chaves Fenda e,Nove54
41629,Jogo de Agulhas para Desincrustador 3mmx180mm 19 Peças,Puma
41630,Jogo de Agulhas para Desincrustador com 14 Peças,Puma
41631,Jogo de Agulhas para Desincrustador com 66 Peças,Puma
41632,Jogo de Agulhas para Desincrustador com 28 Peças,Puma
41633,Jogo de Agulhas para Desincrustador com 29 Peças,Puma
41635,"Jogo de Alfabeto Aço 12.5mm com 27 Peças 60,002",Rocast
41650,Jogo de Alicates Eletricista VDE 1000V Isolado 3 Peças,Stanley
41663,Jogo de Assistentes para Soldagem com 6 Peças,Hikari
41664,"Jogo de Bico Misturador Hysol 6,3x130mm 55ml com 10 Peças",Loctite
41665,"Jogo de Bicos Redondos 1/2"" com 2 Bicos 3-L",Tapmatic
41666,"Jogo de Bicos Redondos 1/4"" com 2 Bicos 4-L",Tapmatic
41840,Jogo de Blocos Padrão em Aço com 10 Peças Classe 0 150.338,Digimess
41841,Jogo de Blocos Padrão em Aço com 10 Peças Classe 0 150.340,Digimess
41842,Jogo de Blocos Padrão em Aço com 103 Peças Classe 0 150.414,Digimess
41843,Jogo de Blocos Padrão em Aço com 10 Peças Classe 0 150.341,Digimess
41844,Jogo de Blocos Padrão em Aço com 112 Peças Classe 0 150.416,Digimess
41845,Jogo de Blocos Padrão em Aço com 112 Peças Classe 1 150.425,Digimess
41846,Jogo de Blocos Padrão em Aço com 32 Peças Classe 0 150.362,Digimess
41847,Jogo de Blocos Padrão em Aço com 122 Peças Classe 0 150.418,Digimess
41848,Jogo de Blocos Padrão em Aço com 32 Peças Classe 1 150.420,Digimess
41849,Jogo de Blocos Padrão em Aço com 32 Peças Classe 1 520.000,Kingtools
41850,Jogo de Blocos Padrão em Aço com 38 Peças Classe 0 150.363,Digimess
41851,Jogo de Blocos Padrão em Aço com 38 Peças Classe 1 150.421,Digimess
41852,Jogo de Blocos Padrão em Aço com 46 Peças Classe 0 150.380,Digimess
41853,Jogo de Blocos Padrão em Aço com 47 Peças Classe 0 150.392,Digimess
41854,Jogo de Blocos Padrão em Aço com 46 Peças Classe 1 150.422,Digimess
41855,Jogo de Blocos Padrão em Aço com 38 Peças Classe 1 520.001,Kingtools
41856,Jogo de Blocos Padrão em Aço com 46 Peças Classe 1 520.002,Kingtools
41857,Jogo de Blocos Padrão em Aço com 47 Peças Classe 1 520.003,Kingtools
41858,Jogo de Blocos Padrão em Aço com 47 Peças Classe 1 150.423,Digimess
41859,Jogo de Blocos Padrão em Aço com 76 Peças Classe 0 150.395,Digimess
41860,Jogo de Blocos Padrão em Aço com 83 Peças Classe 0 150.396,Digimess
41861,Jogo de Blocos Padrão em Aço com 87 Peças Classe 0 150.412,Digimess
41862,Jogo de Blocos Padrão em Aço com 87 Peças Classe 1 150.424,Digimess
41863,Jogo de Blocos Padrão em Aço com 87 Peças Classe 1 520.004,Kingtools
41864,Jogo de Blocos Padrão em Aço com 9 Peças Classe 0 150.339,Digimess
41897,Jogo de Brocas Aço para Metais 1.5 À 10.00mm 15 Peças,Irwin
41905,Jogo de Brocas Aço Rápido para Metais 1.5 À 6.5mm Din 338 13 Peças,Lenox Twill
41908,Jogo de Brocas Aço Rápido para Metais 1 À 10mm Din 338 19 Peças,Lenox Twill
41918,Jogo de Brocas de Aço Rápido e Concreto 9 Peças 15557EP BLACK + DECKER,Black Decker
41926,Jogo de Brocas e Pontas 16 Peças BD0130CS BLACK + DECKER,Black Decker
41927,Jogo de Brocas em Titânio de 3mm a 8mm em Titânio com 5 Peças,Mtx
41933,Jogo de Brocas hp HSS ANSI 2 a 8mm Estojo Pro Case com 9 Peças,Irwin
41936,Jogo de Brocas hp HSS DIN 338N 1.0 a 13.0mm com 25 Peças 50161 AR-M,Rocast
41937,Jogo de Brocas hp HSS DIN 338N 1.00 a 13.0mm TIN Afiação em Cruz 25 Peças HT100-25PCS HT,Ht
41939,Jogo de Brocas hp HSS para Metal ANSI 1.5 a 6.5mm com 13 Peças,Irwin
41962,Jogo de Brocas para Concreto 3mm À 10mm com 7 Peças,Irwin
41965,Jogo de Brocas para Concreto 4mm À 10mm 5 Peças BD0090CS BLACK + DECKER,Black Decker
41969,Jogo de Brocas para Fixar e Parafusar com 67 Peças,Skil
41974,Jogo de Brocas para Fixar e Parafusar com 101 Peças,Skil
41975,Jogo de Brocas para Madeira de 3 Pontas com 5 Peças,Irwin
41976,"Jogo de Brocas para Metais 1/16"" À 1/2"" 29 Peças",Lenox Twill
41977,Jogo de Brocas para Metais 1.0mm À 13.00mm 25 Peças TIN Afiação em Cruz,Lenox Twill
41978,"Jogo de Brocas para Metais 1/16"" À 1/4"" 13 Peças",Lenox Twill
41983,Jogo de Brocas para Metais TIN 1 À 10mm 19 Pecas Afiação em Cruz,Lenox Twill
41991,Jogo de Brocas 3.1/2'' 1 a 10mm 4 Peças,Dewalt
41993,Jogo de Brocas Ponteiros e Talhadeiras 18 Peças 41150 HT,Ht
42000,Jogo de Calibradores Telescópicos 8 a 150mm 6 Peças,Insize
42003,Jogo de Castanhas,Ridgid
42244,"Jogo de Chaves Allen Tipo l 1.5MM a10mm e 1/16"" a 3/8"" 25 Peças",Nove54
42245,Jogo de Chaves Allen Longa com 9 Peças,Mtx
42282,Jogo de Chaves Combinada de 6 À 22 mm 10 Peças,Nove54
42293,"Jogo de Chaves Combinadas 10 Peças (Ref CWK62210P/10084, Dezco)",Dezco
42303,"Jogo de Chaves Combinadas 15 Peças (Ref CWK63215P/100850, Dezco)",Dezco
42340,Jogo de Chaves Combinadas com 15 Peças (Mayle),Mayle
42364,Jogo de Chaves Combinadas de 6 a 17mm com 6 Peças,Mtx
42365,"Jogo de Chaves Combinadas de 6 a 22mm com 12 Peças (Ref 154129, Mtx)",Mtx
42366,Jogo de Chaves Combinadas de 6 a 19mm com 8 Peças,Mtx
42413,Jogo de Chaves de Fenda VDE MAXSTEEL 7 Peças,Stanley
42416,Jogo de Chaves de Fendas Isoladas 1000V VDE com 6 Peças 00 20 12 V05,Knipex
42419,"Jogo de Chaves de Precisão com 6 Peças (Ref 133445, Sparta)",Sparta
42420,Jogo de Chaves Especiais para Parafusos de Cabeçote,Raven
42457,Jogo de Chaves Fenda e com 10 Peças,Riosul
42466,"Jogo de Chaves Fixa de 1/4"" a 3/4"" com 5 Peças",Mayle
42494,"Jogo de Chaves Fixas de 6mm a 17mm com 6 Peças (Ref 3601061700, Nove54)",Nove54
42497,"Jogo de Chaves Fixas de 6mm a 22mm com 8 Peças (Ref 3601062200, Nove54)",Nove54
42502,Jogo de Chaves Gancho HN,Skf
42527,"Jogo de Chaves Hexagonais em Milímetros e Polegadas 1.5 a 10mm/0.05"" a 3/8"" 22 Peças",Stanley
42569,Jogo de Chaves Perfil Hexalobular T10 À T50,Robust
42584,Jogo de Chaves Torx Tipo l T9 a T50 com Furo Guia com 10 Peças,Htom
42586,Jogo de Cinta Circular Trava Rápida 400 kg X 3 Metros com 2 Peças,Carbografite
42622,"Jogo de Cossinetes para Tarraxa 1/4"" BSPT 12-R",Ridgid
42624,"Jogo de Cossinetes em Aço Rápido Rosqueadeira para Vergalhão com 4 Peças BSW 5/8"" HSS",Ridgid
42626,"Jogo de Cossinetes Tarraxa BSPT 1.1/4"" com 4 Peças HSS",Ridgid
42629,"Jogo de Cossinetes Tarraxa NPT 1.1/4"" Aço Carbono com 4 Peças",Ridgid
42641,"Jogo de Escareadores 1/4"" a 3/4"" Aço Rápido HSS 5 Peças 250,0006",Rocast
42646,Jogo de Escovas de Aço Circular com 3 Peças,Mtx
42649,Jogo de Escovas Manuais Aço/nylon/latão Grande com 3 Peças,Mtx
42653,Jogo de Espaçador e Nivelador 3.0mm com 50 Peças,Cortag
42654,Jogo de Espaçador e Nivelador 2.0mm com 50 Peças,Cortag
42656,Jogo de Espaçador para Bloco de Vidro 10mm Cinza com 10 Peças,Cortag
42659,Jogo de Estiletes e Raspadores com 8 Peças,Mtx
42660,Jogo de Extrator de Parafusos 1/8'' 3/4' 5 Peças,Stanley
42661,"Jogo de Extrator de Parafusos 1/4"" a 1/2"" com 6 Peças",Milwaukee
42673,"Jogo de Extratores de Parafusos e Tubos Nº 25 1/4"" a 1"" com 52 Peças",Ridgid
42682,Jogo de Fenda e Emborrachada com 8 Peças,Stanley
42683,Jogo de Ferramentas 11 Peças para Reparo de Bicicletas,Robust
42706,Jogo de Ferramentas com 100 Peças KF 100 com Maleta,Nove54
42710,Jogo de Ferramentas com 113 Peças KF 001 com Maleta,Nove54
42713,Jogo de Ferramentas com 110 Peças Maleta Plástica,Worker
42714,Jogo de Ferramentas com 129 Peças e Maleta,Sparta
42741,Jogo de Ferramentas com 39 Peças com Mala Nylon,Stanley
42754,Jogo de Ferramentas com 6 Peças,Sparta
42789,Jogo de Ferramentas DIY com 39 Peças,Robust
42791,Jogo de Ferramentas DIY Reparos e Manutenções com 69 Peças,Robust
42794,Jogo de Ferramentas DIY Reparos e Manutenções com 85 Peças,Robust
42799,Jogo de Ferramentas Maleta Plástica 111 Peças,Nove54
42800,Jogo de Ferramentas Manuais com 13 Peças 3599130130 KF 013,Nove54
42801,Jogo de Ferramentas Manuais com 4 Peças JF 040,Nove54
42802,Jogo de Ferramentas Manuais com 4 Peças JF 042,Nove54
42808,Jogo de Ferramentas para Extrair e Instalar Buchas de Braços Oscilantes Inferiores de Utilitários com 36 Peças,Raven
42816,Jogo de Ferramentas para Sincronismo dos Motores GM,Raven
42817,Jogo de Ferramentas para Sincronismo dos Motores VW 2.0 16V,Raven
42843,Jogo de Grampo Fixação Encaixe T 58 Peças M12,Manrod
42844,"Jogo de Grampos Sargento Tipo C 1""/2""/3"" 3 Peças",Nove54
42845,Jogo de Inserto,Ridgid
42846,Jogo de Inserto para Máquinas de Rosca 3 Peças,Ridgid
42863,Jogo de Lâminas Trapezoidal 180mm com 10 Lâminas,Norma
42865,Jogo de Lâminas Trapezoidal 180x22x0.40 com 10 Lâminas C95,Norma
42873,Jogo de Limas Agulha Diamantadas com 5 Peças,Mtx
42879,"Jogo de Limas Murca de 8"" Chata/redonda/meia-cana/quadrada/triangular com 5 Peças",Mtx
43334,Jogo de Machos e Cossinetes 40 Peças,Nove54
43348,"Jogo de Machos Manual HSS M8 X 1.25 DIN352 com 3 Peças 22,0008",Rocast
43349,Jogo de Micrômetros Externo Arco em Ferro Fundido com 4 Peças de 0 a 100mm 110.113,Digimess
43351,Jogo de Micrômetros Externo Arco em Ferro Fundido com 6 Peças de 0 a 150mm 110.114,Digimess
43352,Jogo de Micrômetros Externo Arco em Ferro Fundido com 3 Peças de 0 a 75mm 110.112,Digimess
43353,Jogo de Micrômetros Externo Arco em Ferro Fundido com 12 Peças de 0 a 300mm 110.116,Digimess
43354,Jogo de Micrômetros Externo com 12 Peças de 0 a,Mitutoyo
43355,Jogo de Micrômetros Externo Arco em Ferro Fundido com 6 Peças de 150 a 300mm 110.115,Digimess
43356,Jogo de Micrômetros Externos 0 a 150mm com Estojo,Mitutoyo
43357,Jogo de Micrômetros Externos com Arco em Aço Forjado e 6 Peças de 0 a 150mm 110.214-3,Digimess
43358,Jogo de Micrômetros Externos com Arco em Aço Forjado e 3 Peças de 0 a 75mm 110.214-1,Digimess
43359,Jogo de Micrômetros Externos com Arco em Aço Forjado e 4 Peças de 0 a 100mm 110.214-2,Digimess
43360,Jogo de Micrômetros Externos com Arco em Aço Forjado e 8 Peças de 0 a 200mm 110.214-4,Digimess
43361,Jogo de Micrômetros Externos com Graduação Milesimal e 6 Peças de 0 a 150mm/0.001mm 110.214D,Digimess
43362,Jogo de Micrômetros Externos com Graduação Milesimal e 3 Peças de 0 a 75mm/0.001mm 110.214B,Digimess
43363,Jogo de Micrômetros Internos C/3 Pontas de Contato 12 a 20mm/0.005mm 110.692C,Digimess
43364,Jogo de Micrômetros Externos com Graduação Milesimal e 4 Peças de 0 a 100mm/0.001mm 110.214C,Digimess
43365,Jogo de Micrômetros Internos C/3 Pontas de Contato 12 a 20mm/0.005mm 110.762,Digimess
43366,Jogo de Micrômetros Externos com Graduação Milesimal e 8 Peças de 0 a 200mm/0.001mm 110.214E,Digimess
43367,Jogo de Micrômetros Internos C/3 Pontas de Contato 3.5 a 6.5mm/0.001mm 110.690A,Digimess
43368,Jogo de Micrômetros Internos C/3 Pontas de Contato 20 a 50mm/0.005mm 110.763,Digimess
43369,Jogo de Micrômetros Internos C/3 Pontas de Contato 20 a 40mm/0.005mm 110.694C DIGIMES,Digimess
43370,Jogo de Micrômetros Internos C/3 Pontas de Contato 50 a 100mm/0.005mm 110.764,Digimess
43371,Jogo de Micrômetros Internos C/3 Pontas de Contato 40 a 100mm/0.005mm 110.696C,Digimess
43372,Jogo de Micrômetros Internos C/3 Pontas de Contato 6 a 12mm/0.001mm 110.761,Digimess
43373,"Jogo de Micrômetros Internos de Três Pontas 20 a 50mm 0,005mm",Mitutoyo
43375,Jogo de Micrômetros Internos C/3 Pontas de Contato 6 a 12mm/0.001mm 110.690C,Digimess
43376,Jogo de Mini Alicates com 2 Peças XS 00 20 72 V04 XS,Knipex
43377,"Jogo de Parafusos de Cabeça Chata 4,0mm X 30mm com 100 Unidades 3133",Jomarca
43379,"Jogo de Parafusos de Cabeça Chata 4,0mm X 25mm com 100 Unidades 3132",Jomarca
43380,"Jogo de Parafusos de Cabeça Chata 4,0mm X 40mm com 100 Unidades 3135",Jomarca
43381,"Jogo de Parafusos de Cabeça Chata 4,0mm X 45mm com 100 Unidades 4969",Jomarca
43382,"Jogo de Parafusos de Cabeça Chata 5,0mm X 50mm com 100 Unidades",Jomarca
43383,"Jogo de Parafusos de Cabeça Chata 4,5mm X 50mm com 100 Unidades",Jomarca
43384,"Jogo de Parafusos de Cabeça Chata 5,0mm X 60mm com 100 Unidades 3154",Jomarca
43385,"Jogo de Parafusos de Cabeça Chata 6,0mm X 100mm com 100 Unidades 5631",Jomarca
43386,"Jogo de Parafusos de Cabeça Chata 6,0mm X 60mm com 100 Unidades 5611",Jomarca
43387,"Jogo de Parafusos de Cabeça Chata 5,0mm X 90mm com 100 Unidades",Jomarca
43388,"Jogo de Parafusos de Cabeça Chata 6,0mm X 90mm com 100 Unidades 5629",Jomarca
43389,Jogo de Pastilhas de Torneamento Aço e Desbaste Médio com 10 Peças,Walter
43390,Jogo de Pastilhas de Torneamento com Acabamento Fino com 10 Peças RCGT10T3M0-MN2 WN10,Walter
43391,Jogo de Pastilhas de Torneamento Inox e Desbaste Médio com 10 Peças,Walter
43392,"Jogo de Pastilhas Metal Duro Torneamento com 10 Peças para Ferro Fundido Raio 0,4mm",Walter
43393,"Jogo de Pastilhas Metal Duro Torneamento com 10 Peças para Ferro Fundido Raio 0,8mm",Walter
43394,"Jogo de Pastilhas Metal Duro Torneamento para Aço com 10 Peças CCMT09T3 Raio 0,4mm",Walter
43395,"Jogo de Pastilhas Metal Duro Torneamento para Aço com 10 Peças CCMT09T3 Raio 0,2mm",Walter
43396,"Jogo de Pastilhas Metal Duro Torneamento com 10 Peças para Inox Raio 0,4mm",Walter
43397,"Jogo de Pastilhas Metal Duro Torneamento para Aço com 10 Peças CCMT1204 Raio 0,8mm",Walter
43398,"Jogo de Pastilhas Metal Duro Torneamento para Aço com 10 Peças CCMT1204 Raio 1,2mm",Walter
43399,"Jogo de Pastilhas Metal Duro Torneamento para Aço com 10 Peças CNMG1204 Raio 0,8mm",Walter
43400,"Jogo de Pastilhas Metal Duro Torneamento para Aço com 10 Peças CNMG1204 Raio 1,2mm",Walter
43401,"Jogo de Pastilhas Metal Duro Torneamento para Aço com 10 Peças CNMG1204 Raio 1,6mm",Walter
43402,"Jogo de Pastilhas Metal Duro Torneamento para Aço com 10 Peças TCMT16T3 Raio 1,2mm",Walter
43403,"Jogo de Pastilhas Metal Duro Torneamento para Aço com 10 Peças RCMT10T3 Raio 5,0mm",Walter
43404,"Jogo de Pastilhas Metal Duro Torneamento para Aço com 10 Peças WNMG0804 Raio 0,8mm",Walter
43405,"Jogo de Pastilhas Metal Duro Torneamento para Aço Raio com 10 Peças 0,4mm",Walter
43406,"Jogo de Pastilhas Metal Duro Torneamento para Aço Raio com 10 Peças 0,8mm (Ref DNMG1506)",Walter
43407,"Jogo de Pastilhas Metal Duro Torneamento para Aço Raio com 10 Peças 0,8mm (Ref SNMG0903)",Walter
43408,"Jogo de Pastilhas Metal Duro Torneamento para Aço Raio com 10 Peças 0,8mm (Ref WNMG0804)",Walter
43409,"Jogo de Pastilhas Metal Duro Torneamento para Aço Raio com 10 Peças 1,6mm",Walter
43410,"Jogo de Pastilhas Metal Duro Torneamento para Aluminio com 10 Peças CCGT1204 Raio 0,4mm",Walter
43411,"Jogo de Pastilhas Metal Duro Torneamento para Ferro Fundido 10 Peças CNMA1204 Raio 1,6mm",Walter
43412,"Jogo de Pastilhas Metal Duro Torneamento para Aço Raio com 10 Peças 1,2 mm",Walter
43413,"Jogo de Pastilhas Metal Duro Torneamento para Ferro Fundido 10 Peças VCMT1604 Raio 0,4mm",Walter
43414,"Jogo de Pastilhas Metal Duro Torneamento para Ferro Fundido 10 Peças WNMG0804 Raio 0,8mm",Walter
43415,"Jogo de Pastilhas Metal Duro Torneamento para Ferro Fundido com 10 Peças CNMA1906 Raio 2,4mm",Walter
43416,"Jogo de Pastilhas Metal Duro Torneamento para Ferro Fundido com 10 Peças VNMG1604 Raio 0,8mm",Walter
43417,"Jogo de Pastilhas Metal Duro Torneamento para Ferro Fundido com 10 Peças VCMT1604 Raio 1,2mm",Walter
43418,"Jogo de Pastilhas Metal Duro Torneamento para Ferro Fundido com 10 Peças WNMG0804 Raio 1,2mm",Walter
43419,"Jogo de Pastilhas Metal Duro Torneamento para Ferro Fundido Raio com 10 Peças 0,4mm",Walter
43420,"Jogo de Pastilhas Metal Duro Torneamento para Ferro Fundido Raio com 10 Peças 0,8mm (Ref WNMA0804)",Walter
43421,"Jogo de Pastilhas Metal Duro Torneamento para Ferro Fundido Raio com 10 Peças 0,8mm (Ref CNMA1204)",Walter
43422,"Jogo de Pastilhas Metal Duro Torneamento para Ferro Fundido Raio com 10 Peças 0,8mm (Ref CNMG1204)",Walter
43423,"Jogo de Pastilhas Metal Duro Torneamento para Inox 10 Peças DNMG1506 Raio 0,8mm",Walter
43424,"Jogo de Pastilhas Metal Duro Torneamento para Inox com 10 Peças SCMT0903 Raio 0,4mm",Walter
43425,"Jogo de Pastilhas Metal Duro Torneamento para Inox com 10 Peças CCMT09T3 Raio 0,8mm",Walter
43426,Jogo de Pastilhas para Abertura de Canal e Corte Aço com 10 Peças,Walter
43427,"Jogo de Pastilhas Metal Duro Torneamento para Inox Raio 0,4mm com 10 Peças",Walter
43428,"Jogo de Pastilhas Metal Duro Torneamento para Inox com 10 Peças SNMG1204 Raio 0,8mm",Walter
43429,Jogo de Pastilhas para Abertura de Canal e Ranhuramento com 10 Peças FOFO,Walter
43430,Jogo de Pastilhas para Canal e Corte com 10 Peças (Ref GX16-1E200N02-CF6),Walter
43431,Jogo de Pastilhas para Canal e Corte com 10 Peças (Ref GX16-1E200R15-CF6),Walter
43463,Jogo de Pastilhas para Fresar Inox com 10 Peças,Walter
43464,Jogo de Pastilhas para Furar Alumínio Latão com 10 Peças,Walter
43465,Jogo de Pastilhas para Tornear e Desbastar com 10 Peças Inox,Walter
43467,Jogo de Pinça ER-20 1 a 13mm com 13 Peças,Btfixo
43468,Jogo de Pinças 3 a 25mm CM-3 15 Peças,Manrod
43484,Jogo de Pontas Montadas 5 Peças,Mtx
43486,Jogo de Pontas de Medição para Rosca,Mitutoyo
43490,Jogo de Ponteiras/talhadeiras com 4 Peças Encaixe Redondo,Puma
43492,Jogo de Ponteiras/talhadeiras com 4 Peças Encaixe Hexagonal,Puma
43499,Jogo de Proteção 420mm para Roçadeira FS,Stihl
43501,"Jogo de Punção de Aço 10mm Alfabeto com 27 Peças 60,0019",Rocast
43503,"Jogo de Punção de Aço 2mm Alfabeto com 27 Peças 60,0012",Rocast
43504,"Jogo de Punção de Aço 12.5mm Alfabeto com 27 Peças 60,0020",Rocast
43505,"Jogo de Punção de Aço 3mm Alfabeto com 27 Peças 60,0014",Rocast
43506,"Jogo de Punção de Aço 5mm Alfabeto com 27 Peças 60,0016",Rocast
43507,"Jogo de Punção de Aço 12.5mm Algarismos com 9 Peças 60,0010",Rocast
43508,"Jogo de Punção de Aço 4mm Alfabeto com 27 Peças 60,0015",Rocast
43509,"Jogo de Punção de Aço 6mm Alfabeto com 27 Peças 60,0017",Rocast
43510,"Jogo de Punção de Aço 8mm Alfabeto com 27 Peças 60,0018",Rocast
43515,"Jogo de Punção Numérico de Aço 10mm com 9 Peças 60,0009",Rocast
43516,"Jogo de Punção Numérico de Aço 3mm com 9 Peças 60,0004",Rocast
43517,"Jogo de Punção Numérico de Aço 4mm com 9 Peças 60,0005",Rocast
43518,"Jogo de Punção Numérico de Aço 2mm com 9 Peças 60,0002",Rocast
43519,"Jogo de Punção Numérico de Aço 5mm com 9 Peças 60,0006",Rocast
43520,"Jogo de Punção Numérico de Aço 6mm com 9 Peças 60,0007",Rocast
43524,"Jogo de Punção Numérico de Aço 8mm com 9 Peças 60,0008",Rocast
43536,Jogo de Punções Numéricos de 7mm em Aço,Pld
43544,Jogo de Reparo de Roscas Postiça M8 31 Peças 33066 HT,Ht
43547,Jogo de Saca Pino Paralelo 2 a 8mm 6 Peças J01,Ades
43552,"Jogo de Saca Pinos Cônico 1,5 a 6 mm 4 Peças J02",Ades
43553,Jogo de Saca Pinos Paralelo 1.6mm a 6mm 6 Peças,Stanley
43585,Jogo de Serras Copo 26 a 63mm Aço Carbono 7 Peças,Nove54
43586,Jogo de Serras Copo 32 a 54mm Aço Carbono 6 Peças,Nove54
43700,"Jogo de Soquetes 1/4"" a 1/2"" com 56 Peças 096517 56 WURT",Wurth
43704,"Jogo de Soquetes 3/8"" a 1/4"" com 36 Peças 096513 036",Wurth
43775,"Jogo de Soquetes Estriados de 19 a 50mm Encaixe 3/4"" com 20 Peças",Mtx
43804,"Jogo de Soquetes Sextavado 10 a 22mm Encaixe 1/2"" com 10 Peças",Mtx
43873,"Jogo de Soquetes Torx Longo E4 a E14 Encaixe 3/8"" 501",Robust
43878,Jogo de Talhadeira/punção/saca Pino com 7 Peças J06,Ades
43879,Jogo de Talhadeiras 10 a 12mm 3 Peças,Stanley
43883,"Jogo de Tarraxa BSPT 1/2"" a 1"" com Maleta",Merax
43884,"Jogo de Tarraxa BSPT 1/4"" a 2"" com Maleta",Merax
43885,"Jogo de Tarraxas para Cano de PVC 1/2"" a 1""",Nove54
43891,"Jogo de Vazadores 3.0-19.0mm com 12 Peças 59,0016",Rocast
43894,"Jogo de Vazadores 5.0-32.0mm com 10 Peças 59,0017",Rocast
43898,"Jogo de Vazadores Intercambiáveis 5.0 a 32.0mm com 10 Peças 59,0017",Rocast
43903,Jogo Especial Fixo Flex com 23 Peças,Tapmatic
43913,Jogo Ferramentas para Sincronismo Motores Ford 1.0 12V,RAVEN
43914,"Jogo Fixo Flex Básico 1/2"" com 15 Peças 1-L",Tapmatic
43916,Jogo Fixo Flex Básico com 15 Peças 1-M,Tapmatic
43917,Jogo Fixo Flex Conexão Y com 2 Peças 5-A,Tapmatic
43938,Jogo para Extrair as Engrenagens do Eixo Intermediário e 5ª Marcha Ford e VW,Raven
43943,Jogo para Reparo de Rosca Postiça M5 - M12 com 132 Peças 33070 HT,Ht
43947,Jogo Rosca Postiça M6 com 31 Peças 33064 HT,Ht
44070,"Kit 3 Pulverizadores de Compressão Prévia 1,25 Litros PCP-1,2l",Guarany
44072,Kit 3 Escovas de Aço Circular/copo/pincel 4.500 RPM Blister,Inebras
44075,"Kit 4 Pulverizadores de Compressão Prévia 1,25 Litros PCP-1,2l",Guarany
44078,Kit 5 Bicos de Corte Plasma 35A 0.8mm 740160 HANDYPLASMA,Esab
44079,Kit 5 Bicos de Corte Plasma 45A 0.9mm 740161 HANDYPLASMA,Esab
44125,Kit Acessórios Pneumáticos com 5 Peças,Stels
44127,Kit Adaptador para Agulha de Precisão 25 Peças,Loctite
44133,Kit Anti Respingo 500ml sem Silicone 5 Itens 3543,Ledan
44135,Kit Barramento Bifásico 100A para 16 Módulos DIN,Cemar
44136,Kit Barramento Bifásico 100A para 28 Módulos DIN,Cemar
44137,Kit Barramento Bifásico 100A para 34 Módulos DIN,Cemar
44138,Kit Barramento Bifásico 100A para 44 Módulos DIN,Cemar
44139,Kit Barramento Trifásico 100A para 16 Módulos DIN,Cemar
44140,Kit Barramento Trifásico 100A para 44 Módulos DIN,Cemar
44141,Kit Barramento Trifásico 150A para 24 Módulos DIN,Cemar
44142,Kit Barramento Trifásico 100A para 34 Módulos DIN,Cemar
44143,Kit Barramento Trifásico 150A para 34 Módulos DIN,Cemar
44144,Kit Barramento Trifásico 150A para 44 Módulos DIN,Cemar
44145,Kit Barramento Trifásico 225A para 56 Módulos DIN,Cemar
44146,Kit Barramento Trifásico 100A para 28 Módulos DIN,Cemar
44174,Kit com 10 Cones de Sinalização 50cm Laranja e Branco,Plastcor
44175,Kit com 10 Cremes de Proteção para Mãos Grupo 3 200g,Nutriex
44184,Kit com 2 Detergentes em Pó para Limpeza de Carpetes Estofados 800g RM 760,Karcher
44185,Kit com 12 Óleos Lubrificantes SUPER LUB Multiuso 300ml 8609,Loctite
44186,Kit com 10 Silicones Acético de Uso 300ml Branco SIKASIL IA,Sika
44189,Kit com 2 Protetores Solar UV FPS 60 2 Litros,Nutriex
44190,Kit com 2 Ventiladores Oscilantes 30cm de Coluna 6 Pás 52W Preto 110V TURBO 6,Ventisol
44191,Kit com 2 Ventiladores Oscilantes 50cm de Coluna 6 Pás 135W Preto 110V TURBO 6,Ventisol
44195,Kit com 3 Estiletes de Segurança Bico de Pato Plástico BP22,Norma
44196,Kit com 2 Ventiladores Oscilantes 60cm de Parede 3 Pás 200W Bivolt Preto 543,Ventisol
44198,Kit com 3 Óleos Lubrificantes SUPER LUB Multiuso 300ml 8609,Loctite
44200,Kit com 3 Rebolos Copo Cônico 100mm X 50mm M14 Grão 60 80 e 120,Cortag
44201,Kit com 3 Ventiladores Oscilantes 30cm de Coluna 6 Pás 52W Preto 110V TURBO 6,Ventisol
44202,Kit com 3 Ventiladores Oscilantes 50cm de Coluna 6 Pás 135W Preto 110V TURBO 6,Ventisol
44203,Kit com 3 Ventiladores Oscilantes 60cm de Parede 3 Pás 200W Bivolt Preto 543,Ventisol
44204,Kit com 4 Protetores Solar UV FPS 60 120g,Luvex
44205,Kit com 4 Ventiladores Oscilantes 60cm de Parede 3 Pás 200W Bivolt Preto 543,Ventisol
44206,Kit com 4 Ventiladores Oscilantes 30cm de Coluna 6 Pás 52W Preto 110V TURBO 6,Ventisol
44207,Kit com 4 Ventiladores Oscilantes 50cm de Coluna 6 Pás 135W Preto 110V TURBO 6,Ventisol
44209,"Kit com 5 Brocas Aço Rápido para Metais 3/8"" ANSI",Lenox Twill
44214,Kit com 5 Protetores Solar UV Fps 30 com Repelente,Nutriex
44215,Kit com 5 Protetores Solar UV FPS 60,Nutriex
44216,Kit com 6 Brocas Aço Rápido para Metais 8.80mm Din 338,Lenox Twill
44217,Kit com 5 Ventiladores Oscilantes 60cm de Parede 3 Pás 200W Bivolt Preto 543,Ventisol
44218,Kit com 6 Brocas Aço Rápido para Metais 8.70mm Din 338,Lenox Twill
44220,Kit com 6 Óleos Lubrificantes SUPER LUB Multiuso 300ml 8609,Loctite
44221,Kit com 6 Trenas Standard Manual 3 Metros,Irwin
44230,Kit de 10 Cones de Sinalização 50cm Preto e Amarelo,Plastcor
44242,Kit de 10 Pares de Luvas Tricotada Aramida 4 Fios Tamanho 9 G086RL P10 PIG,Tsuzuki
44250,Kit de 10 Silicones Acético Vedante Transparente 300g SUPERFLEX 595,Loctite
44253,Kit de 12 Máscaras Respiratórias,Air Safety
44267,"Kit de 2 Escareadores Cilíndrico HSS 1/8""",Dremel
44287,Kit de 24 Óleos Anticorrosivo 300ml SUPER LUB LB 8609 MULTIUSO,Loctite
44290,Kit de 24 Máscaras Respiratórias,Air Safety
44301,Kit de 3 Silicones Acético Vedante Transparente 300g SUPERFLEX 595,Loctite
44317,Kit de 5 Anti Respingo 350g com Silicone 3540,Ledan
44318,Kit de 5 Cones de Sinalização 75cm Laranja e Branco,Plastcor
44329,Kit de 6 Máscaras Respiratórias,Air Safety
44332,Kit de 6 Silicones Acético Vedante Transparente 300g SUPERFLEX 595,Loctite
44343,Kit de Acessórios para Ar Comprimido com 5 Peças AIR KIT,Schulz
44345,Kit de Acessórios para Lixar e Gravar 31 Peças,Dremel
44352,Kit de Acessórios para Pintura com 4 Peças 5468.6,Motomil
44355,Kit de Acessórios para Uso com 110 Peças 709,Dremel
44360,Kit de Barramento Trifásico 225A 70DIN KIT TG II-70DIN 225A,Cemar
44382,"Kit de Bloqueio Universal BV2,4",Tagout
44408,Kit de Engate Rápido Ar 1/4'' 2000+20001+24B,Lubefer
44409,Kit de Engate Rapido Ar 1/4'' 2000+20001+20002+24B,Lubefer
44412,Kit de Espátulas Truck Simples,Viluz
44420,Kit de Ferramentas 40 Peças 927.0007-0,Schulz
44421,Kit de Ferramentas 57 Peças 927.0014-0,Schulz
44424,Kit de Ferramentas com 131 Peças,Nove54
44425,Kit de Ferramentas com 4 Peças BD80291-840 BLACK + DECKER,Black Decker
44426,Kit de Ferramentas com 7 Peças BD80293-840 BLACK + DECKER,Black Decker
44427,Kit de Ferramentas Isoladas 1000V VDE com 13 Peças,Gamma
44430,Kit de Ferramentas para Furar e Parafusar 104 Peças,Black Decker
44433,Kit de Ferramentas para Montagem de Rolamentos TMFT 36,Skf
44438,Kit de Ferramentas para Sincronismo de Motores Diesel,Raven
44440,Kit de Ferramentas para Travar Posicionar Sincronismo no Motor 3 Peças,Raven
44443,Kit de Fresas Forstner para Madeira de 10 a 35mm 5 Peças,Sparta
44448,Kit de Guarnição Agulha com 3 Peças,Devilbiss
44451,Kit de Guarnição da Agulha,Devilbiss
44452,Kit de Identificação Remota Networks para MS-POE Microscanner com Identificadores Nº 2-7,Fluke
44456,Kit de Lâminas Multicortadoras Oscilantes com 5 Peças Estojo,Dewalt
44458,Kit de Lâminas para Estilete 18mm com 10 Peças,Olfa
44482,Kit de Matrizes Cobre Desencapador de Cabos 11 Peças Até 750MCM (380mm²),Milwaukee
44488,Kit de Pontas de Prova -TLK-225,Fluke
44491,Kit de Pontas de Prova para Teste Industrial -TL220,Fluke
44492,Kit de Pontas de Prova para Testes Eletrônicos -TL81A,Fluke
44498,"Kit de Pontas FLEXTORQ N 2 - 2.1/4"" com 3 Peças",Dewalt
44499,Kit de Ponteira e Talhadeira para Martelete com 2 Peças,Puma
44504,Kit de Refrigeração/ar Condicionado Smart Probes 0563 0002 10,Testo
44507,Kit de Reposição para 25 a e 25 at,Arprex
44508,Kit de Reposição JGA FX 1.1mm,Devilbiss
44512,Kit de Reposição para Vedação da Vávulva de Ar,Devilbiss
44514,Kit de Rodas de Direção + Carga Simples Nylon e Vedação TM25,Paletrans
44515,Kit de Rodas de Direção + Carga Simples Poliuretano e Vedação,Paletrans
44516,Kit de Rodas de Direção + Carga Tandem Nylon e Vedação,Paletrans
44518,"Kit de Roscas Postiça Master M5 À M12 125 Peças 95,0016",Rocast
44519,Kit de Rodas de Direção + Carga Tandem Poliuretano e Vedação,Paletrans
44522,Kit de Sonda com Molinete 100mm e Bluetooth 0563 4403 440,Testo
44524,Kit de Sonda com Molinete 16mm 0563 4401 440,Testo
44526,Kit de Sonda e Gerador de Tons Analógico -PRO3000,Fluke
44533,Kit Detector de Vazamento de Gás Refrigerante KIT 1,Testo
44534,Kit Desponteadeira Pneumática,Puma
44537,Kit de Umidade com Bluetooth 0563 4404 440,Testo
44538,Kit de Soquetes para Parafusadeiras com 10 Peças,Skil
44595,Kit Martelete Perfurador Rompedor 20V 26MM DCH133B-B3 + Talhadeira SDS Plus 40MM X,Dewalt
44597,Kit Martelete Perfurador Rompedor 800W 26MM D25133K + Maleta + Talhadeira SDS Plus 40MM X,Dewalt
44601,Kit Diesel Pesado e Leve de Cabos Adaptadores para Scanner,Raven
44615,Kit Encolhedor de Molas de Suspensões Dianteiras/traseiras do Tipo Mcpherson,Raven
44620,Kit Extrator de Rolamentos Internos TMIP,Skf
44621,Kit Extrator Hidráulico TMHP 10E,Skf
44622,Kit Extrator de Rolamentos Internos TMIP 7-28,Skf
44623,Kit Extrator de Rolamentos Rígidos de Esferas TMMD 100,Skf
44625,Kit Extrator Hidráulico Rolamentos TMHC 110E,Skf
44665,"Kit Grampeador Manual 1/4"" a 9/6"" TR150 + Grampos de Uso 3/8""",Stanley
44688,Kit Localizador de Cabos PRO CAT Lv 600V -2062,Fluke
44689,Kit Luxímetro com Sonda Lux Digital 0563 4402 440,Testo
44695,Kit Manifold Digital com Mangueiras e Sondas de Temperatura 557s,Testo
44716,Kit Matriz Cobre Desencapador de Cabos com 15 Peças,Milwaukee
44720,Kit Matriz Conectores Tipo U para Desencapador de Cabos Cobre 15 Peças (Ref 49-16-KITC),Milwaukee
44721,Kit Matriz Conectores Tipo U para Desencapador de Cabos Cobre 15 Peças (Ref 49-12-KITC),Milwaukee
44726,Kit Mini Data Logger Temperatura/umidade -20 a +70 °C 174H,Testo
44728,Kit Mini Data Logger -30 a +70 °C 174 T KIT,Testo
44729,Kit Monitoramento Vibração 10Hz a 10kHz -20 °C a 80 °C,Flir
44741,Kit para Detecção de Mofo Smart Probes 0563 0005 10,Testo
44744,Kit para Fixação de Ferramentas com 46 Peças,Marcon
44746,Kit para Fixação de Ferramentas com 26 Peças,Marcon
44747,Kit para Fluxo de Ar com Sonda de Molinete 16mm 0563 0400 72 400,Testo
44750,Kit para Microrretífica de Uso com 180 Peças,Gamma
44751,Kit para Limpeza e Hidratação de Couro com 4 Peças 5986135001 w,Wurth
44753,Kit para Polir e Afiar para Furadeiras,Skil
44757,Kit para Roscar em Milímetro com 40 Peças,Htom
44759,Kit para Roscar em Milímetro HSS com 45 Peças,Htom
44760,Kit para Roscar em Polegadas Aço Liga WS com 40 Peças,Htom
44764,Kit para Sistema de Aquecimento Smart Probes 0563 0004 10,Testo
44771,Kit Pet Grooming Guia para Lixar Unhas de Cães e Gatos,Dremel
44775,Kit Pinça 1/8'' a 1/32'' com 4 Peças,Dremel
44779,Kit Pistolas de Pintura Gravidade 1.4mm e 1.2mm com 2 Peças,Puma
44782,Kit Prático para Instalação de Ducha,Lorenzetti
44787,"Kit Pulverizador de Compressão Prévia PCP-1,25 e Conjunto de Jardinagem para Vasos com 3 Peças",Guarany
44789,Kit Rebitador Hidropneumático com Rosca M3 a M12,Puma
44790,Kit Rebarbador Manual com 3 Lâminas,Htom
44791,Kit Reparo para Pneu de Passeio,Viluz
44792,Kit Refrigeração Smart Probes HVAC/R,Testo
44794,Kit Refrigeração Smart Probes Plus AC 0563 0002 41,Testo
44795,Kit Reparo para Pneu de Caminhão,Viluz
44805,Kit Sistema de Fixação Modular para Peças 125x250mm,Mitutoyo
44807,Kit Sistema de Fixação Modular para Peças 125x125mm,Mitutoyo
44809,Kit Sonda de Impacto e Sonda de Cavidade de Parede MR08,Flir
44810,Kit Soprador Térmico 1500W 2 Peças,Gamma
44815,Kit Soprador Térmico D26411 + Mini Raspador,Dewalt
44818,Kit Soprador Térmico Digital D26414 + Mini Raspador,Dewalt
44825,Kit Testador de Cabos de Rede Linkiq + Rede de Ethernet Industrial LIQ-KIT-IE,Fluke
44827,Kit Testador de Cabos de Rede Linkiq + Sonda Intellitone LIQ-KIT,Fluke
44828,Kit Trava de Segurança para Ganchos 1500 Kgf,Carbografite
44829,Kit Testador de Cabos de Cobre e Fibra de Rede,Fluke
44830,Kit Trava de Segurança para Ganchos 15000 Kgf Aço Carbono 22000 Kgf Aço Liga,Carbografite
44831,Kit Trava de Segurança para Ganchos 10000 Kgf Aço Carbono 15000 Kgf Aço Liga,Carbografite
44833,Kit Trava de Segurança para Ganchos 5000 Kgf,Carbografite
44834,Kit Trava de Segurança para Ganchos 3000 Kgf,Carbografite
44835,Kit Trava de Segurança para Ganchos 2000 Kgf,Carbografite
44836,Kit Trava de Segurança para Ganchos 750 Kgf,Carbografite
44837,Kit Trava de Segurança para Ganchos 7500 Kgf Aço Carbono 11000 Kgf Aço Liga,Carbografite
44838,Kit Trava Segurança para Ganchos 1 Ton,Carbografite
44841,Kit Umidade/Temperatura/CO2 com Bluetooth 440 0563 4405,Testo
44843,"Kit Vazador de Chapa 1/2"" a 4""",Greenlee
44844,Kit Vazador Manual Redondo com 12 Peças,Htom
44845,"Kit Vazador de Chapa 1/2"" a 2""",Greenlee
44848,Kit Verificador e Testador de Cabos Microscanner -MS2-TTK,Fluke
44849,Kit Verificador de Cabos Microscanner (Ref MS2-KIT),Fluke
44850,Kit Verificador de Cabos Microscanner (Ref MS2-POE-KIT),Fluke
44852,Lâmina 18mm Entendida Trapezoidal para Estilete com 10 Peças 3.30.00.210 PLUS,Norma
44869,Lâmina de Cobalto para Rebarbador,Shaviv
44872,Lâmina de Reposição Estilete Trapezoidal 18mm 5 Peças,Stanley
44874,Lâmina de Reposição Estilete 25mm com 10 Peças,Stanley
44876,"Lâmina de Roçadeira de 3 Pontas 255mm X 1"" X 1.50mm",Duraline
44877,Lâmina de Retirar Capa com Sapata Deslize Isolada 1000V VDE 98 55,Knipex
44878,"Lâmina de Segurança 17,5mm para Estilete Trapezoidal com 5 Lâminas",Olfa
44879,"Lâmina de Segurança 17,8mm para Estilete Bico de Pato com 10 Lâminas",Olfa
45074,Lâmina HSS para Rebarbador Manual E100,Htom
45075,Lâmina Inferior para Tesoura de Cortar Chapa Número 3,Metalsul
45076,Lâmina Inferior para Tesoura de Cortar Chapa Número 4,Metalsul
45077,Lâmina Inferior para Tesoura de Cortar Chapa Número 5,Metalsul
45078,Lâmina para Bedame Externo 32x50 ES 3mm GX24 Direito,Walter
45080,Lâmina para Corta Tubos de Plástico (Ref PCB-1250),Ridgid
45081,Lâmina para Corta Tubos de Plástico (Ref RCB-2375),Ridgid
45085,Lâmina para Crimpador,Milwaukee
45086,Lâmina para Estilete 18mm Cartucho com 10 Lâminas 071566118 w,Wurth
45087,Lâmina para Estilete 18mm com 10 Lâminas,Olfa
45090,Lâmina para Estilete Raspador de Reposição,Toughbuilt
45092,Lamina para Madeiras Delicadas Moto-saw,Dremel
45093,Lâmina para Máquina de Cortar Vergalhão NR 2,Metalsul
45094,Lâmina para Máquina Vergalhão Nr 2 CID 2,Cid Villena
45095,Lâmina para Rebarbador com 3 Peças,Milwaukee
45096,Lâmina para Máquina de Cortar Vergalhão NR 0,Metalsul
45097,Lâmina para Máquina de Cortar Vergalhão NR 1,Metalsul
45098,"Lâmina para Roçadeira 3 Pontas 250mm Furo 1""",Stihl
45099,Lâmina para Roçadeira de 2 Pontas 305X20mm,Stihl
45100,Lâmina para Roçadeira 3 Pontas 300x20mm,Stihl
45101,Lâmina para Roçadeira com 2 Pontas 230mm,Stihl
45110,"Lâmina para Tesoura Corta Vergalhão 12"" CA 12",Cid Villena
45111,"Lâmina para Tesoura Corta Vergalhão 14"" CA 14",Cid Villena
45112,Lâmina para Tesoura Corta Vergalhão 24'',Cid Villena
45113,"Lâmina para Tesoura Corta Vergalhão 30"" CA 30",Cid Villena
45114,"Lâmina para Tesoura Corta Vergalhão 36"" CA 36",Cid Villena
45115,Lâmina PVC para Cortadora 2470,Milwaukee
45117,Lâmina Rosca de Metal Duro 3mm,Vargus
45130,Lâmina Sobressalente para Decapador 16 40 150,Knipex
45131,Lâmina Sobressalente para Decapador 16 39 135,Knipex
45132,Lâmina Superior para Tesoura de Cortar Chapa Número 3,Metalsul
45133,Lâmina Superior para Tesoura de Cortar Chapa Número 4,Metalsul
45134,Lâmina Superior para Tesoura de Cortar Chapa Número 5,Metalsul
45136,Lâmina Trapezoidal para Reposição com 10 Peças,Lufkin
45138,Lâminas 18mm Bi-metal para Estilete Trapezoidal,Irwin
45201,Lâminas para Máquina de Cortar Vergalhão NR 2,Somar
45202,Lâminas para Máquina de Cortar Vergalhão NR 1,Somar
45332,Lanterna À Prova de Explosão 700.10661,Plastcor
45337,Lanterna com Detector de Tensão sem Contato LVD2,Fluke
45339,Lanterna de Cabeça 25 a 350 Lumens 2 Leds com Pilhas AAA,Milwaukee
45347,Lanterna de Cabeça Magnética USB 450 Lumens,Milwaukee
45349,Lanterna de Cabeça Recarregável 9 LEDS,Dp Led
45395,Lanterna Holofote Recarregável 25 Leds 736A,Dp Led
45398,Lanterna Holofote Recarregável 19 Leds 110/220V 1706,Dp Led
45399,Lanterna Indestrutível Pequena com 3 Pilhas AAA,Rayovac
45400,Lanterna Lampião Recarregável 39 Leds 770A,Eco-Lux
45420,Lanterna para Cabeça 3 Pilhas AA,Carbografite
45425,Lanterna para Estética Automotiva 12V,Milwaukee
45429,Lanterna Recarregável 15 Leds Bivolt 8209,Eco-Lux
45431,Lanterna Recarregável 18 Leds Bivolt 8701,Eco-Lux
45435,Lanterna Recarregável 5 Leds,Dp Led
45437,Lanterna Recarregável Bivolt com 7 Leds DP 1908,Dp Led
45438,Lanterna Recarregável com 7 Leds Bivolt,Eco-Lux
45440,Lanterna Recarregável para Cabeça 12 LEDS 722B,Dp Led
45479,Lanterna Tipo Caneta 100 Lumens com 2 Pilhas AAA,Milwaukee
45480,Lápis Indicador de Temperatura 177 Graus,Nissen
45482,Lapis Carpinteiro,Brasfort
45483,Lápis para Carpinteiro 2 Unidades,Cortag
45485,Lápis para Carpinteiro Grafite,IRWIN
45487,Lápis Térmico Thermomelt 350ºC,Esab
45605,Lavadora de Alta Vazão Móvel Monofásica 450 Libras,Hydronlubz
45606,"Lavadora de Peças 90cm X 70cm X 1,10 Metro 140 Litros 60HZ 220V 55D630.N BIO CIRCLE MAXI",Walter Abrasivos
45607,Lavadora de Peças com Eletrobomba 600x400x880mm,Fercar
45608,Lavadora de Peças com Eletro Bomba 110V,Fercar
45609,Lavadora de Peças com Eletrobomba 1000x700x1050 LP5A-2V 220V,Marcon
45610,Lavadora de Peças com Eletrobomba 800x400x880 220V,Fercar
45612,Lavadora de Peças com Eletrobomba e Gabinete Compact 600x450x915mm 220V,Marcon
45613,Lavadora de Peças com Eletrobomba Compact 820x520x950mm 220V,Marcon
45614,Lavadora de Peças com Moto Bomba 220V,Marcon
45615,Lavadora de Vidro 8-10BAR 3-8L/MIN 5metros 220V Água Pura HIGH PURE,Ipc
45616,Lavadora de Vidro com Água Pura HIGH PURE 220V 8-10 Bar 3-8 L/min,Ipc
45617,Lavadora de Vidro Água Pura HIGH PURE 220V 8-10 Bar 3-8 L/min,Ipc
45619,Lavadora e Secadora de Piso 300mm 200m 2/H 220V Monofásico BR 30/1 C,Karcher
45622,Lavadora e Secadora de Piso 770mm 1750M2/H 220V CT50,Ipc
45624,Lavadora e Secadora de Piso Elétrica 510mm 2000M2/H BD,Karcher
45626,Lavadora Extratora para Sólidos e Líquidos,Ipc
45627,Lavadora Extratora Sólidos e Líquidos 1200W Monofásico 127V,Ipc
45629,Lavadora Secadora de Piso 300mm 4 Litros 200M2/H Monofásico BR 30/4 C,Karcher
45630,Lavadora Secadora de Piso 450mm 1300M2/H Monofásico 220V CT15,Ipc
45644,Leito Junção Articulada com Aba,Bege
45645,Lente de Projeção Ajustada Ampliação 50X,Mitutoyo
45646,Lente de Proteção 50mm Redonda Tonalidade 4,Carbografite
45647,Lente de Proteção 50mm Redonda Tonalidade 6,Carbografite
45648,Lente de Proteção 50mm Redonda Tonalidade 7,Carbografite
45649,Lente de Proteção 50mm Redonda Tonalidade 8,Carbografite
45650,Lente de Proteção 47 X 105mm Placa ATP Interna,Carbografite
45651,Lente de Proteção 53 X 103mm Placa ATP Interna,Carbografite
45653,Lente de Proteção 90 X 116mm Placa ATP Externa,Carbografite
45657,Lente de Proteção Incolor Externa para A20,Esab
45658,Lente de Proteção Incolor Externa para Origo Tech,Esab
45660,Lente de Proteção Incolor Interna para Origo Tech,Esab
45662,Lente de Proteção Incolor Interna para A20,Esab
45664,Lente de Proteção Interna Incolor,Dezco
45669,Lente de Proteção Redonda 50mm Incolor,Carbografite
45670,Lente de Proteção Redonda 50mm Tonalidade 5,Carbografite
45672,Lente de Proteção Retangular 51x108mm Tonalidade 10 Verde,Carbografite
45676,Lente de Proteção Retangular 51x108mm Ton. 14,Carbografite
45678,Lente Retangular 51x108mm Ton. 10 com 12 Peças,Carbografite
45679,Lente Retangular 51x108mm Ton. 12 Incolor,Carbografite
45680,Lente Retangular 51x108mm Ton. 12 com 12 Peças,Carbografite
45682,Levantador Magnético 2000kg 3:1,Btfixo
45683,"Levantador Magnético 200Kg 3,5:1 LS1-0,2",Btfixo
45684,"Levantador Magnético 1000Kg 3,5:1",Btfixo
45685,"Levantador Magnético 400Kg 3,5:1 LS1-0,4",Btfixo
45686,"Levantador Magnético 600Kg 3,5:1 LS1-0,6",Btfixo
45690,Levantador Magnético 3000KG 3:1,Btfixo
46332,Limadeira Pneumática 5mm,Puma
46335,Limpa Alumínio 1 Litro LA2,Tapmatic
46336,Limpa Alumínio 20 Litros LA4,Tapmatic
46338,Limpa Inox 20 Litros LI4,Tapmatic
46340,Limpa Alumínio 500ml LA1,Tapmatic
46341,Limpa Couro 120ml 5986135100 w,Wurth
46342,Limpa Inox 1 Litro LI2,Tapmatic
46343,Limpa Inox,Walter Abrasivos
46344,Limpa Inox Gel 3.4Kg LG3,Tapmatic
46345,Limpa Inox Industrial 5 Litros LI3,Tapmatic
46347,Limpa Telas 100ml w,Wurth
46348,Limpador a Vapor 45LBS 1 Litro 1500W Branco SC 2,Karcher
46351,Limpador de Bicos Siderúrgicos,Carbografite
46353,Limpador de Contatos Elétrico Não Inflamável 300 ml IA1,Tapmatic
46354,"Limpador de Contatos Eletricos 220 ml (Ref 323590, Loctite)",Loctite
46358,Limpador de Contatos Elétricos Ação Imediata 300ml GA1,Tapmatic
46359,Limpador de Contatos Elétricos Não Inflamável,Ultralub
46362,Limpador de Inox Gel 850Gr LG2,Tapmatic
46363,Limpador de Mãos 4Kg Orange SF 7850,Loctite
46364,Limpador de Peças Biodegradável 5 Litros Natural Blue SF 7840,Loctite
46369,Limpador Desengraxante CB 100-bax 20 Litros,Walter Abrasivos
46370,Limpador Desengraxante para Peças 400 ml SF 7063,Loctite
46374,Limpador Fibra Óptica Quick Clean 1.25mm LC/MU 5 Unidades,Fluke
46375,Limpador Fibra Óptica Quick Clean 2.25mm SC/ST/FC/E2000 5un,Fluke
46384,Limpador Universal 500ml ALLSTEEL,Walter Abrasivos
46385,Limpadora a Vapor 0.8 Litros 1500W SC 4,Karcher
46386,Limpadora a Vapor 0.8L 1500W SC 2.500,Karcher
46387,Limpadora a Vapor 4.0L 2300W 220V SG 4/4,Karcher
46388,Limpadora a Vapor 5 Litros 300W 60Hz 8BAR 220V SGV 8/5,Karcher
46389,Limpadora Gerador À Vapor SG-10 170°C 2000W 220V Monofásico,Ipc
46390,Limpadora a Vapor com Aspiração SG-48 5 Litros 220V,Ipc
46391,Limpadora a Vapor SG-30 140°C 3100W 220V Monofásico,Ipc
46392,Limpadora a Vapor 1500W 220V 93984170 SC 4,Karcher
46393,Linha de Pedreiro Trançada 100 Metros,Polifio
46394,Linha de Marcação e Giz W- 30m 0984098208 w,Wurth
46396,Linha para Pedreiro Lisa com 100 Metros,Nove54
46397,Linha para Pedreiro Lisa com 50 Metros,Nove54
46400,Linha para Pedreiro Trançada com 100 Metros,Nove54
46402,Líquido Penetrante Visível 5 Litros VP 30,MetalChek
46403,Líquido Antiembaçante 170ml CARBOVISION,Carbografite
46405,Líquido Revelador Não Aquoso 5 Litros D 70,MetalChek
46728,Localizador de Linhas com GPS e Bluetooth,Ridgid
46729,Localizador Visual VISIFAULT,Fluke
46730,Lona de Polietileno Azul 10M X 4M,Nove54
46733,Lona de Polietileno Azul 12M X 10M,Nove54
46735,Lona de Polietileno Azul 10M X 8M,Nove54
46737,Lona de Polietileno Azul 2M X 2M,Nove54
46748,Lona de Polietileno Azul 5M X 4M,Nove54
46753,Lona de Polietileno Azul 8M X 4M,Nove54
46755,Lona de Polietileno Azul 8M X 6M,Nove54
46756,Lona de Polietileno Azul 8M X 7M,Nove54
46758,"Lona de Polietileno Laranja 10M X 8M (Ref 6168108000, Nove54)",Nove54
46759,Lona de Polietileno Laranja 12M X 10M,Nove54
46761,Lona de Polietileno Laranja 3x2m 100 Micra,Nove54
46768,Lona Plástica Preta 4m X 100m,Negreira
46772,Lona Plástica Preta 8m X 50m,Negreira
46816,Lubrificador Automático Ponto Único 125ml LAGD,Skf
46817,Lubrificador Automático WA2 de Ponto Único 250ml TLSD,Skf
46835,Luminária de Emergência com 30 Leds Bivolt,Elgin
46837,Luminária Embutir E27 2X15W Polido CAA 401 2X15W,Indelpa
46841,Luminária Fluorescente Sobrepor 4X14/16/18/20W CAA 102 4X14/16W,Indelpa
46842,Luminária Hermética 1X28/32/32/36/40W 120CM IP65 DAMP-PROOF,Osram
46844,Luminária Fluorescente de Embutir 4X14/16/18/20W CAA 101 4X14/16W,Indelpa
46845,Luminária Hermética 2x14/16/18/20W 1525,Ourolux
46846,Luminária Hermética 2X18W 120cm IP65,Ourolux
46849,Luminária High Bay UFO 150W,Ourolux
46852,Luminária High Bay UFO 100W IP65 6500K 10.000LM,Ourolux
46853,Luminária High Bay UFO 200W,Ourolux
46854,Luminária High Bay UFO 200W IP65 6500K 20.000LM,Ourolux
46873,Luminária Multiuso 30 LEDS Lítio sem Alça 2W,Ourolux
46874,Luminária Plafon Superled para Embutir 40W,Ourolux
46879,Luminária Tartaruga Preta 100W,Decorlux
46881,Luminária Tartaruga Branca 100W LT1103 DECORL,Decorlux
46882,Luminária Tartaruga Preta 60W,Decorlux
46883,Luminária Tartaruga Redondo Branca 60W,Decorlux
46884,Lupa Ampliação 20X 23C CALIBRADO Lupa Ampliação 20X 23C CALIBRADO,Intex
46885,Lupa Ampliação 20X 23C,Intex
46887,Lupa Branca 3D com Suporte e Pinça,Hikari
46895,Lupa de Bolso 2 Leds 30X UV,Solver
46899,Luva Algodao Revestida Nitrilico Punho de Seguranca Tamanho 9 CA 42755 47-409 HYLITE,Ansell
46900,Luva Antivibração Tricotada em Algodão Revestida Neopreme CA 44549 VIBRAFLEX WORK,Danny
46901,Luva de Algodão Branca CA 33237 Tam M/08 189,Luvertex
46902,Luva Baixa Temperatura Revestida Latex Natural Tamanho XG CA 44673 80-400 POWERFLEX,Ansell
46903,Luva de Algodão Pigmentada Mesclada Tamanho g CA 34474 TATEX,Kalipso
46904,Luva de Algodão e Poliéster Pigmentada Branca CA 33244 195,Luvertex
46905,Luva de Algodão e Poliéster Pigmentada Preta CA 33244 197,Luvertex
46907,Luva de Couro Sintético Aramida para Impactos Cortes e Riscos Tam EG CA 43109 IMPACTO CUT R3,Volk
46908,Luva de Elastano e Nylon Revestida em Nitrílico Foam DA35530 MAXIDRY,Danny
46912,"Luva de Emenda Isolada 1,5 a 2,5mm² LEP-2,5",Intelli
46922,"Luva de Emenda Pré-isolada 1.5/2.5mm Azul 50 Peças LEP-2,5",Intelli
46925,Luva de Emenda Pré-isolada 1.5/2.5mm Azul com 50 Peças,Intelli
46929,Luva de Helanca Branca CA 42559 1031,Luvertex
46932,Luva de Fibra de Vidro Nylon e Elastano Tamanho g CA,Ansell
46945,Luva de Nylon Palma Poliuretano Branca Tamanho g CA 29017 DA12100-G-BR FLEXTACTIL,Danny
46950,Luva de Proteção Anti Impacto Tamanho g CA 50750 IMPACT PRO,Kalipso
46951,Luva de Proteção Anticorte SAARA CA,Kalipso
46953,Luva de Proteção Anticorte em Polietileno e Fibra de Vidro CA 34456 SONORA,Kalipso
46954,Luva de Proteção Anticorte SAARA LIGHT CA,Kalipso
46955,Luva de Proteção Anticorte SAARA Punho Longo Tamanho g CA,Kalipso
46956,Luva de Proteção Antivibração BLACK ROCK Tamanho g CA,Kalipso
46957,Luva de Proteção CONFORTATO Tricotada em Poliéster CA,Kalipso
46970,Luva de Proteção Mecânica Tricotada em Nylon Cinza Pigmentada CA 14997 POLIFLEX,Danny
46975,Luva de Proteção para Soldador POWERSOLDA em Couro Tamanho EG CA,Danny
46979,Luva de Proteção Reforçada em Vaqueta Tamanho EG CA 49675 K-ARGON PRO,Kalipso
46980,Luva de Proteção Resistente a Corte em Polietileno e Fibra de Vidro CA 50287 MARROCOS,Kalipso
46981,Luva de Proteção Térmica em Poliamida CA 51035 ANTARTIDA ICELAND,Kalipso
46982,Luva de Proteção Química e Mecânica Tamanho g CA 50793 DUAL GRIP CUT,Kalipso
46984,Luva de Raspa 15cm Média com Reforço CA 10843 1002 SÃO MANOEL,Sao Manoel
46988,Luva de Raspa 20cm Lona com Reforço CA 10843 1003 SÃO MANOEL,Sao Manoel
46989,Luva de Proteção Tricotada em Poliéster CA 20858 ORANGE Flexível,Kalipso
46990,Luva de Raspa 20cm Longa com Reforço e Forro Térmico CA 10843 3001 SÃO MANOEL,Sao Manoel
46991,Luva de Raspa 20cm Longa com Reforço Forro Térmico,Zanel
46992,Luva de Raspa 7cm Curta com Reforço CA 10843 1001 SÃO MANOEL,Sao Manoel
46993,Luva de Raspa Petroleira Tamanho Único CA,Carbografite
46994,Luva de Raspa Petroleira Tamanho Único Encartelada CA,Carbografite
46995,Luva de Raspa Soldador 15cm Média com Reforço CA,Zanel
46998,Luva de Raspa Soldador 20cm Longa com Reforço CA,Zanel
47000,Luva de Raspa Soldador 7cm Curta com Reforço CA,Zanel
47035,Luva de Soldagem Mig MD BLACK,Esab
47036,Luva de Vaqueta com Dorso em Raspa 20cm CA,Luveq
47037,Luva de Vaqueta com Dorso em Raspa 7cm CA,Luveq
47038,Luva de Vaqueta com Reforço Palma CA,Zanel
47039,Luva de Vaqueta Mista com Punho em Raspa 20cm,Zanel
47040,Luva de Vaqueta Total com Punho em Raspa 20cm CA,Luveq
47041,Luva de VINIL Descartável Incolor 100 Peças CA,Kalipso
47042,Luva em Raspa Punho 20cm Tamanho Único CA,Carbografite
47043,"Luva Galvanizada a Fogo 1.1/2"" EC-EDF 95",Elecon
47044,Luva em Raspa Punho 20cm Encartelada Tamanho Único CA,Carbografite
47045,"Luva Galvanizada a Fogo 2"" EC-EDF 96",Elecon
47046,"Luva Galvanizada a Fogo 1"" EC-EDF 93",Elecon
47047,"Luva Galvanizada a Fogo 3/4"" EC-EDF 92",Elecon
47052,Luva Helanca Pigmentada Branca Tamanho Único CA 15617 02.03.1.2,Kalipso
47055,Luva Latex Natural Neopreme Flocada CA 12872 87-224 CHEMI PRO,Ansell
47056,Luva Isolante,Carbografite
47058,Luva Kevlar Revestida Latex Nitrilica Punho Seguranca Tamanho g CA 42723 28-359 NITRASAFE,Ansell
47059,Luva Latex Tricotada Tamanho 9 8020,Ldi Safety
47061,Luva Latex Tricotada de Algodão CA 12509 80-100 ACTIVARMR,Ansell
47063,Luva Mista de Raspa e Vaqueta 7cm LMVR,Koch
47064,Luva Mista Petroleira Tamanho Único CA,Carbografite
47065,Luva Mista Petroleira Tamanho Único Encartelada CA,Carbografite
47066,Luva Mista Punho 20cm CA,Carbografite
47068,Luva Neoprene de Uso Flexivel Reforço na Palma,Irwin
47080,Luva Nitrilica Flocada 46 cm CA 12598 37-185 SOLVEX,Ansell
47089,Luva Nitrilica Lisa Verde 33 cm CA 12704 37-145 SOLVEX,Ansell
47092,Luva Nitrilica sem Talco 100 Peças Tamanho g CA 42986 92-600 TOUCHN TUFF,Ansell
47094,Luva Nitrílico sem Amido (100 Unidades) Azul S-NITRIL-LIGHT,Super Safety
47095,Luva Nitrilite 30cm sem Amido com 100 Unidades,Ansell
47096,Luva Nylon Revestida em Latex Nitrílico Tamanho XG CA 35770 NBR,Kalipso
47097,Luva Nylon Revestida em Latex Nitrílico CA 35770 NBR,Kalipso
47098,Luva para Alto Impacto Resistente a Corte EXTREME HARDWORK CA,Danny
47118,Luva Profissional Neoprene para Marceneiro com 3 Dedos Vazada,Irwin
47120,Luva para Proteção Tamanho m,Stihl
47122,Luva para Proteção Standard Tamanho m,Stihl
47129,Luva Soldador Costuras Kevlar Tamanho XG CA 29715 43-216 WORKGUARD,Ansell
47130,Luva Tnt 205graus Seco Tamanho 10 CA 40397 42-474 CRUSADER Flexível,Ansell
47131,Luva Tricotada Algodão Pigmentada Branca CA 46575 COTTONFLEX,Danny
47132,Luva Tricotada Algodão Pigmentada Azul CA 46574 COTTONFLEX,Danny
47134,Luva Tricotada Algodão Revestida Latex Natural CA,Ansell
47135,Luva Tricotada Aramida 4 Fios Tamanho 10 (G),Luvamac
47136,Luva Tricotada Aramida 4 Fios Tamanho 9 G086RL P10 PIG,Tsuzuki
47138,Luva Tricotada Dyneema Revestida Pu Tamanho 8 CA 15578 11-627 HYFLEX,Ansell
47139,Luva Tricotada de Poliamida Preta 750PT MULTITATO,Promat
47143,Luva Tricotada em Nylon Antiderrapante Tamanho g Branca CA 17601 11-600 HYFLEX,Ansell
47144,Luva Tricotada em Poliéster Antiderrapante CA,Ansell
47146,Luva Tricotada Nylon Revestida Latex Nitrilico CA 14876 11-900 HYFLEX,Ansell
47148,Luva Tricotada Mesclada de Algodão 3 Fios CA 34473 02.11.1.2,Kalipso
47149,Luva Tricotada Nylon Revestida Poliuretano CA 15272 PU CINZA,Kalipso
47150,Luva Tricotada Nylon Revestida Pu Preta CA 16722 Hyflex,Ansell
47152,Luva Vaqueta 15cm com Punho em Raspa Tam. g CA,Luveq
47153,Luva Vaqueta Petroleira 7cm CA,Luveq
47154,Luva Vaqueta Petroleira 12cm CA,Luveq
47155,Luva Vaqueta Petroleira 20cm CA,Luveq
47156,Luvas de Raspa Punho Longo 15cm Reforçada CA 10843 1033,Sao Manoel
47157,Luvas de Raspa Punho Curto 7cm Reforçada CA 4244 1030,Sao Manoel
47158,Luva Vinil sem Amido 24cm Caixa com 100 Unidades CA 20722 VINIL sem AMIDO,Volk
47160,Luvas de Raspa Punho Longo 20cm Reforçada CA 10843 1034,Sao Manoel
47161,Luxímetro Digital 941,Fluke
47164,Luxímetro Digital de 0 a +50 °C 540,Testo
47165,Macacão de Proteção Fibra Polipropileno Branco CA,Vicsa
47167,Macacão de Proteção PRO-SKIN,Carbografite
47168,Macacão de Proteção Tamanho GG PRO-SKIN,Carbografite
47171,Macacão de Proteção Tipo Tyvek Branco 2000,Duvek
47386,Maçarico a Gás Portátil BR-T6 BRTORCH,Italgas
47387,Maçarico de Aquecimento,Condor
47406,Maçarico Multiuso a Gás Versaflame,Dremel
47407,Maçarico Portátil 227G para Gás Butano 10IT,Italgas
47408,Maçarico Portátil de Jardinagem para Gás 8IT,Italgas
47410,Maçarico Soldador a Gás 6 em 1 com Kit de 12 Peças F0132000JA VERSATIP,Dremel
48185,Mala de Ferramentas 24'' Nylon STANDARD,Irwin
48186,Mala de Ferramentas 18'' com 63 Divisões,Dewalt
48189,"Mala de Nylon para Ferramentas 13"" com Divisória",Mtx
48199,"Mala Nylon 16"" Base Emborrachada Reforcada",Irwin
48201,Mala Nylon para Ferramentas 45x30x20cm,Carbografite
48202,"Mala Nylon Standard 16"" Reforçada com 5 Bolsos",Irwin
48203,Mala Nylon para Ferramentas 50x30x25cm,Carbografite
48209,"Mala Standard de Nylon 12"" Reforçado com 4 Bolsos",Irwin
48210,"Mala Standard para Ferramentas 20"" com 12 Bolsos",Irwin
48223,Maleta com Kit de Calços para Máquinas TMAS 360,Skf
48234,Maleta de Armazenamento/transporte para T755 T770 0590 0017,Testo
48235,Maleta de Armazenamento/transporte para T760,Testo
48238,Maleta de Ferramentas com 117 Peças 8SH,Eda
48240,Maleta de Ferramentas Rigida,Dezco
48243,Maleta de Transporte para Instrumentos de Medição e Sondas 440 0516 1201,Testo
48280,Maleta para Ferramentas Plástica com 110 Peças,Stanley
48293,"Maleta Rígida em Alumínio para Ferramentas 63,0005 AMATOOLS",Noll
48295,Maleta Rígida para Termovisor K2,Flir
48296,Maleta Rígida para Termovisores,Flir
48298,Maletas com Kits de Calços TMAS 340 e TMAS 380 para Máquinas TMAS 720,Skf
48392,Mangote de Imersão para Vibrador de Concreto 38 mm X 4 Metros,Csm
48394,Mangote de Raspa com Fivelas e Tiras em Raspa CA,Zanel
48398,Mangote de Raspa para Proteção CA 17817 9011 SÃO MANOEL,Sao Manoel
48401,"Mangote Vibrador 32mm 5 Metros Engate Universal (Ref VC-32, Csm)",Csm
48404,Mangote Vibrador 32mm 5metros Engate Universal,Csm
48405,Mangote Vibrador 38mm 5 Metros Engate Universal,Toyama
48407,Mangote Vibrador 60mm 5 Metros Engate Universal,Toyama
48409,Mangote Vibrador 45mm 5 Metros Engate Universal,Toyama
48530,Manifold Digital com Bloco de Válvulas 4 Vias Bluetooth e Análise Inteligente de Erros 570s,Testo
48532,Manifold 2 Vias Refrigeração/ar Condicionado,Rothenberger
48533,Manifold Digital com Bluetooth e Válvulas de 2 Vias 550i,Testo
48534,Manilha Curva 16mm Inox 316 8228,Robur
48535,Manifold Hidráulico de Fluxo Dividido Pré Montado 2 Portas AM21,Enerpac
48558,Manilha Reta 16mm Aço Carbono Galvanizado,Robur
48560,Manilha Reta 25mm Aço Carbono Galvanizado 8025,Robur
48561,Manilha Reta 28mm Aço Carbono Galvanizado,Robur
48562,Manilha Reta 50mm Aço Carbono Galvanizada,Robur
48605,"Manômetro de Pressão 1/4""",Puma
48608,Manômetro de Pressão 1/8'',Puma
48609,"Manômetro de Pressão 4"" 12 Bar com 13 Mangueiras",Planatc
48610,Manômetro de Pressão 12 Bar com 17 Mangueiras,Planatc
48611,"Manômetro de Pressão 4"" 12 Bar com 17 Mangueiras",Planatc
48612,Manômetro de Pressão Absoluta 0 a +50 °C 511,Testo
48613,Manômetro de Pressão 700BAR para Cilindro,Enerpac
48614,Manômetro de Pressão para Cilindros,Enerpac
48615,Manômetro de Pressão Diferencial de 0 a 100 Hpa 510,Testo
48617,Manômetro Hidráulico de Pressão 700 Bar Face de,Enerpac
48619,Manômetro para Teste da Pressão de Oléo para Motor,Raven
48620,"Manômetro Pressão Tipo Rosca 1/4""",Puma
48621,Manômetro Hidráulico Digital 1380 BAR DGR2,Enerpac
48622,"Manta Antiestática 1,20m X 1,0m Azul",Hikari
48623,Manopla Rotativa para Painel Vermelho/amarelo 450mm,Weg
48626,Máquina Biseladora Chanfradeira 45gr 60mm 1250W 220V B45S,Euroboor
48629,Manta de Borracha para Bancadas 1600mmx730mm LB-2,Marcon
48631,"Máquina de Cortar Vergalhão 3/8"" 10mm NR0",Metalsul
48632,Máquina de Corte Plasma 70A 38mm CUTMASTER 70+,Esab
48635,Máquina de Corte Plasma 40A com Tocha Manual SL60 5m CUTMASTER 40 BLACK,Esab
48636,Máquina de Corte Plasma Portátil 35A 220V HANDYPLASMA 35I,Esab
48639,Máquina de Corte Tartaruga 220V,Condor
48656,Máquina Geradora de Fumaça Smoke Injetor para Detecção de Vazamentos,Raven
48674,Marcador de Cabos de 1.5 a 2.5mm² Amarelo n°4,Cemar
48676,Marcador de Cabos de 1.5 a 2.5mm² Amarelo Símbolo +,Cemar
48677,Marcador de Cabos de 1.5 a 2.5mm² Amarelo Símbolo,Cemar
48678,Marcador de Cabos de 1.5 a 2.5mm² Azul n°6,Cemar
48679,Marcador de Cabos de 1.5 a 2.5mm² Branco n°9,Cemar
48680,Marcador de Cabos de 1.5 a 2.5mm² Cinza n°8,Cemar
48681,Marcador de Cabos de 1.5 a 2.5mm² Marrom n°1,Cemar
48682,Marcador de Cabos de 1.5 a 2.5mm² Laranja n°3,Cemar
48683,Marcador de Cabos de 1.5 a 2.5mm² Preto n°0,Cemar
48684,Marcador de Cabos de 1.5 a 2.5mm² Violeta Roxo n°7,Cemar
48685,Marcador de Cabos de 1.5 a 2.5mm² Verde n°5,Cemar
48686,Marcador de Cabos de 1.5 a 2.5mm² Vermelho n°2,Cemar
48687,Marcador de Cabos de 4 a 6 Mm² Amarelo Símbolo CC,Cemar
48688,Marcador de Cabos de 4 a 6mm² Amarelo Letra C,Cemar
48689,Marcador de Cabos de 4 a 6mm² Amarelo Letra a,Cemar
48690,Marcador de Cabos de 4 a 6mm² Amarelo Letra D,Cemar
48691,Marcador de Cabos de 4 a 6mm² Amarelo Letra B,Cemar
48692,Marcador de Cabos de 4 a 6mm² Amarelo Letra F,Cemar
48693,Marcador de Cabos de 4 a 6mm² Amarelo Letra g,Cemar
48694,Marcador de Cabos de 4 a 6mm² Amarelo Letra I,Cemar
48695,Marcador de Cabos de 4 a 6mm² Amarelo Letra J,Cemar
48696,Marcador de Cabos de 4 a 6mm² Amarelo Letra H,Cemar
48697,Marcador de Cabos de 4 a 6mm² Amarelo Letra l,Cemar
48698,Marcador de Cabos de 4 a 6mm² Amarelo Letra K,Cemar
48699,Marcador de Cabos de 4 a 6mm² Amarelo Letra N,Cemar
48700,Marcador de Cabos de 4 a 6mm² Amarelo Letra m,Cemar
48701,Marcador de Cabos de 4 a 6mm² Amarelo Letra o,Cemar
48702,Marcador de Cabos de 4 a 6mm² Amarelo Letra S,Cemar
48703,Marcador de Cabos de 4 a 6mm² Amarelo Letra U,Cemar
48704,Marcador de Cabos de 4 a 6mm² Amarelo Letra Q,Cemar
48705,Marcador de Cabos de 4 a 6mm² Amarelo Letra R,Cemar
48706,Marcador de Cabos de 4 a 6mm² Amarelo Letra T,Cemar
48707,Marcador de Cabos de 4 a 6mm² Amarelo Letra v,Cemar
48708,Marcador de Cabos de 4 a 6mm² Amarelo Letra w,Cemar
48709,Marcador de Cabos de 4 a 6mm² Amarelo Letra X,Cemar
48710,Marcador de Cabos de 4 a 6mm² Amarelo Letra Y,Cemar
48711,Marcador de Cabos de 4 a 6mm² Amarelo n°4,Cemar
48712,Marcador de Cabos de 4 a 6mm² Amarelo Símbolo/38290,Cemar
48713,Marcador de Cabos de 4 a 6mm² Amarelo Símbolo.,Cemar
48714,Marcador de Cabos de 4 a 6mm² Amarelo Símbolo +,Cemar
48715,Marcador de Cabos de 4 a 6mm² Amarelo Símbolo (Ref 38293),Cemar
48716,Marcador de Cabos de 4 a 6mm² Branco n°9,Cemar
48717,Marcador de Cabos de 4 a 6mm² Amarelo Símbolo (Ref 38296),Cemar
48718,Marcador de Cabos de 4 a 6mm² Amarelo Símbolo ~,Cemar
48719,Marcador de Cabos de 4 a 6mm² Azul n°6,Cemar
48720,Marcador de Cabos de 4 a 6mm² Cinza n°8,Cemar
48721,Marcador de Cabos de 4 a 6mm² Laranja n°3,Cemar
48722,Marcador de Cabos de 4 a 6mm² Marrom n°1,Cemar
48723,Marcador de Cabos de 4 a 6mm² Verde n°5,Cemar
48724,Marcador de Cabos de 4 a 6mm² Vermelho n°2,Cemar
48725,Marcador em Pedra Sabão com Suporte,Carbografite
48726,Marcador de Cabos de 4 a 6mm² Violeta Roxo n°7,Cemar
48729,Marcador Industrial Azul 5mm Híbrido LWB-0700 TRACOFORTE,Baden
48731,Marcador Industrial Branco 5mm Híbrido LWB-0700 TRACOFORTE,Baden
48735,Marcador Industrial Cinza 3mm Híbrido LWB-0700 TRACOFORTE,Baden
48746,Marcador Industrial Traçoforte Amarelo 2mm Híbrido,Baden
48747,Marcador Industrial Traçoforte Azul 3mm Híbrido,Baden
48750,Marcador Industrial Traçoforte Azul 2mm Híbrido,Baden
48751,Marcador Industrial Traçoforte Branco 2mm Híbrido,Baden
48752,Marcador Industrial Traçoforte Amarelo 5mm Híbrido,Baden
48754,Marcador Industrial Traçoforte Giz,Baden
48755,Marcador Industrial Traçoforte Laranja 3mm Híbrido,Baden
48756,Marcador Industrial Traçoforte Marrom 3mm Híbrido,Baden
48757,Marcador Industrial Traçoforte Preto 2mm Híbrido,Baden
48758,Marcador Industrial Traçoforte Laranja 2mm Híbrido,Baden
48759,Marcador Industrial Traçoforte Preto 3mm Híbrido,Baden
48760,Marcador Industrial Traçoforte Roxo 3mm Híbrido,Baden
48761,Marcador Industrial Traçoforte Verde 2mm Híbrido,Baden
48762,Marcador Industrial Traçoforte Verde 3mm Híbrido,Baden
48763,Marcador Industrial Traçoforte Vermelho 3mm Híbrido,Baden
48764,Marcador Industrial Traçoforte Vermelho 2mm Híbrido,Baden
48766,Marcador Industrial Verde 5mm Hibrido LWB-0700 TRACOFORTE,Baden
48768,Marcador Industrial Vermelho Traço Forte Lacre 60ml 2cm BLE,Baden
48770,Marcador Industrial Vermelho 5mm Híbrido LWB-0700 TRACOFORTE,Baden
48966,Martelete Demolidor 1600W SDS 24J com Maleta 220V,Dewalt
48968,Martelete Desincrustador Pneumático 19 Agulhas,Chicago
48984,Martelete Perfurador Rompedor 1250W 32MM com Maleta,Stanley
48991,Martelete Perfurador Rompedor 1500W com Maleta,Gamma
49028,Martelete Perfurador/rompedor 26mm 800W com Mandil e Maleta,Dewalt
49045,Martelete Perfurador Rompedor 48mm 1600W 220V com Maleta,Dewalt
49046,Martelete Perfurador Rompedor 51mm 1700W Eletropneumático 220V com Maleta,Dewalt
49060,Martelete Perfurador Rompedor 800W 26MM com Maleta,Dewalt
49064,Martelete Perfurador Rompedor 800W com Maleta e Acessórios,Dewalt
49065,Martelete Perfurador Rompedor 800W com Maleta e Ponteiros,Stanley
49075,Martelete Perfurador Rompedor SDS 1350W 220V com Maleta,Dewalt
49082,Martelete Perfurador Rompedor SDS Plus 800W com Maleta,Stanley
49085,"Martelete Pneumático 1/4"" 3000 Bpm com Maleta e Acessórios",Chicago
49086,"Martelete Pneumático 1/2"" 3.000BPM",Puma
49089,"Martelete Pneumático 1/4"" 3000bpm com 4 Ponteiros (Ref AT2020H)",Puma
49090,"Martelete Pneumático 1/4"" 3000bpm com 4 Ponteiros (Ref AT2020R)",Puma
49091,Martelete Pneumático 10.4mm 3200 BPM com 4 Ponteiros,Puma
49092,"Martelete Pneumático 1/4""",Chicago
49093,"Martelete Pneumático 2100BPM Encaixe 10,2mm 3,5PCM",Chicago
49105,Martelete Rompedor Pneumático 14.7mm,Puma
49106,Martelete Rompedor Pneumático 2580BPM 19MM,Puma
49688,Massa Epóxi Reparo Bicomponente 454gr FIXMASTER EA 3473,Loctite
49693,Masseira Plástica para Concreto Construção Civil de 20 Litros,Cortag
49694,"Massa para Reparo Concreto Bicomponente (A+B) 25,7KG Cinza pc 9410 MAGNA CRETE",Loctite
49695,Massa Plástica Branca 400G 402782 IBERÊ,Ibere
49697,Matriz de Crimpar Conectores 1.5mm a 4mm Não Isolados 97 49 30,Knipex
49844,Megômetro Digital 10000V Portátil,Megabras
49846,Megômetro Digital 15000V Portátil,Megabras
49847,Megômetro Digital 5000V CAT III 600V,Megabras
49848,Megômetro Digital para Teste de Isolamento 1000V 1507,Fluke
49849,Megômetro Digital para Teste de Isolamento 1000V 1503,Fluke
49853,Megômetro Digital Portátil 1KV CAT IV 600V,Greenlee
49855,Mesa Coordenada 495x165mm,Manrod
49856,Megômetro Eletrônico Digital de 5 kv com Impressora,Megabras
49857,Mesa Coordenada 555x195mm,Manrod
49858,Mesa Coordenada 640x205mm,Manrod
49860,Mesa de Trabalho de Montagem Rápida,Toughbuilt
49862,Mesa Hidráulica Pantográfica 1000Kg 1000mm Roda Poliuretano,Bovenau
49865,Mesa Hidráulica Pantográfica 250Kg com Aproximação Rápida 4304,Marcon
49866,Mesa Hidráulica Pantográfica 300kg 900mm,Bovenau
49868,Mesa Hidráulica Pantográfica 800kg,Bovenau
49869,"Mesa Medição de Granito com Coluna 250mm (8mm e 3/8"")",Mitutoyo
49870,Mesa Hidráulica Pantográfica 500Kg 900mm,Bovenau
49885,Micro Filtro de Papel com 5 Peças para T201,Karcher
49925,Micro Scanner Wiremap,Fluke
49927,Microhmímetro Digital 100A,Megabras
49928,Microkit de 16 Acessórios para Metal,Dremel
50478,Microscanner 2 Verificador de Falhas,Fluke
50480,Microscópio Portátil Wireless 200x com Suporte,In-size
50483,Miliohmímetro Digital Portátil com 4 Terminais,Fluke
50496,Mini Bomba para Encher Pneu Bicicleta,Robust
50505,Mini Data Logger para Temperatura -30 a 70 °C 174T,Testo
50506,Mini Data Logger Temperatura e Umidade -20 a 70C/0 a 100% 174H,Testo
50520,Mini Fresadora Universal 350W 220V Monofásico,Manrod
50522,Mini Geladeira Portátil 24 Litros 12V,Black Decker
50523,Mini Grampo de Aperto Rápido 150 mm,Irwin
50524,Mini Grampo de Aperto Rápido para Marceneiro,Irwin
50525,"Mini Lubrificador Regulador 1/4""",Puma
50527,Mini-maçarico a Gás Butano Soldar/fundir/cortar Kit com 7 Peças F0132200LA VERSAFLAME,Dremel
50532,Mini Raspador para Insulfilm,Stanley
50534,"Mini Parafusadeira Pneumática 1/4"" 11.000RPM",Puma
50549,Minidisjuntor Termomagnético 1P DIN 10A C 5KA,Weg
50550,Minidisjuntor Termomagnético 1P DIN 16A C 5KA,Weg
50551,Minidisjuntor Termomagnético 1P DIN 20A C 5KA,Weg
50553,Minidisjuntor Termomagnético 1P DIN 25A C 5KA,Weg
50554,Minidisjuntor Termomagnético 1P DIN 32A C 5KA,Weg
50555,Minidisjuntor Termomagnético 1P DIN 2A C 5KA,Weg
50556,Minidisjuntor Termomagnético 2P DIN 10A C 5KA,Weg
50557,Minidisjuntor Termomagnético 2P DIN 16A C 5KA,Weg
50558,Minidisjuntor Termomagnético 1P DIN 6A C 5KA,Weg
50559,Minidisjuntor Termomagnético 2P DIN 20A C 5KA,Weg
50560,Minidisjuntor Termomagnético 2P DIN 32A C 5KA,Weg
50561,Minidisjuntor Termomagnético 2P DIN 25A C 5KA,Weg
50562,Minidisjuntor Termomagnético 2P DIN 40A C 5KA,Weg
50563,Minidisjuntor Termomagnético 2P DIN 4A C 3KA,Weg
50564,Minidisjuntor Termomagnético 2P DIN 50A C 5KA,Weg
50565,Minidisjuntor Termomagnético 3P DIN 10A C 5KA,Weg
50566,Minidisjuntor Termomagnético 2P DIN 63A C 5KA,Weg
50567,Minidisjuntor Termomagnético 2P DIN 6A C 5KA,Weg
50568,Minidisjuntor Termomagnético 3P DIN 16A C 5KA,Weg
50569,Minidisjuntor Termomagnético 3P DIN 20A C 5KA,Weg
50570,Minidisjuntor Termomagnético 3P DIN 25A C 5KA,Weg
50571,Minidisjuntor Termomagnético 3P DIN 32A C 5KA,Weg
50572,Minidisjuntor Termomagnético 3P DIN 40A C 5KA,Weg
50574,Minidisjuntor Termomagnético 3P DIN 50A C 5KA,Weg
50575,Minidisjuntor Termomagnético 3P DIN 63A C 5KA,Weg
50579,Miolo Fêmea para Carcaça 10P 16A 600V,Steck
50580,Miolo Fêmea para Carcaça 24P 16A 600V,Steck
50581,Miolo Fêmea para Carcaça 16P 16A 600V,Steck
50582,Miolo Fêmea para Carcaça com Crimp 8P 10A 250V,Steck
50583,Miolo Fêmea para Carcaça 6P 16A 600V,Steck
50593,Misturador de Areia e Cascalho Encaixe SDS Plus,Mtx
50599,Misturador de Argamassa 1600W 700RPM 220V MA 1600,Csm
50605,Misturador de Argamassa 850W 700RPM 220V MA 850,Csm
50610,Misturador de Argamassa Elétrico 1800W 790rpm HM 180 DUO,Cortag
50614,Misturador de Argamassa Elétrico 1200W 700rpm HM 120,Cortag
50628,Misturador Elétrico de Argamassa 1200W 700RPM 220V HMC 120,Cortag
50634,"Mochila 14"" Base Emborrachada",Irwin
50635,"Mochila 14"" para Ferramentas",Irwin
50636,Mochila Modular Profissional para Ferramentas X18 00 21 50 LE,Knipex
50637,Mochila Fechada em Lona CG 437,Carbografite
50638,Mochila Moldular para Ferramentas 00 21 50 LE,Knipex
50644,"Mochila para Ferramentas 16""",Stanley
50645,"Mochila para Ferramentas 18"" com 43 Bolsos",Dewalt
50646,Mochila para Ferramentas 18'' com Rodas,Stanley
50649,"Mochila para Ferramentas 20"" com Rodinhas",Stanley
50655,Mochila para Ferramentas de Uso,Toughbuilt
50660,Mochila para Ferramentas PACKOUT,Milwaukee
50661,Mochila para Ferramentas Série Defender 27 Bolsos Base Emborrachada,Irwin
50662,Mochila para Ferrramentas,Fluke
50664,Mochila Tipo SAMU Vermelho 44x18x38mm com Logo,Elmec
50692,"Modente Inferior com Pino 36""",Ridgid
50693,Módulo Cego 10A 3 Módulos Branco,Pial
50694,Módulo Aristo 500ix 220V,Esab
50695,Módulo Cego Branco Arteor,Pial
50696,Módulo Cego Tecla Universal Branco,Pial
50700,Módulo com 1 Porta Abertura Lado Esquerdo e,Marcon
50701,Módulo com 2 Gavetas e 1 Porta Abertura Lado Esquerdo J,Marcon
50702,Módulo com 1 Gaveta de Rolamento Deslizante 1,Marcon
50704,Módulo de 1 Gaveta 1C,Marcon
50705,Módulo de 1 Porta com Abertura Lado Direito D,Marcon
50706,Módulo com Porta e 1 Gaveta F,Marcon
50709,Módulo de 3 Gavetas Corrediças Telescópicas 3,Marcon
50769,Módulo de Pressão -0+3000 PSI -750P29,Fluke
50979,Módulo Interface HMI-SSW07-LOC HMI,Weg
50983,Módulo Interface para Inversor de Frequência,Weg
51112,Módulo Pulsador Campainha 2A 250V 1002,Pial
51115,Módulo Pulsador Embutir 10A Branco Light,Pial
51116,Módulo Pulsador Campainha Aquatic 2A 250V 642 03,Pial
51143,Moenda de Cana 200 Litros/h rolo Inox S/motor com Correia B-722 TURBO,Maqtron
51145,Moenda de Cana 40 Litros/h rolo Inox com Motor 1/3'' 220V,Maqtron
51146,Moenda de Cana 60 Litros/h rolo Inox com Motor Monifásico 1/2'' 220V,Maqtron
51148,Moenda de Cana rolo de Ferro 200L/H sem Motor B-722 Turbo,Maqtron
51150,Moenda de Cana Manual com rolo de Ferro,Maqtron
51151,Mola Aérea para Porta Prata Potência 2,Dorma
51153,Mola Aérea Prata para Porta Potência 2,Nove54
51154,Mola Aérea para Porta Preta,Dorma
51156,Mola Hidráulica para Porta 453 OURO,Coimbra
51163,Montagem do Adaptador de Manômetro 700 Bar,Enerpac
51164,Montagem do Adaptador de Manômetro 700 Bar 1/4'',Enerpac
51166,Montagem do Adaptador de Manômetro 700 Bar 1/4'' GA3,Enerpac
51168,"Mordente Inferior com Pino 12/14""",Ridgid
51176,"Mordente Superior 48"" C323",Ridgid
51179,Morsa Coordenada 75mm X 100mm Nº1,Noll
51183,Morsa Hidraulica 170mm X 100mm 2500 Kgf,Manrod
51184,Morsa Hidráulica 300mm X 150 mm 4500KGF Fixa,Btfixo
51185,Morsa Coordenada 115mm X 150mm Nº2,Noll
51186,Morsa Mecanica 100mm Inclinavel,Manrod
51187,Morsa Hidráulica 300mm X 150mm,Manrod
51188,Morsa Mecânica 300mm Giratória,Btfixo
51191,Morsa Mecânica com Base Giratória,Btfixo
51193,Morsa Mecânica de Precisão,Btfixo
51195,Morsa Mecânica de Precisão 200mm GT1 200,Btfixo
51196,Morsa Mecânica de Precisão 300mm GT1 300,Btfixo
51197,Morsa Mecânica Girátoria 200mm MAQ Convencional,Btfixo
51199,Morsa Mecânica de Precisão (Ref QKG-88),Btfixo
51200,Morsa Mecânica para Máquina 114mm X 85mm NR 2,Somar
51201,Morsa Mecânica Giratória,Btfixo
51202,Morsa Mecânica Precisão Abertura 40mm Mordente 36mm,Earth-Chain
51204,Mosquetão Assimétrico 19mm Trava Tripla em Aço Bicromatizado CG 654,Carbografite
51206,Mosquetão Assimétrico 22mm com Trava Tripla em Alumínio CG 678,Carbografite
51207,Mosquetão Assimétrico 22mm em Alumínio com Trava Dupla,Carbografite
51225,Mosquetão de Segurança 17mm Trava Tripla Aço Forjado,Vicsa
51226,Mosquetão de Segurança Oval 17mm em Aço Forjado,Vicsa
51227,Mosquetão de Segurança Oval 17mm Trava Dupla,Vicsa
51228,Mosquetão Oval 18mm Trava Dupla Roscada 012293412 CG 670,Carbografite
51241,Mosquetão Rosca 5x49mm Inox 316 8280,Robur
51242,Mosquetão Rosca 10x89mm Inox 316 8280,Robur
51243,"Mosquetão Rosca 3,5x36mm Inox 316 8280",Robur
51244,Mosquetão Rosca 4x40mm Inox 316 8280,Robur
51245,Mosquetão Rosca 6x57mm Inox 316 8280,Robur
51246,Mosquetão Trava 13x160mm Inox 316 8274,Robur
51247,Mosquetão Rosca 7x66mm Inox 316 8280,Robur
51248,Mosquetão Rosca 8x74mm Inox 316 8280,Robur
51249,Mosquetão Trava 6x60mm Zincado 8074,Robur
51284,"Moto Poda À Gasolina 12"" 1.3CV HT 75",Stihl
51285,Moto Podador de Galhos À Gasolina 12'' 1.3CV 25CC HT 75,Stihl
51290,"Motobomba À Gasolina 2"" 6HP 4 Tempos WP 300",Stihl
51291,"Motobomba Autoescorvante a Gasolina 6.5 hp 3""x3"" Pol. Água Limpa",Csm
51292,"Motobomba Diesel 10.5HP 4T Auto Escorvante 4""x4"" Sucção 7m",Toyama
51293,"Motobomba Diesel 3.3HP 4T Auto Escorvante 2""x2"" Sucção 20m",Toyama
51294,"Motobomba Diesel 5HP 4T Auto Escorvante 2"" x2"" Sucção 7m",Toyama
51295,"Motobomba Diesel 7HP 2"" Auto Escorvante Alta Pressão para Irrigação e Drenagem",Toyama
51296,"Motobomba Diesel 7HP 4 Tempos Auto-escorvante 3""x3"" Sucção/recalque 28m Elevação",Toyama
51297,Motobomba Gasolina 2.4HP 2T Partida Manual,Toyama
51298,"Motobomba Gasolina 6.5HP 4T Autoescorvante 2""x2"" Sucção 7m",Toyama
51299,"Motobomba Gasolina 7HP 4T Auto Escorvante 2""x2""",Toyama
51300,"Motobomba Gasolina 7.0HP 4T Auto Escorvante 2""x2"" Sucção 7m",Toyama
51301,"Motobomba Gasolina 7HP 2.5T 2""x2"" Sucção 50mm",Toyama
51302,"Motobomba Gasolina 7HP 4T 2.1/2""x2"" Sucção 63mm",Toyama
51303,"Motobomba Gasolina 7HP 4T Auto Escorvante 3""x3"" Partida Manual",Toyama
51304,"Motobomba Gasolina 7HP 4T Auto Escorvante 3""x3"" Sucção 7m",Toyama
51305,"Motobomba Gasolina 9HP 4T Auto Escorvante 4""x4"" Sucção 7m",Toyama
51306,Motobomba Submersível Tipo Caneta para Poço 1cv 745W Monofásica,Gamma
51307,Motobomba Submersível Tipo Caneta 1/2CV Monofásica,Gamma
51308,"Motobomba Periférica 1"" X 1""",Eletroplas
51309,"Motocompressor de Ar 7,6 Pés 21 Litros 2HP Monofásico 110V MC 7.6/21L CHIAPERINI",
51310,"Motocompressor de Ar Direto Red 2,3 Pés 40 PSI Bivolt com Kit CHIAPERINI",
51319,Motor a Gasolina 4 Tempos 3.600 RPM 13 hp,Toyama
51320,Motor a Gasolina 4 Tempos 3.600 RPM 6.5 hp,Toyama
51321,Motor a Gasolina 4 Tempos 3.600 RPM 7 hp,Toyama
51322,Motor a Gasolina 4 Tempos 6.0HP 212CC EHC 605 S,Stihl
51323,Motor a Gasolina 4 Tempos 7.0HP 252CC EHC 705 S,Stihl
51327,Motor Gasolina 208CC 7HP 3/4 com Gerador,Toyama
51328,Motor Diesel 4T 13.5HP,Toyama
51329,Motor Gasolina 4T 10.0HP 301CC com Partida Elétrica,Toyama
51330,Motor Gasolina 4T 10.0HP,Toyama
51331,Motor Gasolina 4T 15.0HP 420CC com Partida Elétrica CH e Painel,Toyama
51332,Motor Gasolina 4T 13.0HP 389CC com Partida Elétrica,Toyama
51333,Motor Gasolina 4T 15.0HP 420CC com Partida Elétrica,Toyama
51334,Motor Gasolina 4T 15.0HP,Toyama
51335,Motor Gasolina 4T 4.0HP 149CC sem Tanque e Filtro Ar Duplo,Toyama
51336,Motor Gasolina 4T 20.0HP 678CC Partida Elétrica 2 Cilindros sem Tanque,Toyama
51338,Motor Gasolina 4T 5.5HP,Toyama
51339,Motor Gasolina 4T 6.5HP 180CC Escape Inox,Toyama
51340,Motor Gasolina 4T 6.5HP 196CC com Embreagem,Toyama
51343,Motor Gasolina 4T 7.0HP 210CC com Partida Elétrica,Toyama
51344,Motor Gasolina 4T 9.0HP,Toyama
51346,Motor Popa de Barco Gasolina 2T 15HP 246CC TM15TS -750-003,Toyama
51349,"Motor Vibrador 5,5 hp 4 Tempos Gasolina Base Fixa 168F",Csm
51351,"Motoserra Gasolina 16"" 4.0CV 50CC Sabre 40CM 33 Dentes MS 261",Stihl
51352,Motosoldadora Diesel 4/3.3KVA 200A FT40% Monofásico 220V,Toyama
51353,"Motosserra À Gasolina 12"" 1.8CV 30CC Sabre 30cm 22 Dentes MS 162",Stihl
51354,"Motosserra À Gasolina 14"" 2.0CV 31CC Sabre 35Cm 25 Dentes MS 172",Stihl
51355,"Motosserra À Gasolina 14"" 2.0CV 31CC Sabre 35cm 25 Dentes MS 172 C-BE",Stihl
51356,"Motosserra À Gasolina 12"" 1.8CV com Sabre 30cm MS 170",Stihl
51357,"Motosserra À Gasolina 14"" 2.0CV com Sabre 35cm MS 180",Stihl
51358,"Motosserra À Gasolina 16"" 2.2CV 35CC Sabre 40Cm 30 Dentes MS 182",Stihl
51359,"Motosserra À Gasolina 16"" 2.7CV 40CC Sabre 40cm 27 Dentes MS 230",Stihl
51360,"Motosserra À Gasolina 16"" 2.4CV 38CC Sabre 40Cm 30 Dentes MS 212",Stihl
51361,"Motosserra À Gasolina 16"" 3.1CV 45CC Sabre 40cm 27 Dentes MS 250",Stihl
51362,Motosserra À Gasolina 16'' 3.1CV 50CC Sabre 40 cm MS 260 40R,Stihl
51363,"Motosserra À Gasolina 16"" 6CV 72CC Sabre 40cm 30 Dentes MS 462",Stihl
51364,"Motosserra À Gasolina 18"" 2.4CV 38CC Sabre 45cm 30 Dentes MS 212",Stihl
51365,Motosserra À Gasolina 20'' 4.6CV Sabre 50cm MS 361,Stihl
51366,Motosserra À Gasolina 20'' 5.3CV Sabre 50cm MS 382,Stihl
51367,"Motosserra À Gasolina com Sabre 30R 12"" 3.1CV 30CC MS 210",Stihl
51368,"Motosserra À Gasolina 25"" 6.8CV 91.1CC Sabre 63cm 42 Dentes MS 651",Stihl
51369,"Motosserra À Gasolina 25"" 7.3CV 91.1CC Sabre 63cm 42 Dentes MS 661",Stihl
51370,"Motosserra À Gasolina com Sabre 40D 16"" 5.3CV 72CC MS 382",Stihl
51371,Motosserra À Gasolina com Sabre 40RS 16'' 4.6CV 59CC MS 361,Stihl
51374,Motosserra Elétrica 12'' 1700W 220V MSE 170 C-BQ,Stihl
51376,"Motosserra Gasolina 20"" 4.7CV 62CC Sabre 40CM 36 Dentes MS 363 50R",Stihl
51377,"Motosserra Gasolina 12"" 1,8CV 31,8CC Sabre 30cm 22 Dentes MS 194 T 30R",Stihl
51378,Motovibrador 7.0HP 3600rpm sem Mangote,Toyama
51379,Motovibrador de Concreto Portátil 1500W com Mangote,Lynus
51383,Multibancada para Madeira 110V com Motor 2CV MF-4,Ferrari
51390,"Multifuncional Lâmina 2 Facas 230mm 30,8CC 1,8CV KA120R 2 FACAS",Stihl
51391,"Multifuncional Podador Especial 145° 25,4CC 1,3CV KA 85R HL 145 POD ES",Stihl
51394,Multimedidor 1000V (AC/DC) 1A CAT IV 600V Prodessam Calibrado -789 CALIB RASTREADA,Fluke
51397,Multimedidor Digital de Processos 1000V AC/DC CAT IV 600V 789,Fluke
51503,"Multiplicadora Torque Encaixe 1/2"" X 3/4""",Raven
51504,"Multiplicadora Torque Encaixe 1"" X 1.1/2""",Raven
51657,"Nivelador 250Kg 1/2"" 70mm COXIM NR3 1/2",Vibrastop
51658,Nivelador 700Kg M12 COXIM XT2000 M12,Vibrastop
51659,"Nivelador 70Kg 1/4"" 30mm",Vibrastop
51660,"Nivelador Coxim 150Kg 3/8"" 50MM COXIM NR2 3/8",Vibrastop
51661,"Nivelador Micro 100Kg 1/2"" 70MM MICRO III 1/2",Vibrastop
51662,"Nivelador Micro 50KG 1/4"" 45mm X 35mm MICRO I 1/4",Vibrastop
51663,"Nivelador Micro 50KG 5/16"" 45mm X 35mm MICRO I 5/16",Vibrastop
51664,"Nivelador Coxim 70Kg 5/16"" 30mm COXIM NR1 5/16",Vibrastop
51665,"Nivelador Coxim 150Kg 5/16"" 50MM COXIM NR2 5/16",Vibrastop
51666,"Nivelador Micro 280KG 5/16"" 55mm X 40mm MICRO II 5/16",Vibrastop
51667,"Nivelador Micro 70Kg 1/2"" 55mm 40mm MICRO II 1/2",Vibrastop
51668,"Nivelador Micro 70Kg 3/8"" 55mm 40mm MICRO II 3/8",Vibrastop
51669,"Nivelador Micro 70KG 3/8"" 55mm X 40mm MICRO II 3/8",Vibrastop
51670,"Nivelador Universal 10000Kg 3/4"" 190mm 55 a 75mm SUPER 3/4",Vibrastop
51671,"Nivelador Universal 1500Kg 1/2"" 115MM STANDARD 1/2",Vibrastop
51672,"Nivelador Universal 1500Kg 3/4"" 115MM STANDARD 3/4",Vibrastop
51673,"Nivelador Universal 1500Kg 5/8"" 115MM STANDARD 5/8",Vibrastop
51674,"Nivelador Universal 200Kg 5/16"" 62mm 25 a 30mm MAC 5/16",Vibrastop
51675,"Nivelador Universal 5000Kg 3/4"" 150MM INTERMEDIARIO 3/4",Vibrastop
51676,"Nivelador Universal 500Kg 1/2"" 90MM MINI 1/2",Vibrastop
51677,"Nivelador Universal 200KG 3/8"" 62mm MAC 3/8",Vibrastop
51678,"Nivelador Universal 500Kg 5/8"" 90MM MINI 5/8",Vibrastop
51679,"Nivelador Universal 500Kg 3/8"" 90MM MINI 3/8",Vibrastop
51680,Nordbak Reparador para Médio Desgaste 1.36 kg,Loctite
51681,Numerador Elétrico para Pneus de 220V,Viluz
51682,Numerador Mecânico Registrador 4 Dígitos com Capa,Lupus
51873,Olhal Giratório Duplo 12mm 8116,Robur
51875,Olhal Giratório Duplo 10mm 8116,Robur
51876,Olhal Giratório Duplo 14mm 8116,Robur
51877,Olhal Giratório Duplo 22mm 8116,Robur
51878,Olhal Giratório Duplo 16mm 8116,Robur
51879,Olhal Giratório Duplo 18mm 8116,Robur
51880,Olhal Giratório Duplo 20mm 8116,Robur
51881,Olhal Giratório Duplo 8mm 8116,Robur
51882,Olhal Giratório Duplo 6mm 8116,Robur
51883,Olhal Giratório Galvanizado 20mm 8114,Robur
51885,Olhal para Esticador M12 Zincado Rosca Direita,Robur
51897,"Organizador de Ferramentas Stacktech Compact Low com Tampa Translúcida 18""",Toughbuilt
51898,"Organizador de Baixo Perfil Stacktech Modulável com Tampa Translúcida 18""",Toughbuilt
51899,"Organizador para Ferramentas Stacktech Empilhável com Tampa Translúcida 18""",Toughbuilt
51900,Organizador de Parede 24'' 61cm para Bolsa com Cliptech,Toughbuilt
51907,Oxi Black Oxidação Preta a Frio 1 Litro F-9,QUIMATIC
51910,Oxi Black Oxidação Preta a Frio 1 Litro F10,Tapmatic
51911,Oxi Black Oxidação Preta a Frio 20 Litros F9,Tapmatic
51912,Oxi Black Oxidação Preta a Frio 5 Litros F9,Tapmatic
51913,Oxi Black Oxidação Preta a Frio 5 Litros F10,Tapmatic
51916,Oxi Black Oxidação Preta a Frio 20 Litros F10,Tapmatic
51987,Pad para Recorte em Pintura,Atlas
51988,Padrão de Calibração 0-600mm para Paquímetros e Traçadores de Altura,Mitutoyo
51989,Painel ATS Monofásico 220V para Geradores (Ref ATS12M220-N),Toyama
51991,Padrão de Rugosidade Ra 2.94µin/3µm,Mitutoyo
51992,Painel ATS Monofásico 220V para Geradores (Ref ATS-M9D),Toyama
51993,Painel ATS Trifásico 220V para Geradores,Toyama
51994,Painel ATS Trifásico 220V,Toyama
51996,Painel ATS Monofásico 110V para Geradores,Toyama
51997,Painel ATS Trifásico 380V 9,Toyama
51998,Painel ATS Trifásico 380V,Toyama
51999,Painel ATS Trifásico,Toyama
52000,Painel de Bloqueio 25 Caixas Plástico 8mm,Tagout
52002,Painel de Bloqueio 4 Caixas Plástico 8mm,Tagout
52036,Painel para Ferramentas em Chapa Perfurada 970x640mm PM-P,Marcon
52037,Painel para Ferramentas em Chapa Perfurada 970x970mm PM-M,Marcon
52063,Palmilha Encartelada de PU PALM-CONF ENC (Ref 141387),Bracol
52065,Palmilha Encartelada de PU PALM-CONF ENC (Ref 144710),Bracol
52067,Palmilha Higiênica Antibacteriana para Calçados 6010,Bracol
52456,Par de Cavaletes Mecânico para 6 Toneladas 410-600mm CT 6000,Bovenau
52457,Par de Encolhedores de Molas de Suspensão Dianteiras,Raven
52458,Par de Cavaletes Mecânicos 12 Toneladas,Bovenau
52460,Par de Ferramentas para Travar em Sincronismo as Árvores de Comando de Válvulas,Raven
52464,Par de Pontas Redondas de 3mm para Alicates 102003/713062 Referência,Raven
52479,"Parafusadeira 1/4"" 540W 15Nm 220V",Dewalt
52481,"Parafusadeira 1/4"" 4V 1.5Ah Bivolt com Acessórios e Estojo",Black Decker
52495,"Parafusadeira com Encaixe 1/4"" 2 Baterias 12V com Maleta Bivolt",Dewalt
52498,"Parafusadeira com Controle de Torque 1/4"" 540W 26NM 220V",Dewalt
52564,"Parafusadeira Drywall 1/4"" 540W Variável e Reversível 220V",Dewalt
52567,"Parafusadeira Drywall VVR 1/4"" 520W 8Nm 220V",Stanley
52571,Parafusadeira Elétrica 0.3 a 2.5 Nm Parada Automática 160W 110V~240V,Sigma Tools
52572,Parafusadeira Elétrica 0.5 a 3.5NM Parada Automática,Sigma Tools
52576,"Parafusadeira Elétrica para Drywall 1/4"" 650W 110V",Dewalt
52583,Parafusadeira Pneumática 1.00KGFM,Sigma Tools
52585,Parafusadeira Pneumática 1.3 KGFM,Puma
52591,"Parafusadeira Pneumática 1/4"" 1650 Rpm SFA 12",Schulz
52593,"Parafusadeira Pneumática 1/4"" 7500 Rpm",Puma
52594,"Parafusadeira Pneumática 1/4"" 800 Rpm",Puma
52595,"Parafusadeira Pneumática 1/4""",Sigma Tools
52596,Parafusadeira Pneumática 1.50kgfm Embr,Chicago
52597,"Parafusadeira Pneumática 1,60KGFM 1.800RPM",Puma
52598,"Parafusadeira Pneumática Reta 1/4"" 13000 Rpm",Puma
52599,Parafusadeira Pneumática de Impacto Reta 1.5KGFM,Puma
52600,"Parafusadeira Pneumática de Impacto 1/4"" Reta FB 501H",Firebird
52601,"Parafusadeira Pneumática de Impacto 1/4"" 4,8KGFM 8.000RPM",Puma
52602,Parafusadeira Pneumática Reta (Ref 01KGFM),Puma
52603,"Parafusadeira Pneumática de Impacto 0,70KGFM 10.000RPM com Acessórios e Maleta",Puma
52604,"Parafusadeira Pneumática Reta 1,04KGFM 1.800RPM",Puma
52605,"Parafusadeira Pneumática Reta 0,40KGFM 1.500RPM com Acessórios e Maleta",Puma
52606,"Parafusadeira Pneumática Reta 1/4"" 1100 Rpm",Chicago
52607,Parafusadeira Pneumática Reta (Ref 100KGFM),Puma
52608,"Parafusadeira Pneumática Reta 0,18KGFM 1.000RPM AT-4056 CT",Puma
52609,"Parafusadeira Pneumática de Impacto 1,4"" 3,5KGFM 8.000RPM",Puma
52610,Parafusadeira Pneumática Reta 8000rpm com Kit,Puma
52611,Parafusadeira Pneumática Reta 800RPM 1.44KGFM,Puma
52612,"Parafusadeira Pneumática Reta de Impacto 1,70KGFM 6.500RPM",Puma
52613,"Parafusadeira Pneumática Reta Hidro Deslizante 5,5KGFM 7.000RPM",Puma
52614,"Parafusadeira Pneumática Reta Shut-off 0,10KGFM 800RPM AT-4011 OP/2",Puma
52615,Parafusadeira Pneumática Reta Shut-off 0.08KGFM,Puma
52616,"Parafusadeira Pneumática Reta Shut-off 0,10KGFM 800RPM AT-4010 OP",Puma
52617,"Parafusadeira Pneumática Reta Shut-off 0,24KGFM 1.450RPM AT-4019 OP",Puma
52618,"Parafusadeira Pneumática Reta Shut-off 0,18KGFM 1.000RPM AT-4055 CT",Puma
52619,"Parafusadeira Pneumática Reta Shut-off 0,22KGFM 1.000RPM AT-4013 OP",Puma
52620,"Parafusadeira Pneumática Reta Shut-off 0,32KGFM 1.500RPM AT-4016 OP",Puma
52621,"Parafusadeira Pneumática Reta Shut-off 0,43KGFM 800RPM AT-4012 OP",Puma
52622,"Parafusadeira Pneumática Reta Shut-off 0,80KGFM 550RPM AT-4015 B",Puma
52624,"Parafusadeira Pneumática Shut-off 0,48KGFM 950RPM AT-4014 OP",Puma
52625,"Parafusadeira Pneumática Reta Shut-off 0,43KGFM 800RPM AT-4018 OP",Puma
52626,"Parafusadeira Pneumática Reta Shut-off 0,70KGFM 650RPM AT-4015 OP",Puma
52627,"Parafusadeira Pneumática Shut-off 0,70KGFM 650RPM AT-4017 OP",Puma
52633,"Parafusadeira Portátil 1/4"" 4V USB-C com Acessórios",Dewalt
52741,Parte Métalica Fêmea,Carbografite
52743,Partícula Magnética Vermelha 1kg,MetalChek
52744,Partilha Metal Duro de Torneamento (Ref DCMT11T308-FM4),Walter
52745,Partilha Metal Duro de Torneamento (Ref CCMT120408-PM5),Walter
52754,Passador de Fios 15 Metros Alma de Aço com Ponteira Latão,Cortag
52757,Pasta Anti-engripante -29 °C a +1315 °C ANTI-SEIZE HEAVY DUTY,Loctite
52759,Pasta Antirrespingo 300 Gramas 53F103.N e,Walter Abrasivos
52760,Pasta Cobreada CU800 -20 a 1200C 1kg,Wurth
52761,Pasta Cobreada CU800 -20 a,Wurth
52762,Pasta Diamantada 0/1 Microns Laranja,Steel Diamond
52763,Pasta de Ajuste e Desempeno 100 Grs Azul da Prussia,Baden
52764,Pasta de Ajuste e Desempeno 60 Grs Azul da Prussia,Baden
52765,Pasta Diamantada 12/20 Microns Marrom,Steel Diamond
52766,Pasta Diamantada 0-1/2 Microns Branca,Steel Diamond
52767,Pasta Diamantada 0/2 Microns Vermelho,Steel Diamond
52768,Pasta Diamantada 1/2 Microns Cinza SDP 1/2,Steel Diamond
52769,Pasta Diamantada 3/6 Microns Amarela,Steel Diamond
52770,Pasta Diamantada 2/4 Microns Verde Claro,Steel Diamond
52771,Pasta Diamantada 4/8 Microns Azul Claro,Steel Diamond
52772,Pasta Diamantada 40/60 Microns Violeta,Steel Diamond
52773,Pasta Diamantina 20/40 Microns Azul,Steel Diamond
52774,Pasta Diamantada 6/12 Microns Verde,Steel Diamond
52775,Pasta para Esmerilhar Média 361,Carborundum
52779,Pasta para Polimento Branca 600 Gramas LINE-MATE,Walter Abrasivos
52780,Pasta para Limpeza 25 kg,Pinheiro
52781,Pasta para Poliamida Azul 600G,Walter Abrasivos
52785,Pasta para Soldar em Pote 110 Gramas,Soft
52786,Pasta para Soldar Estanho em Pote 450 Gramas,Soft
52939,Pastilhas para Fresamento,Walter
52943,PCF Fundo Convertedor de Ferrugem 1 Litro DD3,Tapmatic
52944,PCF Fundo Convertedor de Ferrugem 5 Litros DD4,Tapmatic
52945,PCF Fundo Convertedor de Ferrugem 500ml DD2,Tapmatic
52946,Pé de Cabra de 500 mm,Cortag
52948,Pé de Cabra de 450 mm,Cortag
52949,Pé de Cabra de 600 mm,Cortag
52950,"Pé de Cabra Redondo Conrrugado 3/4""x60cm",Costa
52951,"Pé de Cabra Redondo Corrugado 3/4"" X 1000 mm 412",Rio Claro
52953,"Pé de Cabra Redondo Corrugado 3/4"" X 100cm 303",Costa
52954,"Pé de Cabra Redondo Corrugado 3/4""x60cm 308",Costa
52955,"Pé de Cabra Redondo Corrugado 3/4""x80cm 310",Costa
52956,"Pé de Cabra Redondo Corrugado 3/4"" X 800 mm 411",Rio Claro
52958,"Pé de Cabra Reforçado 24"" X",Mtx
52959,"Pé de Cabra Redondo Liso 3/4"" X 600 mm 403",Rio Claro
52963,Peças de Reposição para Porta Eletrodos ISOLANTE 02-C,Carbografite
52965,Peças de Reposição para Porta Eletrodos ISOLANTE 08-C,Carbografite
52970,Pedra Avulsa para Brunidor de Camisas,Raven
52972,Pedal de Acionamento para Miniprocessador,Mitutoyo
52973,Pedestal em PVC 90cm para Demarcação Preto/amarelo 700.01132,Plastcor
52974,Pedestal em PVC 90cm para Demarcação Preto/amarelo 700.10848,Plastcor
52976,"Pedra de Afiar Canoa 9.1/2"" X 1.3/8"" X 3/8"" 198",Carborundum
52977,"Pedra de Afiar Combinada Retangular 6"" X 2"" X 1"" 109N",Carborundum
52978,"Pedra de Afiar Combinada Retangular 8"" X 2"" X 1"" 108N",Carborundum
52989,Pedra para Centelhador 100 Unidades,Carbografite
52991,Pedra para Centelhador 5 Unidades com Suporte,Carbografite
52994,Pega Chapa Vertical 1500kg,Camlok
52995,Pega Chapa Vertical 500kg,Camlok
53003,Peneira para Areia Aro de Plástico 55cm,Nove54
53004,Penetrante Trincas Etapa 1,Carbografite
53005,Pente de Rosca 0.25-6mm 24 Lâminas 600.070,Kingtools
53007,Perfilado Caixa de Derivação Tipo I 38x38mm Chapa n°18 PG,Cemar
53008,Perfilado Caixa de Derivação Tipo X 38x38mm Chapa n°18 PG,Cemar
53009,Perfilado Caixa de Derivação Tipo l 38x38mm Chapa n°18 PG,Cemar
53010,Perfilado Caixa de Derivação Tipo T 38x38mm Chapa n°18 PG,Cemar
53011,Perfilado Cantoneira l 3 Furos 38x76x76mm,Cemar
53012,Perfilado Cantoneira l 2 Furos 38x38x38mm,Cemar
53013,Perfilado Cantoneira l 4 Furos 38x38x76mm,Cemar
53014,Perfilado Perfurado Chapa n°20 PG 38x19mm 6m,Cemar
53015,Perfilado Mão Francesa Reforçado,Cemar
53016,Perfilado Perfurado de Emenda Externa Tipo I 38x38x111mm Chapa n°18 PG,Cemar
53017,Perfilado Perfurado de Emenda Interna Tipo l 38x38x111mm Chapa n°18 PG,Cemar
53018,Perfilado Perfurado de Emenda Interna Tipo T 38x38x190mm Chapa n°18 PG,Cemar
53019,Perfilado Perfurado de Emenda Interna Tipo X 38x38x190mm Chapa n°18 PG,Cemar
53020,Perfilado Perfurado Chapa n°22 PG 38x38mm 6m,Cemar
53021,Perfilado Perfurado Chapa n°24 PG 38x38mm 6m,Cemar
53022,Perfilado Perfurado Mão Francesa Simples 100mm Chapa n°14 PG,Cemar
53023,Perfilado Perfurado Mão Francesa Simples 300mm Chapa n°14 PG,Cemar
53024,Perfilado Perfurado Mão Francesa Simples 200mm Chapa n°14 PG,Cemar
53026,Perfilado Tampa Pressão 38x3000mm CH 26,Cemar
53029,Perfuratriz Diamantada 205mm 2400W 220V,Merax
53030,Perfuratriz Diamantada 80mm 1500W 220V,Merax
53041,Perneira de Couro com Tira Refletiva,Stihl
53042,Perneira de Raspa com Velcro 1 Par CA 17815 9015 SÃO MANOEL,Sao Manoel
53043,Perneira de Raspa com Velcro CA,Zanel
53044,Perneira de Raspa Fecho Fivela CA,Zanel
53045,Perneira em Raspa,Carbografite
53046,Peso Auxiliar para,Mitutoyo
53063,"Pilha Alcalina Grande com 2 Peças ""D""",Rayovac
53064,"Pilha Alcalina Grande ""D"" com 2 Peças E000622505 ENERGIZER",Rayovac
53065,Pilha Alcalina Grande Tipo D com 2 Unidades,Duracell
53066,"Pilha Alcalina Palito com 2 Peças ""AAA""",Rayovac
53068,Pilha Alcalina Palito AAA com 2 Peças,Duracell
53069,Pilha Alcalina Palito 2 Peças AAA,Panasonic
53070,"Pilha Alcalina Media com 2 Peças ""C""",Rayovac
53071,Pilha Alcalina Palito com 2 Peças AAA,Brasfort
53072,Pilha Alcalina Palito com 4 Peças AAA,Rayovac
53073,Pilha Alcalina Palito Tipo AAA com 4 Unidades,Duracell
53074,"Pilha Alcalina Pequena 2 Peças ""AA""",Rayovac
53076,Pilha Alcalina Pequena com 2 Peças AA,Rayovac
53077,"Pilha Alcalina Pequena Tipo AA com 2 Unidades (Ref 27215C, Ourolux)",Ourolux
53078,Pilha Alcalina Pequena com 4 Peças AA,Rayovac
53079,Pilha Eletrônica Alcalina 12V,Rayovac
53080,"Pilha Alcalina Pequena Tipo AA com 2 Unidades (Ref 44806, Duracell)",Duracell
53082,Pilha para Eletrônicos 3V CR2032 Cartela com 1 Peça,Rayovac
53100,Pinador Pneumático para Pinos F 10 a 50mm,Mtx
53103,Pinador Pneumático para Pinos F 15 a 50 mm,Puma
53104,Pinador Pneumático para Pinos T 20 a 50mm,Puma
53113,"Pinça 1/4"" para Retificadeira Pneumática",Puma
53116,"Pinça 1,6mm para Tocha TBI SR",Esab-Tbi
53118,"Pinça 2,4mm para Tocha TBI SR",Esab-Tbi
53119,"Pinça 2,4mm para Tochas TBI SR",Esab-Tbi
53120,"Pinça 3,2mm para Tocha TBI SR",Esab-Tbi
53121,"Pinça 3,2mm para Tochas TBI SR",Esab-Tbi
53130,Pinça Cruzada Trucada 120 mm de Inox 92 91 01,Knipex
53133,Pinça Cruzada de Precisão 115 mm de Inox 92 91 03,Knipex
53141,"Pinça de Aço 3/32"" 481",Dremel
53142,Pinça de 1.6 mm,Dremel
53160,Pinça ER-16 10mm DIN 6499,Btfixo
53163,Pinça ER-32 10.00mm DIN 6499,Btfixo
53164,"Pinça ER-16 8,0mm DIN 6499",Btfixo
53165,"Pinça ER-32 16,0mm DIN 6499",Btfixo
53166,"Pinça ER-32 20,0mm DIN 6499",Btfixo
53167,"Pinça ER-32 5,0mm DIN 6499",Btfixo
53168,Pinça ER-32 6.00mm DIN 6499,Btfixo
53169,"Pinça ER-32 7,0MM DIN 6499",Btfixo
53170,Pinça ER-40 11.00mm DIN 6499,Btfixo
53171,"Pinça ER-32 9,0mm DIN 6499",Btfixo
53172,Pinça ER-40 10.00mm DIN 6499,Btfixo
53173,Pinça ER-40 12.00mm DIN 6499,Btfixo
53174,Pinça ER-40 16.00mm DIN 6499,Btfixo
53175,Pinça ER-40 14.00mm DIN 6499,Btfixo
53176,Pinça ER-40 18.00mm DIN 6499,Btfixo
53177,"Pinça ER-40 19,0mm DIN 6499",Btfixo
53178,"Pinça ER-40 24,0mm DIN 6499",Btfixo
53179,Pinça ER-40 20.00mm DIN 6499,Btfixo
53180,Pinça ER-40 4.00mm DIN 6499,Btfixo
53181,"Pinça ER-40 5,0mm DIN 6499",Btfixo
53182,Pinça ER-40 3.0mm DIN 6499,Btfixo
53183,Pinça ER-40 6.00mm DIN 6499,Btfixo
53184,"Pinça ER-40 7,0mm DIN 6499",Btfixo
53185,Pinça ER-40 8.00mm DIN 6499,Btfixo
53188,Pinça para Micro Retírifa 3mm,Puma
53205,Pinça Selada ER-32 12.00mm DIN 6499,Btfixo
53206,Pinça SER-32 8.00mm DIN 6499,Btfixo
53207,"Pincel 1.1/2""",Nove54
53211,"Pincel 1/2""",Nove54
53215,"Pincel 2.1/2""",Nove54
53217,"Pincel 1""",Nove54
53223,"Pincel 2""",Nove54
53225,"Pincel 3/4""",Nove54
53229,"Pincel 3""",Nove54
53235,"Pincel 4""",Nove54
53240,Pincel Antiestático ESD 4x25mm,Hikari
53243,Pincel ESD 30x4x25mm,Hikari
53250,Pino Avulso para Extrator,Raven
53251,"Pino de Engate Rápido Ar Comprimido 1/2""",Lubefer
53252,"Pino de Engate Rápido Ar Comprimido 1/4"" (Ref LUB-2002-L)",Lubefer
53253,"Pino de Engate Rápido Ar Comprimido 1/4"" (Ref LUB-2001)",Lubefer
53254,"Pino de Engate Rápido para Ar Comprimido 1/4"" (Ref LUB-2001-L)",Lubefer
53255,"Pino de Engate Rápido Ferramentas Pneumáticas 3/8""",Lubefer
53256,"Pino de Engate Rápido para Ar Comprimido 1/4"" (Ref LUB-2002-L)",Lubefer
53257,"Pino de Engate Rápido para Ar Comprimido 1/4"" F20",Puma
53258,"Pino de Engate Rápido para Ar Comprimido 1/4"" (Ref LUB-2003-L)",Lubefer
53259,"Pino de Engate Rápido para Ar Comprimido 1/4"" (Ref LUB-2004-L)",Lubefer
53262,Pino de Fixação BT40x45° com Refrigeração Interna MAS 403-BT (DIN 6499),Btfixo
53266,Pino para Suporte DWNL - 08,Blacktools
53275,Pinos F para Pinador Pneumático 15mm com 5000 Unidades F15,Puma
53279,Pinos F para Pinador Pneumático 25mm com 5000 Unidades F25,Puma
53280,Pinos F para Pinador Pneumático 30mm com 5000 Unidades F30,Puma
53281,Pinos F para Pinador Pneumático 45mm com 5000 Unidades F45,Puma
53282,Pinos F para Pinador Pneumático 35mm com 5.000 Unidades F35,Puma
53283,Pinos F para Pinador Pneumático 40mm com 5000 Unidades F40,Puma
53286,Pinos F para Pinador Pneumático 50mm com 5000 Unidades F50,Puma
53291,Pinos para Travar em Sincronismo as Polias das Árvores de Comando de Válvulas,Raven
53294,Pinos T para Pinador Pneumático 1.4mm X 25mm 2500 Unidades T25,Puma
53295,Pinos T para Pinador Pneumático 1.4mm X 30mm 2500 Unidades T30,Puma
53296,Pinos T para Pinador Pneumático 45mm com 2.500 Unidades T45,Puma
53298,Pinos T para Pinador Pneumático 50mm com 2.500 Unidades T50,Puma
53534,Pistula de Pintura Ar Direto Gravidade Bico 0.8mm MODELO 5AD,Arprex
53537,Placa 200mm com 3 Castanhas Sobrepostas Reversíveis 900.035,Champion Tools
53538,Placa 250mm com 3 Castanhas Sobrepostas Reversíveis 900.036,Champion Tools
53542,Placa Acessória para Fixar Motores,Raven
53543,Placa Autocentrante 125mm com 3 Castanhas Monobloco,Btfixo
53544,Placa ATP Externa Policarbonato 104x115mm,Carbografite
53545,Placa Autocentrante 160mm com 3 Castanhas,Btfixo
53546,Placa Autocentrante 160mm com 3 Castanhas Reversíveis,Btfixo
53547,Placa Autocentrante 200mm com 3 Castanhas,Btfixo
53548,Placa Autocentrante 250mm com 3 Castanhas,Btfixo
53549,Placa Autocentrante 200mm com 3 Castanhas Reversíveis,Btfixo
53550,Placa Autocentrante 250mm com 3 Castanhas Reversível K11-250 a,Btfixo
53551,Placa Cega 4x2 642 31,Pial
53555,Placa Cega sem Suporte 4x4 Branco,Pial
53575,Placa de Proteção para Roçadeira,Stihl
53577,Placa Interface Potência para,Schneider
53580,Placa Módulo sem Suporte 2x4 Branco Cega,Pial
53584,Placa para Montagem PACKOUT,Milwaukee
53585,Placa para Prender Motor CTDI 2.8 S-10 Blazer,Raven
53586,Placa para Uso Manual Ou em Prensa para Extração de Rolamentos (Ref 700002),Raven
53587,Placa sem Suporte 4x4 1+1 Módulos Branco,Pial
53588,Placa para Uso Manual Ou em Prensa para Extração de Rolamentos (Ref 700001),Raven
53589,Placa sem Supor Branco 4x4 2+2 Módulos 6185 12,Pial
53590,Placa sem Suporte Branco 4x2 1 Módulo Horizontal 6185 05,Pial
53591,Placa sem Suporte Branco 4x2 1 Módulo Vertical 6185 01,Pial
53592,Placa sem Suporte 4x2 2 Módulos Branco,Pial
53593,Placa sem Suporte 4x4 2+2 Módulos Branco,Pial
53594,Placa sem Suporte Branco 4x2 3 Módulos 6185 03,Pial
53595,Placa sem Suporte Branco 4x2 2 Módulos 6185 02,Pial
53596,Placa sem Suporte Branco 4x4 3+3 Módulos 6185 16,Pial
53597,Placa sem Suporte Cinza 4x2 1 Módulo Redondo 8505,Pial
53598,"Placa Separação de Borne K 2,5mm² TWPA SAK2.5 ENBG WEIDMULLER CONEXEL",Conexel Weidmuller
53599,Placa Separação de Borne K 4mm² TWPA SAK4/10 BG WEIDMULLER CONEXEL,Conexel Weidmuller
53600,Placa Separação SAK16EN/TAMPA FINAL SAK35EN TWPA SAK16 ENBG WEIDMULLER CONEXEL,Conexel Weidmuller
53601,"Placa Separadora para Borne K 2,5mm",Steck
53602,Placa Universal 160mm com 3 Castanhas Fofo 900.004,Champion Tools
53603,Placa Universal 100mm 3 Castanhas FOFO 900.002,Champion Tools
53604,Placa Universal 160mm 3 Castanhas Sobrepostas Reversíveis 900.034,Champion Tools
53605,Placa Separadora para Borne K,Steck
53606,Placa Universal 200mm com 3 Castanhas Fofo 900.005,Champion Tools
53607,Placa Universal 250mm com 3 Castanhas Fofo 900.006,Champion Tools
53608,Placa Universal 200mm 4 Castanhas FOFO 820.074,Kingtools
53609,Placa Universal 315mm 3 Castanhas Sobrepostas Reversíveis 900.037,Champion Tools
53610,Placa Universal 300mm 4 Castanhas Independentes 820.106,Kingtools
53611,Placa Universal 250mm 4 Castanhas FOFO 820.075,Kingtools
53612,Placa Universal 320mm 3 Castanhas Fofo 3AB EXTRA,Union
53613,Placa Universal 400mm 4 Castanhas Independentes 820.108,Kingtools
53614,Placa Universal 500mm 3 Castanhas Sobrepostas Reversíveis 900.040,Champion Tools
53615,Placa Universal 80mm 3 Castanhas FOFO 820.001,Kingtools
53616,Placa Vibratória a Gasolina 6.5HP 530MM X 500MM 4 Tempos,Toyama
53617,Placa Universal 80mm 3 Castanhas FOFO 900.001,Champion Tools
53618,Placa Universal Autocentrante 100mm com 3 Castanhas,Btfixo
53621,Placa Vibratória Gasolina 6.5HP 4T 500X300MM,Toyama
53624,Plafon Superled de Embutir 18W Redondo 6400K Bivolt,Ourolux
53625,Plafon Superled para Sobrepor 36W Bivolt 2700K Branca Morna 400x400 Quadrado,Ourolux
53626,Plafon Superled para Sobrepor 36W Bivolt 6500K Branca Fria 400x400 Quadrado,Ourolux
53670,Plasteel Alta Resistência Química 3:1 1.457kg PA2,Tapmatic
53671,Plaqueta Separação de Borne K,Weg
53672,Plasteel Cerâmico Espatulável 5:1 1.650kg PG2,Tapmatic
53673,"Plasteel Cerâmico Pintável Azul 3:1 1,32 kg",Tapmatic
53674,Plasteel Diamantado 4:1 2.300kg PD2,Tapmatic
53675,Plasteel Cerâmico Pintável Branco 3:1 1.315kg PB2,Tapmatic
53676,"Plasteel Diamantado 4:1 Kit com 9,330kg PD3",Tapmatic
53677,Plasteel Massa 1:1 3.600kg PM2,Tapmatic
53678,Plasteel Diamantado Espatulável 4:1 2.100kg PE2,Tapmatic
53679,Plasteel Massa Aço/epoxi 4:1 PQ1,Tapmatic
53681,Plasti Film 3.6 Litros Incolor CI3,Tapmatic
53683,Plasti Film 500 ml Incolor CI1,Tapmatic
53684,Plasteel Titanium Usinável 450g PTT1,Tapmatic
53685,Plasti Film Branca 3.6 Litros CL3,Tapmatic
53686,Plasti Film Vermelho 3.6 Litros CI3,Tapmatic
53687,"Plasti Film Preto 3,6 Litros CK3",Tapmatic
53688,Plasti Film Branca 500 ml CL1,Tapmatic
53696,Plugue Fêmea 2P + T 10A 250V Preto,Pial
53697,Plugue Fêmea 2P+T 20A Preto,Pial
53698,Plugue Fêmea 2P+T 10A Cinza (Ref 615824),Pial
53699,Plugue Fêmea 2P+T 10A Cinza (Ref 615876),Pial
53700,Plugue Fêmea 2P+T 20A Cinza,Pial
53702,Plugue Fêmea 2P+T 10A Preto,Pial
53703,Plugue Fêmea Reto 2P + T 10A Cinza,Pial
53708,Plugue Industrial 16A 2P+T 200/250V 6H Azul IP67,Steck
53709,Plugue Industrial Fêmea 125A 3P+T 380/440V 6H Vermelho IP67,Steck
53737,Plugue Industrial Neg 16A 2P+T 200/250V 6H Azul,Steck
53761,Plugue Redondo Porcelana 2P 20A 380V,Lorenzetti
53762,Plugue Redondo Porcelana 2P 30A 380V,Lorenzetti
53763,Plugue Redondo Porcelana 3P 20A 380V,Lorenzetti
53764,Plugue Redondo Porcelana 3P 30A 380V,Lorenzetti
53779,Pochete para Ferramentas com 5 Bolsos CG 400,Carbografite
53785,Podador de Cerca Elétrico 500W 110V HSE 61,Stihl
53787,Podador de Cerca Elétrico 460W HSE 52,Stihl
53788,"Podador de Cerca À Gasolina 18"" 1.1CV 27 Cc HS 45",Stihl
53791,Podador de Galhos À Gasolina 12'' 1.9CV 36CC HT 131,Stihl
53852,"Politriz a Úmido Angular Pneumática 3"" 1.00HP 4.500RPM",Puma
53853,"Politriz Angular 5"" 1050W Azul",Sigma Tools
53855,"Politriz Angular 5"" 1050W Rosa",Sigma Tools
53856,"Politriz Angular 5"" 470W 9051",Skil
53857,"Politriz Angular 5"" 600W com Maleta e Acessórios",Black Decker
53859,"Politriz Angular 7"" 1300"" 9071",Skil
53862,"Politriz Angular 7"" 1300W com Maleta 9071",Skil
53863,"Politriz Angular 7"" 1300W com Maleta WP1500K BLACK + DECKER",Black Decker
53865,"Politriz Angular Pneumática 7"" 1.30HP 2.500RPM",Puma
53866,"Politriz Angular Pneumática 7"" 0.6HP 2.500RPM",Puma
53879,"Politriz Pneumática 4"" 2.50HP 10.000RPM",Puma
53887,"Politriz Vertical Pneumática 4"" 1.50HP 11.000RPM",Puma
53888,Polvilhadeira Mata Formiga Plus POL1000 0422.10.00,Guarany
54144,Pontas de Medição,Mitutoyo
54146,Pontas de Medição para Rosca (par),Mitutoyo
54147,Pontas de Prova 2mm Twistguard,Fluke
54148,Pontas de Prova Garra Jacaré CAI IV 600V AC/DC Sure Grip,Fluke
54149,Pontas de Prova/teste com Pinças Jacaré -TL1550B,Fluke
54150,Pontas de Prova Teste de Lanterna TP74,Fluke
54155,"Ponte Conectora 2,5 Mm² PC-BTWP 2.5/10",Weg
54156,Ponte Conectora para Borne 2.5mm² SAK 2.5 Q10 WEIDMULLER CONEXEL,Conexel Weidmuller
54157,Ponte Conectora para Borne 2.5mm² SAKD 2.5 Q10 WEIDMULLER CONEXEL,Conexel Weidmuller
54158,Ponte Conectora para Borne 2.5mm² SAKD 2.5 Q3 WEIDMULLER CONEXEL,Conexel Weidmuller
54159,Ponte Conectota 10 Polos para Bornes 4mm PC-BTWP 4/10,Weg
54194,Ponteira/cinzel com Encaixe Redondo para,Puma
54198,Ponteira Gancho C Smart 22mm 1.35.0636,Agmov
54199,Ponteira Gancho g Smart 1.35.0578,Agmov
54200,"Ponteira Gancho g Rosca 1/4"" 153",Agmov
54201,Ponteira Gancho T Smart 1.35.0642,Agmov
54203,Ponteira Gancho v Smart 1.35.0592,Agmov
54204,Ponteira Longa para Martelete Pneumático,PUMA
54208,Ponteira para Martelete Pneumático Jogo com 4 Peças,Puma
54209,"Ponteira para Rebite Maciço 1/2""",Puma
54211,Ponteira para Martelete Pneumático,PUMA
54212,Ponteira para Repuxo Fino 3 Pontas 4014,Band
54213,Ponteira para Soldar 201,Dremel
54219,Ponteira/talhadeira Chata com Encaixe Redondo,Puma
54220,"Ponteiro 20"" Encaixe Sextavado 1.1/8""",Dewalt
54222,Ponteira/talhadeira Corte v com Encaixe Hexagonal,Puma
54224,Ponteiro 300mm SDS,Dewalt
54232,Ponteiro de 140mm com Encaixe SDS Plus 41348 HT,Ht
54237,Ponteiro Encaixe SDS 280mm 38092 HT,Ht
54239,Ponteiro Encaixe SDS 400mm 38093 HT,Ht
54244,Ponteiro Encaixe SDS Plus 250mm 38091 HT,Ht
54256,Ponteiro Redondo 10'' 2080,Pacetta
54259,Ponteiro Redondo 12'' 2080,Pacetta
54260,Ponteiro Redondo 8'' 2080,Pacetta
54262,Ponteiro SDS (Dewalt),Dewalt
54280,Ponteiro Sextavado de 300mm com Proteção de Borracha,Cortag
54281,"Ponto Montada 30x 6,4 Haste 1/4'' A-37",Pontabras
54282,Ponteiro Sextavado de 350mm com Proteção de Borracha,Cortag
54330,Porta Barra Weldon BT40 25x90mm,Blacktools
54333,"Porta Bedame Reto 1"" (Ades)",Ades
54334,"Porta Bedame Esquerdo 1""",Ades
54335,Porta Bedame Reto 1/2'',Ades
54336,"Porta Bedame Reto 3/4""",Ades
54337,"Porta Bedame Reto 1"" (Ref PB-854, Tool Master)",Tool Master
54338,"Porta Bedame Reto 5/8""",Ades
54339,Porta Bedame Reto 7/8'',Ades
54340,Porta Bico M6 para Tochas TBI PRO,Esab-Tbi
54341,Porta Bico M6 X 43mm com Mola Handyrtorque 150,Esab-Tbi
54342,Porta Bico M8 para Tocha TBI PRO,Esab-Tbi
54412,Porta Ferramentas ISO DWLNR2020K06 WATER,Walter
54414,Porta Fusível sem Indicador 1P 32A 10x38,Schneider
54425,"Porta Pinça 1,6mm para Tocha TBI SR",Esab-Tbi
54426,"Porta Pinça 2,4mm para Tocha TBI SR",Esab-Tbi
54427,Porta Pinça BT40 M16X2.00 ER40HTBT40M16200 HT,Ht
54428,"Porta Pinça 3,2mm para Tocha TBI SR",Esab-Tbi
54429,Porta Pinça CM3 M12X1.75 ER40HTCM3M12175 HT,Ht
54430,Porta Pinça CM4 M16X2.00 ER40HTCM4M16200 HT,Ht
54431,Porta Pinça CM5 M24X3.00 ER40HTCM5M20250 HT,Ht
54432,Porta Pinça ISO30 M12X1.75 ER40HTISO30M12175 HT,Ht
54433,Porta Pinça ISO40 M16X2.00 ER40HTISO40M16200 HT,Ht
54434,Porta Pinça ISO50 M24X3.00 ER40HTISO50M24300 HT,Ht
54435,"Porta Recartilha Duplo 3/4"" (Ades)",Ades
54436,"Porta Recartilha Duplo 3/4"" (Ref PR-906, Cabri)",Cabri
54437,"Porta Recartilha Interno 3/4""",Ades
54438,"Porta Recartilha Simples 3/4""",Ades
54439,"Porta Recartilha Triplo 3/4"" (Ref PR-912, Cabri)",Cabri
54440,"Porta Recartilha Triplo 3/4"" (Ades)",Ades
54441,"Porta Recartilha Triplo 5/8""",Ades
54442,Porteiro Elétronico com 4 Pontas F8 SN,Hdl
54444,Porteiro Eletrônico F8-EXT Painel Externo,Hdl
54445,Poste Final para Borne EW35 WEIDMULLER CONEXEL,Conexel Weidmuller
54446,Porteiro Eletrônico F8S 4 Pontos SN,Hdl
54448,Poste Final para Borne EWK1 WEIDMULLER CONEXEL,Conexel Weidmuller
54449,Potenciômetro 22mm Plástico 10K Linear com Escala,Schneider
54450,Prateleira com 5 Bandejas (Ref PDG-5),Marcon
54451,Prateleira com 6 Bandejas,Marcon
54452,Prateleira com 5 Bandejas (Ref PDP-5),Marcon
54469,Prato Giratório para,Stihl
54472,Pregador Pneumático 2.5 a 3.1mm Comprimento 57 a 80mm,Sigma Tools
54476,Pregador Pneumático 300 Pregos de 2.3 a 2.9mm,Puma
54478,Pregador Pneumático 300 Pregos de 2.5 a 3.8mm,Puma
54479,Prego de Aço Polido com Cabeça 17x21 1kg,Gerdau
54481,Prego de Aço Polido com Cabeça 18x27 1kg,Gerdau
54483,Prego de Aço Polido com Cabeça 19X36 1kg,Gerdau
54484,Prego de Aço Polido com Cabeça 1kg 13x18,Gerdau
54485,Prego de Aço Polido com Cabeça 1kg 15x15,Gerdau
54486,Prego de Aço Polido com Cabeça 1kg 17x27,Gerdau
54487,Prego de Aço Polido com Cabeça 1kg 18x30,Gerdau
54488,Prego de Aço Polido com Cabeça 1kg 22x48,Gerdau
54515,Prensa Hidráulica 10 Toneladas sem Manômetro,Marcon
54518,Prensa Hidráulica 100 Toneladas 4207,Marcon
54520,Prensa Hidráulica 125 Toneladas 4210,Marcon
54521,Prensa Hidráulica 100 Toneladas e Auxiliar 15 Toneladas 4208,Marcon
54522,Prensa Hidráulica 100 Toneladas P 100200 (P100000),Bovenau
54523,Prensa Hidráulica 125 Toneladas com Auxiliar 15 Toneladas 4211,Marcon
54525,Prensa Hidráulica 15 Toneladas Compacta e Desmontável,Marcon
54526,Prensa Hidráulica 15 Toneladas Desmontável,Riosul
54528,Prensa Hidráulica 15 Toneladas P 15.200,Bovenau
54530,Prensa Hidráulica 15 Toneladas sem Manômetro,Marcon
54531,Prensa Hidráulica 150 Toneladas 4214,Marcon
54533,Prensa Hidráulica 150 Toneladas com Auxiliar 15 Toneladas 4215,Marcon
54537,Prensa Hidráulica 80 Toneladas 4209,Marcon
54539,Prensa Hidráulica de 100 Toneladas com Prensa Auxiliar de 15 Toneladas,Bovenau
54540,Prensa Hidráulica de 15 Toneladas Plus,Bovenau
54541,Prensa Hidráulica de 60 Toneladas,Bovenau
54542,Prensa Hidráulica Manual,Marcon
54543,"Prensa Hidráulica Motorizada 100 Toneladas Trifásica 7,5 CV 220V com Auxiliar 4213",Marcon
54544,Prensa Hidráulica Motorizada 30 Toneladas Trifásica 2CV 220V,Marcon
54545,"Prensa Hidráulica Motorizada 100 Toneladas Trifásica 7,5 CV 220V 4212",Marcon
54546,Prensa Hidráulica Motorizada 60 Toneladas Trifásica 3CV 220V,Marcon
54549,Prensa Hidropneumática 30 Toneladas MPH-30 hp,Marcon
54550,Primer de Poliolefina 30 ml 770,Loctite
54552,Produto de Teste Catus,
54553,Projetor de Perfil Horizontal,Mitutoyo
54554,Projetor de Perfil,Mitutoyo
54555,Projetor de Perfil PJ-P1010A Mesa de 100x100mm,Mitutoyo
54556,Projetor de Perfil Vertical,Mitutoyo
54558,Projetor de Superled 400W 6500K Bivolt Preto,Ourolux
54567,Projetor Superled Slim 300W 6500K Preto Bivolt 3276,Ourolux
54568,Projetor Superled Slim 500W 6500K Preto Bivolt 3278,Ourolux
54569,Prolongador de Alumínio Revestido para Hidropó,Schulz
54582,Prolongador Reto Revestido para Hidropó HPS-06240 IDRO,Schulz
54618,Proteção para Cintas de Elevação 2 Tonelada,Carbografite
54619,Proteção para Cintas de Elevação 3 Toneladas,Carbografite
54620,Proteção para Cintas de Elevação 1 Tonelada,Carbografite
54621,Proteção para Cintas de Elevação 8 Toneladas,Carbografite
54622,Proteção para Cintas de Elevação 6 Toneladas,Carbografite
54623,Proteção para Cintas de Elevação 4 Toneladas,Carbografite
54624,Protetivo Industrial para Ambientes Externos 3kg 40,Tapmatic
54626,Protetivo Pelicula Cerosa Espessa 20 Litros PROTETIVO AGRO,Tapmatic
54627,Protetivo Pelicula Cerosa Espessa 5 Litros PROTETIVO AGRO,Tapmatic
54628,Protetor Anticorrosivo Azul,Ultralub
54629,Protetor Articular de Silicone 18DB,Maxxi Royal
54630,Protetor Auditivo de Silicone com 18DB Profissional,Maxxi Royal
54635,Protetor Auricular com Cordão em Poliamida CG 38,Carbografite
54637,Protetor Auricular de Silicone Amarelo Cordão Cinza Tamanho g CA,Maxxi Royal
54638,Protetor Auricular de Silicone Amarelo Cordão Azul Marinho Tamanho m,Maxxi Royal
54639,Protetor Auricular de Silicone Amarelo Cordão Roxo Tamanho P CA,Maxxi Royal
54642,Protetor Auricular em Copolímero Tipo,Carbografite
54643,Protetor Auricular em Copolímero Tipo sem Cordão CG 38M,Carbografite
54644,Protetor Auricular em Silicone com Cordão Caixa Protetora,Carbografite
54652,Protetor Contra Surto 12.5/60KA 275V FRONT,Clamper
54654,Protetor de Arraste Life 60A,Esab
54659,Protetor de Correias,Loctite
54660,Protetor de Lombar Ergonômico com Susp Tamanho g Gelfit,Toughbuilt
54662,Protetor de Surto DPS Monobloco 15K 1P 275V,Steck
54663,Protetor de Lombar Ergonômico com Susp Tamanho m Gelfit,Toughbuilt
54665,Protetor de Surto DPS Monobloco 40K 1P 275V,Steck
54676,"Protetor Facial de Policarbonato com Testeira Ajustável 8""/200mm 200E",Ledan
54685,Protetor Lombar Ergonômico com Suspensório 1500,Dystray
54686,Protetor para Contatos Elétricos 3Kg LC8 AR5,Tapmatic
54689,Protetor para Moldes,Wurth
54690,Protetor Solar Facial UV Fps 60,Nutriex
54692,Protetor Solar FPS 30 UV UVA 4 Litros,Nutriex
54693,Protetor Solar FPS 60 120mL com Repelente 0062802 PROFISSIONAL,Nutriex
54694,Protetor Solar UV Fps 30,Nutriex
54695,Protetor Solar UV Fps 30 com Repelente 1 Litro,Nutriex
54696,Protetor Solar FPS 60 FP-UVA 24 120ml Bisnaga,Luvex
54697,Protetor Solar FPS 60 UVA/UVB 1/3 com Repelente 2 Litros FPS 60,Nutriex
54698,Protetor Solar UV Fps 30 1 Litro,Nutriex
54699,Protetor Solar UV FPS 30 com Repelente de Insetos,Luvex
54700,Protetor Solar UV FPS 35 UVA 17 no White,Luvex
54702,Protetor Solar UV FPS 30 UVA 17,Luvex
54703,Protetor Solar UV Fps 30 com Repelente 4 Litros,Nutriex
54704,Protetor Solar UV Fps 30 com Repelente 2 Litros,Nutriex
54705,Protetor Solar UV Fps 60 1 Litro,Nutriex
54706,Protetor Solar UV Fps 60 4 Litros,Nutriex
54707,Protetor Solar UV FPS 70,Nutriex
54712,Prumo de Parede Zincado 1Kg,Cortag
54713,Prumo de Parede Zincado,Cortag
54715,Pulseira Antiestática,Hikari
54717,Pulverizador À Gasolina 14 Litros 3.9CV 63CC 920M3/H SR 450,Stihl
54719,Pulverizador Cano Longo com Caneca Plástico 9,Arprex
54720,Pulverizador Agrícola 20 Litros Costal,Nove54
54721,Pulverizador com Caneca de Alumínio Curto MODELO 10A,Arprex
54722,Pulverizador Cano Longo com Canela Nylon OMEGA 9,Arprex
54731,Pulverizador Costal À Gasolina 3.5CV 56CC 750M3/H SR 420,Stihl
54738,Pulverizador Costal Manual 18 Litros SG 20,Stihl
54742,Pulverizador de Alta Pressão 5L TROMBONE,Guarany
54744,Pulverizador de Alumínio 8P,Arprex
54746,Pulverizador de Compressão Pioneiro Inox 10 Litros,Guarany
54747,Pulverizador de Compressão Pioneiro Inox 15L,Guarany
54750,"Pulverizador de Compressão Prévia 7,6 Litros",Guarany
54751,"Pulverizador de Compressão Prévia 4,7 Litros",Guarany
54754,"Pulverizador em Alumínio Curto 1/4"" MS 7-BC",Steula
54755,Pulverizador em Alumínio com Caneca de 750ml BC 52,Steula
54756,Pulverizador em Plástico 500ml 60A078.4 e,Walter Abrasivos
54758,Pulverizador Gasolina 3.9CV 63CC 14L 920M3/H SR 430,Stihl
54759,"Pulverizador Manual 1,5 Litros 3964100150 w",Wurth
54762,Pulverizador Manual 2 Litros,Lynus
54764,Pulverizador Manual 5 Litros 3964100500 w,Wurth
54766,Pulverizador Manual,Trapp
54770,Pulverizador Manual Lateral de Compressão Prévia 5 Litros,Trapp
54771,"Pulverizador Plástico 1/4"" MS 3-BC",Steula
54773,"Pulverizador Plástico Bico Longo 1/4"" MS 3-BL",Steula
54774,Pulverizador sem Caneca Alumínio Cano Longo MODELO 11L,Arprex
54776,"Pulverizador sem Caneca Alumínio Curto 1/4"" MODELO 11",Arprex
54778,Pulverizador sem Caneca Nylon Curto para Solopan OMEGA 11L,Arprex
54779,Pulverizador sem Caneca Nylon Curto OMEGA 11,Arprex
54780,Punção Alfabeto Avulso Letra a 6mm PLKF,Pld
54782,Pulverizador sem Caneca Nylon Curto para Solopan OMEGA 11S,Arprex
54783,"Punção Alfabeto em Aço 27 Peças 2,5mm",Pld
54784,Punção Alfabeto em Aço 27 Peças 2mm,Pld
54785,Punção Alfabeto em Aço 27 Peças 10mm,Pld
54786,Punção Alfabeto em Aço 27 Peças 3mm,Pld
54787,Punção Alfabeto em Aço 27 Peças 4mm,Pld
54788,Punção Alfabeto em Aço 27 Peças 5mm,Pld
54789,Punção Alfabeto em Aço 27 Peças 6mm,Pld
54790,Punção Alfabeto em Aço 27 Peças 8mm,Pld
54791,Punção Algarismo em Aço 9 Peças 12mm,Pld
54792,Punção Alfabeto em Aço com 27 Peças 12mm,Pld
54793,Punção Algarismo em Aço 2.5mm,Pld
54795,Punção Algarismo em Aço 9 Peças 10mm,Pld
54796,Punção Algarismo em Aço 9 Peças 3mm,Pld
54797,Punção Algarismo em Aço 9 Peças 4mm,Pld
54798,Punção Algarismo em Aço 9 Peças 2mm,Pld
54799,Punção Algarismo em Aço 9 Peças 5mm,Pld
54800,Punção Algarismo em Aço 9 Peças 6mm,Pld
54801,Punção Algarismo em Aço 9 Peças 8mm,Pld
54802,Punção Algarismo em Aço 9 Peças 9mm,Pld
54813,Punção de Centro 4mm X 120mm PC04,Ades
54826,"Punção Vazador 28,3mm",Ridgid
54827,Punho Expert Completo para Tochas À Gás TBI PRO,Esab-Tbi
54828,"Punção Vazador 34,6 mm",Ridgid
54831,Punho Saca Fusível PSFNH,Weg
54833,Purgador Automático Eletrônico 576 L/h 220V,Metalplan
54835,Purificador de Ar Comprimido Odontológio 6pcm DENTAL AIR PURIFIER,Metalplan
54838,Puxador Pneumático para Funilaria ATDPP,Puma
54848,Quadro Comando Chapa Sobrepor Aço 1200X800X400MM,Cemar
54852,Quadro Comando Chapa Sobrepor CA 500x400x200mm C/FL,Cemar
54853,Quadro de Comando Chapa de Aço 200x200x120mm Sobrepor Standard QCS,Cemar
54854,Quadro Comando Chapa Sobrepor CA 800x600x200mm C/FL,Cemar
54857,Quadro de Comando Chapa de Aço 300x200x200mm Sobrepor Standard QCS,Cemar
54858,Quadro de Comando Chapa de Aço 400x400x200mm Sobrepor Standard QCS,Cemar
54859,Quadro de Comando Chapa de Aço 300x300x200mm Sobrepor Standard QCS,Cemar
54860,Quadro de Comando Chapa de Aço 400x300x200mm Sobrepor Standard QCS,Cemar
54861,Quadro de Comando Chapa de Aço 600x400x200mm Sobrepor Standard QCS,Cemar
54862,Quadro de Comando Chapa de Aço 600x400x250mm Sobrepor Standard QCS,Cemar
54863,Quadro de Comando Chapa de Aço 500x400x200mm Sobrepor Standard QCS,Cemar
54864,Quadro de Comando Chapa de Aço 500x500x200mm Sobrepor Standard QCS,Cemar
54865,Quadro de Comando Chapa de Aço 500x500x250mm Sobrepor Standard QCS,Cemar
54866,Quadro de Comando Chapa de Aço 600x500x200mm Sobrepor Standard QCS,Cemar
54867,Quadro de Comando Chapa de Aço 600x600x200mm Sobrepor Standard QCS,Cemar
54868,Quadro de Comando Chapa de Aço 600x500x250mm Sobrepor Standard QCS,Cemar
54869,Quadro de Comando PVC 300x200x130mm Sobrepor CCP,Cemar
54870,Quadro de Comando Chapa de Aço 600x600x250mm Sobrepor Standard QCS,Cemar
54871,Quadro de Comando Chapa de Aço 800x600x200mm Sobrepor Standard QCS,Cemar
54872,Quadro de Comando Chapa de Aço 800x600x250mm Sobrepor Standard QCS,Cemar
54874,Quadro de Comando PVC 450x300x200mm Sobrepor CCP,Cemar
54875,Quadro de Sobrepor PVC para 4 Disjuntores,Steck
54879,Quadro para 12 Disjuntores PVC 328x235x102mm Embutir,Legrand
54880,Quadro para 12 Disjuntores PVC 328x235x107mm Sobrepor,Cemar
54881,"Quadro para 2 Disjuntores PVC 50x142x70,5mm Sobrepor",Steck
54882,Quadro para 16 Disjuntores 100A Chapa de Aço 334x394x91mm Sobrepor QDSTN II-U 16/12 100,Cemar
54883,Quadro para 16 Disjuntores 100A Chapa de Aço 360x320x330mm Embutir QDETN II-U 16/12 100,Cemar
54884,Quadro para 24 Disjuntores 150A Chapa de Aço 442x636x370mm Embutir QDETG II-U-24/18 150,Cemar
54885,Quadro para 24 Disjuntores PVC 328x235x103mm Embutir,Legrand
54886,Quadro para 28 Disjuntores 100A Chapa de Aço 334x496x91mm Sobrepor QDSTN II-U 28/20 100,Cemar
54887,Quadro para 24 Disjuntores PVC 328x385x108mm Sobrepor,Cemar
54888,Quadro para 28 Disjuntores 100A Chapa de Aço 360x522x330mm Embutir QDETN II-U 28/20 100,Cemar
54889,Quadro para 34 Disjuntores 100A Chapa de Aço 334x574x91mm Sobrepor QDSTN II-U 34/24 100,Cemar
54890,Quadro para 34 Disjuntores 100A Chapa de Aço 360x573x330mm Embutir QDETN II-U 34/24 100,Cemar
54891,Quadro para 34 Disjuntores 150A Chapa de Aço 442x713x370mm Embutir QDETG II-U-34/24 150,Cemar
54892,Quadro para 36 Disjuntores PVC 328x535x103mm Embutir,Legrand
54893,Quadro para 4 Disjuntores PVC 184x215x98mm Embutir,Legrand
54894,"Quadro para 4 Disjuntores PVC 94x142x70,5mm Sobrepor",Steck
54895,Quadro para 48 Disjuntores PVC 765x328x103mm Embutir,Legrand
54896,Quadro para 44 Disjuntores 100A Chapa de Aço 334x649x91mm Sobrepor QDSTN II-U 44/32 100,Cemar
54897,Quadro para 44 Disjuntores 150A Chapa de Aço 442x815x370mm Embutir QDETG II-U-44/32 150,Cemar
54898,Quadro para 56 Disjuntores 225A Chapa de Aço 520x996x446mm Embutir QDETG II-U-56/40 225,Cemar
54899,Quadro Telefônico de Comando Chapa de Aço 200x200x135mm Embutir TLBE-2 FP,Cemar
54900,Quadro Telefônico de Comando Chapa de Aço 300x300x135mm Embutir TLBE-2A FP,Cemar
54901,Quadro Telefônico de Comando Chapa de Aço 400x400x135mm Embutir TLBE-3 FP,Cemar
54902,Quadro Telefônico de Comando Chapa de Aço 500x500x135mm Embutir TLBE-3A FP,Cemar
54903,Quadro Telefônico de Comando Chapa de Aço 600x600x135mm Embutir TLBE-4 FP,Cemar
54904,Quadro Telefônico de Comando Chapa de Aço 800x800x135mm Embutir TLBE-4 FP,Cemar
54905,Querosene 5 Litros,Itaqua
54906,Rack Fechado para Computador com 2 Gavetas Azul R-4,Fercar
54907,Rack Móvel Aberto para Computador NR-1,Nocram
54908,Rack Móvel Fechado para Computador NR-2,Nocram
54909,Rack Móvel para Computador com Gaveta e Porta Teclado (Ref CR-29),Marcon
54910,Rack Móvel para Computador com Gaveta e Porta Teclado (Ref CR-45),Marcon
54911,Rack para Computador Aberto com 2 Gavetas R-3,Fercar
54912,Rack para Computador Fechado com Gaveta e Porta Teclado,Marcon
54913,Raspador de Pintura de 6mm X 63mm,Stanley
54914,Rack para Microcomputador Fechado com 2 Gavetas 1720x650x490mm Azul R5,Fercar
54915,Rampa Metálica para Suporte e Exposição de Automóveis,Raven
54919,Raspador de Rejunte 15mm SUPRA,Cortag
54920,"Raspador de Rejuntes com Lâmina SLIM 1,5mm Wídia",Cortag
54926,Reator Externo Mercúrio 125W 220V,Hge
54928,Reator Externo Mercúrio 400W 220V,Hge
54932,Reator Externo Metal 150W 220V,Hge
54933,Reator Externo Metal 400W 220V,Hge
54934,Reator Externo Metálico 250W 220V,Hge
54935,Reator Externo Sódio 150W 220V,Hge
54936,Reator Externo Sódio 250W 220V,Hge
54937,Reator Externo Sódio 400W 220V,Hge
54938,Reator Interno Mercúrio 250W 220V,Hge
54939,Reator Interno Metal 250W 220V,Hge
54940,Reator Interno Metal 400W 220V,Hge
54941,Reator Interno Sódio 150W 220V,Hge
54942,Reator Interno Mercúrio 400W 220V,Hge
54943,Reator Interno Sódio 250W 220V,Hge
54944,Reator Interno Sódio 400W 220V,Hge
54965,"Rebitador Hidropneumático 1/4"" com Vácuo",Sigma Tools
54967,"Rebitador Hidropneumático 3/16"" Vacuo",Sigma Tools
54969,"Rebitador Hidropneumático 3/16"" 1090KGF para Rebite de Alumínio",Sigma Tools
54971,"Rebitador Manual 10"" de 4 Pontas 3/32"" a 3/16"" R250 PRO",Irwin
54972,"Rebitador Manual 4 Pontas 3/32"" a 3/16""",Stanley
54974,"Rebitador Manual 4 Pontas 3/32"" a 3/16"" R100",Irwin
54975,Rebitador Manual 4 Pontas com Cabeça Giratória 360º,Irwin
54979,Rebitador Manual Giratorio 4 Pontas,Stanley
54989,"Rebitador Pneumático 1/4"" 0.7kgh 9DR",Eda
54990,Rebitador Pneumática Rebite Rosca,Sigma Tools
54991,"Rebitador Pneumático 1/4"" 1894 Kgf",Puma
54995,"Rebitador Pneumático 3/16"" 720 Kgf para Rebite de Alumínio",Chicago
54996,"Rebitador Pneumático de Rosca 1/4"" 1219KGF M8",Puma
54997,"Rebitador Pneumático 3/8"" 720 Kgfm SFR 720 REB",Schulz
54998,"Rebitador Pneumático para Rebites 1/4"" 1603 Kgf",Puma
54999,"Rebitador Pneumático para Rebites 3/16"" 1.219kgf",Puma
55000,"Rebitador Pneumático para Rebites 3/16""",Puma
55002,Rebitador Pneumático para Rosca M3 a M8,Puma
55003,Rebitador Pneumático Rosca M3 a M12,PUMA
55012,Rebite para Suporte PCLN - 12 174.3.861,Blacktools
55013,"Rebite Repuxo 4,8x16mm Alumínio com 50 Peças",Nove54
55014,"Rebite Repuxo 4,8x10mm Alumínio com 50 Peças",Nove54
55015,"Rebite Repuxo Alumínio 3,1 X 8mm com 20 Peças",Fixtil
55016,"Rebite Repuxo Alumínio 3,1 X 14mm com 20 Peças",Fixtil
55017,"Rebite Repuxo Alumínio 3,1 X 10mm com 20 Peças",Fixtil
55018,"Rebite Repuxo Alumínio 3,1 X 12mm com 20 Peças",Fixtil
55019,Rebite Repuxo Alumínio 3.10 X 6.00mm com 20 Peças,Fixtil
55020,"Rebite Repuxo Alumínio 4,76 X 16mm com 10 Peças",Fixtil
55021,"Rebite Repuxo Alumínio 4,76 X 10mm com 10 Peças",Fixtil
55022,"Rebite Repuxo Alumínio 4,76 X 12mm com 10 Peças",Fixtil
55023,Rebite Repuxo Alumínio 4 X 10mm com 20 Peças,Fixtil
55024,Rebite Repuxo Alumínio 4 X 12mm com 20 Peças,Fixtil
55025,Rebite Repuxo Alumínio 4 X 16mm com 20 Peças,Fixtil
55026,Rebite Repuxo Alumínio 4 X 8mm com 20 Peças,Fixtil
55027,Rebolo Copo Cônico 10x50mm Grão 60,Cortag
55028,Rebolo Copo Cônico 100x50mm Grão 120,Cortag
55029,Rebolo Copo Cônico 10x50mm Grão 80,Cortag
55030,Rebolo Copo Cônico 75mm X 50mm Grão 120 M14,Cortag
55031,Rebolo Copo Cônico 75mm X 50mm Grão 60 M14 G-60,Cortag
55032,Rebolo Copo Cônico 75mm X 50mm Grão 80 M14 G-80,Cortag
55043,Rebolo Diamantado 100x3mm,Carbografite
55045,Rebolo Diamantado 115mm Turbo,Nove54
55052,Rebolo Diamantado para Desbaste 115mm M14,Mtx
55059,Rebolo para Afiação de Brocas,Carbografite
55190,"Recartilha 3/4"" 0,50mm 30º Direito",Cabri
55194,"Recartilha 3/4"" 0,80mm 30º Direito",Cabri
55195,"Recartilha 3/4"" 0,80mm 30º Esquerdo",Cabri
55196,"Recartilha 3/4"" 1,00mm 30º Cruzado",Cabri
55197,"Recartilha 3/4"" 1,20mm 30º Direito",Cabri
55198,"Recartilha 3/4"" 1,00mm Reto",Cabri
55199,"Recartilha 3/4"" 1,20mm 30º Esquerdo",Cabri
55200,"Recartilha 3/4"" 1,50mm 30º Cruzado",Cabri
55201,"Recartilha 3/4"" 1,50mm 30º Direito (Ref RD-936)",Cabri
55202,"Recartilha 3/4"" 1,20mm Reto",Cabri
55203,"Recartilha 3/4"" 1,50mm 30º Direito (Ref RD-936B)",Cabri
55204,"Recartilha 3/4"" 1,50mm 30º Esquerdo",Cabri
55205,"Recartilha 3/4"" 2,00mm 30º Direito",Cabri
55206,"Recartilha 3/4"" 2,00mm Reto",Cabri
55207,"Recartilha 3/4"" 2,00mm 30º Esquerdo",Cabri
55208,"Recartilha 3/4"" 2,00mm 30º Cruzado",Cabri
55209,"Recartilha 3/4"" 1,50mm Reto",Cabri
55210,"Recartilha 3/4"" Passo 1,5mm Reta HSS Largura 10mm ESPECIAL",Cabri
55227,Redução para Bico para Hidropó,Schulz
55243,Refil Azul para Giz de Linha 227g,Irwin
55245,Refil para Secador de Ar Comprimido 1Kg,Metalplan
55247,Refil Vermelho para Giz de Linha 227g,IRWIN
55248,Refil para Secador de Ar Comprimido 3Kg AIR POINT AQUASORB,Metalplan
55280,Refratômetro Portátil 0 a 32% Brix com Temperatura Automática,Instrutherm
55284,Regador Plástico Preto 10 Litros,Nove54
55287,Regador Plástico Preto 5 Litros,Nove54
55289,Régua de Alumínio para Pedreiro 2m,Novo-Horizonte
55299,Régua em Aço Inox,Carbografite
55305,"Regulador de Ar 1/4""",Puma
55306,"Regulador de Pressão 1,5 Acetileno para Cilindros MD PLUS",Condor
55308,Regulador de Pressão 10 Nitrogênio para Cilindros MD PLUS,Condor
55311,Regulador de Pressão Acetileno para Cilindros,Condor
55312,Regulador de Pressão Argonio (Ref 410144),Condor
55314,Regulador de Pressão Argônio para Cilindro,Condor
55315,Regulador de Pressão CO2 para Cilindros Nacional MDN g 30 CO2,Condor
55316,Regulador de Pressão Argonio (Ref 410145),Condor
55317,Regulador de Pressão Argônio para Cilindros,Condor
55318,Regulador de Pressão CO2 para Cilindros Importado MDN g 30 CO2,Condor
55319,Regulador de Pressão G30 Argônio para Cilindros MD PLUS,Condor
55320,Regulador de Pressão G30 Dióxido de Carbono CO² para Cilindros MD PLUS,Condor
55322,Regulador de Pressão GLP/GN,Condor
55323,Regulador de Pressão GLP/GN para Cilindros 32MH HD S 4 GLP/GN,Condor
55324,Regulador de Pressão Nitrogenio para Cilindro HANDYGAS 10 NIT,Condor
55325,Regulador de Pressão GLP para Cilindro,Condor
55326,Regulador de Pressão Nitrogênio para Cilindro MDN 10 NIT,Condor
55327,Regulador de Pressão Oxigênio para Cilindro 115/54MH HANDYGAS 10 OX,Condor
55328,Regulador de Pressão Nitrogênio para Cilindros,Condor
55329,Regulador de Pressão Oxigênio para Cilindro 155/45MH HANDYGAS 10 OX,Condor
55330,Regulador de Pressão Oxigênio para Cilindros 107MH HD S 10 OX,Condor
55331,Regulador de Pressão Oxigênio para Cilindros (Ref 405132),Condor
55332,Regulador de Pressão Oxigênio para Cilindros (Ref 407782),Condor
55333,Regulador de Pressão para Cilindro HANDYGAS g 30 CO2,Condor
55334,Regulador de Pressão para Cilindros de Oxigênio,Condor
55335,Regulador de Pressão para Cilindros,Condor
55336,Regulador de Pressão para Cilindros 50 LPM HD g 50 ARG,Condor
55337,Regulador de Pressão para Cilindros de Oxigênio 155/54MH MD 10 OX,Condor
55338,Regulador de Pressão para Cilindros Nitrogênio HANDYGAS 10 NIT,Condor
55339,Regulador de Pressão para Cilindros Propano MD PLUS 4,Condor
55340,Regulador de Pressão para Colindros,Condor
55341,Regulador para Pressão Glp 45Kg HANDYGAS,Condor
55343,Regulador de Pressão para Gás Argônio MD g 30 ARG,Condor
55546,"Removedor de Ferrugem 5 Litros (Ref 890130261, Wurth)",Wurth
55549,Removedor de Ferrugem Quimox 20 Litros RA4,Tapmatic
55550,Removedor de Ferrugem Quimox Gel 3.4kg RB3,Tapmatic
55551,Removedor de Ferrugem Quimox Gel 850g RB2,Tapmatic
55552,Removedor de Ferrugem Ultrarápido Quimox 1 Litro RA2,Tapmatic
55553,Removedor de Ferrugem Ultrarápido Quimox 5 Litros RA3,Tapmatic
55554,Removedor de Ferrugem Ultrarápido Quimox 500ml RA1,QUIMATIC
55555,Removedor de Juntas 300ml 089016 300,Wurth
55560,Removedor de Resíduos Cimento/concreto 1 Litro,Wurth
55564,Removedor de Trincas Etapa 2,Carbografite
55565,Reservatório de Ar Vertical 500 Litros 13 Bar SCS 500,Schulz
55570,Resistência 4 Temperaturas 220V 7.500W,Lorenzetti
55571,Resistência Eletrônica 220V 7.500W,Lorenzetti
55572,Resistência Loren Ultra 3 Temperaturas 110V 5.500W,Lorenzetti
55574,Resistência Loren Ultra 3 Temperaturas 220V 5.500W,Lorenzetti
55575,Resistência para Aquecedor Versátil 110V 5.500W,Lorenzetti
55577,Retentor de Ferramentas Mosquetão CG01 ml,Carbografite
55578,Respirador de Fuga II EVADE,Air Safety
55632,"Retificadeira Brushless 1300W (2""/50mm) 220V",Dewalt
55644,"Retificadeira Pneumática Angular 1/4"" 22500 Rpm",Chicago
55646,"Retificadeira Pneumática Reta 1/4"" 24000 Rpm",Chicago
55647,"Retificadeira Reta 1/4"" 450W 25000RPM 220V",Dewalt
55652,Retificadora Diamantada HC 8'' 50x12.7mm,Steel Diamond
55656,Retificadora Diamantada hp 8'' 60x10mm,Steel Diamond
55657,Revelador de Trincas Etapa 3,Carbografite
55659,Retificadora Diamantada HC 12'' 50x12.7mm,Steel Diamond
55671,Riscador de Pisos e Azulejos 130X220mm,Irwin
55673,Riscador de Wídia para Serralheiro,Edus
55674,Riscador de Fórmica,Cortag
55680,Roçadeira À Gasolina 1.3CV 25CC 2 Facas 230mm FS 80 GSB,Stihl
55682,Roçadeira a Gasolina 1.3CV 25CC 2 Facas 230mm FS 85 GSB,Stihl
55683,Roçadeira À Gasolina 1.3CV 30.8 CC 3 Facas 300mm FS 300 DM,Stihl
55684,Roçadeira À Gasolina 1.6CV 40.2CC 3 Facas 300mm FS 350 DM,Stihl
55685,Roçadeira À Gasolina 1.9CV 30CC 3 Facas 300mm FS 160 DM,Stihl
55686,Roçadeira a Gasolina 1.9CV 30CC com 2 Facas 305MM FS 160 DM,Stihl
55687,Roçadeira À Gasolina 2.3CV 35CC 3 Facas 300mm FS 220 DM,Stihl
55688,Roçadeira À Gasolina 2.7CV 39CC 3 Facas 300mm FS 290 DM,Stihl
55689,Roçadeira À Gasolina Lateral 1.0CV 27CC 2 Facas 230mm FS 55 GSB,Stihl
55690,Roçadeira a Gasolina 2.0CV 40.2CC 3 Facas 300mm FS 380 DM,Stihl
55691,"Roçadeira À Gasolina Lateral 2.3CV 37,7CC 3 Facas FS 221-L DM",Stihl
55692,"Roçadeira À Gasolina Lateral 2CV 37,7CC 300mm 3 Facas FS 161-L DM",Stihl
55693,"Roçadeira À Gasolina Lateral 2.3CV 37,7CC 3 Facas FS 351-L DM",Stihl
55694,"Roçadeira À Gasolina Lateral 2.7CV 41,6CC 300mm 3 Facas FS",Stihl
55695,"Roçadeira À Gasolina Lateral Motor 3CV 45,6CC 2T 2-MIX 3 Facas 300mm FS 460-L DM",Stihl
55697,Roçadeira Elétrica 600W 127V FSE 60,Stihl
55698,Roçadeira Elétrica 600W 220V FSE 60,Stihl
55699,"Roçadeira Gasolina Costal 2,7CV 41,6CC 2T 2 Facas 260mm FR 410",Stihl
55700,"Roçadeira Gasolina Costal 2.7CV 41,6CC 2T 3 Facas 250mm FR 410 3 FACAS",Stihl
55701,"Roçadeira Gasolina Costal 2.7CV 41,6CC 2T Trimcut C 32-2 FR 410 TRIMCUT C 32-2",Stihl
55702,"Roçadeira Gasolina Lateral 2,7CV 41,6 CC 2T Trimcut 42-2 FS 291-L - TRIMCUT C 42-2",Stihl
55703,Roçadeira Gasolina Lateral 2.3CV 37.7CC 2T TRIMCUT 42-2 FS 221-L - TRIMCUT C 42-2,Stihl
55704,"Roçadeira Gasolina Lateral 2.3CV 37,7CC 2T 2 Facas 305mm FS 221-L DM",Stihl
55705,"Roçadeira Gasolina Lateral 2.7CV 41,6CC 2T 2 Facas 305mm FS 291-L DM",Stihl
55707,"Roçadeira Gasolina Lateral 3CV 45,6CC 2T Trimcut 42-2 FS 460-L - TRIMCUT C 42-2",Stihl
55709,Roçadeira Lateral À Gasolina 1.0CV 27CC 2T com 2 Facas FS 55R GSB,Stihl
55711,"Roçadeira Gasolina Lateral 2CV 37,7CC 2T TRIMCUT C 42-2 FS 161-L - TRIMCUT C 42-2",Stihl
55721,Roda Cortadora para Corta Tubos de Aço (Ref E-1032),Ridgid
55722,Roda Cortadora para Corta Tubos de Aço e Ferro,Ridgid
55723,Roda Cortadora para Corta Tubos de Aço (Ref E-2191),Ridgid
55724,Roda Cortadora para Corta Tubos de Aço (Ref F-229),Ridgid
55725,Roda Cortadora para Corta Tubos de Aço F-3,Ridgid
55726,Roda Cortadora para Corta Tubos de Aço (Ref F-366),Ridgid
55727,Roda Cortadora para Corta Tubos de Aço (Ref F-546),Ridgid
55728,Roda Cortadora para Corta Tubos de Alumínio,Ridgid
55729,Roda Cortadora para Corta Tubos de Alumínio e Cobre,Ridgid
55730,Roda Cortadora para Corta Tubos de Cobre e Alumínio,Ridgid
55731,Roda Cortadora para Corta Tubos de Inox (Ref E-1032S),Ridgid
55732,Roda Cortadora para Corta Tubos de Inox F-3S,Ridgid
55733,"Roda Cortadora para Rosqueadeira Até 4""",Merax
55734,Roda Cortadora para Corta Tubos de Inox (Ref E-4546),Ridgid
55736,Roda Cortadora para Corta Tubos de Inox (Ref F-229S),Ridgid
55745,Roda de Borracha Elástica 150x38mm,Tellure
55747,Roda de Borracha Elástica 150x50mm 300Kg com Rolamento,Tellure
55748,Roda de Corte de Aço Inoxidável E635 35S,Ridgid
55751,"Roda de Ferro Fundido 4"" Eixo 3/4""",Marcon
55752,"Roda de Ferro Fundido 6"" Fixa e Giratória",Marcon
55826,Roda em Poliuretano 150x38mm,Tellure
55827,Roda em Poliuretano 150x38mm 175Kg com Rolamento,Tellure
55830,Roda em Poliuretano 150x48mm 400Kg com Rolamento,Tellure
55839,"Roda Maciça 12"" Rolete Aro de Aço RM-6",Marcon
55840,"Roda Maciça 4"" Chapa de Aço 60kg",Marcon
55841,"Roda Maciça 14"" com Rolete e Aro",Marcon
55842,"Roda Maciça 10"" Aro de Borracha",Marcon
55843,"Roda Maciça 8"" Rolamento e Aro",Marcon
55844,"Roda Maciça 9"" Rolete/aro Chapa de Aço",Marcon
55845,"Roda Maciça de Ferro 3.1/4"" Eixo 3/4""",Marcon
55846,"Roda Maciça de Ferro Fundido 3"" Eixo 3/4""",Marcon
55847,"Roda Maciça de Ferro 2 1/4"" Eixo 1/2""",Marcon
55854,Roda Nylon 125x38mm,Tellure
55856,Roda Nylon 150x38mm,Tellure
55857,Roda Nylon 125x48mm,Tellure
55861,"Roda Pneu/câmara 3,25 X 8"" e Rolamento Alumínio",Marcon
55863,Roda Pneumática 3.25x8 Rolete/aro Chapa Aço,Marcon
55865,Roda Pneumática 3.50x8 Rolete/aro Chapa de Aço,Marcon
55866,"Roda Pneumática 3,5x8"" com Rolamento de Esferas",Marcon
55867,Roda Poliuretano TR 100x50mm 600Kg com Rolamento,Tellure
55868,"Roda Poliuretano 4.1/2"" Eixo 3/4""",Marcon
55869,Roda Poliuretano TR 125x38mm 450Kg com Rolamento,Tellure
55870,Roda Poliuretano TR 125x50mm,Tellure
55871,Roda Poliuretano TR 125x50mm 650Kg com Rolamento,Tellure
55872,Roda Poliuretano TR 150x38mm,Tellure
55899,"Rodízio Fixo 4"" sem Freio Poliuretano",Marcon
55914,"Rodízio Fixo Nylon sem Freio 6.5/8"" X 50mm",Marcon
55915,"Rodízio Fixo sem Freio 3"" Borracha 40kg",Marcon
55916,"Rodízio Fixo sem Freio 4"" Borracha 88kg",Marcon
55917,"Rodízio Fixo sem Freio 5"" Poliuretano",Marcon
55918,"Rodízio Fixo sem Freio 6"" Poliuretano",Marcon
55919,"Rodízio Fixo sem Freio 6"" Borracha",Marcon
55986,"Rodízio Giratório com Freio 4"" 76x56 Borracha 88kg",Marcon
55987,"Rodízio Giratório com Freio 6"" Borracha",Marcon
55988,"Rodízio Giratório com Freio 4"" 80x60 Borracha 60kg",Marcon
55990,"Rodízio Giratório com Freio 6"" Poliuretano",Marcon
55992,"Rodízio Giratório de Poliuretano 6""",Marcon
56002,"Rodízio Giratório Nylon sem Freio 6.5/8"" X 50mm",Marcon
56003,Rodízio Giratório Pesado Borracha Placa 150x50mm,Tellure
56004,Rodízio Giratório Pesado Borracha Placa 125x50mm,Tellure
56005,"Rodízio Giratório sem Freio 4"" Poliuretano",Marcon
56006,"Rodízio Giratório Pesado de Poliuretano 4"" 180Kg com Freio",Marcon
56007,Rodízio Giratório Pesado Placa 200x50mm 400Kg Borracha Elástica,Tellure
56008,"Rodízio Giratório sem Freio 3"" Borracha 40kg",Marcon
56009,"Rodízio Giratório sem Freio 5"" Poliuretano",Marcon
56011,Rodízio Leve Giratório 100x28mm Placa 90Kg Borracha com Freio,Tellure
56018,Rodo de Borracha para Hidropó,Schulz
56076,rolo de Espuma 5cm com Suporte,Dragon
56077,rolo de Espuma 23cm sem Suporte,Nove54
56078,rolo de Espuma para Pintura 15cm com Suporte 1341,Tigre
56079,rolo de Espuma para Pintura 15cm com Suporte,Nove54
56080,rolo de Espuma com Suporte 23cm,Castor
56081,rolo de Espuma para Pintura 23cm sem Suporte Cinza 1340,Tigre
56083,rolo de Espuma para Pintura 5cm com Suporte 1341,Tigre
56084,rolo de Espuma para Pintura 5cm com Suporte,Nove54
56086,rolo de Espuma para Pintura 9cm com Suporte,Nove54
56089,rolo de Lã 5cm com Suporte,Dragon
56090,rolo de Lã de Carneiro para Pintura 23cm sem Suporte 1316,Tigre
56091,rolo de Lã para Pintura 15cm com Suporte,Nove54
56093,"rolo de Lã para Pintura 23cm sem Suporte (Ref 6241660023, Nove54)",Nove54
56096,"rolo de Lã para Pintura 9cm com Suporte (Ref 6241660009, Nove54)",Nove54
56097,"rolo de Lã para Pintura 5cm com Suporte (Ref 6241660005, Nove54)",Nove54
56098,rolo de Lã Poliamida 9cm Antigotas,Atlas
56100,rolo de Lã Poliamida Antigota 15cm,Atlas
56101,rolo de Lã Sintética Anti Gota 9cm,Roma
56102,rolo de Lã Sintética Antirrespingo Econômico 23cm 1376,Tigre
56103,rolo de Lã Sintética Anti Gota 15cm,Roma
56104,rolo de Lã Sintética para Pintura 23cm com Suporte 1313,Tigre
56120,rolo de Pintura Antigotas Poliamida 23cm,Atlas
56122,rolo de Pintura em Lã Sintética 23cm com Suporte,Castor
56124,rolo para Pintura de Lã de Carneiro 15cm com Suporte 1383,Tigre
56126,rolo para Pintura de Lã de Carneiro 9cm com Suporte 1383,Tigre
56127,rolo para Pintura de Lã Sintética 9cm 1366,Tigre
56130,rolo para Pintura de Poliéster 9cm com Suporte 1341,Tigre
56131,rolo Pele de Carneiro para Pintura 23cm 1328,Tigre
56132,"Rosca Postiça Helicoil m 5,00 X 0,80 X 1,5D 33073 HT",Ht
56133,"Rosca Postiça Helicoil M12 X 1,75 X 1,5D 33077 HT",Ht
56134,Rosca Postiça Helicoil M10 X 1.5 X 1.5D 33076 HT,Ht
56135,"Rosca Postiça Helicoil M6 X 1,0 X 1,5D 33074 HT",Ht
56136,"Rosca Postiça Helicoil M8 X 1,25 X 1,5D 25 Peças 33075 HT",Ht
56137,"Rosca Postiça UNC 5/8"" 2XD Helicoil",Bollhoff
56138,"Roseta para Retificar 1.3/4"" X 3/8"" com 16 Peças NR 30",Bertel
56140,"Roseta para Retificar 1.1/2"" X 1/4"" com 4 Peças NR 22",Bertel
56142,"Rosca Postiça UNC M16 X 2 com 14 Peças 95,0030",Rocast
56143,"Roseta para Retificar 1.1/8"" X 1/4"" com 4 Peças NR 20",Bertel
56144,"Rosqueadeira Elétrica 1/2"" a 2"" 2000W 220V",Ferrari
56145,"Rosqueadeira Elétrica 1/2"" a 2"" 2300W Portátil 220V MX - 02D",Merax
56146,"Rosqueadeira Elétrica 1/2"" a 2"" 750W 220V Monofásico Z1T- R2 a",Merax
56147,Rosqueadeira Elétrica 1/2'' a 2'' BSPT 220V,Ridgid
56149,"Rosqueadeira Elétrica 1/2"" a 2"" BSPT 750W Monofásico 220V Z1T- R2",Merax
56150,"Rosqueadeira Elétrica 1/2"" a 4"" 750W Monofásica 220V",Merax
56151,"Rosqueadeira Elétrica 1/2"" a 4"" BSPT 220V 1224",Ridgid
56152,"Rosqueadeira Elétrica 1/2"" a 4"" BSPT 220V ROPOWER 1100",Rothenberger
56153,"Rosqueadeira Elétrica Profissional BSP 1/2"" a 2"" 900W 220V",Ferrari
56154,"Rosqueadeira Elétrica 1/2"" a 4"" NPT 220V 1224",Ridgid
56155,"Rosqueadeira Elétrica Industrial 1/2"" a 4"" BSP 110/220V RE-4",Ferrari
56156,"Rosqueadeira Elétrica Profissional BSP 1/2"" a 4"" 900W 220V",Ferrari
56157,Rosqueadeira Pneumática 12mm,Puma
56158,Rosqueadeira Pneumática Vertical/horizontal 1.000W,Manrod
56159,Rugosímetro Digital Portátil Surft,Mitutoyo
56160,"Rosqueadeira Portátil Elétrica 1/2"" a 1.1/4"" 1800W 220V",Merax
56161,Rugosímetro Portátil Digital Surft SJ220 4MN (pol-mm),Mitutoyo
56162,Rugosímetro Portátil Standard Drive mm 120V Surft,Mitutoyo
56163,Sabonete Líquido Desengraxante Esfoliante Citric Power,Nutriex
56164,Sabonete Líquido Desengraxante Esfoliante Citric Power 4 Litros,Nutriex
56165,Sabre 12'' 30cm 1.1mm 0.043'' 3/8'' para,Stihl
56166,Sabre 13'' 33cm 1.6mm 0.63'' 3/8'',Stihl
56167,Sabre 13'' 32cm 1.6mm 0.63'' 325'',Stihl
56168,Sabre 14'' 35cm 1.3mm 0.050'' 3/8'' para,Stihl
56169,Sabre 16'' 40cm 1.6mm 0.063'' 3/8'' para,Stihl
56170,Sabre 14'' 35cm 1.1mm 0.043'' 3/8'',Stihl
56171,Sabre 16'' 40cm 1.6mm 0.063'' 325'',Stihl
56172,Sabre 16'' para Motosserra 40cm 1.3mm/0.05'' 3/8'' ROLLOMATIC e,Stihl
56173,"Sabre 4'' 10cm 1.1mm/0.043""",Stihl
56174,"Sabre 30"" 75cm 1.6mm/0.63"" 3/8"" MS064/066/650/660 DUROMATIC",Stihl
56175,Sabre 20'' para Motosserra 50cm 1.6mm/0.065'' 3/8'' ROLLOMATIC ES,Stihl
56176,Sabre 20'' 50cm 1.6mm 0.063'' 3/8'' para,Stihl
56177,Saca Filtro com Cinta Pequena,Lupus
56183,Saca Filtro de Cinta Grande para Caminhões e Vans 100-110mm 770,Jactoil
56184,Saca Filtro de Cinta Grande,Lupus
56185,Saca Filtro de Cinta Borracha Extra Grande,Lupus
56186,Saca Filtro de Cinta Média,Lupus
56187,"Saca Filtro de Combustível com Encaixe de 1/2"" 80 mm",Raven
56211,Saca Filtro Secador de Ar para Sistema de Freios com Abertura 127 a,Raven
56487,Saco de Bloqueio de Plugue Elétrico Grande 110/460V SBPG,Tagout
56490,Saída para Perfilado 38x38mm Chapa n°14 PG,Cemar
56494,Sacola para Kit EPI e EPC,Carbografite
56496,Sangrador de Freios por Controle Manual,Planatc
56497,Sapato de Segurança Bidensidade Elástico sem Bico N°38,U-Safe
56499,Sapato de Segurança Bidensidade Elástico sem Bico N°39,U-Safe
56500,Sapato de Segurança com Cadarço com Bico de PVC CA,Bracol
56501,Sapato de Segurança com Elástico Couro Preto Bico Composite CA,Bracol
56502,Sapato de Segurança com Elástico Microfibra Preto Bico Composite CA,Bracol
56503,Sapato de Segurança de Amarrar com Bico de Aço Vaqueta CA,Bracol
56504,Sapato de Segurança Preto com Elástico Bico de Aço,Bracol
56505,Sapato de Segurança Preto com Cadarço e Bico de Aço,Bracol
56506,Sapato de Segurança Couro Sola Poliuretano Cadarço CA,Bracol
56507,Sapato de Segurança de Amarrar Solado Poliuretano CA,Bracol
56508,Sapato de Segurança Preto com Elástico de Bico PVC CA,Bracol
56509,Sapato de Seguranca PU com Bico de PVC Vaqueta,Bracol
56510,Sapato de Segurança Preto PU com Elástico com Bico de PVC CA,U-Safe
56511,Sapato de Segurança PU Elástico com Bico de PVC,Bravo
56512,Sapato de Segurança PU com Bico de Aço CA,Bracol
56513,Sapato de Segurança PU Preto com Bico de PVC CA,Bracol
56514,Scanner Automotivo Injeção Eletrônica com Tablet,Raven
56516,Scanner Automotivo Injeção Eletrônica sem Tablet,Raven
56518,Secador Air Point 16 Pcm para Ponto de Uso AIR POINT,Metalplan
56519,Secador de Ar 20 Pcm para Ponto de Uso D4,Metalplan
56520,Secador de Ar 20pcm 10 Graus 220V,Metalplan
56521,Secador de Ar 10pcm para Ponto de Uso AIR POINT MINI,Metalplan
56522,Secador de Ar 32 Pcm para Ponto de Uso D6,Metalplan
56523,Secador de Ar 40 Pcm com Pré e Pós Filtro 10 Graus 220V,Metalplan
56524,Secador de Ar 110 Pcm com Pré e Pós Filtro 10 Graus 220V,Metalplan
56525,Secador de Ar 40pcm com Pré e sem Pós Filtro 220V SRS 40 COMPACT,Schulz
56526,Secador de Ar 6pcm para Ponto de Uso TOTALPOINT,Metalplan
56527,Secador de Ar 70 Pcm com Pré e Pós Filtro 10 Graus 220V,Metalplan
56528,Secador de Piso 520W 1400RPM 220V AB 30,Karcher
56529,Segurador Magnético para Pendurar Multímetros TPAK,Fluke
56554,Separador de Ar e Oléo,Metalplan
56559,Seringa 10ml Transparente Caixa com 40,Loctite
57410,"Serrote Profissional 12""",Stanley
57425,Serrote Jack Fest 22'',Irwin
57434,"Serrote para Gesso Drywall 6""",Stanley
57436,Serrote para Poda de 180 mm Dobrável,Robust
57449,"Serrote Profissional 22""",Stanley
57451,"Serrote Profissional 24""",Stanley
57457,Silicone Acético 270gr Transparente Insdustrial SI 595,Loctite
57458,Silicone Acético 270gr Transparente Uso SI 585 CLEAR,Loctite
57459,Silicone Acetico 55gr Alta Temperatura Vermelho SI 501,Loctite
57460,Silicone Acetico Alta Temperatura Vermelho 300 g SUPERFLEX,Loctite
57461,Silicone Acético Cinza Uso 280ml SIKASIL IA,Sika
57462,Silicone Acético de Uso 280ML Branco SIKASIL IA,Sika
57463,Silicone Bicomponente Cinza Alta Temperatura A&B 400ml 5607,Loctite
57464,Silicone Acético para Altas Temperaturas 310g 5943,Loctite
57465,Silicone Acético Transparente 50g SUPERFLEX 585,Loctite
57466,Silicone de Vedação Neutro Cinza 85 Gramas 5699,Loctite
57467,Silicone Bicomponente para Altas Temperaturas A&B 5615,Loctite
57468,Silicone Gel 200g Automotivo 5986134061 w,Wurth
57469,Silicone Neutro 70gr Cobre Alta Temperatura SI 5920 COPPER,Loctite
57470,Silicone Neutro Branco 280ml SIKASIL IN,Sika
57471,Silicone Neutro Cinza 280ML SIKASIL IN,Sika
57472,Silicone Neutro Transparente 280ml SIKASIL IN,Sika
57473,Silicone para Vedação Neutro Black 80g SUPERFLEX MAXX,Loctite
57480,Silicone Vedante Acético Transparente 300g SUPERFLEX 595,Loctite
57481,Silicone Vedante Acético Transparente 280g SUPERFLEX 585,Loctite
57482,Silicone Vedante Oximico Preto 390g 598,Loctite
57483,Silicone Vedante Neutro Transparente 300g SUPERFLEX NEUTRO,Loctite
57484,Silicone Vedante para Altas Temperaturas 55g 5920 COOPER,Loctite
57486,Silicone Vedante para Altas Temperaturas Cobre 300g 5920 COOPER,Loctite
57488,Sinalização de Saída Verde Bivolt,Segurimax
57492,Sistema Alinhamento Laser TKSA 71,Skf
57493,Sistema Alinhamento Laser TKSA 41,Skf
57495,Sistema de Alinhamento Laser TKSA 11,Skf
57496,Sistema de Filtragem Bio-circle Auto Care 55Z963 BIO-CICLE AUTO CARE,Walter Abrasivos
57497,Sistema de Movimentação 150KG,Cortag
57498,Starter 30CV 85A Trifásico 220V(220-575V),Weg
57499,Solução Neutralizante Surfox-n 5 Litros,Walter Abrasivos
57500,Software para Instrumentos Diversos Equipamentos,Instrutherm
57502,Sonda de Câmera Articulada Bidirecional 4.5mm X 1m,Flir
57503,Sonda de Articulação 4 Vias 3.9mm X 2m,Flir
57504,Sonda de Câmera 5.5mm X 1m 640x480 Pixels P/boroscopio VS80,Flir
57505,Sonda de Câmera Articulada de Quatro Vias P/VS80 30 Metros,Flir
57506,Sonda de Câmera Dupla 4.9mm X 1m,Flir
57508,Sonda de Câmera Térmica 160x160 Pixels P/boroscope,Flir
57510,Sonda de Câmera HD 5.5mm X 1m,Flir
57511,Sonda de Temperatura Tipo K -40 a 1090ºC Imersão Suregrip,Fluke
57512,Sonda de Temperatura Tipo K de Superfície Industrial Suregrip -80PK-27,Fluke
57513,Sonda de Rodapé para Medidores de Umidade MR09,Flir
57514,Sonda de Vácuo Externa para Manifold Digital 0638 1557,Testo
57517,Sonda Digital Pro 200,Fluke
57518,Sonda para Termovisor 160x120 Pixels 19mm X 2m,Flir
57519,Sonda Magnética T/C 10 N -50 a 400°C 0602 4892,Testo
57521,Sonda Temperatura Tipo l -200 a 670ºC 1.8MT,Fluke
57522,Sonda para Termovisor 160x120 Pixels 19mm X 1m,Flir
57523,Sonda Termopar com Adaptador para Cm44 Dm285 Tg56 TA60,Flir
57525,Sonda Tipo Pinça P/temperatura em Tubos 6 a 35mm 0613 5505,Testo
57526,Soprador de Folhas 1000W 66M/S 670M3/H BGE 71,Stihl
57530,Soprador de Folhas a Gasolina 60M/S 1.0CV 27.2CC BG 50,Stihl
57531,Soprador de Folhas À Gasolina 1.0CV 27.2CC 730M3/H BG 56,Stihl
57532,Soprador de Folhas À Gasolina 1.1CV 27CC 810M3/H BG,Stihl
57533,Soprador de Folhas a Gasolina Costal 2.0CV 63CC 1300M/H BR 430,Stihl
57534,Soprador de Folhas Costal À Gasolina 3.5CV 56CC 1260M/H BR 420,Stihl
57535,Soprador de Folhas a Gasolina Costal 3.2CV 79.9CC BR 800,Stihl
57536,Soprador de Folhas Costal À Gasolina 4.0CV 65CC 1720M/H BR 600 MAGNUM,Stihl
57544,Soprador Térmico 1500W 110V,Gamma
57546,"Soprador Térmico 1500W (Ref 300/550C, Gamma)",Gamma
57547,"Soprador Térmico 1500W (Ref 400/540C, Black Decker)",Black Decker
57549,Soprador Térmico 1600W 220V,Steinel
57550,Soprador Térmico 1800W 50/600C com 5 Acessórios e Maleta,Black Decker
57563,Soprador Térmico 2000W 220V,Steinel
57566,Soprador Térmico 2000W 600°C 220V,Hikari
57575,Soprador Térmico com Acessórios 929.00,Schulz
57576,Soprador Térmico com Maleta e Acessórios,Gamma
57577,Soprador Térmico com Bico 1800W,Skil
57578,Soprador Térmico,Dewalt
57580,Soprador Térmico Digital 2000W 220V,Steinel
57583,Soprador Térmico Digital 2000W 50/600C 220V,Dewalt
59627,Sulcador Altura Variável para,Toyama
59631,Super Fluido de Corte para Metais de Alta Dureza 500ml NR-3 BIO,Tapmatic
59632,Super Fluido 3 para Corte de Metais de Alta Dureza Biodegrádavel 5L NR,Tapmatic
59634,Super Jogo Fixo Flex com 26 Peças 1-A,Tapmatic
59636,Super Fluido de Corte Sintético Ecológico 20 Litros NR,Tapmatic
59637,Super Jogo Fixo Flex Bicos Redondos com 4 Peças 3-A,Tapmatic
59642,Suporte 4x2 1 Modulo Vertical Branco,Pial
59645,Suporte Branco 4x2 3 Módulos 6121 22,Pial
59646,Suporte Branco 4x4 6 Módulos,Pial
59653,Suporte com 2 Pateleiras PACKOUT,Milwaukee
59655,Suporte com Visor em Policarbonato Verde,Carbografite
59662,Suporte de Apoio com Rolete 3em 1,Toughbuilt
59663,Suporte de Apoio com Rolos,Toughbuilt
59674,Suporte de Motor Até 600Kg Móvel,Bovenau
59681,Suporte de Rosca Interna,Vargus
59683,Suporte de Torneamento Externo 20x20 - WNMG06 Direito,Blacktools
59684,Suporte de Torneamento Externo 20x20 CNMG12 Esquerdo,Blacktools
59686,Suporte de Torneamento Externo 2525 - VCMT16 Neutro,Blacktools
59687,Suporte de Torneamento Externo 25x25 - VCMT16 Esquerdo,Blacktools
59688,Suporte de Torneamento Interno S40 - WNMG08 Direito,Blacktools
59699,Suporte Externo 2525 - DNMG15 Esquerdo,Blacktools
59700,Suporte Externo 1616 - WNMG06 Direito,Blacktools
59701,Suporte Externo 2525 - SNMG12 Direito,Blacktools
59702,Suporte Externo 2525 - RCMT12 Direito,Blacktools
59703,Suporte Externo 2525 - VNMG16 Direito,Blacktools
59704,Suporte Externo 2525 - VCMT11 Direito,Blacktools
59705,Suporte Giratório para Conjunto Motor e Câmbio com 4 e 6 Cilindros,Raven
59706,Suporte Externo 3232 - SNMG15 Esquerdo,Blacktools
59707,Suporte Guincho de Coluna,Maqtron
59709,Suporte Externo 3232 - VCMT16 Direito,Blacktools
59710,Suporte Guincho Coluna 200/400/600 kg,Maqtron
59711,Suporte Externo 3232 - CNMG19 Esquerdo,Blacktools
59714,Suporte Inferior para Apoiar Motor Câmbio,RAVEN
59716,Suporte Interno A12 - DCMT07 Direito,Blacktools
59717,Suporte Interno A16 - TCMT11 Direito,Blacktools
59718,Suporte Interno de Ferramentas,Vargus
59719,Suporte Interno (Ref NVR10-2),Vargus
59721,Suporte Interno S20 - CCMT09 ESQUERDO,Blacktools
59722,Suporte Interno (Ref NVR16-3),Vargus
59723,Suporte Interno S20 - TCMT11 Direito,Blacktools
59724,Suporte Interno S25 - VCMT16 Esquerdo,Blacktools
59725,Suporte Interno S20 - WNMG06 Esquerdo,Blacktools
59726,Suporte Interno S32 - CNMG12 Esquerdo (Ref S32UCCLNL12),Blacktools
59727,Suporte Interno S32 - SNMG12 Direito,Blacktools
59728,Suporte Interno S32 - TCMT16 Direito,Blacktools
59729,Suporte Interno S25,Blacktools
59730,Suporte Interno S32 - TCMT16 Esquerdo,Blacktools
59731,Suporte Interno S32 - CNMG12 Esquerdo (Ref S32UPCLNL12),Blacktools
59732,Suporte Interno S40 - CNMG12 Esquerdo,Blacktools
59733,Suporte Interno S32 - WNMG06 Direito,Blacktools
59734,Suporte Magnético Coluna Flexível 250 X,Mitutoyo
59735,Suporte Interno S40 - WNMG06 Direito,Blacktools
59736,Suporte Interno S40 - VCMT16 Direito,Blacktools
59737,Suporte Magnético Articulado,Mitutoyo
59738,Suporte Magnético Articulado com Travamento Mecânico,Mitutoyo
59740,Suporte Magnético com Ajuste Fino 190mm 270.240,Digimess
59741,Suporte Magnético Coluna Reta com Ajuste Fino,Mitutoyo
59742,Suporte Magnético com Braço Articulado e Ajuste Fino,Mitutoyo
59743,Suporte Magnético com Ajuste Fino,Insize
59744,Suporte Magnético com Coluna Articulada e Travamento Mecânico Raio de Alcance,Mitutoyo
59745,Suporte Magnético com Coluna Articulada 270.240B,Digimess
59746,Suporte Magnético com Coluna Articulada,Insize
59748,Suporte Magnético Flexível 50x60x55mm 430mm 270.243,Digimess
59749,Suporte Magnético Hidráulico 435mm 270.241,Digimess
59750,Suporte Magnético Hidráulico 230mm 270.239,Digimess
59757,Suporte Magnético sem Ajuste Fino,Insize
59758,Suporte Magnético sem Ajuste Fino 150mm X,Mitutoyo
59759,Suporte Magnético sem Ajuste Fino 230mm 506.600,Kingtools
59764,"Suporte Móvel para Reparação de Motores, Caixas de Transmissão e Diferenciais",Raven
59770,Suporte para Bedame Frontal 25x25 ES 4mm GX16 Esquerdo,Walter
59771,Suporte para Bedame Frontal 25x25 ES 4mm GX24 Esquerdo,Walter
59772,Suporte para Bedame Externo 3232 ES 8mm,Walter
59773,Suporte para Bedame Frontal 25x25 ES 5mm GX24 Esquerdo,Walter
59788,Suporte para Lâmina de Canal Profundo,Walter
59789,Suporte para Fixação do Motor Até 4 Cilindros,Raven
59792,Suporte para Furadeiras Elétricas,Ferrari
59800,Suporte para Micrômetros de Até 100mm 300.002,Digimess
59801,Suporte para Moto Esmeril e Politriz,Manrod
59802,Suporte para Painel 60mm,Marcon
59803,Suporte para Painel 85mm,Marcon
59804,Suporte para Painel de Ferramentas 35mm,Marcon
59805,Suporte para Painel de Ferramentas 50mm,Marcon
59806,Suporte para Painel de Ferramentas 45x35mm,Marcon
59807,Suporte para Painel de Ferramentas 55x55mm,Marcon
59809,Suporte para Perfuratriz,Merax
59813,Suporte para rolo de Estanho,Hikari
59816,Suporte para rolo de Pintura em Aço Galvanizado 23cm 1301,Tigre
59829,Suporte para Sustentação de Motores de Automóveis,Raven
59831,Suporte para Torneamento Externo 20x20 - VNMG16 Neutro,Blacktools
59833,Suporte para Torneamento Externo 2525 - CNMG12 Direito,Blacktools
59834,Suporte para Torneamento Externo 2525 - DNMG15 Esquerdo,Blacktools
59835,Suporte para Torneamento Externo 25x25 - WNMG08 Esquerdo,Blacktools
59836,Suporte para Torneamento Externo 3232 - TNMG16 Direito,Blacktools
59837,Suporte para Torneamento Externo 3232 - WNMG08 Direito,Blacktools
59838,Suporte para Torneamento Interno S06 - CCMT06 Esquerdo,Blacktools
59839,Suporte para Torneamento Interno S12 - CCMT06 Esquerdo,Blacktools
59840,Suporte para Torneamento Interno S08 - CCMT06 Esquerdo,Blacktools
59841,Suporte para Torneamento Interno S25 - WNMG08 Direito,Blacktools
59842,Suporte para Torneamento Interno S25 - DCMT11 Esquerdo,Blacktools
59843,Suporte para Torneamento Interno S25 - WNMG06 Esquerdo,Blacktools
59844,Suporte para Tornear Exerno 2525 VCMT16 Direito,Walter
59845,Suporte para Tornear Externo 1616 VCMT11 Direito,Walter
59846,Suporte para Tornear Externo 2020 Esquerdo,Walter
59847,Suporte para Tornear Externo 2020 Direito,Walter
59848,Suporte para Tornear Externo 2020 CNMG12 Esquerdo,Walter
59849,Suporte para Tornear Externo 2525 CNMG12 Esquerdo,Walter
59850,Suporte para Tornear Externo 3225 RCMT12 Neutro,Walter
59851,Suporte para Tornear Interno A25 WNMG08 ESQUERDO com Refrigeração,Walter
59852,Suporte para Trilho TST M5 1286600000 WEIDMULLER CONEXEL,Conexel Weidmuller
59853,Suporte para Troca de Ferramentas (Ref LD-BT40),Btfixo
59854,Suporte para Troca de Ferramentas (Ref LD-BT50),Btfixo
59857,Suporte Rosca Externa (Ref AL16-3),Vargus
59858,Suporte Rosca Externa (Ref SNVR10U-5L),Vargus
59859,Suporte Rosca Interna 13mm,Vargus
59863,Suporte Tornear Externo 1212 - SNMG09 Neutro,Blacktools
59865,Suporte Tornear Externo 2525 - RCMT10 Esquerdo,Blacktools
59867,Suporte Tornear Interno S20 WNMG06 Direito,Blacktools
59874,Suspensório Universal para Serviços Pesados,Toughbuilt
59882,Tacômetro Digital Foto/contato,Hikari
59883,Tacômetro Digital Portátil 460,Testo
59884,Tacômetro Digital sem Contato -930,Fluke
59886,Tacômetro Digital Portátil para Medições com e sem Contato 931,Fluke
59888,Talabarte de Posicionamento Ajustável 2 Metros,Carbografite
59889,"Talabarte de Posicionamento Ajustável 2,00 Metros 010472210 CG 252",Carbografite
59890,"Talabarte de Posicionamento Ajustável 2,00 Metros 010581710 CG 254",Carbografite
59891,Talabarte de Posicionamento com Trava Dupla CG 251,Carbografite
59892,"Talabarte Duplo em Y 1,33 Metros 010644710 CG 399D",Carbografite
59893,"Talabarte Duplo em Y 1,42 Metros 010402110 CG 396",Carbografite
59894,"Talabarte Duplo em Y 1,45 Metros 010480810 CG 393",Carbografite
59895,Talabarte Duplo em Y Fita para Aramida Mosquetão Trava Dupla+absorvedor CG 398K,Carbografite
59896,"Talabarte Duplo em Y 1,53 Metros 010480510 CG 397",Carbografite
59897,"Talabarte Duplo em Y Poliamida 1,33 Metros com Trava Dulpla 010422610 CG 331Y",Carbografite
59898,"Talabarte Duplo em Y Para-aramida 1,33 Metros 010527110 CG 394K",Carbografite
59899,"Talabarte Duplo I em Poliéster Retardante a Chamas 1,31 Metros 010664410 CG 346D",Carbografite
59900,"Talabarte Duplo Y em Poliéster com Trava Dupla 1,34 Metros 010480710 CG 392",Carbografite
59901,"Talabarte Duplo Y em Poliéster com Trava Dupla 1,43 Metros 010349210 CG 390",Carbografite
59903,"Talabarte Simples em Poliéster com Trava Dulpa Roscada 0,90 Mt 010501110 CG",Carbografite
59904,"Talabarte em Corda Poliamida 1,71 Metros 010435410 CG 331C",Carbografite
59905,"Talabarte em Y de Poliester com Absorvedor de Energia 1,40M",Vicsa
59906,"Talabarte Simples em Poliéster com Trava Dulpa 0,90 Mt 010664610 CG",Carbografite
59907,"Talabarte Simples em Poliéster com Trava Dupla 1,28 Metros 010480610 CG",Carbografite
59908,Talabarte Y com Mosquetão Trava Dupla + Absorvedor CG 395,Carbografite
59924,Talha de Corrente Manual 1000KG X 3MTS 622B,Yale
59926,Talha de Corrente Manual 1000KG X 5MTS 622B,Yale
59927,Talha de Corrente Manual 3000KG X 3MTS 622B,Yale
59928,Talha de Corrente Manual 3000KG X 5MTS 622B,Yale
59929,Talha de Corrente Manual 2000KG X 3MTS 622B,Yale
59930,Talha de Corrente Manual 2000KG X 5MTS 622B,Yale
59931,Talha de Corrente Manual 5000KG X 5MTS 622B,Yale
59932,Talha de Corrente Manual 500KG X 5MTS 622B,Yale
59933,Talha de Corrente Manual 500KG X 3MTS 622B,Yale
59934,"Talha Elétrica de Corrente 2000KG X 6,00 Metros Trifásico 380V 75000643 MVC 2T",Csm
59935,"Talha Elétrica de Corrente 2000KG X 6,00 Metros Trifásico 220V 75001482 MVC 2T",Csm
59936,Talha Manual 10000kg X 5 Metros BS Super,Berg Steel
59937,Talha Manual 1.000kg X 3metros COMPACTA NT,Berg Steel
59939,Talha Manual 1000Kg X 10 Metros COMPACTA NT,Berg Steel
59940,Talha Manual 1000kg X 3 Metros 8143,Robur
59943,Talha Manual 1000Kg X 5 Metros TC 1000,Csm
59944,Talha Manual 1000kg X 5m COMPACTA NT Uso Profissional,Berg Steel
59945,Talha Manual 1000kg X 6 Metros 8143,Robur
59946,Talha Manual 2000 kg X 5 Metros COMPACTA NT,BERG STEEL
59947,Talha Manual 1500Kg X 5 Metros COMPACTA NT8,Berg Steel
59948,Talha Manual 1500Kg X 3 Metros COMPACTA NT8,Berg Steel
59949,Talha Manual 2 Toneladas Elevação de 5 Metros TC 2000,Csm
59950,Talha Manual 2000kg X 10 Metros COMPACTA NT,Berg Steel
59952,Talha Manual 2000kg X 3 Metros 8143,Robur
59953,Talha Manual 2000Kg X 3 Metros TC 2000,Csm
59955,Talha Manual 250Kg X 3 Metros COMPACTA NT,Berg Steel
59956,Talha Manual 2000kg X 6 Metros 8143,Robur
59958,Talha Manual 3000 kg X 3 Metros COMPACTA NT8,Berg Steel
59959,Talha Manual 3000Kg X 10 Metros COMPACTA NT8,Berg Steel
59960,"Talha Manual 3000kg X 15,0 Metros COMPACTA NT",Berg Steel
59964,Talha Manual 3000Kg X 3 Metros TC 3000,Csm
59966,Talha Manual 3000kg X 5 Metros COMPACTA NT,Berg Steel
59967,Talha Manual 3000kg X 6 Metros 8143,Robur
59968,Talha Manual 500 kg X 5 Metros COMPACTA NT,BERG STEEL
59969,Talha Manual 5000Kg X 10 Metros BS SUPER,Berg Steel
59971,Talha Manual 5000Kg X 5 Metros BS SUPER,Berg Steel
59972,Talha Manual 5000Kg X 5 Metros TC 5000,Csm
59974,Talha Manual 5000kg X 6 Metros 8143,Robur
59975,Talha Manual 500Kg X 3 Metros TC 500,Csm
59976,Talha Manual 500kg X 3metros COMPACTA NT,Berg Steel
59978,Talha Manual 500Kg X 5 Metros TC 500,Csm
59980,Talha Manual 750Kg X 3 Metros COMPACTA NT,Berg Steel
59981,Talha Manual 500kg X 6 Metros 8143,Robur
59983,Talha Manual 500Kg X 7 Metros COMPACTA NT,Berg Steel
60001,"Talha Manual de Corrente 10.000KG X 5,00 Metros 71000608 TC",Csm
60002,Talha Manual de Corrente 1000KG X 3MTS,Kito
60004,Talha Manual de Corrente 1000KG X 5MTS,Kito
60005,"Talha Manual de Corrente 1500 kg X 1,5 Metros",Csm
60006,Talha Manual de Corrente 250KG X 3MTS,Kito
60007,Talha Manual de Corrente 2000KG X 3MTS,Kito
60008,Talha Manual de Corrente 2000KG X 5MTS,Kito
60010,Talha Manual de Corrente 3000KG X 5MTS,Kito
60011,Talha Manual de Corrente 5000KG X 5MTS,Kito
60012,"Talha Manual de Corrente 750 kg X 1,5 Metros",Csm
60019,Talhadeira 25 X (Dewalt),Dewalt
60024,"Talhadeira 3"" X 20"" Encaixe Sextavado 1.1/8""",Dewalt
60033,Talhadeira Chanfrada para Martelete Pneumático,PUMA
60034,Talhadeira Chanfrada,Puma
60035,"Talhadeira Chata 10"" (Ref 16284, Pacetta)",Pacetta
60041,"Talhadeira Chata 10"" Construção Civil e Reparos 2060",Pacetta
60042,"Talhadeira Chata 12"" 2060",Pacetta
60048,Talhadeira Chata 8'' Construção Civil e Reparos 2060,Pacetta
60050,Talhadeira Chata para Martelete Pneumático,Puma
60064,Talhadeira de Corte em v para Martelete Pneumático,Puma
60076,Talhadeira Longa com Encaixe Hexagonal,Puma
60114,Talhadeira Octagonal 250 X 12mm com Empunhadeira,Htom
60116,Talhadeira Octagonal 250 X 19mm com Empunhadeira,Htom
60117,Talhadeira Octagonal 250 X 22mm com Empunhadeira,Htom
60145,Talhadeira para AT2502 Encaixe Quadrado,Puma
60170,Talhadeira Ponteiro SDS,Dezco
60172,Talhadeira Ponteiro SDS 25 X 280mm 38095 HT,Ht
60182,Talhadeira SDS 20x250mm,Dezco
60185,Talhadeira SDS 25x280mm 38095 HT,Ht
60187,Talhadeira SDS 25x400mm,Dezco
60190,Talhadeira SDS 50x280MM 41015 HT,Ht
60198,Talhadeira SDS Plus 40MM X,Dewalt
60199,Talhadeira SDS Plus 50x250MM 41014 HTPLUS HANSATÉCNICA,Ht
60212,Talhadeira Sextavada 250mm com Proteção de Borracha,Cortag
60214,Talhadeira Sextavada 25x300mm com Empunhadura,Sparta
60222,"Talhadeira Sextavada de 3/4"" X 10""60283",Cortag
60223,"Talhadeira Sextavada de 3/4"" X 12""",Cortag
60224,"Talhadeira Sextavada de 3/4"" X 8""",Cortag
60225,Talhadeira Sextavada de 300mm com Empunhadeira,Cortag
60226,Talhadeira Sextavada de 350mm com Empunhadeira,Cortag
60257,Tampa de Fechamento para Borne 4mm Cinza TF-BTWI 4,Weg
60258,Tampa Final para Borne K 16mm² APPA SAK16 ENBR WEIDMULLER CONEXEL,Conexel Weidmuller
60259,"Tampa Final para Borne ASK1 1,5mm C038036.0000 WEIDMULLER CONEXEL",Conexel Weidmuller
60262,Tampa Fusível DZ DIII 63A,Weg
60264,Tampa Fusível DZ DII 25A,Weg
60265,Tampa para Caixa de Inspeção,Paratec
60314,Tampão Embute para Caixa de Embutir,Pial
60327,Tampo de Trabalho Stacktech Madeira 470X340X50MM,Toughbuilt
60331,Tampo Personalizavel PACKOUT,Milwaukee
60336,Tanque de Pintura 10 Litros,Puma
60337,Tanque de Pintura com Agitador Pneumático 20 Litros,Puma
60338,Tanque de Pintura com Agitador Manual 20 Litros,Puma
60339,Tanque de Pressão 2 Galões 7.2 Litros TP-2,Arprex
60340,Tanque de Pressão 2 Galões em Aço Inox sem Agitador,Devilbiss
60349,"Tarraxa Manual BSPT 1/2"" a 1"" Jogo com 3 Cabeçotes 00-R",Ridgid
60351,"Tarraxa BSPT 1/2"" a 2"" SUPER CUT",Rothenberger
60354,"Tarraxa Manual NPT 1/2"" a 2"" Jogo com 6 Cabeçotes 12-R",Ridgid
60355,"Tarraxa Manual BSPT 1/2"" a 2"" Jogo com 6 Cabeçotes 12-R",Ridgid
60356,"Tarraxa Manual NPT 1/2"" a 1"" Jogo com 3 Cabeçotes 00-R",Ridgid
60358,"Tarraxa NPT 1/2"" a 2"" SUPER CUT",Rothenberger
60359,Tartaruga Dianteira 24 Ton com Rodas em Poliuretano,Bovenau
60360,Tartaruga Dianteira 12 Toneladas com Rodas de Poliuretano,Bovenau
60361,Tartaruga Dianteira 4 Toneladas com Rodas em Nylon,Bovenau
60362,Tartaruga Dianteira para Movimentar Carga 12 Toneladas com Rodas de Nylon,Bovenau
60363,Tartaruga Dianteira 4 Toneladas com Rodas em Poliuretano,Bovenau
60364,Tartaruga Traseira para Movimentar Carga 12 Toneladas com Rodas de Nylon,Bovenau
60365,Tartaruga Dianteira para Movimentar Carga Até 6 Toneladas com Rodas de Nylon,Bovenau
60366,Tartaruga Traseira 2 Toneladas com Rodas em Nylon,Bovenau
60367,Tartaruga Dianteira para Movimento de Carga 6T Rodas PU,Bovenau
60368,Tartaruga Traseira 6 Toneladas com Rodas de Poliuretano,Bovenau
60369,Tartaruga Traseira para Movimentação de Cargas de 6 Toneladas,Bovenau
60370,Tartaruga Traseira para Movimento de Carga 12T Rodas PU,Bovenau
60371,Tartaruga Traseira para Movimentar Carga Até 6 Toneladas com Rodas de Nylon,Bovenau
60372,Tartaruga Traseira para Movimento de Carga 4T Rodas Nylon,Bovenau
60373,Tartaruga Traseira para Movimento de Carga 2T Rodas PU,Bovenau
60375,Tartaruga Traseira para Movimento de Carga 4T Rodas PU,Bovenau
60380,"Tecido para Altas Temperaturas 1,20 X 50 Metros rolo HT 800",Carbografite
60391,"Tela Tapume rolo 1,20 X 50m Laranja 6511",Roma
60392,Tela Tapume rolo 1.20 X 50m Laranja 700.00.999,Plastcor
60394,Temporizador Cíclico Regulável para Trilho DIN35 220V CA A2D,Coelmatic
60401,Tensionador de Correia PHL,Skf
60614,Termo Anemômetro -20 a +60 °C com Bluetooth 405i,Testo
60615,Termo Anemômetro -20 a +50 °C 405,Testo
60616,Termo Higrômetro 0 a +50 °C 608 H1,Testo
60617,Termo Higrômetro 0 a +50 °C,Testo
60618,Termo Higrômetro -10 a +60 °C 623,Testo
60619,Termo Higrômetro -10 a +70C 608 H2,Testo
60620,Termo Higrômetro +5 a +40C 616,Testo
60621,Termo Higrômetro -20 a +60 °C com Bluetooth 605i,Testo
60622,Termo Higrômetro Digital -10 a +50 °C 610,Testo
60623,Termo Higrômetro Digital -20 a +60 °C/0 a 100 %rf 625,Testo
60624,Termo Higrômetro Digital -10 a +60 °C 625,Testo
60625,Termo-higrômetro Interno/externo -10 a 50°C/-50 a 70°C 20%,Hikari
60626,Termo Higrômetro Umidade/temperatura/pressão -10 a +60 °C 622,Testo
60641,Termohigrómetro -40 a +150C°/635-1,Testo
60689,Termómetro Infravermelho Penetração para Alimentos -50 a 300C°,Testo
60692,Termostato Mecânico Regulável para Estufa ECG,Carbografite
60695,Termovisor -20 a 300°C 128x96 Pixels 8.7 hz WI-FI C3-X,Flir
60696,Termovisor -20 a 300°C 160x120 Pixels 8.7 hz WI-FI C5,Flir
60697,Termovisor -20 a 400°C 160x120 Pixels 9 hz WI-FI Nuvem Ignite E5 PRO,Flir
60698,Termovisor -20 a 450°C 320x240 Pixels 9 hz C8,Flir
60699,Termovisor -20 a 500°C 160x120 Pixels 9HZ K2,Flir
60700,Termovisor -20 a 550°C 240x180 Pixels 9 hz WI-FI Nuvem Ignite E6 PRO,Flir
60701,Termovisor -20 a 550°C 320x240 Pixels 9 hz WI-FI Nuvem Ignite E8 PRO,Flir
60702,Termovisor -25 a 300°C 80x60 Pixels 8.7 hz,Flir
60704,Termovisor de Foco Fixo -20 +280 °C 865,Testo
60705,Termovisor Incêndio -20 a 650°C 640X480 Pixels 30HZ K85 2026,Flir
60706,Termovisor de Foco Fixo -30C a + 100C 0 a +650C 871,Testo
60707,Termovisor de Foco Fixo menos30C a mais100C 0 a mais650C 868,Testo
60708,Termovisor Incêndio -20 a 650°C 640X480 PIXELS 30HZ K85,Flir
60709,Termovisor Incêndio -20 a 650°C 320x240 Pixels 30HZ K75,Flir
60710,Termovisor IR Pontual -25 a 400°C 320x240 Pixels 8.7 hz,Flir
60711,Termovisor IR Pontual -25 a 1080°C 320x240 Pixels 8.7Hz,Flir
60712,Termovisor para Celular -20 a 400°C 19200 Pixels 8.7 hz ONE PRO,Flir
60713,Termovisor para Celular -20 a 120°C 48mm Pixels 8.7 hz ONE,Flir
60715,Termovisor para Local Explosivo -20 a 400°C 160x120 PIXELS 8.7HZ CX5,Flir
60718,Terrômetro Digital 200VAC 1000V CAT III,Hikari
60738,Tesoura Corta Cabos Elétricos com Gume Duplo 95 11 200,Knipex
60746,Tesoura Corta Galho By-pass 70cm,Trapp
60747,"Tesoura Corta Vergalhão 1/2""",Somar
60751,"Tesoura Corta Vergalhão 1/2"" - 3/16"" 5mm CA 12",Cid Villena
60759,"Tesoura Corta Vergalhão 18"" (Ref 785359, Mtx)",Mtx
60762,"Tesoura Corta Vergalhão 24"" - 3/8"" 10mm CA 24",Cid Villena
60764,"Tesoura Corta Vergalhão 24"" (Ref 785409, Mtx)",Mtx
60768,"Tesoura Corta Vergalhão 3/8""",Somar
60769,"Tesoura Corta Vergalhão 30"" - 1/2"" 13mm CA 30",Cid Villena
60770,"Tesoura Corta Vergalhão 30"" (Ref 14228, Ridgid)",Ridgid
60773,"Tesoura Corta Vergalhão 30"" (Ref 785459, Mtx)",Mtx
60774,"Tesoura Corte Vergalhão 36""",Ridgid
60778,"Tesoura Corta Vergalhão 36"" - 5/8"" 16mm CA 36",Cid Villena
60779,"Tesoura Corta Vergalhão 36"" (Ref 785559, Mtx)",Mtx
60781,"Tesoura Corta Vergalhao 5/8""",Somar
60782,"Tesoura Corta Vergalhão 42"" - 3/4"" 19mm CA 42",Cid Villena
60783,"Tesoura Corta Vergalhão 42"" (Ref 785609, Mtx)",Mtx
60788,"Tesoura Corte Vergalhão 24""",Ridgid
60790,Tesoura Corte Vergalhão 18'',Ridgid
60793,"Tesoura de Chapa 10"" Tipo Aviação Direito e Reto (Ref 2073112, Irwin)",Irwin
60795,"Tesoura de Chapa 10"" Tipo Aviação Esquerdo e Reto (Ref 2073111, Irwin)",Irwin
60796,"Tesoura de Chapa 10"" Tipo Aviação Reto e Curvas Amplas",Irwin
60797,"Tesoura de Chapa 10"" Tipo Aviação Reto",Stanley
60799,Tesoura de Chapa Tipo Aviação Corte Direito,Toughbuilt
60801,Tesoura de Chapa Tipo Aviação Largo e Reto,Toughbuilt
60802,Tesoura de Chapa Tipo Aviação Corte Reto,Toughbuilt
60803,Tesoura de Chapa Tipo Aviação Longo e Reto,Toughbuilt
60804,Tesoura de Chapa Tipo Aviação Corte Esquerdo,Toughbuilt
60805,Tesoura de Chapa Tipo Aviação Corte Reto e Curto,Toughbuilt
60810,Tesoura de Eletricista 160mm 95 05 10 SB,Knipex
60812,"Tesoura de Poda 8"" Inox Hobby",Trapp
60813,Tesoura de Poda Pneumática 25mm,Puma
60843,Tesoura para Cabos Elétricos 95 11 165,Knipex
60845,Tesoura para Cabos Elétricos de Ø 10 mm/24 Mm² 95 05 165,Knipex
60847,Tesoura para Cerca 56cm,Trapp
60848,Tesoura para Cabos Elétricos Ø15 mm Isolado 1000V 60900 IEC 60900 95 16 160,Knipex
60856,"Tesoura para Chapa Extra Cut 10"" (Ref IW14075, Irwin)",Irwin
60859,"Tesoura para Chapas Modelo Funileiro 10"" (Ref 22010, Irwin)",Irwin
60865,Tesoura para Colheita 18.5cm,Trapp
60867,"Tesoura para Cortar Chapa 1/8"" 3mm Profissional NR 3",Somar
60868,"Tesoura para Cortar Chapa 10"" Tipo Aviação Corte Direita",Mtx
60869,"Tesoura para Cortar Chapa 10"" Tipo Aviação Corte Reto",Mtx
60876,"Tesoura para Grama 12""",Trapp
60880,"Tesoura para Poda 8.1/2"" Aço Forjado",Nove54
60881,Tesoura para Poda 8'' Bypass,Trapp
60891,Tesoura Pneumática para Cortes Aço 1.2mm Alumínio 1.6mm,Puma
60894,"Tesoura Poda 9"" Master",Trapp
60901,"Tesoura Tapeceiro/alfaiate 10""",Corneta
60906,Tesoura Universal para Eletricista 155mm 95 05 155 SB,Knipex
60909,Tessoura Profissional Ergonômico,Toughbuilt
60918,Testador de Cabos de Rede Linkiq,Fluke
60922,Testador de Cabos/fios Micromapper,Fluke
60923,Testador de Corrente e Tensão 6 a 1000V CAT IV 600V/CAT III,Testo
60924,Testador de Corrente e Tensão 6 a 600V CAT IV 600V/CAT III,Testo
60926,Testador de Painel Solar e Rastreador de Curva I-V PV48,Flir
60927,Testador de Tensão 1000V CAT,Flir
60928,Testador de Tensão,Fluke
60930,Testador de Tensão CAT IV 600V/CAT III 1000V 745,Testo
60931,Testador de Tensão CAT IV 600V/CAT III,Testo
60932,Testador de Tensão CAT IV 600V/CAT III 1000V com Lanterna,Testo
60933,Testador de Tensão CAT IV 690V 600V/CAT III 1000V com Lanterna,Testo
60934,Testador de Tensão e Corrente 1000V CAT III,Fluke
60939,Testador Tensão 600V CAT III-600V CAT,Flir
60943,Thinner Multiuso 5 Litros IT16,Itaqua
60944,Timer Digital para Trilho DIN35 16A 220V,Decorlux
61001,Tira Adesiva de Medição Testoterm +37 a +65 ºc Tiras Adesivas com 10 Unidades 0646 0108,Testo
61002,Tira Adesiva de Medição Testoterm +71 °C a +110 °C Tiras Adesivas com 10 Unidades 0646 0916,Testo
61003,Tira Adesiva de Medição Testoterm +116 a +154 ºc Tiras Adesivas com 10 Unidades 0646 1724,Testo
61005,Tira Adesiva Medição Temperatura 204 a 260C (CART C/10UN) 0646 3341,Testo
61007,Tira Grude 240mL FA0 TIRA GRUDE,Tapmatic
61009,Tira Grude Desengraxante 500ml FD1,Tapmatic
61010,Tira Silicone 45g TS0,Tapmatic
61015,Tocha Corte Plasma Manual 60A para Handyplasma,Esab
61016,Tocha de Corte Plasma 75º 6M SL60,Esab
61017,Tocha MIG 220A FT60% ESG 5 Metros Handytorch 240,Esab
61018,Tocha MIG 220A FT60% ESW 3 Metros Handytorch 240,Esab
61020,Tocha MIG 150A FT60% ESW 5 Metros Handytorch 150,Esab
61022,Tocha MIG 220A FT60% ESG 4 Metros Handytorch 240,Esab
61023,Tocha Mig 230A 5M PRO 253,Esab-Tbi
61024,Tocha Mig 300A 5M PRO 353,Esab-Tbi
61025,Tocha MIG 300A FT60% ESG 3.0M REF GAS HANDYTORCH 360,Esab
61026,Tocha Mig 360A 5M PRO 453,Esab-Tbi
61030,Tocha TIG 200A FT30% 4M com Gatinho para Buddytig,Esab
61031,Tocha TIG 200A FT30% 4M com Gatinho para Rogue,Esab
61035,"Tocha TIG 240A FT60% 3,50m ER-9mm sem Raspa Refrigerada",Oximig
61036,"Tocha Tig com Gatilho 170A 3,5M ER-13.0 TBI SR 26",Esab-Tbi
61037,"Tocha TIG com Gatilho 170A 3,5M ER-13.0 TBI SR 26",ESAB
61040,Tocha TIG Tbi Gatilho TSB 13mm 2 Pinos SR 26,Esab-Tbi
61133,"Torno Corrente Tripé 1/8"" a 6""",Rothenberger
61191,"Torno de Corrente com Tripé 6""",Ridgid
61199,"Torno Encanador Fixo 2""",Metalsul
61201,"Torno Encanador Fixo 3"" (Ref 40090, Ridgid)",Ridgid
61202,"Torno Encanador Fixo 3"" (Ref TEF07, Metalsul)",Metalsul
61203,"Torno Encanador Fixo 4"" (Ref 40100, Ridgid)",Ridgid
61204,"Torno Encanador Fixo 6"" (Ref 40110, Ridgid)",Ridgid
61205,"Torno Encanador Fixo 4"" (Ref TEF08, Metalsul)",Metalsul
61206,"Torno Encanador Fixo 6"" (Ref TEF09, Metalsul)",Metalsul
61207,"Torno Encanador Portátil 6"" 10.017",Somar
61208,Torno Encanador Fixo Número 10,Metalsul
61209,"Torno Encanador Portátil 3"" 10.020",Somar
61210,Torno Encanador Portátil Número 2 em Ferro Nodular,Metalsul
61211,Torno Mecânico Monofásico Analógico 250W 220V,Manrod
61215,Torno Mecânico Monofásico Analógico 350W 220V,Manrod
61224,"Torno para Encanador Fixo 2"" Ferro Nodular NR 2",Somar
61226,"Torno para Encanador Fixo 3"" Ferro Nodular NR 3",Somar
61229,Torno para Madeira com Copiador 550W,Gamma
61275,"Torqueadeira Pneumática 1.1/2"" 1000 a",Puma
61292,"Torquês Armador 12"" (Ref 3633001120, Nove54)",Nove54
61293,"Torquês Armador 12"" CID T12",Cid Villena
61295,"Torques Armador 13"" CID T13",Cid Villena
61296,"Torquês Armador 15"" CID T15",Cid Villena
61312,"Torquês para Azulejista 7.1/2""",Cortag
61651,Totem para Álcool Gel com Pedal,Marcon
61652,Touca Árabe Azul 1336,Brascamp
61653,Touca Árabe Cinza Brim sem Aba 6450,Brascamp
61654,Touca Árabe para Soldador Azul Brim com Aba CA 39760 1432,Brascamp
61656,Touca de Soldador Azul,Carbografite
61658,"Trado Manual Mathieson 18x3/4""",Irwin
61659,Touca de Soldador Azul 700.31015,Plastcor
61661,"Transferidor 360° 3/4"" e Braço Flexível",Raven
61663,Transferidor Ângulo Digital,Insize
61664,Transferidor Avulso,Mitutoyo
61667,Transferidor de Ângulo com Lâmina de 150 a,Mitutoyo
61669,Transferidor de Ângulo Universal 360º Graus,Insize
61670,Transferidor de Ângulo com Lâmina de,Mitutoyo
61671,Transferidor de Ângulo Simples 180Gr 150x200mm,Insize
61672,Transferidor de Ângulo Simples 170Gr 100x150mm,Insize
61673,Transferidor de Ângulo Simples 180Gr 85x150mm,Insize
61675,Transferidor de Ângulos Digital,Insize
61676,Transferidor de Ângulos Tipo Meia Lua 180º 600.090,Kingtools
61677,Transferidor de Ângulos Universal 150mm com Lâmina (Ref 60/45Gr),Mitutoyo
61678,Transferidor de Ângulos Universal 150mm com Lâmina (Ref 60/45gr),Mitutoyo
61679,Transferidor de Ângulos Universal 300mm 170.071,Digimess
61681,"Transferidor de Graus Encaixe 1/2"" para Torques Angulares",Raven
61694,Transpalete 2500kg 525 X 1150mm Tanden Nylon Chassi Inox TM2500/IC TN,Paletrans
61695,Transpalete 2500kg 680 X 1150mm Tanden Nylon Chassi Inox TM2500/IC TN,Paletrans
61697,Transpalete Elétrico 1500kg + BAT10AH LITIO+10A 220V,Paletrans
61702,Transpalete Elétrico TE 25 2500kg 2400mm com 2 Baterias 324+60A Trifásico,Paletrans
61705,Transpalete Manual 3 Toneladas TM 3000 530mm com Rodas Tandem de Poliuretano TM3000 TP,Paletrans
61707,Transpalete Manual 3000KG 525x1150mm Tandem de Nylon,Paletrans
61709,Transpalete Manual Balança Digital sem Impressora 700 X 1150mm Simples Poliuretano,Paletrans
61710,Transpalete Manual Balança Digital 2000kg com Impressora Coluna 700 X 1150mm Simples Poliuretano,Paletrans
61711,Transpalete Manual Balança Digital sem Impressora 545 X 1150mm Simples Poliuretano,Paletrans
61712,"Transpalete Manual 2,5 Toneladas 525mm com Rodas Simples de Nylon",Paletrans
61713,Transpalete Manual TM 2500 SN 2500Kg 680mm com Rodas Simples de Nylon,Paletrans
61714,Transpalete Manual TM 2500 SP 2500Kg 680mm com Rodas Simples de Poliuretano,Paletrans
61715,"Transpalete Manual 2,5 Toneladas 525mm com Rodas Simples de Poliuretano",Paletrans
61716,"Transpalete Manual 2,5 Toneladas 525mm com Rodas Tandem de Nylon",Paletrans
61717,Transpalete Manual TM 2500 TN 2500Kg 680mm com Rodas Tandem de Nylon,Paletrans
61718,Transpalete Manual TM 3000 TP 3 Toneladas 680mm com Rodas Tandem de Poliuretano,Paletrans
61719,Transpalete Manual TM 2500 TP 2500Kg 680mm com Rodas Tandem de Poliuretano,Paletrans
61720,Transpalete Manual TM 3000 TN 3 Toneladas 680mm com Rodas Tandem de Nylon,Paletrans
61721,"Transpalete Manual 2,5 Toneladas 525mm com Rodas Tandem de Poliuretano",Paletrans
61722,Trapézio em Poliéster com Conectores Trava Dupla,Carbografite
61728,Trava para Polias do Variador do Motor Sigma 1.6 16V,Raven
61733,Trava para Volante do Motor,Raven
61734,Trava para Volante do Motor Ford Ecoboost,RAVEN
61736,"Trava Quedas para Corda Poliamida 1/2"" 010258810 CG 525",Carbografite
61737,"Trava Quedas para Corda Poliamida 1/2"" 010662010 CG 528",Carbografite
61738,Trava Quedas para Corda Poliamida 1/2” (12mm) CG 526,Carbografite
61741,"Trava Quedas Retrátil com Fita de Poliéster 2,15 Metros CG 500D",Carbografite
61742,Trava Quedas Retrátil com Fita de Poliéster CG 35F,Carbografite
61743,Trava Quedas Retrátil com Fita de Poliéster CG 6F,Carbografite
61744,Trava Rosca Alto Torque 50 g 2760,Loctite
61941,"Trilho Liso de Aço para Contatores Bornes e Disjuntores 2m (Ref 5ST0141, Siemens)",Siemens
61944,Trilho Liso de Alumínio para Contatores Bornes e Disjuntores 2m TS35 C033080.0000 WEIDMULLER CONEXEL,Conexel Weidmuller
61945,Trilho Liso de Aço para Contatores Bornes e Disjuntores 2m TS35 C038340.0000 WEIDMULLER CONEXEL,Conexel Weidmuller
61946,Trilho Perfurado de Aço para Contatores Bornes e Disjuntores 2m TS35 C051450.0000 WEIDMULLER CONEXEL,Conexel Weidmuller
61947,Trilho Perfurado PVC 20cm Laranja 701.020.200 DUTODIN,Dutoplast
61948,Trilho Perfurado de Aço para Contatores Bornes e Disjuntores DIN 2m,Cemar
61949,Trilho Perfurado PVC 2mts Laranja 701020.2,Dutoplast
61950,Trilho Perfurado PVC 10cm Laranja 701.020.100 DUTODIN,Dutoplast
61952,Trincha Dupla 1.1/2'' 573,Tigre
61953,Trincha Dupla 1'' 573,Tigre
61954,Trincha Dupla 1/2'' 573,Tigre
61955,Trincha Dupla 2.1/2'' 573,Tigre
61956,Trincha Dupla 2'' Sintético 773,Tigre
61957,"Trincha Dupla 2.1/2"" 573",Tigre
61958,Trincha Dupla 4'' 573,Tigre
61959,Trincha Dupla 2'' 573,Tigre
61960,"Trincha Dupla Cerda Longa Preta 1.1/2"" 571",Tigre
61961,Trincha Dupla 3/4'' 573,Tigre
61962,"Trincha Dupla Cerda Longa Preta 1/2"" 571",Tigre
61963,"Trincha Dupla Cerda Longa Preta 2.1/2"" 571",Tigre
61964,"Trincha Dupla Cerda Longa Preta 1"" 571",Tigre
61965,Trincha Simples 1.1/2'' 500,Tigre
61966,"Trincha Dupla Cerda Longa Preta 2"" 571",Tigre
61967,"Trincha Dupla Cerda Longa Preta 3/4"" 571",Tigre
61969,Trincha Simples 1'' 500,Tigre
61970,Trincha Simples 1/2'' 500,Tigre
61971,Trincha Simples 2'' 500,Tigre
61972,Trincha Simples 2.1/2'' 500,Tigre
61973,Trincha Simples 3/4'' 500,Tigre
61975,Trincha Simples 3'' 500,Tigre
61976,Trincha Simples 4'' 500,Tigre
61977,Tripé de Içamento para Espaço Confinado HC 240,Carbografite
61987,Triturador de Resíduo Orgânico 15HP Gasolina Motor Lifan,Trapp
61988,Triturador de Resíduo Orgânico 1.5CV Bivolt,Trapp
61991,Triturador Forrageiro 1.5CV,Trapp
61994,Triturador Forrageiro 1.5CV Monofásico,Trapp
61995,"Triturador Forrageiro 2CV (Ref 110/220V, Trapp)",Trapp
61996,Triturador Forrageiro 2CV Elétrico 3.600 Rpm 110V,Trapp
61997,Triturador Forrageiro 2CV Elétrico Monofásico 3.600 Rpm,Trapp
61998,Triturador Resíduo Orgânico 1.5CV 110/220V Bivolt Monofásico,Trapp
61999,Triturador Forrageiro 2CV 110V,Trapp
62001,Trole Elétrico GT 100/300/1000 Monofásico 220V,Csm
62004,Trole Manual,Yale
62008,Trole Manual 5 Toneladas,Csm
62009,Trole Manual com Capacidade para 1000 kg 1000,Berg Steel
62011,Trole Manual com Capacidade para 1000 kg,Csm
62013,Trole Manual com Capacidade para 500 kg T500,Csm
62014,Trole Manual com Capacidade para 2000 kg (BERG STEEL),BERG STEEL
62015,"Trole Manual com Capacidade para 2000 kg (Ref T2000, Csm)",Csm
62016,Trole Manual com Capacidade para 3 Toneladas MANUAL,Berg Steel
62017,Trole Manual com Capacidade para 3000 kg,Csm
62018,Trole Manual para Guincho Elétrico,Maqtron
62020,Tubeira 420mm Inox Revestida,Karcher
62023,Tubeira Giratória para Lavadoras Industriais 1050mm HD e HDS 4.760-385.0,Karcher
62066,Ultra 1 Litro,Wurth
62067,"Umidificador de Ar 3,7 Litros Bivolt MOD U-04 8893",Ventisol
62071,Unidade de Conexão U-wave Fit para Transmissor para Paquímetros,Mitutoyo
62072,Unidade de Potência a Diesel 4T 5.0HP 221CC Partida Manual,Toyama
62073,Unidade de Potência Elétrico 6.8A 1.5KV 60HZMonofásico 220V,Toyama
62074,Unidade de Teste Elétrico -PRV240,Fluke
62076,Unidade de Potência Gasolina 4T 6.5HP 196CC Partida Manual,Toyama
62078,Vacuômetro Digital -10 a +50 °C com Bluetooth 552,Testo
62079,Vacuômetro para Teste de Motor,Planatc
62110,"Vareta Tig 1,60mm Aço Carbono 5Kg",Tecbras
62111,"Vareta Tig 1,60mm Alumínio OK TIGROD",Esab
62112,"Vareta Tig 1,60mm Inox 5Kg ER 308 l",Tecbras
62113,"Vareta Tig 1,60mm Inox 5Kg ER 309L",Tecbras
62114,"Vareta Tig 1,6mm Inox ER 316L 5kg ER 316 l",Esab
62115,"Vareta Tig 1,60mm Inox 5Kg ER 316 l",Tecbras
62117,"Vareta Tig 2,40mm Inox ER 308 l",Esab
62118,"Vareta Tig 2,40mm Aço Carbono OK TIGROD",Esab
62119,"Vareta Tig 2,50mm Inox 5Kg ER 308 l",Tecbras
62120,"Vareta Tig 2,40mm Inox ER 316 l",Esab
62121,"Vareta Tig 2,50mm Inox 5Kg ER 309L",Tecbras
62122,Vareta Tig 2mm Inox 5Kg ER 308 l,Tecbras
62123,"Vareta Tig 2,50mm Inox 5Kg ER 316L",Tecbras
62124,"Vareta Tig 3,20mm Aço Carbono 5Kg ER",Tecbras
62125,"Vareta Tig 3,20mm Inox ER 308 l",Esab
62126,"Vareta Tig 3,20mm Inox ER 309 l",Esab
62127,"Vareta Tig Inox 3,20mm ER 316 l",Esab
62128,"Vareta Tig 3,25mm Inox 5Kg ER 308 l",Tecbras
62129,"Vareta Tig 3,25mm Inox 5Kg ER 309L",Tecbras
62130,"Vareta Tig 3,25mm Inox 5Kg ER 316 l",Tecbras
62132,"Vareta Tig Aço P20 1,50mm (1kg) P-20",Anhanguera
62133,Vareta TIG ER309L Inox 2.40mm (caixa 5kg) T 309L,Esab
62134,Vareta TIG ER309L Inox 2.40mm (caixa de 5kg) OK TIGROD 309L,Esab
62135,Vareta TIG ER80S-B2 Baixa Liga 3.20mm (caixa de 5kg) OK TIGROD 13.16,Esab
62137,Vareta Tig Inox 2mm ER 316 l,Tecbras
62138,Varredeira de Piso 1200mm 250Litros 13000M2/H GLP km,Karcher
62140,Varredeira de Piso 1200mm 250Litros 13000M2/H Diesel km,Karcher
62142,Varredeira de Piso com Sucção 1500mm 500Litros 18000M2/H Diesel km 150/500 R,Karcher
62143,Varredeira de Piso com Sucção 1500mm 500Litros 18000M2/H GLP km 150/500 R,Karcher
62144,Varredeira de Piso Dual Power 1050mm 6300M2/H 70 Litros MSUB00405 SOTECO,Ipc
62145,Varredeira de Piso Manual 700mm 42L 3680m²/h km 70/20 C Dupla Escova,Karcher
62146,Varredeira de Piso Manual 700mm 15 Litros 2800M2/H km,Karcher
62148,Varredeira Manual 680mm 2400M2/H 20 Litros S4 TWIN,Karcher
62149,Varredeira Manual 860mm 3000M2/H 38 Litros S6 TWIN,Karcher
62150,Varredeira Manual para Piso 700mm 45 Litros 3920M2/H km 70/20 C DUPLA ESCOVA,Karcher
62152,Varredeira Municipal 2400mm 1300Litros 22500M2/H Diesel MC 130,Karcher
62154,Varredeira Municipal 3600mm 6000Litros 72000M2/H Diesel MC 600,Karcher
62155,Varredeira Municipal de Operador a Bordo 900mm 500Litros 14000M2/H Diesel MC 50,Karcher
62163,Vaselina Sólida Industrial 440g 74640/MVS 440G,Moria
62164,"Unidade de Força Elétrica 1/2"" a 2"" BSPT 700 220V",Ridgid
62165,Vaselina Sólida Industrial 90g MVS 90G,Moria
62166,Vaselina Sólida Industrial 910 Gramas,Moria
62184,Vassoura para Jardim 14 Dentes com Cabode Madeira,Trapp
62205,Vassoura Tipo Gari 4 Fileiras,Nove54
62208,Vassoura Tipo Gari 5 Fileiras,Nove54
62239,"Vareta Tig 3,20mm Aço Carbono Cobreada OK TIGROD",Esab
62243,Vazador Manual Redondo 19mm,Htom
62248,Veda Flanges de Uso 250g 574,Loctite
62250,Veda Rosca 18 X 25 Metros,Firlon
62251,Veda Rosca 24 X 50 Metros,Firlon
62252,Veda Flanges de Uso 275g 574,Loctite
62253,Veda Rosca 15g 567,Loctite
62254,Veda Rosca 18 X 50 Metros,Firlon
62255,Veda Roscas 275g 570,Loctite
62256,Veda Rosca Anaeróbico Baixo Torque 50g 567,Loctite
62257,Veda Rosca 275g 567,Loctite
62258,Veda Roscas Acrílico 50g 566,Loctite
62259,Veda Roscas Líquido com Teflon 310ml MA1,Tapmatic
62282,Vedante de Flanges Baixo Torque 28g 518 PEN,Loctite
62284,Vedante para Flanges Metálicos 350g 510,Loctite
62286,Vedante para Flanges Metálicos 50g 577,Loctite
62287,Vela de Ignição NGK,Stihl
62292,Ventilador de Coluna 50cm Oscilante 180W Preto Bivolt,Goar
62293,Ventilador de Mesa 50cm Oscilante 126W Preto Turbo Eco 220V,Goar
62294,Ventilador de Coluna 60cm Oscilante 180W Preto Bivolt,Goar
62295,Ventilador de Parede 1 Metro 3 Pás 1/2CV Preto,Ventisol
62296,Ventilador de Parede 50cm Oscilante 6 Pás 180W Preto,Goar
62297,Ventilador de Parede 60cm Oscilante 180W Preto 220V,Goar
62298,Ventilador de Parede 70cm Oscilante 270W Preto Bivolt,Goar
62299,Ventilador de Parede Industrial 3Pás 1/2CV 220V Preto 1175,Ventisol
62300,Ventilador de Parede Oscilante 50cm 3 Pás 200W Bivolt Preto 538,Ventisol
62301,Ventilador de Teto 3 Pás 130W Branco FENIX,Ventisol
62302,Ventilador Exaustor Axial 40cm 220V 440,Ventisol
62303,Ventilador Exaustor Móvel Axial Industrial 50CM/6P 1CV Preto,Goar
62304,Ventilador Exaustor Axial 30cm 220V 440,Ventisol
62305,Ventilador Exaustor Axial Industrial 50CM 220V 445,Ventisol
62306,Ventilador Exaustor Industrial 30cm Axial 137W Leve Monofásico,Goar
62307,Ventilador Fixo de Parede 1 Metro 3 Pás 1/2CV 220V Preto,Goar
62308,Ventilador Ocilante de Mesa 50cm 3Pás 130W Preto,Ventisol
62309,Ventilador Oscilante de Coluna 3 Pás 60cm Bivolt Preto 536,Ventisol
62310,Ventilador Oscilante de Coluna 6 Pás 50cm 135W Turbo 6,Ventisol
62311,Ventilador Oscilante de Coluna 30cm 6 Pás 52W Preto TURBO 6,Ventisol
62312,Ventilador Oscilante de Parede 3 Pás 60cm 127/220V Preto 543,Ventisol
62313,Ventilador Oscilante de Parede 50cm/6p Bivolt STEEL 50,Ventisol
62314,Ventilador Oscilante de Parede 60cm Preto Bivolt FALCON,Ventisol
62315,Ventilador Oscilante para Parede 60cm 3 Pás Preto,Ventisol
62316,Ventilador Oscilante para Parede 70cm 3Pás Bivolt Preto POWER 70,Ventisol
62317,Ventilador Turbo Oscilante de Mesa 6 Pás 30cm 45W 110V 7249,Ventisol
62318,Ventilador Turbo Oscilante de Mesa 6 Pás 50cm 135W Preto 4259,Ventisol
62320,Ventosa Dupla para Até 60Kg,Cortag
62321,Ventosa Dupla Sucção Até 80Kg,Mtx
62324,"Ventosa Simples (Ref 875055, Sparta)",Sparta
62325,Verificador de Cabos de Ethernet Industrial Microscanner MS-POE-IE,Fluke
62326,Verniz Protetivo Anti-oxidante 1 Litro Vermelho,Baden
62327,Verificador Elétrico 1000V FIELDSENSE,Fluke
62328,Verniz Protetivo Anti-oxidante 5 Litros Vermelho,Baden
62335,Vibrador de Imersão 45mm X 4 Metros Engate Universal,Csm
62336,Vibrador de Imersão Portátil sem Motor 15.600vpm VCP 25,Csm
62358,Ventilador de Coluna 50cm Oscilante 180W Preto 220V,Goar
62359,Ventilador de Parede 1 Metro Alta Vazão Fixo 1/2CV Preto,Goar
62361,Ventilador de Parede 60cm Oscilante 180W Preto Bivolt,Goar
62362,Ventilador de Teto 3 Pás 130W Branco WIND LIGHT,Ventisol
62366,Ventilador Exaustor Industrial 40cm Axial 144W Leve Monofásico,Goar
62390,Verificador de Cabos Microscanner,Fluke
62418,Vulcanizadora Articulada para Pneus de Caminhão 220V,Viluz
